seed,shortlist_id,stage3_candidate_id,structural_scenario_id,spike_shift,accepted,distance,feedback_asset_correlation,spike_asset_correlation,equity_risk_price,feedback_idiosyncratic_risk_price,spike_idiosyncratic_risk_price,cluster_loading,feedback_curvature,feedback_shift,spike_curvature,orthogonal_curvature,echo_loading,cap_level,cap_sharpness,mean_volatility,q995_volatility,excess_kurtosis,absolute_return_tail_ratio,hill_tail_index,hill_threshold_instability,rough_hurst,zumbach,zumbach_rank,max_abs_return_acf,leverage,leverage_rank,mean_log_variance_acf,taylor_gap,taylor_fraction,tail_negative_day0_response,tail_positive_day0_response,tail_day0_asymmetry_gap,tail_days1_5_asymmetry_gap,q_forward_mean_max_error,p_cap_exceedance_fraction,q_cap_exceedance_fraction,normalizer_min,normalizer_max
510007,0,18,0,0.0,True,0.0,0.996259961884662,0.979054833837768,0.35,0.0,0.0,0.2333221411332488,0.0694007444800809,2.9358963377773764,0.2495993215590715,0.0,0.0,6.073741978500038,7.956517500802875,0.1528991597776366,0.5986863876769317,9.462773511324881,3.7231599915803386,2.845606682183375,0.4676838327801968,0.08687178921422285,0.18036453194803762,0.04501235744312946,0.07604491353013026,-0.043798234277325786,-0.01733857865291398,0.19329828429824428,0.021748072775788097,0.8104166666666668,0.9382905285051659,0.559390896713884,0.37889963179128194,0.32121123114496763,2.0816681711721685e-17,2.755731922398589e-05,5.511463844797178e-05,3.270137047424877,7878.355016308454
510007,0,18,0,0.1,True,0.0,0.996259961884662,0.979054833837768,0.35,0.0,0.0,0.2333221411332488,0.0694007444800809,2.9358963377773764,0.2495993215590715,0.0,0.0,6.073741978500038,7.956517500802875,0.14868520164438626,0.6025243024197621,9.947310858466622,3.764245945866083,2.7827890138683764,0.46161175096851936,0.08908513302717025,0.1687459988592884,0.026503533359459496,0.07792712649395023,-0.056549463955014014,-0.026020542578358036,0.19835202777968788,0.024000443765608784,0.8291666666666666,0.9985160314586017,0.5374462159819096,0.4610698154766921,0.4192361415316209,2.0816681711721685e-17,2.755731922398589e-05,6.889329805996472e-05,3.332942229900588,7882.371268376696
510007,0,18,0,0.2,False,0.00016145458174648158,0.996259961884662,0.979054833837768,0.35,0.0,0.0,0.2333221411332488,0.0694007444800809,2.9358963377773764,0.2495993215590715,0.0,0.0,6.073741978500038,7.956517500802875,0.14432767876939315,0.6087129346501486,10.575853463242858,3.8403190093352726,2.739411096766989,0.46893734224133105,0.09211528316214868,0.15828680353917599,0.007566710402642067,0.07972214460157652,-0.06689348507753147,-0.033658298408545485,0.20494535750204698,0.02701796826204395,0.8541666666666666,1.049637823016381,0.5839044220442804,0.4657334009721006,0.48159069698830387,2.0816681711721685e-17,6.889329805996472e-05,0.0001240079365079365,3.4523589892766533,7888.163473619705
510007,0,18,0,0.3,False,0.0019126042220007587,0.996259961884662,0.979054833837768,0.35,0.0,0.0,0.2333221411332488,0.0694007444800809,2.9358963377773764,0.2495993215590715,0.0,0.0,6.073741978500038,7.956517500802875,0.13990595076415632,0.6134564839596873,11.322148809214065,3.918518658412536,2.6899856613053856,0.470948496152696,0.09567500801038527,0.14980572504809195,-0.010583998512238263,0.08159487063721892,-0.07493635799660987,-0.04040749390495949,0.21252288885044515,0.03056535467732517,0.8770833333333332,1.1148814582696582,0.6180426516733424,0.49683880659631585,0.5416610391704597,2.0816681711721685e-17,8.267195767195767e-05,0.00017912257495590828,3.633415907631458,7904.6686339165935
510007,0,18,0,0.4,False,0.0052787219173395065,0.996259961884662,0.979054833837768,0.35,0.0,0.0,0.2333221411332488,0.0694007444800809,2.9358963377773764,0.2495993215590715,0.0,0.0,6.073741978500038,7.956517500802875,0.1354871644429871,0.61565763674342,12.175881532129912,3.9813179527728493,2.618342763643804,0.4571852460069121,0.09954914170988882,0.14338259336020592,-0.027503065867787852,0.08364193695753341,-0.0808485876317168,-0.04611923965738888,0.2206614243746511,0.03448711181270508,0.8854166666666666,1.1446263985568554,0.6502765993963793,0.49434979916047617,0.5913855581981691,2.0816681711721685e-17,0.0001515652557319224,0.00020667989417989417,3.8842047782055773,9241.004163309264
510007,0,18,0,0.5,False,0.00983658500555492,0.996259961884662,0.979054833837768,0.35,0.0,0.0,0.2333221411332488,0.0694007444800809,2.9358963377773764,0.2495993215590715,0.0,0.0,6.073741978500038,7.956517500802875,0.1311276521335536,0.620661537445292,13.092653346406413,4.040269107492992,2.534528103437492,0.44496611540254577,0.10359049795484539,0.13876990571941447,-0.0430200422571893,0.08634306939869522,-0.08493503726437868,-0.05097721855894727,0.22905223268909336,0.03859719179753197,0.9020833333333332,1.21305968499452,0.6648193619136218,0.5482403230808983,0.6580080445960155,2.0816681711721685e-17,0.00019290123456790122,0.00023423721340388006,4.216466341952015,10353.204610136067
510007,1,18,1,0.0,True,0.0,0.9766958138810892,0.98378601407178,0.35,0.0,0.0,0.2333221411332488,0.0694007444800809,2.9358963377773764,0.2495993215590715,0.0,0.0,6.073741978500038,7.956517500802875,0.15304642895430018,0.5956727599381698,9.461364447682913,3.7057613975913846,2.866484370898284,0.4862480495664124,0.08700678896683504,0.18127035706732886,0.04735858500542972,0.07523524256851816,-0.043495284373469445,-0.017079592652826943,0.1933269270571051,0.02145785303485846,0.8208333333333333,0.9594284951419633,0.5560067360436616,0.4034217590983017,0.32363215508364146,2.0816681711721685e-17,2.755731922398589e-05,5.511463844797178e-05,3.291897136828492,7878.886180478471
510007,1,18,1,0.1,True,0.0,0.9766958138810892,0.98378601407178,0.35,0.0,0.0,0.2333221411332488,0.0694007444800809,2.9358963377773764,0.2495993215590715,0.0,0.0,6.073741978500038,7.956517500802875,0.14882986045506205,0.5999941216070669,9.957207901449037,3.7760417075656107,2.802941329626892,0.4739058861079442,0.08919756571711009,0.1696840858823283,0.02829823262488994,0.07717424292601505,-0.056386536977424996,-0.02588588558369256,0.19840356555357488,0.02376692321021735,0.8270833333333333,0.991586913771684,0.555125924024364,0.43646098974731995,0.4216934980808916,2.0816681711721685e-17,2.755731922398589e-05,6.889329805996472e-05,3.3563236509488945,7883.054269714431
510007,1,18,1,0.2,False,9.727586717788669e-05,0.9766958138810892,0.98378601407178,0.35,0.0,0.0,0.2333221411332488,0.0694007444800809,2.9358963377773764,0.2495993215590715,0.0,0.0,6.073741978500038,7.956517500802875,0.1444659498342242,0.606408739481441,10.592161692589908,3.8221958080015175,2.7487190126377006,0.4619803050676769,0.09222935687655752,0.15921709536303238,0.009230231057923352,0.0790078997237755,-0.06686700183846148,-0.0336247635835214,0.20502864932371379,0.0268298825401409,0.8520833333333333,1.0561772920228067,0.591705099961833,0.4644721920609738,0.4872730336872054,2.0816681711721685e-17,6.889329805996472e-05,0.0001240079365079365,3.478804852801302,7889.072633989731
510007,1,18,1,0.3,False,0.001705427164841197,0.9766958138810892,0.98378601407178,0.35,0.0,0.0,0.2333221411332488,0.0694007444800809,2.9358963377773764,0.2495993215590715,0.0,0.0,6.073741978500038,7.956517500802875,0.14003412990949973,0.6117873886249141,11.345078332396445,3.907424541914987,2.6557798651512408,0.44295694314912176,0.09580807836406495,0.15058923826137607,-0.009158638444411112,0.08097492868474068,-0.07504714496969815,-0.040398192615662805,0.2126437739923653,0.030407146108972567,0.8770833333333332,1.0907664586297656,0.6257045534181072,0.46506190521165847,0.5393310544481855,2.0816681711721685e-17,9.645061728395061e-05,0.0001515652557319224,3.664586461380047,7900.408181600781
510007,1,18,1,0.4,False,0.005000718878448708,0.9766958138810892,0.98378601407178,0.35,0.0,0.0,0.2333221411332488,0.0694007444800809,2.9358963377773764,0.2495993215590715,0.0,0.0,6.073741978500038,7.956517500802875,0.1356029888872582,0.6157697610107269,12.204415472070039,3.977717042773577,2.608691310341236,0.4443489501086117,0.09971252272042515,0.14389818254963838,-0.02636872028691617,0.08293683127637487,-0.08110115285360771,-0.04620211637823943,0.22082428467799872,0.0343646893672199,0.8833333333333333,1.152421973344885,0.6235431944171608,0.5288787789277243,0.6063487635261449,2.0816681711721685e-17,0.00013778659611992945,0.00020667989417989417,3.922108106239763,8858.59905212171
510007,1,18,1,0.5,False,0.00949822434533588,0.9766958138810892,0.98378601407178,0.35,0.0,0.0,0.2333221411332488,0.0694007444800809,2.9358963377773764,0.2495993215590715,0.0,0.0,6.073741978500038,7.956517500802875,0.13123015756260822,0.6196110411922068,13.12478683620745,4.047820010811023,2.5279499328736352,0.43700275668825245,0.10379034670333027,0.13901644271546174,-0.042013417952115197,0.08555657442832502,-0.08531994427285562,-0.051136277883501245,0.22925977490111485,0.038535558388527964,0.9,1.2088764642488323,0.6534617382782758,0.5554147259705565,0.6471146966649902,2.0816681711721685e-17,0.00020667989417989417,0.0002204585537918871,4.191062362108174,10133.353292865459
510007,2,18,2,0.0,True,0.0,0.9890775587322592,0.9612089653333922,0.35,0.0,0.0,0.2333221411332488,0.0694007444800809,2.9358963377773764,0.2495993215590715,0.0,0.0,6.073741978500038,7.956517500802875,0.15338682061869638,0.5978586998889274,9.38523863627468,3.687358856029689,2.8479672036123858,0.47983664697741,0.0865591500402826,0.17871511037923996,0.042862005443732344,0.07562304460931112,-0.042901619072899015,-0.017372046595976128,0.19407166317247718,0.02207965475561206,0.8125,0.9479713241559374,0.5520213358281105,0.3959499883278269,0.3240203586100115,2.0816681711721685e-17,2.755731922398589e-05,2.755731922398589e-05,3.221741813303479,7879.834847112636
510007,2,18,2,0.1,True,0.0,0.9890775587322592,0.9612089653333922,0.35,0.0,0.0,0.2333221411332488,0.0694007444800809,2.9358963377773764,0.2495993215590715,0.0,0.0,6.073741978500038,7.956517500802875,0.14922554180348724,0.6021248700653031,9.810837733054061,3.7433417258504904,2.807988085551546,0.4682596923318427,0.08879849547982331,0.16725028132126232,0.024570930028175897,0.077719083556112,-0.055696574181803356,-0.0259349005653443,0.19901742094716476,0.024168650109247125,0.8354166666666667,0.9974798427605152,0.5706874577488383,0.4267923850116768,0.4154549616880051,2.0816681711721685e-17,2.755731922398589e-05,6.889329805996472e-05,3.283597966662839,7884.510755315129
510007,2,18,2,0.2,False,0.00021473076775677493,0.9890775587322592,0.9612089653333922,0.35,0.0,0.0,0.2333221411332488,0.0694007444800809,2.9358963377773764,0.2495993215590715,0.0,0.0,6.073741978500038,7.956517500802875,0.14491180746342575,0.6052032436207422,10.421125516295971,3.8037243122886983,2.7318451857558514,0.45654602459079374,0.0918435890120637,0.1567174468346929,0.006427588612557007,0.07971719267969657,-0.06606703558105477,-0.0334757330645389,0.2055199845073561,0.0271126757177963,0.8458333333333333,1.0726200996899888,0.5882253921719158,0.484394707518073,0.4725273056952444,2.0816681711721685e-17,6.889329805996472e-05,8.267195767195767e-05,3.4001848978772604,7891.215647715476
510007,2,18,2,0.3,False,0.001988388591030892,0.9890775587322592,0.9612089653333922,0.35,0.0,0.0,0.2333221411332488,0.0694007444800809,2.9358963377773764,0.2495993215590715,0.0,0.0,6.073741978500038,7.956517500802875,0.14052512717956256,0.6090045936581663,11.155793036054883,3.8919361014004124,2.691422644003944,0.4625108139871183,0.09541210411502092,0.14805676268777584,-0.011085940381085499,0.08175962858993116,-0.07408100709229054,-0.04002496309703847,0.21302400392875356,0.030621753766440135,0.8708333333333332,1.0984182076745195,0.6081625683765663,0.4902556392979531,0.5374602481655166,2.0816681711721685e-17,6.889329805996472e-05,0.00016534391534391533,3.576257656713483,7969.37538122223
510007,2,18,2,0.4,False,0.005218570253382971,0.9890775587322592,0.9612089653333922,0.35,0.0,0.0,0.2333221411332488,0.0694007444800809,2.9358963377773764,0.2495993215590715,0.0,0.0,6.073741978500038,7.956517500802875,0.13613413959687345,0.613476230768115,11.994190779657735,3.9732872429243122,2.6316324746517803,0.47037809836187755,0.09929512097699489,0.1416598442943274,-0.027260208292955525,0.08380062928323344,-0.07995666877338543,-0.04564124634444134,0.2210998478546405,0.03447761465529094,0.8895833333333334,1.1484905500943645,0.626932760755196,0.5215577893391685,0.5900428928440601,2.0816681711721685e-17,0.0001240079365079365,0.00017912257495590828,3.8194787732628925,9092.750915970351
510007,2,18,2,0.5,False,0.009404150794972392,0.9890775587322592,0.9612089653333922,0.35,0.0,0.0,0.2333221411332488,0.0694007444800809,2.9358963377773764,0.2495993215590715,0.0,0.0,6.073741978500038,7.956517500802875,0.13179564099292654,0.620574596264353,12.914584425032466,4.042725277258504,2.5847996845208665,0.474423243336534,0.1033465721625028,0.13715376971699247,-0.04173037551267775,0.08651615787519458,-0.08402242016315233,-0.0504196698251135,0.22943499581054005,0.03854458545150386,0.9104166666666668,1.206740805571095,0.6469568121219855,0.5597839934491096,0.6586323163108952,2.0816681711721685e-17,0.00017912257495590828,0.0002204585537918871,4.140959150324933,10021.392105616545
510007,3,18,3,0.0,True,0.0,0.9844764295140136,0.9437096542220714,0.35,0.0,0.0,0.2333221411332488,0.0694007444800809,2.9358963377773764,0.2495993215590715,0.0,0.0,6.073741978500038,7.956517500802875,0.1538082604398766,0.5977244337502264,9.319144151698557,3.678242892442809,2.8689251409083094,0.4784618679049711,0.08640808974800684,0.17699083709623817,0.04031354228175441,0.07531452778638767,-0.04212663269326659,-0.01741095586487758,0.19457274188933507,0.022441651554318504,0.8041666666666666,0.9220266952526208,0.5568472860838041,0.36517940916881675,0.32320693959996605,2.0816681711721685e-17,2.755731922398589e-05,2.755731922398589e-05,3.1882948933887927,7880.555235466755
510007,3,18,3,0.1,True,0.0,0.9844764295140136,0.9437096542220714,0.35,0.0,0.0,0.2333221411332488,0.0694007444800809,2.9358963377773764,0.2495993215590715,0.0,0.0,6.073741978500038,7.956517500802875,0.14969443797253387,0.5998348084463213,9.69636042973646,3.743218205175181,2.8010820668936334,0.4598044898330424,0.08867678081329948,0.1657540240561973,0.022720102308150653,0.07745329924394445,-0.054928085217866206,-0.02586888994888172,0.1993827424646689,0.024389287731723285,0.8312499999999999,0.9942974381559418,0.5680204587350881,0.42627697942085374,0.4048743572353096,2.0816681711721685e-17,2.755731922398589e-05,4.1335978835978834e-05,3.2497300317233937,7885.587045453437
510007,3,18,3,0.2,False,0.00027856608678519345,0.9844764295140136,0.9437096542220714,0.35,0.0,0.0,0.2333221411332488,0.0694007444800809,2.9358963377773764,0.2495993215590715,0.0,0.0,6.073741978500038,7.956517500802875,0.14541935756047916,0.6051273217876108,10.278746527331254,3.801949234687362,2.7410500808918794,0.4631494428009563,0.09174145238320479,0.1553309160348402,0.005236174978520822,0.0794116110859557,-0.06530794662609272,-0.03331033127617947,0.2057807261772601,0.027207332462625872,0.8479166666666668,1.0674562552061397,0.5841156054021426,0.48334064980399716,0.4643072811842345,2.0816681711721685e-17,2.755731922398589e-05,8.267195767195767e-05,3.3645817576753174,7892.7675496548145
510007,3,18,3,0.3,False,0.0020687214095288673,0.9844764295140136,0.9437096542220714,0.35,0.0,0.0,0.2333221411332488,0.0694007444800809,2.9358963377773764,0.2495993215590715,0.0,0.0,6.073741978500038,7.956517500802875,0.14106294365713046,0.6098523399828991,11.02623005812454,3.8781780751406476,2.6819165215024605,0.44849387125082507,0.09532294263590528,0.14658011763753342,-0.01160767153239863,0.08153305880270968,-0.07328566353136488,-0.03967417460696641,0.21320789706554621,0.03066992404156399,0.86875,1.137875761862226,0.6076558930324374,0.5302198688297886,0.537244579436337,2.0816681711721685e-17,8.267195767195767e-05,0.00013778659611992945,3.537436079992782,7906.715827467742
510007,3,18,3,0.4,False,0.005223820472664155,0.9844764295140136,0.9437096542220714,0.35,0.0,0.0,0.2333221411332488,0.0694007444800809,2.9358963377773764,0.2495993215590715,0.0,0.0,6.073741978500038,7.956517500802875,0.13669489787987424,0.6147702047410074,11.86916576449349,3.9504171096391247,2.6347840800298017,0.47093032617972447,0.09921691819457949,0.13999237724963845,-0.027281461200595825,0.0837279277405963,-0.0790918833698365,-0.0451945210786272,0.2212307589102193,0.03451740105010876,0.8895833333333334,1.1493415789640227,0.6143787893813589,0.5349627895826637,0.6050613377869929,2.0816681711721685e-17,9.645061728395061e-05,0.00016534391534391533,3.7756810125452493,8894.341367078821
510007,3,18,3,0.5,False,0.009193305733578738,0.9844764295140136,0.9437096542220714,0.35,0.0,0.0,0.2333221411332488,0.0694007444800809,2.9358963377773764,0.2495993215590715,0.0,0.0,6.073741978500038,7.956517500802875,0.13237407131581957,0.6220985503605322,12.7882898984835,4.020082515007036,2.5726262832576974,0.46188740498968545,0.1032808537925405,0.1354125646563592,-0.041090810786384456,0.08643635286248356,-0.08310480795313667,-0.0498108363427656,0.22952953299338477,0.03855144524043334,0.9104166666666668,1.1815337790042224,0.638637919647724,0.5428958593564984,0.6469292446755128,2.0816681711721685e-17,0.00016534391534391533,0.00020667989417989417,4.0900191348935095,9678.593243499463
510007,4,26,3,0.0,True,0.0,0.9844764295140136,0.9437096542220714,0.35,0.0,0.0,0.2433293675072491,0.0601364664407447,3.038868862576783,0.2337071960419416,0.0,0.0,6.421457636170089,8.555320414714515,0.15910263737449853,0.5806496649747089,8.032893427109789,3.5814579532603865,2.97532375399201,0.4636920020252788,0.09325728325534403,0.1843169730278972,0.04853753440073369,0.07346714447361524,-0.041803037309325865,-0.016337764007297587,0.21839533515501328,0.021527218642828343,0.7999999999999999,0.7987670915850691,0.4600749858742412,0.33869210571082786,0.2700920334557836,2.0816681711721685e-17,1.3778659611992945e-05,1.3778659611992945e-05,2.943526676854359,15646.190295083406
510007,4,26,3,0.1,True,0.0,0.9844764295140136,0.9437096542220714,0.35,0.0,0.0,0.2433293675072491,0.0601364664407447,3.038868862576783,0.2337071960419416,0.0,0.0,6.421457636170089,8.555320414714515,0.15525646182663824,0.5865023032273956,8.373000603044462,3.6391311791496155,2.904071664848851,0.44762783512509846,0.09523898954355951,0.1734349687276421,0.030233117824369434,0.0755932427587845,-0.055362207860862885,-0.025234940617079798,0.22139391340797818,0.023212876649071262,0.8229166666666666,0.8491908394840213,0.4797523723995356,0.3694384670844857,0.34605816129159395,2.0816681711721685e-17,1.3778659611992945e-05,1.3778659611992945e-05,2.992363653228155,15743.452615047112
510007,4,26,3,0.2,False,2.1481880780774903e-05,0.9844764295140136,0.9437096542220714,0.35,0.0,0.0,0.2433293675072491,0.0601364664407447,3.038868862576783,0.2337071960419416,0.0,0.0,6.421457636170089,8.555320414714515,0.15121444604022558,0.593467578043511,8.867932068979128,3.69722361443511,2.8284715687947823,0.41698523960608824,0.09808474505095699,0.16320506784121322,0.012288609830695572,0.0775306407233838,-0.06643649227314637,-0.03308365908577542,0.22611369331565298,0.025721482000605433,0.8312499999999999,0.9188963800083783,0.4843275416699724,0.43456883833840587,0.4357821430973092,2.0816681711721685e-17,1.3778659611992945e-05,1.3778659611992945e-05,3.085684955530755,15769.585219378125
510007,4,26,3,0.3,False,0.0011991015561588147,0.9844764295140136,0.9437096542220714,0.35,0.0,0.0,0.2433293675072491,0.0601364664407447,3.038868862576783,0.2337071960419416,0.0,0.0,6.421457636170089,8.555320414714515,0.1470512355174303,0.5997679731880631,9.50666220335048,3.7640749795812227,2.7626632459052303,0.4076356134161361,0.10150004143428966,0.15437690842868002,-0.005257406794958984,0.07939961516468452,-0.07501269156767743,-0.03992988781651433,0.23201080324733833,0.028886885449916383,0.85,0.9803797564018681,0.49179634806569794,0.4885834083361702,0.4918589591654265,2.0816681711721685e-17,1.3778659611992945e-05,1.3778659611992945e-05,3.226927871524939,15780.108505599368
510007,4,26,3,0.4,False,0.003971629352430784,0.9844764295140136,0.9437096542220714,0.35,0.0,0.0,0.2433293675072491,0.0601364664407447,3.038868862576783,0.2337071960419416,0.0,0.0,6.421457636170089,8.555320414714515,0.14283452701118501,0.605285294632799,10.266731983798481,3.8263419055777828,2.7120852485105886,0.4272737092365964,0.10526143340587184,0.14736030582403373,-0.021867205686566814,0.08198420320663659,-0.08129705209144018,-0.045810884600414964,0.23864148617084338,0.032562246655555654,0.86875,1.0410928194837732,0.5108206550740391,0.5302721644097341,0.5542515082222838,2.0816681711721685e-17,1.3778659611992945e-05,2.755731922398589e-05,3.421635293273128,15789.032423198261
510007,4,26,3,0.5,False,0.007843309111470409,0.9844764295140136,0.9437096542220714,0.35,0.0,0.0,0.2433293675072491,0.0601364664407447,3.038868862576783,0.2337071960419416,0.0,0.0,6.421457636170089,8.555320414714515,0.13862298767805045,0.6120615219342308,11.123871582177545,3.8963777710171343,2.648494769636996,0.42945532074752246,0.10920818019518914,0.14209496722443218,-0.03680903840714437,0.08445096452671653,-0.08566787167967098,-0.05078497965659975,0.24566843186338874,0.03658945341324359,0.8958333333333334,1.0596313328397429,0.5537299635020492,0.5059013693376937,0.598422084483049,2.0816681711721685e-17,1.3778659611992945e-05,2.755731922398589e-05,3.677809668077005,15800.346079086085
510007,5,26,2,0.0,True,0.0,0.9890775587322592,0.9612089653333922,0.35,0.0,0.0,0.2433293675072491,0.0601364664407447,3.038868862576783,0.2337071960419416,0.0,0.0,6.421457636170089,8.555320414714515,0.15872104331586337,0.5834015819673136,8.080732437822727,3.5871611262882297,2.989430211317751,0.4807863940998948,0.09340603224004533,0.1866458144026205,0.0515375641842552,0.07362978039402425,-0.04258544895134628,-0.016265906031010618,0.21782208955390647,0.02115414557053052,0.8083333333333332,0.8154108330997587,0.45783610470956204,0.35757472839019666,0.2813563421755621,2.0816681711721685e-17,1.3778659611992945e-05,1.3778659611992945e-05,2.9726361255686786,15724.190049112789
510007,5,26,2,0.1,True,0.0,0.9890775587322592,0.9612089653333922,0.35,0.0,0.0,0.2433293675072491,0.0601364664407447,3.038868862576783,0.2337071960419416,0.0,0.0,6.421457636170089,8.555320414714515,0.15482715456904303,0.5876264859580146,8.433221980501118,3.642667842804269,2.9392461512592454,0.4674304234799112,0.09535676019958698,0.1755831713206578,0.03275321049869318,0.07574765823587887,-0.05616939315993621,-0.02531563815823078,0.22096977237789583,0.022933927919039573,0.8229166666666666,0.8658415321255888,0.49038901293652404,0.37545251918906475,0.35805877432792194,2.0816681711721685e-17,1.3778659611992945e-05,1.3778659611992945e-05,3.0214786747279803,15761.303590199343
510007,5,26,2,0.2,False,2.7768173130120853e-06,0.9890775587322592,0.9612089653333922,0.35,0.0,0.0,0.2433293675072491,0.0601364664407447,3.038868862576783,0.2337071960419416,0.0,0.0,6.421457636170089,8.555320414714515,0.15074521763559393,0.5942431569413505,8.933468228711787,3.690619715285416,2.844732165353083,0.4512467272088134,0.09818086852158196,0.1651987229003552,0.014025168576139668,0.07774700865587493,-0.06726607044636092,-0.0332841843752619,0.22580978980644406,0.025552412877573094,0.8416666666666667,0.931335111043252,0.49297425318789845,0.4383608578553535,0.444408442623352,2.0816681711721685e-17,1.3778659611992945e-05,1.3778659611992945e-05,3.1158365160998094,15772.856568827168
510007,5,26,2,0.3,False,0.0010667504681998365,0.9890775587322592,0.9612089653333922,0.35,0.0,0.0,0.2433293675072491,0.0601364664407447,3.038868862576783,0.2337071960419416,0.0,0.0,6.421457636170089,8.555320414714515,0.1465495621394623,0.6001934595290767,9.574393053761801,3.7654826605155693,2.781628304987688,0.42658245761580044,0.10157994352201671,0.15620942755923972,-0.004106770501047241,0.07964656647578418,-0.07588325206423341,-0.040303665802669454,0.2317986773417788,0.028830583793994825,0.8645833333333334,0.9783081699040165,0.5121469656326254,0.46616120427139107,0.4994836056441209,2.0816681711721685e-17,1.3778659611992945e-05,1.3778659611992945e-05,3.2592545473248222,15779.819298056062
510007,5,26,2,0.4,False,0.0038590810757046967,0.9890775587322592,0.9612089653333922,0.35,0.0,0.0,0.2433293675072491,0.0601364664407447,3.038868862576783,0.2337071960419416,0.0,0.0,6.421457636170089,8.555320414714515,0.14230745140264503,0.6047491528815213,10.340779607148587,3.841399151601474,2.720720485559925,0.4349057496529481,0.1053281171176501,0.14904133181165824,-0.021341078975906036,0.08198980450055392,-0.08221825883661309,-0.04628706803064309,0.2384970795082384,0.032572904595176116,0.875,1.0182011316600714,0.5166788729344785,0.501522258725593,0.5626168927465598,2.0816681711721685e-17,1.3778659611992945e-05,2.755731922398589e-05,3.4574572121115437,15787.57265127604
510007,5,26,2,0.5,False,0.007878620979351528,0.9890775587322592,0.9612089653333922,0.35,0.0,0.0,0.2433293675072491,0.0601364664407447,3.038868862576783,0.2337071960419416,0.0,0.0,6.421457636170089,8.555320414714515,0.1380769290073942,0.611114488797521,11.223361202146938,3.9137956864468797,2.671297088751448,0.4552819120558909,0.10926346448446365,0.14369752430508084,-0.03692553384086269,0.08460171993178005,-0.08663332836673787,-0.05134182485590418,0.24557264653739427,0.03665114344923447,0.8979166666666666,1.0924497769299593,0.5342564205911214,0.5581933563388378,0.6108130455353983,2.0816681711721685e-17,2.755731922398589e-05,5.511463844797178e-05,3.7187200493577284,15798.057563936714
510007,6,14,3,0.0,True,0.0,0.9844764295140136,0.9437096542220714,0.35,0.0,0.0,0.2083334128372371,0.0624898989358916,2.92039684318006,0.2527929180115461,0.0,0.0,5.331442344933748,7.0982246696949005,0.15693168869408275,0.6023285158543702,9.062968269976716,3.6097550216223415,2.9141758241401376,0.45656173427810626,0.094323858826116,0.19062321950083014,0.04998634029517593,0.07513640739345111,-0.03856730387945551,-0.016632222908521305,0.19616985851454416,0.020594296984779974,0.7895833333333334,0.8690780155832132,0.5301091382075652,0.33896887737564796,0.2799961169441705,2.0816681711721685e-17,8.267195767195767e-05,0.0001240079365079365,2.8942636326526703,1799.8969059161234
510007,6,14,3,0.1,True,0.0,0.9844764295140136,0.9437096542220714,0.35,0.0,0.0,0.2083334128372371,0.0624898989358916,2.92039684318006,0.2527929180115461,0.0,0.0,5.331442344933748,7.0982246696949005,0.15272855531888482,0.6036234851431792,9.415930165421953,3.6497254132255024,2.859662744584915,0.4620343142432648,0.09630158822008834,0.17859388983913246,0.031304524134470775,0.07751347803117468,-0.05300465520918988,-0.025652998120032456,0.20174764026428496,0.022462257918686668,0.8125,0.9223205727052723,0.5320195882195602,0.39030098448571215,0.35813758889222813,2.0816681711721685e-17,8.267195767195767e-05,0.00016534391534391533,2.9447636884259794,2028.2376395943104
510007,6,14,3,0.2,False,1.2417486555924233e-05,0.9844764295140136,0.9437096542220714,0.35,0.0,0.0,0.2083334128372371,0.0624898989358916,2.92039684318006,0.2527929180115461,0.0,0.0,5.331442344933748,7.0982246696949005,0.14831793218792952,0.6085618678443311,9.915406091116937,3.7309738771175276,2.7675824311295063,0.42796313476336145,0.09924353010563625,0.16724499368638324,0.012938550428314781,0.0798566315018807,-0.06488010555155412,-0.03365387179309867,0.20902265951226093,0.025217427578756575,0.8229166666666666,0.9795372608351043,0.550718265739151,0.42881899509595334,0.4605397609000912,2.0816681711721685e-17,0.0001515652557319224,0.00020667989417989417,3.0450143908172613,2245.349536893693
510007,6,14,3,0.3,False,0.001213528054406128,0.9844764295140136,0.9437096542220714,0.35,0.0,0.0,0.2083334128372371,0.0624898989358916,2.92039684318006,0.2527929180115461,0.0,0.0,5.331442344933748,7.0982246696949005,0.1437903469252189,0.6089882212666727,10.571619144764853,3.828677083312693,2.7060201849989887,0.4101771931016643,0.10280443439042196,0.15735634606153445,-0.005378901796199351,0.08202859791185044,-0.07414736214606321,-0.040534988348433144,0.21732322893138503,0.028787241343334352,0.8458333333333333,1.0107272509749432,0.5666431433468411,0.44408410762810213,0.5255003835566583,2.0816681711721685e-17,0.00020667989417989417,0.00023423721340388006,3.1990545743248435,2488.2605853025093
510007,6,14,3,0.4,False,0.0040971687540489075,0.9844764295140136,0.9437096542220714,0.35,0.0,0.0,0.2083334128372371,0.0624898989358916,2.92039684318006,0.2527929180115461,0.0,0.0,5.331442344933748,7.0982246696949005,0.1392294508445045,0.617026433911494,11.391437632879649,3.921063225648885,2.63404791595493,0.41300540389660334,0.10673236096061113,0.14940883450352316,-0.022445341190252058,0.08397968693957192,-0.08094692038545627,-0.0464090934880036,0.2261591539978954,0.03295495916890572,0.8625000000000002,1.046291570385078,0.5758459999287889,0.470445570456289,0.5732747803987684,2.0816681711721685e-17,0.00023423721340388006,0.0003031305114638448,3.413580013073394,2805.4458929747598
510007,6,14,3,0.5,False,0.008183085297269486,0.9844764295140136,0.9437096542220714,0.35,0.0,0.0,0.2083334128372371,0.0624898989358916,2.92039684318006,0.2527929180115461,0.0,0.0,5.331442344933748,7.0982246696949005,0.13471072185302055,0.6236608516865383,12.383942709110018,3.9751811215835056,2.580756105634975,0.4398009095840328,0.1108569167860884,0.14338345007945655,-0.03791933829762093,0.08627207870428437,-0.08559490314432504,-0.05135170954837115,0.235201810949652,0.03745580415311676,0.8833333333333333,1.0981942560284308,0.6260692148513657,0.4721250411770651,0.6140432018361304,2.0816681711721685e-17,0.0002755731922398589,0.0004271384479717813,3.69841535303677,3170.29574061845
510007,7,14,0,0.0,True,0.0,0.996259961884662,0.979054833837768,0.35,0.0,0.0,0.2083334128372371,0.0624898989358916,2.92039684318006,0.2527929180115461,0.0,0.0,5.331442344933748,7.0982246696949005,0.15607220727457075,0.600137357648775,9.266266123347421,3.6172307228897354,2.9292786614350153,0.49805846959461225,0.09493479328636689,0.1954071418866474,0.055959516989181605,0.07578023998688489,-0.04043654163428819,-0.016430790468959473,0.19487060033984413,0.019722670096949054,0.7937500000000001,0.8257045303611401,0.5267078368588323,0.29899669350230784,0.2875013801665443,2.0816681711721685e-17,6.889329805996472e-05,0.00016534391534391533,2.9705103948545144,1797.9354434545164
510007,7,14,0,0.1,True,0.0,0.996259961884662,0.979054833837768,0.35,0.0,0.0,0.2083334128372371,0.0624898989358916,2.92039684318006,0.2527929180115461,0.0,0.0,5.331442344933748,7.0982246696949005,0.15176197333928543,0.6028589973025089,9.65624143004559,3.6969200942120373,2.8495310478906646,0.44706116650840233,0.09680271217098164,0.18328854250210447,0.03611862820414285,0.07808440506009945,-0.05485578052414783,-0.02583500149304148,0.20071640470793747,0.021754786671311154,0.80625,0.9117465284951043,0.5086339772427833,0.40311255125232104,0.38517029533839386,2.0816681711721685e-17,0.00013778659611992945,0.00020667989417989417,3.0223242330534994,2104.2814783141116
510007,7,14,0,0.2,True,0.0,0.996259961884662,0.979054833837768,0.35,0.0,0.0,0.2083334128372371,0.0624898989358916,2.92039684318006,0.2527929180115461,0.0,0.0,5.331442344933748,7.0982246696949005,0.1472618193240156,0.6081744531491509,10.163981346663894,3.7718290619483685,2.77740639158775,0.444043941215927,0.09966648414443857,0.17157730385137518,0.01600082663964251,0.0801674532713929,-0.0666366614481873,-0.03409023860295373,0.20820819590478176,0.024776683799342336,0.8354166666666667,0.9901645747071599,0.5391082545698682,0.4510563201372917,0.4763884819675308,2.0816681711721685e-17,0.00019290123456790122,0.0002204585537918871,3.126944722823642,2399.359407653326
510007,7,14,0,0.3,False,0.0010155077349511493,0.996259961884662,0.979054833837768,0.35,0.0,0.0,0.2083334128372371,0.0624898989358916,2.92039684318006,0.2527929180115461,0.0,0.0,5.331442344933748,7.0982246696949005,0.14266342190104545,0.6129975416096628,10.8106654329219,3.832837059303977,2.712519493685854,0.4390685629303961,0.10317473348195227,0.161286384241738,-0.00364221377931433,0.08209547103319415,-0.0758723918586157,-0.0412658935602502,0.21667759029384234,0.02857648544711504,0.8562500000000001,1.0633923120659023,0.5625082350092858,0.5008840770566165,0.5348197152378111,2.0816681711721685e-17,0.00020667989417989417,0.000248015873015873,3.2794381678799227,2721.5909286308283
510007,7,14,0,0.4,False,0.004069431433907433,0.996259961884662,0.979054833837768,0.35,0.0,0.0,0.2083334128372371,0.0624898989358916,2.92039684318006,0.2527929180115461,0.0,0.0,5.331442344933748,7.0982246696949005,0.13805089712317672,0.6205430258656149,11.620927505928265,3.9122318847046915,2.6389304864582033,0.4371170983978557,0.10706809825020443,0.15307161659942167,-0.02231837580159365,0.08389625591963497,-0.08274894774342416,-0.04740250855436621,0.22564615879129088,0.03288350541111201,0.8708333333333332,1.086229311501841,0.5919969148169095,0.4942323966849316,0.5873724744558267,2.0816681711721685e-17,0.00023423721340388006,0.00033068783068783067,3.4392447633396146,3090.9809669427323
510007,7,14,0,0.5,False,0.008557260951069812,0.996259961884662,0.979054833837768,0.35,0.0,0.0,0.2083334128372371,0.0624898989358916,2.92039684318006,0.2527929180115461,0.0,0.0,5.331442344933748,7.0982246696949005,0.13349742597640848,0.6239642986888598,12.623424177210433,3.985742694295413,2.578883438856993,0.4483153683317737,0.11116503420170028,0.14699084772066087,-0.0391156966967983,0.08622733874626225,-0.08752164722968238,-0.05257426207717083,0.23479311215662987,0.03747094334434277,0.8874999999999998,1.1436693067217147,0.6016722184136123,0.5419970883081024,0.6490060514635358,2.0816681711721685e-17,0.00028935185185185184,0.0004684744268077601,3.660899803283076,3396.1955795937397
510007,8,14,2,0.0,True,0.0,0.9890775587322592,0.9612089653333922,0.35,0.0,0.0,0.2083334128372371,0.0624898989358916,2.92039684318006,0.2527929180115461,0.0,0.0,5.331442344933748,7.0982246696949005,0.15653405133731974,0.6007676895574626,9.161919644990627,3.608073360449373,2.9530670360493225,0.49467298720804376,0.09452652587798897,0.19295820010454034,0.05295567211713667,0.07541463256678466,-0.0394193807550901,-0.016538880281777097,0.19566636086329117,0.020181520468399095,0.7937500000000001,0.8620867327628003,0.516524390184347,0.3455623425784533,0.27204071654948214,2.0816681711721685e-17,6.889329805996472e-05,0.0001515652557319224,2.9258161613336875,1799.251632582993
510007,8,14,2,0.1,True,0.0,0.9890775587322592,0.9612089653333922,0.35,0.0,0.0,0.2083334128372371,0.0624898989358916,2.92039684318006,0.2527929180115461,0.0,0.0,5.331442344933748,7.0982246696949005,0.15228055167858298,0.6037564781456896,9.530522959965516,3.6608623684288375,2.862749867019676,0.4569876764497402,0.0964485946290853,0.18094451006654602,0.033718779805661174,0.0778177949054707,-0.05387926166061515,-0.025747394629886938,0.20139827368745453,0.022099233565125487,0.8229166666666666,0.9085591301425999,0.5207657157942835,0.3877934143483164,0.3740937947122684,2.0816681711721685e-17,0.0001240079365079365,0.00017912257495590828,2.9767201350757575,2074.5025598140683
510007,8,14,2,0.2,False,8.358972438174483e-07,0.9890775587322592,0.9612089653333922,0.35,0.0,0.0,0.2083334128372371,0.0624898989358916,2.92039684318006,0.2527929180115461,0.0,0.0,5.331442344933748,7.0982246696949005,0.14782797289869828,0.6060016404552546,10.034232633409792,3.7424634736278235,2.7830156131421666,0.44650159149990093,0.09934989141469726,0.16946932013112678,0.014465149615064711,0.08016077469273852,-0.06573395156267406,-0.0338790233061761,0.20879216293381178,0.024973206966001193,0.8270833333333334,0.9763472712146247,0.5505268062804627,0.42582046493416204,0.474844655157394,2.0816681711721685e-17,0.00017912257495590828,0.0002204585537918871,3.0786433876614687,2325.8170907285835
510007,8,14,2,0.3,False,0.001101323616442609,0.9890775587322592,0.9612089653333922,0.35,0.0,0.0,0.2083334128372371,0.0624898989358916,2.92039684318006,0.2527929180115461,0.0,0.0,5.331442344933748,7.0982246696949005,0.14326763914805773,0.6086799745856659,10.677128823050856,3.828688602373068,2.705994532155916,0.423477018764902,0.10288246776275835,0.15935239596047537,-0.004413924761291104,0.08227165559442595,-0.07499309773681019,-0.04088903129292317,0.2171789713632809,0.02867344207433607,0.8479166666666665,1.0242622438699633,0.5603929849709197,0.4638692588990436,0.5314548795276216,2.0816681711721685e-17,0.00020667989417989417,0.00026179453262786595,3.235790985362541,2608.278251712942
510007,8,14,2,0.4,False,0.004081014807566026,0.9890775587322592,0.9612089653333922,0.35,0.0,0.0,0.2083334128372371,0.0624898989358916,2.92039684318006,0.2527929180115461,0.0,0.0,5.331442344933748,7.0982246696949005,0.13868326758590552,0.616184037996109,11.480030706366273,3.924483883201372,2.648146845244918,0.4312130899848592,0.10679038997993155,0.15124435392934488,-0.02237145023302257,0.0841539876191479,-0.08183096333768532,-0.04688710873308768,0.22607455504064725,0.03290792886230842,0.8687499999999999,1.080987649487024,0.5739200952544479,0.5070675542325762,0.5848117745285922,2.0816681711721685e-17,0.00023423721340388006,0.0003169091710758377,3.4551284626580574,2959.1636073637565
510007,8,14,2,0.5,False,0.00831929464436661,0.9890775587322592,0.9612089653333922,0.35,0.0,0.0,0.2083334128372371,0.0624898989358916,2.92039684318006,0.2527929180115461,0.0,0.0,5.331442344933748,7.0982246696949005,0.134148230766998,0.6232930700786978,12.46823471064357,3.999467788252828,2.5654137663085606,0.4165234567760277,0.11089679764107158,0.14518649292176594,-0.03835794795218762,0.08636276459809589,-0.08654370690854407,-0.05195314467342286,0.2351556610222565,0.03743269848581091,0.8937499999999999,1.1017685044824614,0.5936698605812808,0.5080986439011806,0.6258773410864069,2.0816681711721685e-17,0.0002755731922398589,0.0004271384479717813,3.7468820325784002,3304.6576204768135
510007,9,26,0,0.0,True,0.0,0.996259961884662,0.979054833837768,0.35,0.0,0.0,0.2433293675072491,0.0601364664407447,3.038868862576783,0.2337071960419416,0.0,0.0,6.421457636170089,8.555320414714515,0.15827365827106266,0.582693194092104,8.121848534818435,3.6223855284190623,2.97798941975999,0.478667772941819,0.09371600741421683,0.18894244015195086,0.054555554369622,0.07389682146534315,-0.04348298675143073,-0.01618581435676721,0.21699699541352443,0.02078830227165448,0.8145833333333333,0.8052803408126983,0.46829298616426174,0.33698735464843654,0.2629802226144261,2.0816681711721685e-17,1.3778659611992945e-05,1.3778659611992945e-05,3.014551007778113,15755.31370904357
510007,9,26,0,0.1,True,0.0,0.996259961884662,0.979054833837768,0.35,0.0,0.0,0.2433293675072491,0.0601364664407447,3.038868862576783,0.2337071960419416,0.0,0.0,6.421457636170089,8.555320414714515,0.15432735266232392,0.5869255633230285,8.493900641879906,3.6512170922221703,2.912718531928782,0.4481772249224492,0.09563964369895389,0.1776854201025738,0.035336434419163794,0.0757505984049082,-0.057062707532938045,-0.025346547269101145,0.2202650210774104,0.022691833679498164,0.81875,0.8478288054388828,0.4698990432522858,0.377929762186597,0.3618618865746609,2.0816681711721685e-17,1.3778659611992945e-05,1.3778659611992945e-05,3.0636679800883897,15767.354264710657
510007,9,26,0,0.2,True,0.0,0.996259961884662,0.979054833837768,0.35,0.0,0.0,0.2433293675072491,0.0601364664407447,3.038868862576783,0.2337071960419416,0.0,0.0,6.421457636170089,8.555320414714515,0.15020098261349546,0.5954672052086721,9.0093917916902,3.7144667073838065,2.8334668414081734,0.43667623179712495,0.09844695150916816,0.16713990267009704,0.01567764009151638,0.0777992876577984,-0.06815712081451676,-0.03350866670478709,0.22520786192773637,0.02543081456574596,0.8416666666666668,0.9103365524773015,0.492234215645281,0.41810233683202047,0.4324871737643998,2.0816681711721685e-17,1.3778659611992945e-05,1.3778659611992945e-05,3.1597655900254225,15772.771472249611
510007,9,26,0,0.3,False,0.0009635473876640862,0.996259961884662,0.979054833837768,0.35,0.0,0.0,0.2433293675072491,0.0601364664407447,3.038868862576783,0.2337071960419416,0.0,0.0,6.421457636170089,8.555320414714515,0.14596867560480598,0.6024984201116701,9.666135195257647,3.7834090404731686,2.784358920628994,0.4324891154684942,0.10183497404297674,0.15798141611509164,-0.0031590199279405476,0.07962759725798281,-0.07679909581367937,-0.04057668627073416,0.2312814222691656,0.028813418095624557,0.8708333333333332,0.972502372541024,0.5132713618299733,0.45923101071105066,0.49797553917784415,2.0816681711721685e-17,1.3778659611992945e-05,2.755731922398589e-05,3.306563089481145,15777.837171434248
510007,9,26,0,0.4,False,0.003812185753533184,0.996259961884662,0.979054833837768,0.35,0.0,0.0,0.2433293675072491,0.0601364664407447,3.038868862576783,0.2337071960419416,0.0,0.0,6.421457636170089,8.555320414714515,0.14169732920737102,0.6069115810361541,10.462380617330098,3.861599059894894,2.7095031381297243,0.4210563932342855,0.10557527698781265,0.15064784395228614,-0.021119596751665068,0.08190117082822342,-0.0831742429608177,-0.04670656709532492,0.2380494732560161,0.032632183184549406,0.88125,1.0095557595014122,0.5329424471042996,0.4766133123971126,0.5549036335155243,2.0816681711721685e-17,1.3778659611992945e-05,2.755731922398589e-05,3.5100674229792275,15784.396121703174
510007,9,26,0,0.5,False,0.00807563204046097,0.996259961884662,0.979054833837768,0.35,0.0,0.0,0.2433293675072491,0.0601364664407447,3.038868862576783,0.2337071960419416,0.0,0.0,6.421457636170089,8.555320414714515,0.13744460460711933,0.6132296954230118,11.401345948619763,3.9376922622693797,2.654860358718348,0.44925386097838,0.10950474998642862,0.14524547220346645,-0.037570744478718915,0.08453098591285456,-0.08762434978820259,-0.05189197041567931,0.24518343330855796,0.03675874199206162,0.8937499999999999,1.0843271800987373,0.539846298857989,0.5444808812407483,0.6118215949885433,2.0816681711721685e-17,2.755731922398589e-05,6.889329805996472e-05,3.733693777359964,15793.488957576506
510007,10,28,3,0.0,True,0.0,0.9844764295140136,0.9437096542220714,0.35,0.0,0.0,0.2879540531896055,0.0639038967574015,2.9761056745424868,0.2173629315197467,0.0,0.0,5.157286320813,8.887301716022193,0.158989274976563,0.5740726919675879,7.826161734606635,3.597678872763565,3.0200023779953136,0.49660846608175424,0.0900575249290302,0.1682706153614708,0.04158874144654442,0.07197570123971797,-0.04490367092477446,-0.015486662467060777,0.24319551951422722,0.02517314984049382,0.8270833333333334,0.7969576413038824,0.4629882250037436,0.33396941630013877,0.2829910402683037,2.0816681711721685e-17,2.755731922398589e-05,8.267195767195767e-05,2.9301771295835644,1272.797099930585
510007,10,28,3,0.1,True,0.0,0.9844764295140136,0.9437096542220714,0.35,0.0,0.0,0.2879540531896055,0.0639038967574015,2.9761056745424868,0.2173629315197467,0.0,0.0,5.157286320813,8.887301716022193,0.15550805525420355,0.5816804498677554,8.316571207851512,3.6608816934760413,2.919969494398886,0.4398980356960062,0.0920126993182731,0.15881138433748923,0.02518928062735379,0.0737628189145186,-0.056899444002514364,-0.023761838913231748,0.24362659961208413,0.026742464683775877,0.8374999999999999,0.8540039641644508,0.4501308328937368,0.403873131270714,0.3585349095637383,2.0816681711721685e-17,5.511463844797178e-05,0.0001515652557319224,2.976803905983362,1274.906491584853
510007,10,28,3,0.2,False,0.000113454085723006,0.9844764295140136,0.9437096542220714,0.35,0.0,0.0,0.2879540531896055,0.0639038967574015,2.9761056745424868,0.2173629315197467,0.0,0.0,5.157286320813,8.887301716022193,0.15186393106622,0.5862699951697362,8.927853275785727,3.7279386524108964,2.874009625134839,0.45833901210109323,0.0947154551681642,0.15042518310667752,0.008768882565176954,0.07608846241524446,-0.06655466599732486,-0.03123121774329138,0.24568942770744442,0.028924729147652855,0.8520833333333333,0.890758616545833,0.47347497262292615,0.41728364392290684,0.4113940786458756,2.0816681711721685e-17,0.0001240079365079365,0.00016534391534391533,3.0628149097589787,1435.346195803794
510007,10,28,3,0.3,False,0.0014655825784379095,0.9844764295140136,0.9437096542220714,0.35,0.0,0.0,0.2879540531896055,0.0639038967574015,2.9761056745424868,0.2173629315197467,0.0,0.0,5.157286320813,8.887301716022193,0.1481140086520613,0.5949184905196871,9.62170633075437,3.7480996347712754,2.826907938623542,0.44444011827742397,0.0979383728043816,0.14376401197762176,-0.007395512896692355,0.0783526559298876,-0.07399906949319764,-0.03785280179120047,0.24899853200572505,0.03159864723879357,0.8729166666666667,0.9620269005632784,0.4913042656899558,0.47072263487332267,0.472348554089861,2.0816681711721685e-17,0.00016534391534391533,0.00019290123456790122,3.191125822755515,1567.777491526417
510007,10,28,3,0.4,False,0.004161473500465779,0.9844764295140136,0.9437096542220714,0.35,0.0,0.0,0.2879540531896055,0.0639038967574015,2.9761056745424868,0.2173629315197467,0.0,0.0,5.157286320813,8.887301716022193,0.14431307807329954,0.6028034145491318,10.393143637085027,3.785018785794049,2.7497404087960695,0.4467731384224365,0.10150527618973755,0.13901087331744028,-0.02273804802446598,0.08066975054169843,-0.07953636753459004,-0.0435159332017564,0.253208778775686,0.034677820402169886,0.8833333333333333,0.9970939671673558,0.4958119538705701,0.5012820132967857,0.5187317057026164,2.0816681711721685e-17,0.00016534391534391533,0.000248015873015873,3.3663212553440363,1706.7975780958257
510007,10,28,3,0.5,False,0.007786069655518572,0.9844764295140136,0.9437096542220714,0.35,0.0,0.0,0.2879540531896055,0.0639038967574015,2.9761056745424868,0.2173629315197467,0.0,0.0,5.157286320813,8.887301716022193,0.1405090007238894,0.6092252657809322,11.224709471863799,3.85951844678887,2.6928909185009005,0.4358391662950832,0.10528062505645348,0.1357858902333823,-0.036619644398812386,0.0829659493060501,-0.0834991997565045,-0.04844219198827152,0.258041126991412,0.0380884726567901,0.8937499999999999,1.0427982904958326,0.5118663781483894,0.5309319123474432,0.5767898039058061,2.0816681711721685e-17,0.0002204585537918871,0.0003031305114638448,3.594922125385279,1889.2270790400053
510007,11,26,1,0.0,True,0.0,0.9766958138810892,0.98378601407178,0.35,0.0,0.0,0.2433293675072491,0.0601364664407447,3.038868862576783,0.2337071960419416,0.0,0.0,6.421457636170089,8.555320414714515,0.15840737506858057,0.5797494886360784,8.125296630024756,3.6088904891876172,2.9498604255425103,0.4323432813666271,0.09389182888865764,0.18998548176689137,0.05691259246633202,0.07331705130395329,-0.04315554359784621,-0.015904547580549214,0.2171565109886119,0.020477385194627586,0.8104166666666668,0.791775922903001,0.47074097364282674,0.3210349492601743,0.2650192920144849,2.0816681711721685e-17,1.3778659611992945e-05,1.3778659611992945e-05,3.031635772010875,15748.506131005603
510007,11,26,1,0.1,True,0.0,0.9766958138810892,0.98378601407178,0.35,0.0,0.0,0.2433293675072491,0.0601364664407447,3.038868862576783,0.2337071960419416,0.0,0.0,6.421457636170089,8.555320414714515,0.1544600225225524,0.5848577164399247,8.504663854563367,3.65813047546086,2.8987668983085797,0.44337827490840587,0.09579032504658376,0.178719363233,0.03746779978210701,0.0751461579575392,-0.05688047949769057,-0.02520878793401632,0.22046985280785628,0.02245067144522206,0.8249999999999998,0.8649471493331499,0.4683970446569743,0.3965501046761756,0.36492124705020124,2.0816681711721685e-17,1.3778659611992945e-05,1.3778659611992945e-05,3.0817025869140706,15766.180634660735
510007,11,26,1,0.2,True,0.0,0.9766958138810892,0.98378601407178,0.35,0.0,0.0,0.2433293675072491,0.0601364664407447,3.038868862576783,0.2337071960419416,0.0,0.0,6.421457636170089,8.555320414714515,0.15032940407510983,0.5937821919947358,9.025647685578905,3.708519464577302,2.8559972734582133,0.4384677514631647,0.09859532743624566,0.16812995768976016,0.017573586073694636,0.07706759576197987,-0.06812242991053621,-0.033398595177305465,0.22545785903331397,0.02522940478236985,0.8375,0.9027718667317681,0.49318401382178934,0.4095878529099788,0.4435400778230941,2.0816681711721685e-17,1.3778659611992945e-05,1.3778659611992945e-05,3.1798104265858917,15772.912989066694
510007,11,26,1,0.3,False,0.000801439228439857,0.9766958138810892,0.98378601407178,0.35,0.0,0.0,0.2433293675072491,0.0601364664407447,3.038868862576783,0.2337071960419416,0.0,0.0,6.421457636170089,8.555320414714515,0.146090027354416,0.6009406614500418,9.68659453195833,3.7747245815140507,2.7769927533085355,0.4286587325530789,0.10199832158550654,0.15885155324829608,-0.0015611756814795628,0.07901173046194698,-0.07691301669542237,-0.04057805788755725,0.23157439021388856,0.028627621254380443,0.8645833333333334,0.9389356905007153,0.5125769333328252,0.4263587571678902,0.513462993856703,2.0816681711721685e-17,1.3778659611992945e-05,2.755731922398589e-05,3.329815758827886,15778.382216388536
510007,11,26,1,0.4,False,0.0035219611943356367,0.9766958138810892,0.98378601407178,0.35,0.0,0.0,0.2433293675072491,0.0601364664407447,3.038868862576783,0.2337071960419416,0.0,0.0,6.421457636170089,8.555320414714515,0.1418091587158906,0.6065550332917587,10.488311185700075,3.849829919298737,2.714083183647592,0.42765521552858904,0.10576543865111683,0.15131662028925608,-0.01971747643092039,0.08126994147766231,-0.083429930925915,-0.04674312325647589,0.23838204262341667,0.03248219912301439,0.8770833333333332,0.9919778965859196,0.5352606563559423,0.4567172402299773,0.5552709574690121,2.0816681711721685e-17,1.3778659611992945e-05,2.755731922398589e-05,3.4826558896243447,15785.209304576636
510007,11,26,1,0.5,False,0.007733420283232822,0.9766958138810892,0.98378601407178,0.35,0.0,0.0,0.2433293675072491,0.0601364664407447,3.038868862576783,0.2337071960419416,0.0,0.0,6.421457636170089,8.555320414714515,0.13754493574398294,0.6125043828150186,11.434976633072324,3.925821869483521,2.6445375962902795,0.43585634435505166,0.10972928453802082,0.14568522317223784,-0.03644482244530884,0.08379744921787158,-0.08800101422619798,-0.052022723607178495,0.24555190893994247,0.036654915060375964,0.8895833333333333,1.0560678178900973,0.5605575753929353,0.495510242497162,0.6191721476245458,2.0816681711721685e-17,2.755731922398589e-05,6.889329805996472e-05,3.679829028251829,15794.623967087797
510007,12,28,2,0.0,True,0.0,0.9890775587322592,0.9612089653333922,0.35,0.0,0.0,0.2879540531896055,0.0639038967574015,2.9761056745424868,0.2173629315197467,0.0,0.0,5.157286320813,8.887301716022193,0.1586211014069335,0.5749157330543297,7.936799693377005,3.62424128187469,3.018683798693718,0.49698651396237886,0.09016929332061163,0.17038330407508764,0.044455146813440705,0.07214207539614523,-0.04561314268367874,-0.015408350579030963,0.2425433937988901,0.024902053400725998,0.8249999999999998,0.8054601129143075,0.46391170682639116,0.34154840608791637,0.28117474738588377,2.0816681711721685e-17,5.511463844797178e-05,0.00011022927689594356,2.9564739085447727,1273.1821850259623
510007,12,28,2,0.1,True,0.0,0.9890775587322592,0.9612089653333922,0.35,0.0,0.0,0.2879540531896055,0.0639038967574015,2.9761056745424868,0.2173629315197467,0.0,0.0,5.157286320813,8.887301716022193,0.1550960861365748,0.5802955837673137,8.4361796002567,3.671400122264609,2.909974886528008,0.45893800747319974,0.09211650271972545,0.16082617053002146,0.0276433028629119,0.07394268904236934,-0.05765990084104914,-0.023818560106429795,0.24311116473444597,0.026544938053810186,0.8374999999999999,0.8535557968024923,0.46166561216279933,0.39189018463969294,0.34770970131668566,2.0816681711721685e-17,6.889329805996472e-05,0.0001515652557319224,3.0028285420207266,1275.0728039408725
510007,12,28,2,0.2,False,6.242577020978031e-05,0.9890775587322592,0.9612089653333922,0.35,0.0,0.0,0.2879540531896055,0.0639038967574015,2.9761056745424868,0.2173629315197467,0.0,0.0,5.157286320813,8.887301716022193,0.1514137657630218,0.5859080050076199,9.037144436750863,3.7289163569110886,2.862602790955116,0.45048400438734987,0.09481287346386862,0.15243913613205565,0.01037791613987348,0.07597344401137635,-0.06738595006200185,-0.03142278202409909,0.24529320518880685,0.028776443762831606,0.8541666666666666,0.9084327630046234,0.4683125391598473,0.4401202238447761,0.41197082020530684,2.0816681711721685e-17,0.00013778659611992945,0.00016534391534391533,3.0893909861169107,1463.1327634552388
510007,12,28,2,0.3,False,0.001352667474849421,0.9890775587322592,0.9612089653333922,0.35,0.0,0.0,0.2879540531896055,0.0639038967574015,2.9761056745424868,0.2173629315197467,0.0,0.0,5.157286320813,8.887301716022193,0.147632055838981,0.595062001749171,9.73556728486807,3.745124811026974,2.8339254685646957,0.4575638898876044,0.0980304029201476,0.14580316310815258,-0.006515497358423835,0.0783783305751123,-0.07491118255841399,-0.03808566628986463,0.24870105787004596,0.0314893105328147,0.8666666666666667,0.9620798180482717,0.4786349928549949,0.4834448251932768,0.48528717140974376,2.0816681711721685e-17,0.00016534391534391533,0.00020667989417989417,3.2191436522606907,1614.7783938940404
510007,12,28,2,0.4,False,0.004103776974955559,0.9890775587322592,0.9612089653333922,0.35,0.0,0.0,0.2879540531896055,0.0639038967574015,2.9761056745424868,0.2173629315197467,0.0,0.0,5.157286320813,8.887301716022193,0.1438053547177007,0.6027208393424877,10.514044040658783,3.802657879865683,2.7579080797287125,0.4449873185264746,0.10159201949758301,0.14092598324812466,-0.02247552635059534,0.08069203472918653,-0.08049624944063893,-0.04392326309844367,0.2529931425357819,0.03460753663035707,0.8875000000000001,1.0092927014788082,0.49181081490545253,0.5174818865733557,0.5328859399688577,2.0816681711721685e-17,0.00019290123456790122,0.000248015873015873,3.3967903189072683,1776.0264280846338
510007,12,28,2,0.5,False,0.007831010789594708,0.9890775587322592,0.9612089653333922,0.35,0.0,0.0,0.2879540531896055,0.0639038967574015,2.9761056745424868,0.2173629315197467,0.0,0.0,5.157286320813,8.887301716022193,0.13998144331224452,0.6092362523450365,11.33989626001374,3.868069735918359,2.680240780344107,0.43391484328717417,0.10536287277180657,0.13750398355678126,-0.0367684041425757,0.08310074189615714,-0.08447823623062685,-0.04900447586582909,0.2578939728016098,0.038036430175619036,0.8979166666666666,1.056378065775216,0.5182366893876704,0.5381413763875456,0.5855189104799505,2.0816681711721685e-17,0.000248015873015873,0.0003031305114638448,3.629034335888304,1984.7034955946192
510007,13,14,1,0.0,True,0.0,0.9766958138810892,0.98378601407178,0.35,0.0,0.0,0.2083334128372371,0.0624898989358916,2.92039684318006,0.2527929180115461,0.0,0.0,5.331442344933748,7.0982246696949005,0.15620513925934087,0.5984980285982985,9.268610824191427,3.6040912957810534,2.929553789483311,0.4878377930471272,0.09514819783261687,0.196404329633745,0.057919791583503855,0.07522617120758611,-0.04019179822905295,-0.01619749386037952,0.19492474086790765,0.01938241136869837,0.7958333333333334,0.8571820953422844,0.520741988113927,0.3364401072283574,0.29649296129297015,2.0816681711721685e-17,8.267195767195767e-05,0.0001515652557319224,2.9929894082781736,1798.3887243978322
510007,13,14,1,0.1,True,0.0,0.9766958138810892,0.98378601407178,0.35,0.0,0.0,0.2083334128372371,0.0624898989358916,2.92039684318006,0.2527929180115461,0.0,0.0,5.331442344933748,7.0982246696949005,0.15189062441280157,0.6006250799687077,9.668324253425693,3.7007704708545095,2.8644553982191154,0.4621258396647871,0.09699095662931716,0.18427298270787876,0.038029906247662094,0.0775921748703698,-0.05474680244286222,-0.025681083121297864,0.20080723584878568,0.021475496279207165,0.8104166666666668,0.9099583977760999,0.524543723964116,0.3854146738119839,0.37997711718561955,2.0816681711721685e-17,0.00013778659611992945,0.00020667989417989417,3.0460781252374804,2003.006744735075
510007,13,14,1,0.2,True,0.0,0.9766958138810892,0.98378601407178,0.35,0.0,0.0,0.2083334128372371,0.0624898989358916,2.92039684318006,0.2527929180115461,0.0,0.0,5.331442344933748,7.0982246696949005,0.14738325940415728,0.6071803786793938,10.184061359481639,3.7481977653041003,2.7938510271758354,0.4605289958554333,0.09985432673192414,0.172520094849791,0.017611976773743876,0.0796498600001065,-0.0666634657545972,-0.03403878236104417,0.2083479223432183,0.024529628211272605,0.8333333333333334,0.963567539163706,0.5449578652581772,0.4186096739055287,0.46873233861084096,2.0816681711721685e-17,0.00020667989417989417,0.0002204585537918871,3.143353485518238,2336.8519874176045
510007,13,14,1,0.3,False,0.0009065670806926527,0.9766958138810892,0.98378601407178,0.35,0.0,0.0,0.2083334128372371,0.0624898989358916,2.92039684318006,0.2527929180115461,0.0,0.0,5.331442344933748,7.0982246696949005,0.14277482027272467,0.6126522375997996,10.836902070373759,3.8222861636055616,2.6915011206860613,0.42756158295898955,0.10338017523533254,0.16211195956026395,-0.0026139126598846,0.08152042575335376,-0.07603360050329137,-0.041299962118002694,0.21687018485367884,0.02837704811332024,0.8562500000000001,1.0329248466103254,0.567453882640063,0.46547096397026233,0.5383273898279046,2.0816681711721685e-17,0.00020667989417989417,0.00026179453262786595,3.2400753851512047,2670.2917410020714
510007,13,14,1,0.4,False,0.0038262558675083687,0.9766958138810892,0.98378601407178,0.35,0.0,0.0,0.2083334128372371,0.0624898989358916,2.92039684318006,0.2527929180115461,0.0,0.0,5.331442344933748,7.0982246696949005,0.13814976219008868,0.619250552992123,11.649107525728004,3.905465518544437,2.625323679006165,0.42778469061212004,0.1073039031663796,0.153694479187192,-0.0211861909332559,0.08346918145413174,-0.0830431809354033,-0.04748309990593511,0.22588973450449834,0.03274792880719458,0.8708333333333332,1.0698562658072057,0.580076196690634,0.4897800691165717,0.5864366652301515,2.0816681711721685e-17,0.00023423721340388006,0.0003031305114638448,3.3900126845024516,3043.9445599051483
510007,13,14,1,0.5,False,0.00827863780396458,0.9766958138810892,0.98378601407178,0.35,0.0,0.0,0.2083334128372371,0.0624898989358916,2.92039684318006,0.2527929180115461,0.0,0.0,5.331442344933748,7.0982246696949005,0.13358234771293567,0.6233003975287328,12.64074771631794,3.9785641499685664,2.564511389309788,0.44449837654575336,0.11144132148761354,0.14739501150179482,-0.038227406685482794,0.08569493552228812,-0.08793756879532909,-0.0527167081575635,0.2350843273707001,0.03737729228386367,0.8854166666666666,1.1374031367189472,0.5996452920328785,0.5377578446860687,0.6414691285131101,2.0816681711721685e-17,0.0002755731922398589,0.0004684744268077601,3.599775170546972,3367.9984539293823
510007,14,28,0,0.0,True,0.0,0.996259961884662,0.979054833837768,0.35,0.0,0.0,0.2879540531896055,0.0639038967574015,2.9761056745424868,0.2173629315197467,0.0,0.0,5.157286320813,8.887301716022193,0.15818675322107612,0.5758620131081854,8.053186164325318,3.647384016716964,2.981406110353118,0.4798142546761884,0.09040058455657501,0.17261666639258175,0.04727806000867501,0.07228403910752489,-0.046409077041909684,-0.015342140212525383,0.24168177801078042,0.02462377900232567,0.8229166666666666,0.8224525473209039,0.4602759318720122,0.3621766154488917,0.28161358492614397,2.0816681711721685e-17,6.889329805996472e-05,0.00011022927689594356,2.995246212589699,1273.2366201904788
510007,14,28,0,0.1,True,0.0,0.996259961884662,0.979054833837768,0.35,0.0,0.0,0.2879540531896055,0.0639038967574015,2.9761056745424868,0.2173629315197467,0.0,0.0,5.157286320813,8.887301716022193,0.15461346739322523,0.5818931279574986,8.556646373530882,3.6879712258395814,2.937716188461336,0.46599667350622775,0.09234501205916378,0.16302275441773503,0.029958635504530397,0.07396944601429185,-0.058495383977979355,-0.023898522225178655,0.24236733985776662,0.026344361269803458,0.8333333333333334,0.8627476220728348,0.4565034751845225,0.40624414688831234,0.35353499851782894,2.0816681711721685e-17,0.00011022927689594356,0.0001515652557319224,3.0414483724268724,1275.5250785950823
510007,14,28,0,0.2,False,2.839382713058657e-05,0.996259961884662,0.979054833837768,0.35,0.0,0.0,0.2879540531896055,0.0639038967574015,2.9761056745424868,0.2173629315197467,0.0,0.0,5.157286320813,8.887301716022193,0.15088986983424502,0.5875775739852388,9.17046366691074,3.7386043059004472,2.8404038343170908,0.4390691837846923,0.09504246545787491,0.15466487275264496,0.011882777279409604,0.07585171891534193,-0.06828997618970645,-0.031612460990707573,0.24465595961004846,0.02864892424492112,0.85,0.8884329048959235,0.46761739684661907,0.42081550804930445,0.42107331826049543,2.0816681711721685e-17,0.00013778659611992945,0.00019290123456790122,3.129045775333059,1480.3516683431371
510007,14,28,0,0.3,False,0.0012534061291340367,0.996259961884662,0.979054833837768,0.35,0.0,0.0,0.2879540531896055,0.0639038967574015,2.9761056745424868,0.2173629315197467,0.0,0.0,5.157286320813,8.887301716022193,0.14707352382613195,0.5943364277775985,9.884459662877596,3.7608734597051328,2.8076171499688503,0.4589179674424497,0.09826115231755585,0.1478340449933622,-0.005711033594267951,0.07820415974424355,-0.07586123674345623,-0.03841565420796173,0.24816102910664362,0.03142862807557579,0.86875,0.9310789291443153,0.4732043901989931,0.45787453894532226,0.47381440251783885,2.0816681711721685e-17,0.00019290123456790122,0.0002204585537918871,3.2611317842962273,1658.0459852469041
510007,14,28,0,0.4,False,0.004047925768091511,0.996259961884662,0.979054833837768,0.35,0.0,0.0,0.2879540531896055,0.0639038967574015,2.9761056745424868,0.2173629315197467,0.0,0.0,5.157286320813,8.887301716022193,0.1432170131950481,0.6016282523242796,10.665843714411919,3.83744824702973,2.7264780160565394,0.43045190391647586,0.10182321562237118,0.14262539131641258,-0.0222196372360763,0.08059026677541278,-0.08146715786101855,-0.044372476891818384,0.25254411525085657,0.0345977954772655,0.8833333333333333,0.9862478117687534,0.5094963215634798,0.47675149020527363,0.535844254446088,2.0816681711721685e-17,0.00020667989417989417,0.000248015873015873,3.4425986302528493,1843.376969967638
510007,14,28,0,0.5,False,0.007999357565957245,0.996259961884662,0.979054833837768,0.35,0.0,0.0,0.2879540531896055,0.0639038967574015,2.9761056745424868,0.2173629315197467,0.0,0.0,5.157286320813,8.887301716022193,0.1393688632688013,0.6096456662817278,11.503403310918458,3.8994364503553207,2.6780808080446064,0.4213047632620633,0.1055962304194694,0.13904421232266392,-0.03732188971176135,0.08299538497046928,-0.08547463196869316,-0.04954092763461467,0.2575293082918378,0.03803389398050588,0.8958333333333334,1.0526092656531287,0.5238339883212653,0.5287752773318635,0.600307805762199,2.0816681711721685e-17,0.00023423721340388006,0.0003169091710758377,3.680432794922202,2074.482499315915
510007,15,28,1,0.0,True,0.0,0.9766958138810892,0.98378601407178,0.35,0.0,0.0,0.2879540531896055,0.0639038967574015,2.9761056745424868,0.2173629315197467,0.0,0.0,5.157286320813,8.887301716022193,0.15832817610581193,0.5752504795701522,8.0708451762577,3.6374394993081105,2.9610133067690483,0.4311113217742594,0.09055016852926938,0.1738234961105479,0.049812602400470064,0.07159005561757291,-0.04600211914265046,-0.01507819085127843,0.24191005367969565,0.024327644368818523,0.81875,0.8131728250576338,0.4603937400185605,0.3527790850390733,0.28374048004016966,2.0816681711721685e-17,6.889329805996472e-05,0.00011022927689594356,3.0067118266766624,1273.6219078943398
510007,15,28,1,0.1,True,0.0,0.9766958138810892,0.98378601407178,0.35,0.0,0.0,0.2879540531896055,0.0639038967574015,2.9761056745424868,0.2173629315197467,0.0,0.0,5.157286320813,8.887301716022193,0.15475483323089678,0.5814336246020217,8.578583759657418,3.672366703402696,2.9465286990502513,0.4628452620789963,0.09247208367616522,0.16420859942894797,0.032164301470633073,0.07328042887993068,-0.0582468231993755,-0.023749643707005174,0.24264191487160872,0.02609668438155259,0.8374999999999999,0.8542968583791984,0.47182985309985104,0.3824670052793474,0.34465039411310033,2.0816681711721685e-17,9.645061728395061e-05,0.00013778659611992945,3.0535898641615558,1276.114443508845
510007,15,28,1,0.2,False,2.994219618016218e-06,0.9766958138810892,0.98378601407178,0.35,0.0,0.0,0.2879540531896055,0.0639038967574015,2.9761056745424868,0.2173629315197467,0.0,0.0,5.157286320813,8.887301716022193,0.15102811137161773,0.585931141066602,9.197965000020519,3.7289893110039345,2.8678045368166694,0.4658824205468594,0.09516594516373626,0.1557590013288785,0.0139877269099815,0.0752106533613585,-0.06821766116437658,-0.03148595792146585,0.24497188532594724,0.028436878653388353,0.8562500000000001,0.9020143877407203,0.4842904174545528,0.4177239702861675,0.4126677253268817,2.0816681711721685e-17,0.00013778659611992945,0.00020667989417989417,3.142650102730421,1404.8158731225037
510007,15,28,1,0.3,False,0.0010456572115663113,0.9766958138810892,0.98378601407178,0.35,0.0,0.0,0.2879540531896055,0.0639038967574015,2.9761056745424868,0.2173629315197467,0.0,0.0,5.157286320813,8.887301716022193,0.14720671383950723,0.5931922017465159,9.918208834617852,3.776314522594722,2.8079188416380645,0.45072553482933864,0.09839531135411432,0.1487696606297291,-0.003916924676814701,0.07754155037879856,-0.07596641679357174,-0.03836459492354008,0.24851656780904743,0.031262500915241714,0.86875,0.9382115900520851,0.47531495169838966,0.46289663835369543,0.47618036013117093,2.0816681711721685e-17,0.00017912257495590828,0.0002204585537918871,3.2770826892331697,1615.3565767527816
510007,15,28,1,0.4,False,0.0036947190526748887,0.9766958138810892,0.98378601407178,0.35,0.0,0.0,0.2879540531896055,0.0639038967574015,2.9761056745424868,0.2173629315197467,0.0,0.0,5.157286320813,8.887301716022193,0.14334295015947632,0.6011677288315429,10.70665937329018,3.8207014625255007,2.73077480213592,0.42984354473177344,0.1019776769477529,0.14335272742539237,-0.020558757399572667,0.0799297021054027,-0.08172957176730818,-0.04443046024733263,0.2529384902058254,0.0344608289024276,0.8770833333333333,0.9767405850960837,0.5087808020464881,0.4679597830495956,0.5352677263884771,2.0816681711721685e-17,0.00020667989417989417,0.00026179453262786595,3.461936142201951,1809.2227218752566
510007,15,28,1,0.5,False,0.007605111437762214,0.9766958138810892,0.98378601407178,0.35,0.0,0.0,0.2879540531896055,0.0639038967574015,2.9761056745424868,0.2173629315197467,0.0,0.0,5.157286320813,8.887301716022193,0.13948446670963727,0.6090911504577753,11.554382741379655,3.872694887440845,2.6707864461895547,0.4338457480642248,0.10577732702724811,0.13953129274409984,-0.03601626467890582,0.08231665597756495,-0.08586698839160506,-0.049650154836576164,0.25795909856995514,0.03792735036997124,0.8895833333333334,1.035629994468466,0.5449627167916455,0.4906672776768204,0.5982940380166825,2.0816681711721685e-17,0.000248015873015873,0.0003031305114638448,3.7044259047007024,2037.590446041224
540011,0,18,0,0.0,True,0.0,0.996259961884662,0.979054833837768,0.35,0.0,0.0,0.2333221411332488,0.0694007444800809,2.9358963377773764,0.2495993215590715,0.0,0.0,6.073741978500038,7.956517500802875,0.15137208832597915,0.6252632880282157,9.937235524417995,3.6977337694735923,2.777439218689436,0.37496715701835787,0.08556996514633962,0.17807585693348948,0.04766754667549485,0.07855664133751515,-0.052806055532240714,-0.01646523110608791,0.20050277999505517,0.025469236878808404,0.8395833333333332,0.8972891179834505,0.5660587080653423,0.33123040991810815,0.29064705320646805,2.7755575615628914e-17,5.511463844797178e-05,5.511463844797178e-05,3.5772578421176604,7891.974145124251
540011,0,18,0,0.1,True,0.0,0.996259961884662,0.979054833837768,0.35,0.0,0.0,0.2333221411332488,0.0694007444800809,2.9358963377773764,0.2495993215590715,0.0,0.0,6.073741978500038,7.956517500802875,0.14701703430515387,0.627532698706023,10.753416870630275,3.7621712472572306,2.724080315520984,0.38291180619237153,0.08762851659277783,0.17253644900666712,0.03014951614797201,0.08002030120438104,-0.06471800925068182,-0.024479478376116165,0.20149187500428523,0.027755068670651934,0.8458333333333332,0.9643214971697971,0.5921729674831286,0.37214852968666845,0.3603403497998704,2.0816681711721685e-17,5.511463844797178e-05,6.889329805996472e-05,3.3523688867341552,7897.992046383007
540011,0,18,0,0.2,False,2.228346760550705e-05,0.996259961884662,0.979054833837768,0.35,0.0,0.0,0.2333221411332488,0.0694007444800809,2.9358963377773764,0.2495993215590715,0.0,0.0,6.073741978500038,7.956517500802875,0.14251338434111974,0.6319688401737659,11.734544367283627,3.8011039994290097,2.683787625917114,0.4019813521933701,0.09032598274784596,0.167163620807981,0.012238485976625385,0.08204418156250279,-0.07428951065368383,-0.0315048247330355,0.20466763526176102,0.030634701284606745,0.8562499999999998,1.0249856939906699,0.6389099537558003,0.38607574023486957,0.4311151919409669,2.0816681711721685e-17,6.889329805996472e-05,6.889329805996472e-05,3.204956494546821,7906.178010540166
540011,0,18,0,0.3,False,0.0011743929182907432,0.996259961884662,0.979054833837768,0.35,0.0,0.0,0.2333221411332488,0.0694007444800809,2.9358963377773764,0.2495993215590715,0.0,0.0,6.073741978500038,7.956517500802875,0.13794918885016746,0.6367338175992844,12.842036621337437,3.834785134922401,2.5987574015349195,0.397195622539547,0.093434316999822,0.16244047727629804,-0.005047608746732106,0.08418878347931928,-0.08171549594772777,-0.03748967756530761,0.20953426296570554,0.034053413740737525,0.8604166666666666,1.0529004468645011,0.7034034251832177,0.3494970216812834,0.5131184481773537,2.0816681711721685e-17,6.889329805996472e-05,0.00011022927689594356,3.1252247316910027,7917.210399993899
540011,0,18,0,0.4,False,0.0039036393007556964,0.996259961884662,0.979054833837768,0.35,0.0,0.0,0.2333221411332488,0.0694007444800809,2.9358963377773764,0.2495993215590715,0.0,0.0,6.073741978500038,7.956517500802875,0.1334022355076823,0.6427552619381244,14.03349025058318,3.8933691321146338,2.520850965391934,0.37997834932912306,0.09678722119878307,0.15876002404587333,-0.021550279885400578,0.08596947904095481,-0.08724331744596107,-0.042667738519607805,0.21565002818449042,0.03793686880161797,0.8770833333333332,1.1409493162687316,0.691776581115827,0.4491727351529047,0.5763299186019887,2.0816681711721685e-17,0.00011022927689594356,0.00011022927689594356,3.1075649934244054,7932.059712056416
540011,0,18,0,0.5,False,0.0076874564392896945,0.996259961884662,0.979054833837768,0.35,0.0,0.0,0.2333221411332488,0.0694007444800809,2.9358963377773764,0.2495993215590715,0.0,0.0,6.073741978500038,7.956517500802875,0.12893928157036696,0.646122979824981,15.270191837950776,3.9698404398623652,2.4836367518161544,0.4101623246880461,0.10027174454022851,0.15625632296638556,-0.0362917125853282,0.08737250085056092,-0.09121385631845531,-0.047016075314389026,0.22265687488736827,0.04213942869387046,0.8874999999999998,1.1773741553742954,0.717253083086014,0.46012107228828136,0.6213426149175262,2.0816681711721685e-17,0.00011022927689594356,0.00020667989417989417,3.1499745573226385,7952.109288242937
540011,1,18,1,0.0,True,0.0,0.9766958138810892,0.98378601407178,0.35,0.0,0.0,0.2333221411332488,0.0694007444800809,2.9358963377773764,0.2495993215590715,0.0,0.0,6.073741978500038,7.956517500802875,0.15162964553918032,0.6250725925016382,9.783398758411607,3.6813929601099153,2.7869892828834604,0.3954348050671779,0.08593841767477402,0.17993285254142521,0.04939260957353379,0.07850797404531559,-0.05265533040507592,-0.016066285541010646,0.20162205992723545,0.025225780504198922,0.84375,0.8972547470517644,0.5707014310838523,0.32655331596791215,0.29401841386881933,2.0816681711721685e-17,5.511463844797178e-05,6.889329805996472e-05,3.5913364946492123,7889.866687640449
540011,1,18,1,0.1,True,0.0,0.9766958138810892,0.98378601407178,0.35,0.0,0.0,0.2333221411332488,0.0694007444800809,2.9358963377773764,0.2495993215590715,0.0,0.0,6.073741978500038,7.956517500802875,0.14727036229018384,0.6271439139290876,10.594101333675559,3.7496602540773716,2.699282115934595,0.3618402475192293,0.08799833364113947,0.17405785272501562,0.031653183792685606,0.08005687360020856,-0.06466172439132152,-0.024147147027351643,0.20262740239082944,0.027473423997373864,0.8458333333333333,0.9543934579556494,0.5951891367136404,0.3592043212420091,0.3558115270384658,2.0816681711721685e-17,6.889329805996472e-05,6.889329805996472e-05,3.4055351404991607,7895.306960398903
540011,1,18,1,0.2,False,3.5089499611140897e-06,0.9766958138810892,0.98378601407178,0.35,0.0,0.0,0.2333221411332488,0.0694007444800809,2.9358963377773764,0.2495993215590715,0.0,0.0,6.073741978500038,7.956517500802875,0.14276003596109263,0.6309726404967213,11.571188541103998,3.8020772668203455,2.668637762061523,0.39991510679570474,0.09069580903804009,0.168140460746078,0.013904166800812153,0.08214838290270789,-0.07436341764224402,-0.031227839570578442,0.20581753093347446,0.030350160211219283,0.8479166666666668,1.013891984398326,0.644274824095104,0.3696171603032221,0.43394667515693025,2.0816681711721685e-17,6.889329805996472e-05,9.645061728395061e-05,3.26909611507973,7902.702188405191
540011,1,18,1,0.3,False,0.0009898981358210728,0.9766958138810892,0.98378601407178,0.35,0.0,0.0,0.2333221411332488,0.0694007444800809,2.9358963377773764,0.2495993215590715,0.0,0.0,6.073741978500038,7.956517500802875,0.13818704358433312,0.6372378069481713,12.676925969272077,3.8458149053926114,2.5966867877535837,0.40231647564643064,0.09380312369962711,0.16290989864008917,-0.003405648305109133,0.08449564054721402,-0.08191334918100017,-0.03736404534647355,0.21069399525801416,0.033807319843350066,0.8583333333333334,1.0576822755586133,0.7088601620333201,0.34882211352529313,0.5041523471314464,2.0816681711721685e-17,8.267195767195767e-05,0.00011022927689594356,3.2007610714893207,7912.651274259983
540011,1,18,1,0.4,False,0.0035449035692308715,0.9766958138810892,0.98378601407178,0.35,0.0,0.0,0.2333221411332488,0.0694007444800809,2.9358963377773764,0.2495993215590715,0.0,0.0,6.073741978500038,7.956517500802875,0.13362965625396578,0.6423843656167217,13.86852098383212,3.9085390497836685,2.5345502706230487,0.40149080910327667,0.09715528627434293,0.1589122341590595,-0.019830369277112684,0.08633575575694434,-0.08754599471404811,-0.04264088637991372,0.2168169904255072,0.037651817767827,0.8708333333333332,1.0906755609753345,0.6923147378575112,0.3983608231178233,0.5657586793162656,2.0816681711721685e-17,9.645061728395061e-05,0.00011022927689594356,3.195669919034748,7926.009565642373
540011,1,18,1,0.5,False,0.007290184253566632,0.9766958138810892,0.98378601407178,0.35,0.0,0.0,0.2333221411332488,0.0694007444800809,2.9358963377773764,0.2495993215590715,0.0,0.0,6.073741978500038,7.956517500802875,0.1291555523227342,0.6464215960956844,15.106919727455358,3.9743136207621705,2.4918664232459626,0.41819436461565823,0.10064045004370835,0.15621159580241387,-0.034948806854386824,0.08771363165414597,-0.09159798731229922,-0.04706303371277512,0.22383430095724957,0.04190202280187413,0.8833333333333333,1.162407419718258,0.7311829912686219,0.43122442844963604,0.6134605180793784,2.0816681711721685e-17,0.00011022927689594356,0.00023423721340388006,3.252614234613837,7943.993456427816
540011,2,18,2,0.0,True,0.0,0.9890775587322592,0.9612089653333922,0.35,0.0,0.0,0.2333221411332488,0.0694007444800809,2.9358963377773764,0.2495993215590715,0.0,0.0,6.073741978500038,7.956517500802875,0.1518889557650511,0.6236627208993689,9.924641516679563,3.692676764419396,2.763901103476119,0.37304209148698947,0.08586379298970599,0.1749018454105776,0.04557774538347947,0.07772917106583856,-0.05093403699987984,-0.01652772579413084,0.20143489079015464,0.02591412265957992,0.84375,0.8844763953237951,0.5700370812430136,0.3144393140807815,0.2855735766335684,2.0816681711721685e-17,4.1335978835978834e-05,5.511463844797178e-05,3.6372340067809907,7891.671099073318
540011,2,18,2,0.1,True,0.0,0.9890775587322592,0.9612089653333922,0.35,0.0,0.0,0.2333221411332488,0.0694007444800809,2.9358963377773764,0.2495993215590715,0.0,0.0,6.073741978500038,7.956517500802875,0.14763439033432135,0.629801534646982,10.696903347389856,3.7376240805115413,2.717099251203681,0.38295021972980253,0.08784050493759998,0.17024214744475685,0.02839651994017726,0.07921511432070921,-0.06308101366348373,-0.024491364925994335,0.20194299462146634,0.028183530857576095,0.85,0.9433981009787853,0.588578309319805,0.35481979165898025,0.3514053665999143,2.0816681711721685e-17,5.511463844797178e-05,5.511463844797178e-05,3.437800498896831,7897.384221596585
540011,2,18,2,0.2,False,5.2921479485406393e-05,0.9890775587322592,0.9612089653333922,0.35,0.0,0.0,0.2333221411332488,0.0694007444800809,2.9358963377773764,0.2495993215590715,0.0,0.0,6.073741978500038,7.956517500802875,0.14321067501137724,0.6314276706824282,11.631846040725778,3.799626657695088,2.680207553294823,0.4052942313004107,0.09051368075414241,0.16562379527770935,0.01074429167859295,0.08096318927908755,-0.07287185202382411,-0.03143332440836958,0.2047064902287352,0.03109256618498808,0.8604166666666666,1.017187767016726,0.6227134119708152,0.3944743550459108,0.4187088393091412,2.0816681711721685e-17,5.511463844797178e-05,6.889329805996472e-05,3.264731379400003,7905.249833767822
540011,2,18,2,0.3,False,0.001329500239033961,0.9890775587322592,0.9612089653333922,0.35,0.0,0.0,0.2333221411332488,0.0694007444800809,2.9358963377773764,0.2495993215590715,0.0,0.0,6.073741978500038,7.956517500802875,0.13870624124015135,0.6366615764021516,12.695787368431477,3.82048606480595,2.6127964509236006,0.4107819696205175,0.09363724999761347,0.1615154376960569,-0.006330452862126423,0.08296741778825688,-0.08047417768772269,-0.03734185272433906,0.20923496296257782,0.03446522788621525,0.86875,1.0483945261654872,0.6578331649818346,0.3905613611836526,0.488088264918522,2.0816681711721685e-17,6.889329805996472e-05,0.00011022927689594356,3.162537101350131,7915.92691003832
540011,2,18,2,0.4,False,0.004107689022817994,0.9890775587322592,0.9612089653333922,0.35,0.0,0.0,0.2333221411332488,0.0694007444800809,2.9358963377773764,0.2495993215590715,0.0,0.0,6.073741978500038,7.956517500802875,0.13420073038991512,0.6440927037215683,13.850100998999165,3.892506498252312,2.549409884378026,0.4185333518074638,0.09702964055999115,0.15803379104378829,-0.022493384427574526,0.08464525261265181,-0.08617027680075916,-0.04239936231258542,0.21508631171484713,0.03826094176943951,0.8854166666666666,1.0841656307663294,0.6684255864567853,0.41574004430954414,0.5616901024292325,2.0816681711721685e-17,8.267195767195767e-05,0.0001515652557319224,3.123917052654267,7930.36465139968
540011,2,18,2,0.5,False,0.008017012005195638,0.9890775587322592,0.9612089653333922,0.35,0.0,0.0,0.2333221411332488,0.0694007444800809,2.9358963377773764,0.2495993215590715,0.0,0.0,6.073741978500038,7.956517500802875,0.12976250191924577,0.6488217576719724,15.058064069663748,3.9699773473711324,2.504982676596963,0.4226239224354737,0.10056631360255164,0.1554027754957968,-0.03737959462880633,0.0861875777959588,-0.09027712192374475,-0.04668645464531118,0.22188962329047868,0.04238958037199538,0.8937499999999998,1.1440869705647234,0.6671832018863818,0.4769037686783416,0.6233571857702357,2.0816681711721685e-17,0.00011022927689594356,0.0002204585537918871,3.14533735794473,7949.923496977536
540011,3,18,3,0.0,True,0.0,0.9844764295140136,0.9437096542220714,0.35,0.0,0.0,0.2333221411332488,0.0694007444800809,2.9358963377773764,0.2495993215590715,0.0,0.0,6.073741978500038,7.956517500802875,0.15233623715559866,0.6265181152761777,9.901465331474943,3.6821440246318065,2.777626758760182,0.3768241252565037,0.08609604252258334,0.17141411515311444,0.04327238007511669,0.07702779362524052,-0.049269284836954585,-0.01656053620265567,0.2025152977368653,0.026189631409722077,0.8395833333333332,0.8607563096231747,0.5495119376008775,0.31124437202229727,0.2741777758332064,2.0816681711721685e-17,2.755731922398589e-05,5.511463844797178e-05,3.6739157586906206,7891.23518428461
540011,3,18,3,0.1,True,0.0,0.9844764295140136,0.9437096542220714,0.35,0.0,0.0,0.2333221411332488,0.0694007444800809,2.9358963377773764,0.2495993215590715,0.0,0.0,6.073741978500038,7.956517500802875,0.14817103764599412,0.6292715866955932,10.642242258702021,3.722279269236252,2.745998161023932,0.4015960184910002,0.08800542753071967,0.1674010895039696,0.026330853878349627,0.07868292682418632,-0.061559371043845325,-0.02446231086323147,0.2026215274261399,0.02841251080418468,0.8520833333333333,0.917294213951583,0.5744994007031199,0.34279481324846306,0.33868879392271534,2.0816681711721685e-17,4.1335978835978834e-05,5.511463844797178e-05,3.5039426192595564,7896.68834893384
540011,3,18,3,0.2,False,0.00010014860031889907,0.9844764295140136,0.9437096542220714,0.35,0.0,0.0,0.2333221411332488,0.0694007444800809,2.9358963377773764,0.2495993215590715,0.0,0.0,6.073741978500038,7.956517500802875,0.14381940059454976,0.6331800739796549,11.541103636551528,3.79736410754171,2.685948249587114,0.4145421803087663,0.09066115268994941,0.16329834724948158,0.009145655054223809,0.0804999590002627,-0.07150775487786305,-0.0312614310317215,0.20503074508261335,0.03132744132937584,0.8708333333333332,0.9840959471373207,0.617303875103138,0.36679207203418274,0.3920691352620261,2.0816681711721685e-17,5.511463844797178e-05,5.511463844797178e-05,3.3123932146270847,7904.251840600381
540011,3,18,3,0.3,False,0.0014680695168468926,0.9844764295140136,0.9437096542220714,0.35,0.0,0.0,0.2333221411332488,0.0694007444800809,2.9358963377773764,0.2495993215590715,0.0,0.0,6.073741978500038,7.956517500802875,0.13936948392295967,0.6374946163232559,12.569630853845766,3.8140202513104775,2.6078899976398353,0.403169703220291,0.0938022779213838,0.15960992101711372,-0.007414506249367344,0.08249548579397835,-0.07924775554710413,-0.03711932900837734,0.20925796214785222,0.0347153909264866,0.8791666666666668,1.0104196942052304,0.6202872100709148,0.39013248413431556,0.463804558957441,2.0816681711721685e-17,5.511463844797178e-05,8.267195767195767e-05,3.194376964308384,7914.572725219816
540011,3,18,3,0.4,False,0.004274060689546854,0.9844764295140136,0.9437096542220714,0.35,0.0,0.0,0.2333221411332488,0.0694007444800809,2.9358963377773764,0.2495993215590715,0.0,0.0,6.073741978500038,7.956517500802875,0.1349026242128619,0.645796701328207,13.693213863988815,3.877495669757272,2.5691146275841406,0.41693573953647683,0.09723682740228783,0.15643186772300852,-0.023245135893080204,0.08425614956930455,-0.08505985934757887,-0.04208960411678525,0.21487126668997217,0.03847486401991234,0.8875000000000001,1.07856024885844,0.6620175708092719,0.4165426780491681,0.5250426045892078,2.0816681711721685e-17,8.267195767195767e-05,0.0001515652557319224,3.141420676439214,7928.575979982387
540011,3,18,3,0.5,False,0.008064587597199874,0.9844764295140136,0.9437096542220714,0.35,0.0,0.0,0.2333221411332488,0.0694007444800809,2.9358963377773764,0.2495993215590715,0.0,0.0,6.073741978500038,7.956517500802875,0.13048811074294497,0.6530517392621727,14.877099614605106,3.9498074603366295,2.5099820848236267,0.4181870021959528,0.10082988980125103,0.1537822287692911,-0.03753478362429721,0.08580308566193155,-0.08926899980145496,-0.046287371969870185,0.2214947282337262,0.042555526930476456,0.9020833333333332,1.141756149627009,0.6589232212909,0.482832928336109,0.5944200496104329,2.0816681711721685e-17,0.00011022927689594356,0.0002204585537918871,3.1489668095170735,7947.59047927329
540011,4,26,3,0.0,True,0.0,0.9844764295140136,0.9437096542220714,0.35,0.0,0.0,0.2433293675072491,0.0601364664407447,3.038868862576783,0.2337071960419416,0.0,0.0,6.421457636170089,8.555320414714515,0.15742421975580398,0.6150003167300503,8.582082004055662,3.592541149642359,2.872771038592559,0.36432152741181306,0.09224015499655347,0.17815963275545524,0.050138001673114684,0.07483235195594683,-0.04866864358077593,-0.015621599643324395,0.22829999680417987,0.025291785975174855,0.84375,0.741056587363238,0.4521408821247206,0.2889157052385174,0.24592184850166574,2.0816681711721685e-17,2.755731922398589e-05,2.755731922398589e-05,3.2711399393024236,15730.472920181068
540011,4,26,3,0.1,True,0.0,0.9844764295140136,0.9437096542220714,0.35,0.0,0.0,0.2433293675072491,0.0601364664407447,3.038868862576783,0.2337071960419416,0.0,0.0,6.421457636170089,8.555320414714515,0.15354682642262582,0.6199514375836649,9.272532200733007,3.6353321951112965,2.815365201811723,0.3815850419459739,0.09392254578702197,0.17347285405691745,0.033528224522709996,0.07661875435289513,-0.06151158226565073,-0.02385958627247249,0.2266890839206981,0.027316861153223865,0.85,0.818948131490566,0.4694243038288328,0.3495238276617332,0.31751941391447813,2.0816681711721685e-17,2.755731922398589e-05,2.755731922398589e-05,3.154723846636148,15769.33827779098
540011,4,26,3,0.2,True,0.0,0.9844764295140136,0.9437096542220714,0.35,0.0,0.0,0.2433293675072491,0.0601364664407447,3.038868862576783,0.2337071960419416,0.0,0.0,6.421457636170089,8.555320414714515,0.1494521788719301,0.6255287696181392,10.117467198854062,3.6994321271422153,2.7774345730252272,0.3884589519948909,0.09643042738851615,0.16861419766064992,0.015970339925840207,0.07844692502138796,-0.07204172406657086,-0.031079101836100964,0.22735609508590052,0.03005904923295864,0.86875,0.8530971253713697,0.48174288748258975,0.37135423788877997,0.36997015511184234,2.0816681711721685e-17,2.755731922398589e-05,2.755731922398589e-05,2.991339452620504,15781.806242030483
540011,4,26,3,0.3,False,0.0007643384073795503,0.9844764295140136,0.9437096542220714,0.35,0.0,0.0,0.2433293675072491,0.0601364664407447,3.038868862576783,0.2337071960419416,0.0,0.0,6.421457636170089,8.555320414714515,0.14521859607120555,0.6305202711760645,11.090475461198139,3.7400786910556163,2.723119185158712,0.391837058618049,0.0994733899075882,0.16415119685910548,-0.0011733024291721746,0.08038581865839788,-0.08038052696070142,-0.03729479270312859,0.22984744983413616,0.033394889602948764,0.86875,0.8968101508309887,0.5143199468114739,0.38249020401951483,0.41545044749663074,2.0816681711721685e-17,2.755731922398589e-05,2.755731922398589e-05,2.887693978311083,15789.09316842031
540011,4,26,3,0.4,False,0.0031002895311010407,0.9844764295140136,0.9437096542220714,0.35,0.0,0.0,0.2433293675072491,0.0601364664407447,3.038868862576783,0.2337071960419416,0.0,0.0,6.421457636170089,8.555320414714515,0.14091945592450442,0.6389243859760914,12.160280827154267,3.7999317256430314,2.6653855250788574,0.40917089815389523,0.1028358783773114,0.16039333966639902,-0.017572942525676948,0.08213109520951213,-0.08678506151895186,-0.04261771851501008,0.23374384242059995,0.03720377596631582,0.8854166666666666,0.9639104532711396,0.5371212618074718,0.4267891914636678,0.49659438879497186,2.0816681711721685e-17,2.755731922398589e-05,4.1335978835978834e-05,2.837242949301663,15797.2121358102
540011,4,26,3,0.5,False,0.006663655818154196,0.9844764295140136,0.9437096542220714,0.35,0.0,0.0,0.2433293675072491,0.0601364664407447,3.038868862576783,0.2337071960419416,0.0,0.0,6.421457636170089,8.555320414714515,0.1366197886489976,0.6456477701982788,13.294580214512365,3.8620086742692674,2.5983706532881015,0.41160509895560543,0.10636585516571366,0.15754271864646538,-0.03275426276645698,0.08396800965178418,-0.0915636563033377,-0.04713799724046578,0.23868172173988564,0.041321211328209706,0.8937499999999999,1.0004313232719113,0.5517814780957444,0.4486498451761669,0.5500842343183614,2.0816681711721685e-17,2.755731922398589e-05,5.511463844797178e-05,2.8363391726916345,15807.814966406906
540011,5,26,2,0.0,True,0.0,0.9890775587322592,0.9612089653333922,0.35,0.0,0.0,0.2433293675072491,0.0601364664407447,3.038868862576783,0.2337071960419416,0.0,0.0,6.421457636170089,8.555320414714515,0.15702766488574693,0.6133494267373276,8.612101073797513,3.5971837512372726,2.8814117206937966,0.3690632048241971,0.09191963002422743,0.18183588771011983,0.05302787360044633,0.07521434128729702,-0.05031452960073481,-0.015589344498449502,0.226968481635331,0.025038083657010143,0.8416666666666668,0.7590560697267583,0.4522175980741341,0.30683847165262423,0.2567479743214155,2.0816681711721685e-17,2.755731922398589e-05,2.755731922398589e-05,3.241693999082768,15765.591027752393
540011,5,26,2,0.1,True,0.0,0.9890775587322592,0.9612089653333922,0.35,0.0,0.0,0.2433293675072491,0.0601364664407447,3.038868862576783,0.2337071960419416,0.0,0.0,6.421457636170089,8.555320414714515,0.15306254132621525,0.6189364971413823,9.33166901264132,3.6482791520762246,2.8045893819523333,0.35890560558222173,0.09368578797384086,0.17633564472335775,0.0357252391511079,0.07686094254132199,-0.063044776114364,-0.023867849009255093,0.2257246078261824,0.027119052651234102,0.84375,0.8321306295602742,0.46729436947202574,0.36483626008824843,0.3224944041529559,2.0816681711721685e-17,2.755731922398589e-05,2.755731922398589e-05,3.0992652227252715,15777.656091000508
540011,5,26,2,0.2,True,0.0,0.9890775587322592,0.9612089653333922,0.35,0.0,0.0,0.2433293675072491,0.0601364664407447,3.038868862576783,0.2337071960419416,0.0,0.0,6.421457636170089,8.555320414714515,0.14889484640524345,0.6234913719739004,10.207607690799192,3.706856372655759,2.7744855736792435,0.3744035911603449,0.09622307630420941,0.1708962508594032,0.017838208624539116,0.07854014903842403,-0.07346026409181555,-0.031224839681869176,0.2267169934259504,0.0298998464243611,0.8583333333333333,0.8729342616652744,0.4833119235332616,0.38962233813201286,0.3858147091157725,2.0816681711721685e-17,2.755731922398589e-05,2.755731922398589e-05,2.9505821911436887,15783.690004817217
540011,5,26,2,0.3,False,0.0006400809256375557,0.9890775587322592,0.9612089653333922,0.35,0.0,0.0,0.2433293675072491,0.0601364664407447,3.038868862576783,0.2337071960419416,0.0,0.0,6.421457636170089,8.555320414714515,0.1446037871570878,0.6302809707355617,11.210921822455651,3.7464876847480806,2.7226557205316113,0.39039571963957903,0.09925819862520453,0.16606497632743442,0.00019960491147913746,0.08059833354246969,-0.08169938490692603,-0.03755696971663031,0.22949195627794539,0.03324598304393837,0.8624999999999999,0.9142891778846105,0.5282082656503448,0.38608091223426566,0.4437882189581536,2.0816681711721685e-17,2.755731922398589e-05,4.1335978835978834e-05,2.8595858007384365,15790.005926791096
540011,5,26,2,0.4,False,0.0029190382057715327,0.9890775587322592,0.9612089653333922,0.35,0.0,0.0,0.2433293675072491,0.0601364664407447,3.038868862576783,0.2337071960419416,0.0,0.0,6.421457636170089,8.555320414714515,0.14026252382494575,0.6376436094451695,12.308337031462079,3.804792511854315,2.6392593454016957,0.402670059923042,0.10258935744107082,0.16219001919875445,-0.016606452663501525,0.0825117199763077,-0.08799897135848027,-0.04298732569724668,0.23363020603969986,0.03702298549079036,0.8770833333333332,0.9477510793760857,0.5381047823677791,0.40964629700830657,0.5023507755068348,2.0816681711721685e-17,2.755731922398589e-05,5.511463844797178e-05,2.8205879372763647,15798.154365008531
540011,5,26,2,0.5,False,0.006567551404179038,0.9890775587322592,0.9612089653333922,0.35,0.0,0.0,0.2433293675072491,0.0601364664407447,3.038868862576783,0.2337071960419416,0.0,0.0,6.421457636170089,8.555320414714515,0.13593424503790585,0.6426998404519474,13.467189657240036,3.885695440373277,2.5835007234564915,0.39883766440082197,0.10607469617287942,0.1594663722021412,-0.03240865194555917,0.08456553416253583,-0.09264334745346542,-0.047615122709519675,0.2387714240380663,0.04110657348821594,0.8854166666666666,1.0241567175344382,0.5661430592431316,0.4580136582913066,0.5780085923392633,2.0816681711721685e-17,4.1335978835978834e-05,5.511463844797178e-05,2.830691018467235,15808.99988405939
540011,6,14,3,0.0,True,0.0,0.9844764295140136,0.9437096542220714,0.35,0.0,0.0,0.2083334128372371,0.0624898989358916,2.92039684318006,0.2527929180115461,0.0,0.0,5.331442344933748,7.0982246696949005,0.15550931830175085,0.6298065377356675,9.298063719220691,3.6360787883753702,2.8233027753335573,0.3793827103002984,0.09381795539679688,0.1843203975311388,0.052366618721780826,0.07658878624255254,-0.046907355342387456,-0.01579250577469971,0.20296639767337665,0.023496877184327244,0.8187500000000001,0.804925685312128,0.5062035397787927,0.2987221455333353,0.2581076581135068,2.0816681711721685e-17,5.511463844797178e-05,8.267195767195767e-05,3.2853086377062763,1805.957399581026
540011,6,14,3,0.1,True,0.0,0.9844764295140136,0.9437096542220714,0.35,0.0,0.0,0.2083334128372371,0.0624898989358916,2.92039684318006,0.2527929180115461,0.0,0.0,5.331442344933748,7.0982246696949005,0.1512551546563435,0.6321519311425682,10.004055466661839,3.697403244776652,2.7902941814967384,0.3870301679291764,0.0953875834950421,0.17963248759819686,0.03433077862856713,0.07838385035437008,-0.0608884339508373,-0.024286573553837527,0.2031624040747412,0.025682122935319813,0.8333333333333334,0.8639186575135049,0.5004360225666942,0.36348263494681077,0.33422535972299,2.0816681711721685e-17,8.267195767195767e-05,0.0001515652557319224,3.227481231525094,1809.9461669302336
540011,6,14,3,0.2,True,0.0,0.9844764295140136,0.9437096542220714,0.35,0.0,0.0,0.2083334128372371,0.0624898989358916,2.92039684318006,0.2527929180115461,0.0,0.0,5.331442344933748,7.0982246696949005,0.14677335469767458,0.635102460407943,10.895883265455838,3.756225874112479,2.759148571467602,0.4170904252278275,0.09781634637980662,0.1741511288641022,0.015404476409296118,0.08029659198104212,-0.0722137725366855,-0.03166491019573047,0.20598033437375843,0.02874392319718705,0.8583333333333334,0.9214358349054507,0.5586899201783617,0.36274591472708895,0.3839535137044744,2.0816681711721685e-17,0.00011022927689594356,0.00019290123456790122,3.0406298776788305,1815.634384115164
540011,6,14,3,0.3,False,0.0009285905930214906,0.9844764295140136,0.9437096542220714,0.35,0.0,0.0,0.2083334128372371,0.0624898989358916,2.92039684318006,0.2527929180115461,0.0,0.0,5.331442344933748,7.0982246696949005,0.14216399300772464,0.6395232431818328,11.950982792638527,3.780584757140417,2.6909366956490586,0.40761149622359677,0.10079544226339837,0.16904587302493204,-0.002826578911748031,0.0820790115388866,-0.08096739578387487,-0.03802466989884996,0.21081826795578787,0.03250223269901079,0.8666666666666667,0.9664382766416162,0.5797201054311193,0.3867181712104969,0.4517314849375409,2.0816681711721685e-17,0.00017912257495590828,0.0003444664902998236,2.9245588458959326,1839.2738228424896
540011,6,14,3,0.4,False,0.003661018129658598,0.9844764295140136,0.9437096542220714,0.35,0.0,0.0,0.2083334128372371,0.0624898989358916,2.92039684318006,0.2527929180115461,0.0,0.0,5.331442344933748,7.0982246696949005,0.13751852466193235,0.6495349659468072,13.150134779081071,3.838369564323976,2.5943294282250142,0.4025109800091912,0.10410543098898477,0.1649625007492992,-0.020396213489897667,0.08375811190336165,-0.08750444807065233,-0.04344574746999005,0.21716245092883205,0.03677503388309215,0.8791666666666668,1.0277274732117068,0.5943381773928622,0.43338929581884456,0.5198539283721244,2.0816681711721685e-17,0.0003031305114638448,0.0005235890652557319,2.8707044197992295,1878.2414083685735
540011,6,14,3,0.5,False,0.007659119039094837,0.9844764295140136,0.9437096542220714,0.35,0.0,0.0,0.2083334128372371,0.0624898989358916,2.92039684318006,0.2527929180115461,0.0,0.0,5.331442344933748,7.0982246696949005,0.13291292344282055,0.6589301107524853,14.474876338347421,3.923589951706374,2.5288631508683204,0.41776772026121844,0.10760054929405649,0.1619764389022214,-0.03619708988950671,0.08548081640635341,-0.09229225643521437,-0.04799193733216505,0.22459265035503564,0.04154024420789472,0.8958333333333334,1.0802243568106347,0.6035707534641317,0.476653603346503,0.5991238498374364,2.0816681711721685e-17,0.00045469576719576717,0.0006062610229276896,2.8743832937349385,1943.8969103958616
540011,7,14,0,0.0,True,0.0,0.996259961884662,0.979054833837768,0.35,0.0,0.0,0.2083334128372371,0.0624898989358916,2.92039684318006,0.2527929180115461,0.0,0.0,5.331442344933748,7.0982246696949005,0.15464135619567923,0.6271526034750926,9.294389472998768,3.6527669111185133,2.8396034707521274,0.38926857354876915,0.09316591482432333,0.19203048460498795,0.0575996583654502,0.07804619288245988,-0.05065109260779959,-0.015595670093654368,0.2010446840853363,0.022652485800618138,0.8250000000000001,0.8201215790029399,0.5247514258876202,0.29537015311531967,0.26836028206850326,2.0816681711721685e-17,6.889329805996472e-05,0.00011022927689594356,3.2136223157637342,1806.1372159461207
540011,7,14,0,0.1,True,0.0,0.996259961884662,0.979054833837768,0.35,0.0,0.0,0.2083334128372371,0.0624898989358916,2.92039684318006,0.2527929180115461,0.0,0.0,5.331442344933748,7.0982246696949005,0.15018246106273925,0.6320095392546327,10.075407535223775,3.730572962957974,2.781045922763454,0.39281428814448743,0.0948953681367089,0.1853558199769703,0.038555361285009936,0.07942923935565123,-0.0643664207965766,-0.024287707135742367,0.2021782865836765,0.025060331896201007,0.8312499999999999,0.9010379353513207,0.5427647441552681,0.3582731911960526,0.3594147921046627,2.0816681711721685e-17,0.00011022927689594356,0.00011022927689594356,3.089064445230591,1810.5711924015216
540011,7,14,0,0.2,True,0.0,0.996259961884662,0.979054833837768,0.35,0.0,0.0,0.2083334128372371,0.0624898989358916,2.92039684318006,0.2527929180115461,0.0,0.0,5.331442344933748,7.0982246696949005,0.14553365777733177,0.6330948008321483,11.05322229921917,3.760423936869738,2.739230518800341,0.39648725634723964,0.0973579549356719,0.17851489156366537,0.01902445534477758,0.08124050360437175,-0.07540927459177975,-0.03196147975575168,0.2057694414884262,0.028297270107708977,0.8333333333333334,0.9561529506085613,0.5881255326155661,0.3680274179929952,0.4202015004832407,2.0816681711721685e-17,0.00011022927689594356,0.00017912257495590828,2.9447346533909085,1816.705178466961
540011,7,14,0,0.3,False,0.0006524527592765829,0.996259961884662,0.979054833837768,0.35,0.0,0.0,0.2083334128372371,0.0624898989358916,2.92039684318006,0.2527929180115461,0.0,0.0,5.331442344933748,7.0982246696949005,0.1407990703462505,0.6388977457450299,12.195389772378597,3.7989126441983827,2.671772073657644,0.41677562432810705,0.1002919023639738,0.1724689801789262,5.7254417496475973e-05,0.08271478844843551,-0.08392671496374089,-0.0385297136399794,0.2112410486947791,0.03216713258781773,0.8541666666666666,0.9898303983760743,0.6068235501442061,0.38300684823186826,0.4998657364142467,2.0816681711721685e-17,0.00016534391534391533,0.00033068783068783067,2.8654053181751338,1837.4013451119117
540011,7,14,0,0.4,False,0.0031853193689110565,0.996259961884662,0.979054833837768,0.35,0.0,0.0,0.2083334128372371,0.0624898989358916,2.92039684318006,0.2527929180115461,0.0,0.0,5.331442344933748,7.0982246696949005,0.13606848674865846,0.6462766719506335,13.472860376992521,3.8477976084124905,2.574728547599571,0.41381585728388054,0.10351494818243041,0.1676782119394353,-0.018016600688526157,0.0847350651651498,-0.09018313207631666,-0.04408449794304111,0.21809940990955035,0.036472470833427556,0.8645833333333334,1.0716576848905326,0.6236708944627776,0.447986790427755,0.5754895823189008,2.0816681711721685e-17,0.00028935185185185184,0.00048225308641975306,2.845355063921677,1901.2266691923794
540011,7,14,0,0.5,False,0.007291148064269752,0.996259961884662,0.979054833837768,0.35,0.0,0.0,0.2083334128372371,0.0624898989358916,2.92039684318006,0.2527929180115461,0.0,0.0,5.331442344933748,7.0982246696949005,0.1314151571104524,0.6511982903107156,14.866786001064442,3.9107687641912072,2.539967321681034,0.4476496039597708,0.10690507650694343,0.1642364513270091,-0.03495210852701531,0.08659775651443342,-0.09457870412168755,-0.0487060100064319,0.22595535707243355,0.04112875471285035,0.8812500000000001,1.1200086739967774,0.6465075498084378,0.47350112418833956,0.6418749185360183,2.0816681711721685e-17,0.00038580246913580245,0.0006338183421516754,2.882423682158548,1950.6466202950778
540011,8,14,2,0.0,True,0.0,0.9890775587322592,0.9612089653333922,0.35,0.0,0.0,0.2083334128372371,0.0624898989358916,2.92039684318006,0.2527929180115461,0.0,0.0,5.331442344933748,7.0982246696949005,0.15510623474941662,0.626674711053635,9.303955129193596,3.6467864816088387,2.8310709629435937,0.3946070283780669,0.0935261206225741,0.18845629674017736,0.05521902602790415,0.07725851676025274,-0.04864238893612083,-0.015687939831972895,0.20190943328202238,0.02315873689344561,0.8145833333333332,0.8108757284541952,0.5167547174228757,0.2941210110313195,0.2697037375348258,2.0816681711721685e-17,6.889329805996472e-05,9.645061728395061e-05,3.2516466641981006,1806.1209636627455
540011,8,14,2,0.1,True,0.0,0.9890775587322592,0.9612089653333922,0.35,0.0,0.0,0.2083334128372371,0.0624898989358916,2.92039684318006,0.2527929180115461,0.0,0.0,5.331442344933748,7.0982246696949005,0.15075626404177428,0.6332580727712744,10.040791222104225,3.70876286402534,2.782734214012137,0.3817684222980888,0.09516979488622451,0.18284963863695344,0.036533820953071804,0.0789298478254648,-0.06253012202396084,-0.02429513697532397,0.20254305885019241,0.025443600344160905,0.8395833333333332,0.8932431499390013,0.5178320024848149,0.37541114745418647,0.3446659147105481,2.0816681711721685e-17,8.267195767195767e-05,0.0001240079365079365,3.1666813126811117,1810.3204606341162
540011,8,14,2,0.2,True,0.0,0.9890775587322592,0.9612089653333922,0.35,0.0,0.0,0.2083334128372371,0.0624898989358916,2.92039684318006,0.2527929180115461,0.0,0.0,5.331442344933748,7.0982246696949005,0.1461957192437502,0.6344730753045652,10.969100681781166,3.7508406457325947,2.7586709010518042,0.4135227587801496,0.09761002245151161,0.17671079208131166,0.017112111925642215,0.08064018430621926,-0.07375177872753144,-0.031853024345837005,0.2057183370235224,0.02858796132351325,0.8458333333333333,0.9508145996668182,0.578309688297371,0.3725049113694473,0.39273607567472263,2.0816681711721685e-17,0.00011022927689594356,0.0002204585537918871,2.997559473937572,1816.2285521482563
540011,8,14,2,0.3,False,0.0008111998357106002,0.9890775587322592,0.9612089653333922,0.35,0.0,0.0,0.2083334128372371,0.0624898989358916,2.92039684318006,0.2527929180115461,0.0,0.0,5.331442344933748,7.0982246696949005,0.1415268063710494,0.6396868927562993,12.061878774736263,3.7881009948664492,2.688869606369781,0.4313387368625284,0.10056166681260541,0.1712075905199899,-0.0016617185120881243,0.0821859431405071,-0.08241604723994932,-0.038296617216249225,0.2108485568036198,0.032385339549890146,0.8520833333333334,0.988695165354397,0.5860825479314713,0.40261261742292576,0.46474437988480694,2.0816681711721685e-17,0.00016534391534391533,0.00035824514991181656,2.8966002216627724,1844.4622307527195
540011,8,14,2,0.4,False,0.003451927147752216,0.9890775587322592,0.9612089653333922,0.35,0.0,0.0,0.2083334128372371,0.0624898989358916,2.92039684318006,0.2527929180115461,0.0,0.0,5.331442344933748,7.0982246696949005,0.13684076469084763,0.6480518353618958,13.294254782599014,3.858280915367492,2.5933306785238828,0.40726458917836234,0.10382403573858338,0.16682685609391049,-0.019370565432350714,0.08383653487283053,-0.088847479360245,-0.04377083833104393,0.2174343094986206,0.0366738985640724,0.8687499999999999,1.025232401561078,0.5900083835799617,0.43522401798111643,0.5487808410833745,2.0816681711721685e-17,0.00028935185185185184,0.0005235890652557319,2.856398200432109,1890.5266805705398
540011,8,14,2,0.5,False,0.007541764840647129,0.9890775587322592,0.9612089653333922,0.35,0.0,0.0,0.2083334128372371,0.0624898989358916,2.92039684318006,0.2527929180115461,0.0,0.0,5.331442344933748,7.0982246696949005,0.13221186282912503,0.6556792800118998,14.651320640973642,3.926746765983077,2.5350303017440545,0.4177535513818724,0.10726093961308351,0.16360863298230888,-0.03580335099765037,0.08545225446838135,-0.09347574850746047,-0.048405978626246425,0.22506457353050588,0.04137362307996637,0.8854166666666666,1.0963309839702529,0.6136663845443663,0.4826645994258866,0.6354074005249729,2.0816681711721685e-17,0.0004409171075837742,0.0006475970017636684,2.873276131457494,1941.0924917550367
540011,9,26,0,0.0,True,0.0,0.996259961884662,0.979054833837768,0.35,0.0,0.0,0.2433293675072491,0.0601364664407447,3.038868862576783,0.2337071960419416,0.0,0.0,6.421457636170089,8.555320414714515,0.15656853259476355,0.6140656920371323,8.63791781201498,3.6115443107618455,2.8857660440765955,0.3855915621312058,0.09152074399221415,0.18503090881441978,0.0555134870589613,0.07597729393505796,-0.052168480117621124,-0.015519959009094477,0.22577544827195198,0.024622537272034867,0.8416666666666667,0.7739480192574129,0.47287018972952244,0.3010778295278904,0.26370645112625735,2.0816681711721685e-17,2.755731922398589e-05,2.755731922398589e-05,3.208516882255564,15774.62669720996
540011,9,26,0,0.1,True,0.0,0.996259961884662,0.979054833837768,0.35,0.0,0.0,0.2433293675072491,0.0601364664407447,3.038868862576783,0.2337071960419416,0.0,0.0,6.421457636170089,8.555320414714515,0.15250480658876403,0.6176626234436218,9.39541276890562,3.675230623306831,2.8082671652584916,0.3654918004436822,0.09338504105312022,0.1785251251682757,0.0378237980721309,0.07757640580033723,-0.06471804534914362,-0.023913801043874954,0.22496282437009815,0.026743622119206122,0.8354166666666666,0.8201367249920284,0.4914939732999628,0.3286427516920656,0.32835017369752767,2.0816681711721685e-17,2.755731922398589e-05,2.755731922398589e-05,3.0285404975584327,15779.462210493459
540011,9,26,0,0.2,True,0.0,0.996259961884662,0.979054833837768,0.35,0.0,0.0,0.2433293675072491,0.0601364664407447,3.038868862576783,0.2337071960419416,0.0,0.0,6.421457636170089,8.555320414714515,0.14825637664246627,0.6235243500047627,10.310057226909024,3.7184793403724234,2.7977681920136503,0.4067898694663461,0.09596172651348898,0.1723928975745921,0.01974416251382498,0.0794772444506582,-0.07495228650958081,-0.03135693605548232,0.2263371588961397,0.029529057382227747,0.8479166666666668,0.8993884466769464,0.4983721309204222,0.4010163157565242,0.39099398135375407,2.0816681711721685e-17,2.755731922398589e-05,2.755731922398589e-05,2.900223360925484,15784.365763587613
540011,9,26,0,0.3,False,0.0005163132945768908,0.996259961884662,0.979054833837768,0.35,0.0,0.0,0.2433293675072491,0.0601364664407447,3.038868862576783,0.2337071960419416,0.0,0.0,6.421457636170089,8.555320414714515,0.14390326350250407,0.629498749050107,11.349965308978213,3.757752500021907,2.7124215046261715,0.3878006590400958,0.09899625735362383,0.1671933232320955,0.0017073209157605674,0.08185508180626173,-0.08302806774640388,-0.0378186564571701,0.2294426822193869,0.03287152085156975,0.8583333333333334,0.922061034617508,0.5602768995700579,0.3617841350474501,0.45319778578304515,2.0816681711721685e-17,2.755731922398589e-05,5.511463844797178e-05,2.8271504086779657,15790.650357963123
540011,9,26,0,0.4,False,0.0027162431683570684,0.996259961884662,0.979054833837768,0.35,0.0,0.0,0.2433293675072491,0.0601364664407447,3.038868862576783,0.2337071960419416,0.0,0.0,6.421457636170089,8.555320414714515,0.1395171913812454,0.6363114299187153,12.480829832330935,3.81212533484441,2.6390928835627236,0.4047614765902736,0.10230187025207453,0.16326660727681008,-0.015488790043079731,0.08396097815260624,-0.08914821077643931,-0.04334956434826474,0.23386120076369718,0.03663101175975033,0.8708333333333332,0.9694495380571477,0.571925815471912,0.3975237225852357,0.5239650849020604,2.0816681711721685e-17,4.1335978835978834e-05,5.511463844797178e-05,2.804864033587998,15798.973867094413
540011,9,26,0,0.5,False,0.006283394721100273,0.996259961884662,0.979054833837768,0.35,0.0,0.0,0.2433293675072491,0.0601364664407447,3.038868862576783,0.2337071960419416,0.0,0.0,6.421457636170089,8.555320414714515,0.13515865291158655,0.6414939358087247,13.667188403592982,3.875718620590303,2.5736634740005653,0.4094340877738434,0.10574831394806831,0.16061244460213778,-0.0313717021299471,0.08594551209621448,-0.09358933445019063,-0.047926531125069234,0.23923626804101109,0.0406709140904977,0.88125,1.0314974129210448,0.6047557288300878,0.42674168409095703,0.5748435169464118,2.0816681711721685e-17,5.511463844797178e-05,6.889329805996472e-05,2.831582001199129,15810.055461987984
540011,10,28,3,0.0,True,0.0,0.9844764295140136,0.9437096542220714,0.35,0.0,0.0,0.2879540531896055,0.0639038967574015,2.9761056745424868,0.2173629315197467,0.0,0.0,5.157286320813,8.887301716022193,0.1570579682465988,0.6039955933932981,8.416570375881747,3.579072504712194,2.862288792326424,0.3530373002606031,0.08950546940050345,0.16570874106628256,0.043969569324979633,0.07539572427855996,-0.04946703850024211,-0.014868765402146664,0.2583849493513044,0.029399043235877293,0.8645833333333334,0.7447696868830243,0.42744596771131693,0.3173237191717073,0.26037045629439665,2.0816681711721685e-17,5.511463844797178e-05,6.889329805996472e-05,3.2022615423818053,1277.7372404738906
540011,10,28,3,0.1,True,0.0,0.9844764295140136,0.9437096542220714,0.35,0.0,0.0,0.2879540531896055,0.0639038967574015,2.9761056745424868,0.2173629315197467,0.0,0.0,5.157286320813,8.887301716022193,0.15357021002319202,0.6107042950607683,9.084863887192768,3.6440431231260177,2.8456658826192354,0.3920318002634156,0.09132150004384937,0.16204835926702063,0.02942312849954216,0.07714213555100564,-0.06071806305053266,-0.02246903000505922,0.25519073329827985,0.031096943098640473,0.8729166666666667,0.778913026265472,0.45705760295666464,0.32185542330880734,0.3099952034689354,2.0816681711721685e-17,5.511463844797178e-05,0.00011022927689594356,3.053245606308208,1280.4081028249386
540011,10,28,3,0.2,False,2.8908683958793574e-06,0.9844764295140136,0.9437096542220714,0.35,0.0,0.0,0.2879540531896055,0.0639038967574015,2.9761056745424868,0.2173629315197467,0.0,0.0,5.157286320813,8.887301716022193,0.1499042013651144,0.6162990278361486,9.88054938684166,3.7031066937872446,2.762467060446758,0.36409519544971486,0.09388961909328582,0.15838262804817768,0.014005350596049133,0.07893671032940221,-0.07008437691017703,-0.02921961535536059,0.25397526571713275,0.033361715757629,0.8770833333333332,0.8387919156376313,0.4663270270868829,0.37246488855074844,0.3674043289264299,2.0816681711721685e-17,6.889329805996472e-05,0.0001240079365079365,2.9076838898529247,1284.057023014542
540011,10,28,3,0.3,False,0.0007786038202315634,0.9844764295140136,0.9437096542220714,0.35,0.0,0.0,0.2879540531896055,0.0639038967574015,2.9761056745424868,0.2173629315197467,0.0,0.0,5.157286320813,8.887301716022193,0.14612151375609836,0.6236428378940047,10.784682194412312,3.7534117525377266,2.718901184001058,0.3697006286378642,0.09695157675447992,0.15494600693756044,-0.0013235318598257663,0.08058080938438224,-0.07765695788016418,-0.035202716795465355,0.2544497689761072,0.03610085273939868,0.875,0.8856975623156749,0.5045162137126651,0.3811813486030098,0.4113605661883308,2.0816681711721685e-17,0.0001240079365079365,0.00017912257495590828,2.812916859172468,1288.9227561402104
540011,10,28,3,0.4,False,0.0027996660361705463,0.9844764295140136,0.9437096542220714,0.35,0.0,0.0,0.2879540531896055,0.0639038967574015,2.9761056745424868,0.2173629315197467,0.0,0.0,5.157286320813,8.887301716022193,0.14228165923017305,0.6332796278887464,11.779883673242823,3.796101821888899,2.668356420817936,0.40124542344605746,0.10031631740828094,0.15213027787647382,-0.01595344422238768,0.08225629493849028,-0.08361276117215743,-0.04035945949930348,0.25632346885930535,0.0392329407031062,0.8854166666666666,0.9181688034675386,0.5146947230841298,0.4034740803834088,0.4616841539755671,2.0816681711721685e-17,0.00016534391534391533,0.00033068783068783067,2.7637791205665363,1319.983741290455
540011,10,28,3,0.5,False,0.005711268025634712,0.9844764295140136,0.9437096542220714,0.35,0.0,0.0,0.2879540531896055,0.0639038967574015,2.9761056745424868,0.2173629315197467,0.0,0.0,5.157286320813,8.887301716022193,0.1384367150623333,0.640831324167007,12.85423920273208,3.837730147099629,2.6140462032768204,0.4153444770417076,0.10384309133446822,0.15012667310405844,-0.02921016512152877,0.08379784098480976,-0.08822188207945093,-0.04479825635154672,0.2593372175874158,0.0426783205743416,0.8958333333333334,0.9629767267368574,0.5327887981838338,0.43018792855302357,0.5201339479268219,2.0816681711721685e-17,0.0002755731922398589,0.000496031746031746,2.7573069848353255,1348.325079713943
540011,11,26,1,0.0,True,0.0,0.9766958138810892,0.98378601407178,0.35,0.0,0.0,0.2433293675072491,0.0601364664407447,3.038868862576783,0.2337071960419416,0.0,0.0,6.421457636170089,8.555320414714515,0.15679322235404228,0.6130497903550383,8.507970480163118,3.5789886153207178,2.894563630674734,0.39668781379085377,0.09186056752733102,0.18695431748822053,0.05740433196141551,0.07600153610835331,-0.05202205636028412,-0.015155462389164551,0.22682516872405453,0.02439467424593735,0.8395833333333332,0.7747263735642668,0.4674911316749537,0.30723524188931306,0.25189774826797434,2.0816681711721685e-17,1.3778659611992945e-05,2.755731922398589e-05,3.2067519914842535,15772.737509475053
540011,11,26,1,0.1,True,0.0,0.9766958138810892,0.98378601407178,0.35,0.0,0.0,0.2433293675072491,0.0601364664407447,3.038868862576783,0.2337071960419416,0.0,0.0,6.421457636170089,8.555320414714515,0.15272648566775307,0.6171848015827429,9.257455191308958,3.660736962601866,2.8186787408305647,0.3638798164692935,0.09373180712692235,0.18013289914231032,0.039649656778156926,0.0774353152638758,-0.06466796963723659,-0.023646382817530207,0.2260319875874459,0.026521486462517393,0.8354166666666666,0.8251692209388276,0.4961372842975982,0.3290319366412294,0.3259995708430624,2.0816681711721685e-17,2.755731922398589e-05,2.755731922398589e-05,3.0692301937754713,15777.808734759732
540011,11,26,1,0.2,True,0.0,0.9766958138810892,0.98378601407178,0.35,0.0,0.0,0.2433293675072491,0.0601364664407447,3.038868862576783,0.2337071960419416,0.0,0.0,6.421457636170089,8.555320414714515,0.14847323533334358,0.6233331623665538,10.16532867719765,3.7060523977379476,2.8070742700979814,0.416544727378336,0.09631363682559768,0.17361859049656847,0.021241806858963246,0.07936458302481021,-0.0750138161825542,-0.031125803521708694,0.22742154850180643,0.029286445412737592,0.85,0.8878911624135299,0.5144642778010964,0.37342688461243356,0.3894345210190484,2.0816681711721685e-17,2.755731922398589e-05,2.755731922398589e-05,2.9496869820473086,15782.38289800058
540011,11,26,1,0.3,False,0.000404801098191223,0.9766958138810892,0.98378601407178,0.35,0.0,0.0,0.2433293675072491,0.0601364664407447,3.038868862576783,0.2337071960419416,0.0,0.0,6.421457636170089,8.555320414714515,0.14411395798542173,0.6305804487453487,11.200289590771709,3.7649557720907896,2.7308664416928123,0.4189962869682855,0.0993540412529637,0.16805226299491272,0.0032299933802698608,0.08179854781166213,-0.08320498317227894,-0.03767480007388297,0.2305452117915928,0.03259096428096466,0.8520833333333334,0.928302763850364,0.543332236537775,0.3849705273125891,0.4587446463536623,2.0816681711721685e-17,2.755731922398589e-05,4.1335978835978834e-05,2.8856408762174706,15788.115619890801
540011,11,26,1,0.4,False,0.002449836072770163,0.9766958138810892,0.98378601407178,0.35,0.0,0.0,0.2433293675072491,0.0601364664407447,3.038868862576783,0.2337071960419416,0.0,0.0,6.421457636170089,8.555320414714515,0.13972088542280692,0.6364176273192501,12.328360466385666,3.8246551396731756,2.6370726783373333,0.41951071848771954,0.10266778889163909,0.16390064103138446,-0.013955053963060902,0.08396868241184474,-0.08941838294236144,-0.04328531083069304,0.23498768052055766,0.03630158128528955,0.8708333333333332,1.0015953753374909,0.5806736752643304,0.42092170007316043,0.5244142933997875,2.0816681711721685e-17,4.1335978835978834e-05,6.889329805996472e-05,2.873176898758265,15795.67422916316
540011,11,26,1,0.5,False,0.005927840455291436,0.9766958138810892,0.98378601407178,0.35,0.0,0.0,0.2433293675072491,0.0601364664407447,3.038868862576783,0.2337071960419416,0.0,0.0,6.421457636170089,8.555320414714515,0.1353543761706569,0.6416946459714584,13.512815671830978,3.879644432198644,2.573463650278821,0.4203367542975738,0.10612322032735207,0.16108718587374382,-0.030040595020626795,0.08607612551658968,-0.09393325259068579,-0.047938998084482744,0.24038776192440348,0.040317538938159016,0.8833333333333333,1.0308791741068108,0.6077993772262309,0.42307979688057995,0.5727065065483328,2.0816681711721685e-17,6.889329805996472e-05,6.889329805996472e-05,2.911082395454608,15805.711115551936
540011,12,28,2,0.0,True,0.0,0.9890775587322592,0.9612089653333922,0.35,0.0,0.0,0.2879540531896055,0.0639038967574015,2.9761056745424868,0.2173629315197467,0.0,0.0,5.157286320813,8.887301716022193,0.1566628569800181,0.6041078765188903,8.470580340526313,3.5960940392625766,2.864513913859587,0.350724938094237,0.08922162861442001,0.1693204247105766,0.04642643376679386,0.07632802159371412,-0.0509015083150818,-0.014833524878965951,0.2570362464269898,0.0290685961841962,0.8625000000000002,0.7369572978309016,0.4370312478699965,0.2999260499609051,0.2685394521404759,2.0816681711721685e-17,5.511463844797178e-05,6.889329805996472e-05,3.176751812651433,1277.9197711604897
540011,12,28,2,0.1,True,0.0,0.9890775587322592,0.9612089653333922,0.35,0.0,0.0,0.2879540531896055,0.0639038967574015,2.9761056745424868,0.2173629315197467,0.0,0.0,5.157286320813,8.887301716022193,0.15309639346978884,0.6096455475970286,9.163131952684738,3.654846479857383,2.8194022563814567,0.3677347038355114,0.0911194006906728,0.16490784106387882,0.03136273144377677,0.07805761438698043,-0.06205939825961914,-0.022552725865972036,0.2541513311231667,0.030829678043384493,0.8708333333333332,0.8021199943077348,0.45408842837466945,0.3480315659330654,0.3120687327806961,2.0816681711721685e-17,6.889329805996472e-05,0.00011022927689594356,3.0007158512886387,1280.7303273584475
540011,12,28,2,0.2,True,0.0,0.9890775587322592,0.9612089653333922,0.35,0.0,0.0,0.2879540531896055,0.0639038967574015,2.9761056745424868,0.2173629315197467,0.0,0.0,5.157286320813,8.887301716022193,0.1493628209163792,0.6154378855954452,9.983227589634154,3.6963241440643344,2.7675269500906663,0.37267726877990554,0.09371696552969459,0.16067715717832207,0.015704868498078044,0.0797044831629623,-0.0713566679783907,-0.02938736743133927,0.253207087055241,0.033173627235920475,0.86875,0.8558200572296923,0.48119038840952477,0.37462966882016757,0.3747667029206577,2.0816681711721685e-17,8.267195767195767e-05,0.0001240079365079365,2.8675863553627727,1284.5297124832534
540011,12,28,2,0.3,False,0.0006412406605178013,0.9890775587322592,0.9612089653333922,0.35,0.0,0.0,0.2879540531896055,0.0639038967574015,2.9761056745424868,0.2173629315197467,0.0,0.0,5.157286320813,8.887301716022193,0.14552491711298648,0.6235184120418463,10.91164540656649,3.7515715221456447,2.732635051574579,0.38248869086625686,0.0967687880807081,0.15693990992377646,0.0001862028822551856,0.08145676120828772,-0.0788845915297135,-0.03541271530095803,0.25390364549758804,0.03595715823824659,0.8729166666666667,0.898897840979996,0.5009989892825526,0.39789885169744343,0.4326242471225782,2.0816681711721685e-17,0.00011022927689594356,0.00019290123456790122,2.783567940598053,1289.5664260146875
540011,12,28,2,0.4,False,0.0026191392805222616,0.9890775587322592,0.9612089653333922,0.35,0.0,0.0,0.2879540531896055,0.0639038967574015,2.9761056745424868,0.2173629315197467,0.0,0.0,5.157286320813,8.887301716022193,0.14164268855045056,0.6328383429912949,11.930745308093682,3.791992863770467,2.66245636510031,0.39509364034194744,0.10009930719972508,0.15398981813910267,-0.014938853356077801,0.08320799177483924,-0.08481400501354719,-0.04070107544508555,0.25596207584571284,0.03913830009033529,0.8854166666666666,0.9264332460690138,0.5229516103675366,0.4034816357014772,0.48786046382837817,2.0816681711721685e-17,0.00016534391534391533,0.0003031305114638448,2.744143403592291,1324.8646386451524
540011,12,28,2,0.5,False,0.005605140173407003,0.9890775587322592,0.9612089653333922,0.35,0.0,0.0,0.2879540531896055,0.0639038967574015,2.9761056745424868,0.2173629315197467,0.0,0.0,5.157286320813,8.887301716022193,0.1377673142592398,0.6380237806650003,13.03158600287268,3.8496044110952945,2.5918989410613196,0.40085363543175095,0.10358034955678615,0.15189140300945175,-0.02879747819046448,0.08469065412216953,-0.08937328498351256,-0.0452345711902096,0.2591294691478125,0.04262412127165765,0.8958333333333334,0.9541407210731272,0.5483359383417861,0.40580478273134113,0.5355166308359682,2.0816681711721685e-17,0.000248015873015873,0.000496031746031746,2.746917758358514,1358.1121318217913
540011,13,14,1,0.0,True,0.0,0.9766958138810892,0.98378601407178,0.35,0.0,0.0,0.2083334128372371,0.0624898989358916,2.92039684318006,0.2527929180115461,0.0,0.0,5.331442344933748,7.0982246696949005,0.15489467419149774,0.6275723013211979,9.151407672286728,3.6492409241511,2.841583444039602,0.3755039251537384,0.09357916405689189,0.19386876511880966,0.059510741343623795,0.07783784485660798,-0.0505554762662184,-0.015197439825470158,0.2021172226181005,0.022375814084534873,0.8166666666666665,0.8283432060277471,0.5272353619195826,0.3011078441081645,0.2681268868927049,2.0816681711721685e-17,6.889329805996472e-05,0.00011022927689594356,3.209590727456812,1804.554745319597
540011,13,14,1,0.1,True,0.0,0.9766958138810892,0.98378601407178,0.35,0.0,0.0,0.2083334128372371,0.0624898989358916,2.92039684318006,0.2527929180115461,0.0,0.0,5.331442344933748,7.0982246696949005,0.15042919274089217,0.6294823645888726,9.928162019460563,3.7285548984231975,2.7674977758116337,0.3748743642606083,0.09531307397337184,0.1868131139264616,0.04028389381864474,0.07920817816539787,-0.06435597854583504,-0.024018687026939184,0.20326003311641472,0.024787642533781417,0.8333333333333334,0.8865427024657679,0.5317365491027735,0.3548061533629945,0.36525999277294774,2.0816681711721685e-17,9.645061728395061e-05,0.00011022927689594356,3.127686566290888,1808.5592449354344
540011,13,14,1,0.2,True,0.0,0.9766958138810892,0.98378601407178,0.35,0.0,0.0,0.2083334128372371,0.0624898989358916,2.92039684318006,0.2527929180115461,0.0,0.0,5.331442344933748,7.0982246696949005,0.1457714540908656,0.6333703023330832,10.903879086977163,3.7614375251138785,2.73527372326359,0.38751255560047476,0.09777345595137747,0.17954014784264538,0.020789563566632526,0.08090961887730415,-0.07550669598895667,-0.031752489063670064,0.20685259432853642,0.02803102007419771,0.8354166666666667,0.965725134459603,0.5872979916053911,0.37842714285421186,0.4348385581046725,2.0816681711721685e-17,0.00011022927689594356,0.00023423721340388006,2.9938329727213695,1814.1001764691055
540011,13,14,1,0.3,False,0.0005205424739350352,0.9766958138810892,0.98378601407178,0.35,0.0,0.0,0.2083334128372371,0.0624898989358916,2.92039684318006,0.2527929180115461,0.0,0.0,5.331442344933748,7.0982246696949005,0.14102568028113396,0.6374131525076338,12.046608748894402,3.8074855204957285,2.6788705147572593,0.42167138650371533,0.10070184518394802,0.17304403096118062,0.0016529910413449766,0.08262531787057677,-0.08413666124606635,-0.03841952698055027,0.2123252806333988,0.03189204726116634,0.8520833333333333,1.018441229350063,0.6198941081697961,0.398547121180267,0.5103964680071983,2.0816681711721685e-17,0.00016534391534391533,0.0002755731922398589,2.925206930917677,1836.698605239083
540011,13,14,1,0.4,False,0.002896185184568295,0.9766958138810892,0.98378601407178,0.35,0.0,0.0,0.2083334128372371,0.0624898989358916,2.92039684318006,0.2527929180115461,0.0,0.0,5.331442344933748,7.0982246696949005,0.13628240863221294,0.6447121350992966,13.32723311838454,3.8572731660799686,2.5778029185763622,0.4037660163613901,0.10391873786419847,0.16787242195497884,-0.016482486794865563,0.08463912121857818,-0.09048772170797113,-0.04407872845231838,0.2191871164447771,0.03619384481509757,0.8624999999999999,1.0742153391499591,0.641114069558345,0.4331012695916141,0.5749978501556932,2.0816681711721685e-17,0.00026179453262786595,0.00048225308641975306,2.9168124579276022,1907.8529452255088
540011,13,14,1,0.5,False,0.00685299815208336,0.9766958138810892,0.98378601407178,0.35,0.0,0.0,0.2083334128372371,0.0624898989358916,2.92039684318006,0.2527929180115461,0.0,0.0,5.331442344933748,7.0982246696949005,0.1316168149821567,0.6507433886649991,14.717755155705532,3.9124578136101795,2.5379730936675426,0.4325645326589081,0.10730440540020825,0.16418736671527642,-0.03342795982277932,0.0865433574962996,-0.09496586544158048,-0.04870597118800021,0.22705308353454431,0.04082823639126003,0.8791666666666668,1.1056772483542145,0.6580481978556538,0.4476290504985607,0.6226662648165917,2.0816681711721685e-17,0.00038580246913580245,0.0006200396825396825,2.96725088446601,1961.9375405962671
540011,14,28,0,0.0,True,0.0,0.996259961884662,0.979054833837768,0.35,0.0,0.0,0.2879540531896055,0.0639038967574015,2.9761056745424868,0.2173629315197467,0.0,0.0,5.157286320813,8.887301716022193,0.15620330299993365,0.6035074578408323,8.528631637649866,3.612750125879946,2.8718129018367846,0.36574311550589744,0.08884070466913546,0.1725327840242282,0.04908468883111338,0.07714189700277556,-0.052499789760053484,-0.014793753961224778,0.2557833680751221,0.028644631596523234,0.8541666666666666,0.7703784838236568,0.43638364892974146,0.33399483489391535,0.2547000249810262,2.0816681711721685e-17,6.889329805996472e-05,8.267195767195767e-05,3.102224109427116,1278.0248008400881
540011,14,28,0,0.1,True,0.0,0.996259961884662,0.979054833837768,0.35,0.0,0.0,0.2879540531896055,0.0639038967574015,2.9761056745424868,0.2173629315197467,0.0,0.0,5.157286320813,8.887301716022193,0.1525476700753409,0.6093121257498301,9.251540553802277,3.6494652356068573,2.822982256133128,0.36936196325531845,0.09082591772786668,0.16713100612004053,0.03327336797592586,0.07886204101190308,-0.06352666058211447,-0.02255805481411584,0.2532423741590208,0.030476086520765666,0.8541666666666666,0.8401996541691338,0.46414457150356536,0.3760550826655684,0.31761869398671483,2.0816681711721685e-17,6.889329805996472e-05,0.00011022927689594356,2.9331259285576254,1280.9966825409113
540011,14,28,0,0.2,True,0.0,0.996259961884662,0.979054833837768,0.35,0.0,0.0,0.2879540531896055,0.0639038967574015,2.9761056745424868,0.2173629315197467,0.0,0.0,5.157286320813,8.887301716022193,0.1487385460746272,0.6143439689909681,10.101665285700426,3.71720948027599,2.7651919360261186,0.3850903964241656,0.0934554146812168,0.1623053698586662,0.01721364501829117,0.08064331003224816,-0.07269950915173454,-0.029510668364636148,0.2525963305351065,0.03286611119360779,0.8624999999999999,0.867555717791771,0.4800755664238363,0.3874801513679347,0.3754654820708037,2.0816681711721685e-17,9.645061728395061e-05,0.00011022927689594356,2.8170686637100264,1284.9613571528598
540011,14,28,0,0.3,False,0.0005258093009765787,0.996259961884662,0.979054833837768,0.35,0.0,0.0,0.2879540531896055,0.0639038967574015,2.9761056745424868,0.2173629315197467,0.0,0.0,5.157286320813,8.887301716022193,0.1448397017938803,0.6233308645596495,11.059620394898616,3.77035333001359,2.7088425441314867,0.3961502914161697,0.09650161357825099,0.15826879127061272,0.0015856387395183954,0.08248788713482423,-0.08014083864636015,-0.0356276344335944,0.2535470927510441,0.03571092787422494,0.8729166666666667,0.9156337028836368,0.5440594668466028,0.371574236037034,0.4317733555163457,2.0816681711721685e-17,0.00011022927689594356,0.00017912257495590828,2.748126519601192,1290.1773653051607
540011,14,28,0,0.4,False,0.002376955318148932,0.996259961884662,0.979054833837768,0.35,0.0,0.0,0.2879540531896055,0.0639038967574015,2.9761056745424868,0.2173629315197467,0.0,0.0,5.157286320813,8.887301716022193,0.14091181061405084,0.6310019380134197,12.110034064267495,3.8210657705550637,2.664464413827962,0.40196754428833764,0.09980199324869847,0.15513285205056226,-0.013521106811509235,0.08409828457316892,-0.08600308322636115,-0.040983779007574515,0.25581950765115347,0.03894228377710168,0.88125,0.9530181681444541,0.5536785317070416,0.39933963643741244,0.48872530194487257,2.0816681711721685e-17,0.00013778659611992945,0.0003169091710758377,2.722701988443221,1321.2992669213195
540011,14,28,0,0.5,False,0.005340785189130377,0.996259961884662,0.979054833837768,0.35,0.0,0.0,0.2879540531896055,0.0639038967574015,2.9761056745424868,0.2173629315197467,0.0,0.0,5.157286320813,8.887301716022193,0.13700356595084115,0.6370436152793498,13.244812570275931,3.866802355028239,2.575410474537064,0.38902883790683007,0.10324097200767002,0.15292060619661782,-0.027752195398016034,0.08568021632775931,-0.09045080055017175,-0.04557464674265301,0.25915448402753255,0.04242872141862384,0.8895833333333334,0.9759855896188896,0.5743020339770398,0.40168355564184977,0.5486835163689261,2.0816681711721685e-17,0.0002755731922398589,0.00045469576719576717,2.7392338568494536,1367.1124039263996
540011,15,28,1,0.0,True,0.0,0.9766958138810892,0.98378601407178,0.35,0.0,0.0,0.2879540531896055,0.0639038967574015,2.9761056745424868,0.2173629315197467,0.0,0.0,5.157286320813,8.887301716022193,0.1564088463552394,0.603288440428514,8.40716889450946,3.6021546292324316,2.8747556079894987,0.3723681620970287,0.08917325662307014,0.17435945159846242,0.05082010176160882,0.07736523123390154,-0.05230787987352658,-0.014406696186160929,0.257042575619199,0.028427503918118813,0.85,0.7678627612948223,0.4514852532526009,0.3163775080422214,0.24524415612096556,2.0816681711721685e-17,6.889329805996472e-05,9.645061728395061e-05,3.138561911433662,1276.94525953182
540011,15,28,1,0.1,True,0.0,0.9766958138810892,0.98378601407178,0.35,0.0,0.0,0.2879540531896055,0.0639038967574015,2.9761056745424868,0.2173629315197467,0.0,0.0,5.157286320813,8.887301716022193,0.1527519505230394,0.609815215792709,9.120096184270269,3.6365624009439355,2.8283426059063714,0.3930832994284965,0.09115598141748608,0.16861091578613943,0.03505451884418256,0.07898411941838963,-0.06343245612755101,-0.022270650172610516,0.25453124633208524,0.03027329131787822,0.8562499999999998,0.8462348046561751,0.4667604362259249,0.3794743684302502,0.30216231776614016,2.0816681711721685e-17,8.267195767195767e-05,9.645061728395061e-05,2.9769583633287624,1279.6655746512245
540011,15,28,1,0.2,True,0.0,0.9766958138810892,0.98378601407178,0.35,0.0,0.0,0.2879540531896055,0.0639038967574015,2.9761056745424868,0.2173629315197467,0.0,0.0,5.157286320813,8.887301716022193,0.14893966509304726,0.6145470185645289,9.962076260078238,3.6990300290991516,2.76557215217898,0.384053639908307,0.0937795672539427,0.1634230796961845,0.018884575254738637,0.08067527755463212,-0.07271514326805639,-0.029281328976486012,0.25388282874741164,0.03268571699195458,0.8583333333333334,0.8900953883744734,0.49117666142576666,0.3989187269487068,0.3667295918861387,2.0816681711721685e-17,9.645061728395061e-05,0.00011022927689594356,2.8682403409178114,1283.296036438984
540011,15,28,1,0.3,False,0.0004152881162987004,0.9766958138810892,0.98378601407178,0.35,0.0,0.0,0.2879540531896055,0.0639038967574015,2.9761056745424868,0.2173629315197467,0.0,0.0,5.157286320813,8.887301716022193,0.14503675636335886,0.624249690302993,10.91536536125526,3.7571935595991164,2.7141020302556034,0.39781327899725144,0.09682099127083899,0.15901315021327325,0.003078507828282454,0.08241360253455031,-0.08027618531347937,-0.035481133184859646,0.254822014859962,0.035557463484584946,0.8708333333333332,0.915946766403877,0.5188796107280946,0.3970671556757823,0.4367440109093521,2.0816681711721685e-17,0.00011022927689594356,0.00019290123456790122,2.8069052337542026,1288.0684298114568
540011,15,28,1,0.4,False,0.0021435303656697287,0.9766958138810892,0.98378601407178,0.35,0.0,0.0,0.2879540531896055,0.0639038967574015,2.9761056745424868,0.2173629315197467,0.0,0.0,5.157286320813,8.887301716022193,0.14110256085132072,0.6312291850783232,11.965935153376961,3.8096005296102438,2.657784217490046,0.4090749994189529,0.10011577549750716,0.1555481461969581,-0.012084491492204962,0.08424826905106626,-0.08623374214653601,-0.04092945680458865,0.25707579030371785,0.03878928731575929,0.8791666666666668,0.9634993189279089,0.5497579526128891,0.4137413663150198,0.49238102606159384,2.0816681711721685e-17,0.00013778659611992945,0.0003031305114638448,2.7897655367022796,1320.6779165259002
540011,15,28,1,0.5,False,0.004991090104319572,0.9766958138810892,0.98378601407178,0.35,0.0,0.0,0.2879540531896055,0.0639038967574015,2.9761056745424868,0.2173629315197467,0.0,0.0,5.157286320813,8.887301716022193,0.13718461390908107,0.6374112031772815,13.099333657147577,3.8650944472231714,2.5853808221815044,0.4032999647492592,0.10354863884137731,0.1531147063866391,-0.02632887381662807,0.08609221448471227,-0.09075493141545472,-0.045569957470999255,0.26038396007551173,0.04225735778349493,0.8916666666666666,1.003649687570138,0.5699771510644632,0.4336725365056747,0.5575140242954774,2.0816681711721685e-17,0.0002755731922398589,0.00041335978835978834,2.815690020358979,1371.9026884658845
570013,0,18,0,0.0,True,0.0,0.996259961884662,0.979054833837768,0.35,0.0,0.0,0.2333221411332488,0.0694007444800809,2.9358963377773764,0.2495993215590715,0.0,0.0,6.073741978500038,7.956517500802875,0.14797278561441865,0.6264538360629134,10.383797193185986,3.7722766257074696,2.7832963755431197,0.4408103189093752,0.09935060776146117,0.1828817777639661,0.028558427010644597,0.07950498353404664,-0.06400221688265413,-0.02418873560130751,0.23146020153028793,0.03260328510225278,0.88125,0.914125588587147,0.5453939837022644,0.36873160488488255,0.37251777120415447,2.0816681711721685e-17,0.00011022927689594356,0.0001240079365079365,4.275395585033192,7874.032315024598
570013,0,18,0,0.1,False,2.903809847230601e-06,0.996259961884662,0.979054833837768,0.35,0.0,0.0,0.2333221411332488,0.0694007444800809,2.9358963377773764,0.2495993215590715,0.0,0.0,6.073741978500038,7.956517500802875,0.14362248905932115,0.6269270457674593,11.182412451482394,3.814754525444558,2.7466185950750366,0.4688465871891519,0.10199286861057666,0.17244105335240967,0.014003126725722626,0.08145509450273124,-0.07501566148096277,-0.031173216233237877,0.23490635907762428,0.03575960488777222,0.8895833333333334,0.9534894276599964,0.5531211279262425,0.400368299733754,0.46580146553129353,2.0816681711721685e-17,0.00011022927689594356,0.0001240079365079365,4.233770536013056,7887.995169672152
570013,0,18,0,0.2,False,0.0006298095721705647,0.996259961884662,0.979054833837768,0.35,0.0,0.0,0.2333221411332488,0.0694007444800809,2.9358963377773764,0.2495993215590715,0.0,0.0,6.073741978500038,7.956517500802875,0.13918671043852435,0.6338864357480654,12.082562901563884,3.865761623324454,2.6937783921051497,0.47280509054476466,0.1051871461353548,0.16353678991038842,0.0003188358487457993,0.083647265339767,-0.08339438299248962,-0.03720847050383607,0.23961930202725845,0.0393049859755291,0.9020833333333332,1.0208671590975682,0.5493281730176534,0.47153898607991485,0.551260967014754,2.0816681711721685e-17,0.0001240079365079365,0.00017912257495590828,4.219595756915981,7901.060340051771
570013,0,18,0,0.3,False,0.002238280035707471,0.996259961884662,0.979054833837768,0.35,0.0,0.0,0.2333221411332488,0.0694007444800809,2.9358963377773764,0.2495993215590715,0.0,0.0,6.073741978500038,7.956517500802875,0.13474150936915255,0.6410801561649905,13.058178515872235,3.9463918541721092,2.6174451725354184,0.4612360260088615,0.10872967646150322,0.15681554169920128,-0.012676621636680827,0.08582680572454367,-0.08954754810122473,-0.042413000537842,0.2451396987946516,0.0431541706768444,0.9041666666666667,1.0738441558047862,0.5475343538386552,0.526309801966131,0.6156137607140384,2.0816681711721685e-17,0.0001515652557319224,0.0002204585537918871,4.281311210875853,7911.407912359009
570013,0,18,0,0.4,False,0.004572757905675275,0.996259961884662,0.979054833837768,0.35,0.0,0.0,0.2333221411332488,0.0694007444800809,2.9358963377773764,0.2495993215590715,0.0,0.0,6.073741978500038,7.956517500802875,0.13034781344707444,0.6459675607431296,14.087582745329456,4.040248449554405,2.540134889301816,0.44053091544060424,0.11247103224269923,0.15181346035763868,-0.02455896958048479,0.08821065060867772,-0.09391626977715488,-0.04674551884948135,0.25111151925658315,0.04712374895739507,0.9145833333333332,1.08828676935341,0.575353441912456,0.512933327440954,0.6577807841847259,2.0816681711721685e-17,0.00020667989417989417,0.0003031305114638448,4.422750117864131,7923.833176241144
570013,0,18,0,0.5,False,0.007395936502499401,0.996259961884662,0.979054833837768,0.35,0.0,0.0,0.2333221411332488,0.0694007444800809,2.9358963377773764,0.2495993215590715,0.0,0.0,6.073741978500038,7.956517500802875,0.12605453748476939,0.6528234512626537,15.154678181136603,4.096938380943207,2.4764719841977705,0.44741248147520163,0.11630429475565755,0.14795225424247088,-0.03530978403420012,0.09081076883306456,-0.09695455527012531,-0.050429607540827155,0.25728343354295774,0.05105929953316072,0.9208333333333333,1.1224281921607395,0.6168102738106617,0.5056179183500779,0.6996246387618266,2.0816681711721685e-17,0.00028935185185185184,0.0003444664902998236,4.652087641156216,7972.469668877357
570013,1,18,1,0.0,True,0.0,0.9766958138810892,0.98378601407178,0.35,0.0,0.0,0.2333221411332488,0.0694007444800809,2.9358963377773764,0.2495993215590715,0.0,0.0,6.073741978500038,7.956517500802875,0.14827456609227418,0.6266270416165808,10.285218240425081,3.765845452914432,2.8014794333835997,0.46630427176614847,0.09926393134422,0.18504811282159725,0.03021797035515365,0.07956510528195569,-0.06324080376563028,-0.023987451111569986,0.2307645030559374,0.03255387934035809,0.8791666666666668,0.9288884632232668,0.5520339680227878,0.376854495200479,0.3786880036325468,2.0816681711721685e-17,0.00011022927689594356,0.00011022927689594356,4.272779299286794,7873.197730657884
570013,1,18,1,0.1,True,0.0,0.9766958138810892,0.98378601407178,0.35,0.0,0.0,0.2333221411332488,0.0694007444800809,2.9358963377773764,0.2495993215590715,0.0,0.0,6.073741978500038,7.956517500802875,0.14391949689070246,0.6264380057419517,11.06155435703883,3.8090748852663086,2.76317311775887,0.49810030650688725,0.10196106797592408,0.17498635237075574,0.015361120654599039,0.08130298495189751,-0.07448730495397818,-0.03109671809070726,0.23426320182350938,0.03569475991458548,0.8916666666666666,0.9629722162371851,0.5644894239576277,0.3984827922795574,0.462903688420075,2.7755575615628914e-17,0.00011022927689594356,0.0001240079365079365,4.2472735256410985,7880.007740026493
570013,1,18,1,0.2,False,0.0005520532880394379,0.9766958138810892,0.98378601407178,0.35,0.0,0.0,0.2333221411332488,0.0694007444800809,2.9358963377773764,0.2495993215590715,0.0,0.0,6.073741978500038,7.956517500802875,0.13947328575753407,0.6316815970244571,11.948135894703535,3.869387232820657,2.689705729190798,0.490157604409045,0.10520068120710231,0.166292659651204,0.001254948654177512,0.08334214566088555,-0.0830779474425047,-0.03724863753308463,0.23903113227557612,0.039243624616794495,0.9020833333333332,1.0138465564187953,0.5600984261887341,0.4537481302300612,0.5423558768592895,2.0816681711721685e-17,0.0001240079365079365,0.00016534391534391533,4.213616366321428,7900.922213514684
570013,1,18,1,0.3,False,0.002145364295237137,0.9766958138810892,0.98378601407178,0.35,0.0,0.0,0.2333221411332488,0.0694007444800809,2.9358963377773764,0.2495993215590715,0.0,0.0,6.073741978500038,7.956517500802875,0.13501356440020681,0.6401342100180968,12.915087094329186,3.9334376148447276,2.6022819249197986,0.459744701576696,0.10878019904592795,0.1596680353503173,-0.012096075286608008,0.0855191814320358,-0.08941353192368752,-0.042536171105092134,0.24461243981681532,0.043081434596794844,0.9020833333333332,1.0581742871240611,0.5700969617326488,0.48807732539141235,0.606268959888807,2.0816681711721685e-17,0.00013778659611992945,0.0002204585537918871,4.253305755622278,7912.8454790497335
570013,1,18,1,0.4,False,0.004515200212824582,0.9766958138810892,0.98378601407178,0.35,0.0,0.0,0.2333221411332488,0.0694007444800809,2.9358963377773764,0.2495993215590715,0.0,0.0,6.073741978500038,7.956517500802875,0.13060305997776311,0.6459741297362342,13.93794902872383,4.025100301887627,2.5383651658543345,0.45706294409171777,0.11255205615793125,0.15467564478253035,-0.024309215113429733,0.087694341077402,-0.09394141816359931,-0.04696275859566227,0.2506516319944406,0.04705166672055555,0.9145833333333332,1.0886321416557436,0.5848752077023283,0.5037569339534154,0.6637141835130184,2.0816681711721685e-17,0.00020667989417989417,0.00028935185185185184,4.3686950544416865,7925.892406931292
570013,1,18,1,0.5,False,0.007448408695059396,0.9766958138810892,0.98378601407178,0.35,0.0,0.0,0.2333221411332488,0.0694007444800809,2.9358963377773764,0.2495993215590715,0.0,0.0,6.073741978500038,7.956517500802875,0.1262908333965738,0.653040707616925,14.996768912081649,4.084083441868958,2.4678874690947503,0.4300545645073674,0.11641068804126735,0.15074287191530025,-0.035487935842800127,0.09015266879722598,-0.09710197443224207,-0.050705474972994484,0.2568935309248516,0.051007389427205875,0.9166666666666666,1.1303155065080466,0.6294011362118421,0.5009143702962044,0.691579341741057,2.0816681711721685e-17,0.000248015873015873,0.00033068783068783067,4.56607654960808,7958.759149159664
570013,2,18,2,0.0,True,0.0,0.9890775587322592,0.9612089653333922,0.35,0.0,0.0,0.2333221411332488,0.0694007444800809,2.9358963377773764,0.2495993215590715,0.0,0.0,6.073741978500038,7.956517500802875,0.14878236941305123,0.6305673598908058,10.186611469973913,3.7526054697916096,2.809612639214837,0.4699136294856798,0.09849141092647377,0.1801418804583047,0.025719047287832104,0.07919070155439974,-0.0614670047158602,-0.02391459642802607,0.2310484294929117,0.03212424751050703,0.8791666666666668,0.9215664938587709,0.5436047633673609,0.37796173049141,0.3683391002525013,2.0816681711721685e-17,0.00011022927689594356,0.00011022927689594356,4.1904319527140235,7874.186293818925
570013,2,18,2,0.1,False,2.7015407540313452e-05,0.9890775587322592,0.9612089653333922,0.35,0.0,0.0,0.2333221411332488,0.0694007444800809,2.9358963377773764,0.2495993215590715,0.0,0.0,6.073741978500038,7.956517500802875,0.14449012439699582,0.6284525080601382,10.959701579313318,3.7884360499427623,2.7492349727386447,0.4870761909487941,0.1009508520467343,0.16945708636489354,0.01195938364052882,0.08117966226811231,-0.07271678435873152,-0.030861093208733707,0.23432076657396841,0.0351791061179256,0.8895833333333334,0.9403743356007588,0.5540223337930852,0.3863520018076736,0.44296977470410825,2.0816681711721685e-17,0.00011022927689594356,0.00013778659611992945,4.255247815403977,7889.964573606004
570013,2,18,2,0.2,False,0.0008063130804172788,0.9890775587322592,0.9612089653333922,0.35,0.0,0.0,0.2333221411332488,0.0694007444800809,2.9358963377773764,0.2495993215590715,0.0,0.0,6.073741978500038,7.956517500802875,0.14009618086194356,0.6322604542000331,11.845640054972401,3.839784856179719,2.701238837293713,0.4831060135715492,0.1040403587486517,0.16009882002079961,-0.0016114567075197579,0.08364654356313465,-0.08127633823892054,-0.03684199796596057,0.2390066099800254,0.038652597032376494,0.8958333333333334,0.9941204338019052,0.5670950459810948,0.42702538782081034,0.5140780358966535,2.0816681711721685e-17,0.0001240079365079365,0.00016534391534391533,4.268771656826687,7901.034149163171
570013,2,18,2,0.3,False,0.0024579466903958034,0.9890775587322592,0.9612089653333922,0.35,0.0,0.0,0.2333221411332488,0.0694007444800809,2.9358963377773764,0.2495993215590715,0.0,0.0,6.073741978500038,7.956517500802875,0.1356774621378686,0.6392217698892249,12.809448806064738,3.9231508150684724,2.620067556314158,0.4530789252155574,0.10753976795254135,0.15311257029072337,-0.014002944783602644,0.08626160343549888,-0.08756104397739717,-0.04194831762124946,0.2446011368029193,0.042497827949172874,0.90625,1.049521072693259,0.5592380501603933,0.4902830225328656,0.6023792098470905,2.0816681711721685e-17,0.00013778659611992945,0.0002204585537918871,4.349383396386117,7910.937812468185
570013,2,18,2,0.4,False,0.004769564176496492,0.9890775587322592,0.9612089653333922,0.35,0.0,0.0,0.2333221411332488,0.0694007444800809,2.9358963377773764,0.2495993215590715,0.0,0.0,6.073741978500038,7.956517500802875,0.13129815760312522,0.6469281794587102,13.825896419782632,4.004048702999698,2.5471753628562337,0.43021869013180586,0.11128156352359142,0.14814192640356943,-0.025401288349525587,0.08886745455740534,-0.09203283133965423,-0.04628972429408399,0.2507052013978272,0.04652949492395001,0.9145833333333333,1.085094090938175,0.5833483174843956,0.5017457734537794,0.6351994497318065,2.0816681711721685e-17,0.00019290123456790122,0.0002755731922398589,4.513492537468305,7923.1376780426
570013,2,18,2,0.5,False,0.0075128585700390705,0.9890775587322592,0.9612089653333922,0.35,0.0,0.0,0.2333221411332488,0.0694007444800809,2.9358963377773764,0.2495993215590715,0.0,0.0,6.073741978500038,7.956517500802875,0.12701028889377025,0.6535152378153833,14.87751974354787,4.054264790111213,2.499010440913612,0.45675657144244103,0.11514185720445423,0.1444571985550895,-0.03570589733089851,0.09150325099953215,-0.09512930383742409,-0.04990634247905438,0.2570323855237672,0.05055178476393041,0.9229166666666666,1.1279415779602808,0.6361664050676878,0.491775172892593,0.6855282890965585,2.0816681711721685e-17,0.000248015873015873,0.00035824514991181656,4.770968793802601,7939.045610058313
570013,3,18,3,0.0,True,0.0,0.9844764295140136,0.9437096542220714,0.35,0.0,0.0,0.2333221411332488,0.0694007444800809,2.9358963377773764,0.2495993215590715,0.0,0.0,6.073741978500038,7.956517500802875,0.14945699821990552,0.6351716949219555,10.060579851759384,3.7415508999426783,2.8176139893478696,0.4851063703443074,0.09775196956926487,0.1770206167917812,0.02325402053108301,0.07901211922752148,-0.0593714969008918,-0.02373479203153527,0.23068534663320542,0.03175512257071916,0.8770833333333333,0.9026406634717589,0.5576392311464523,0.34500143232530656,0.35657037536779956,2.0816681711721685e-17,0.00011022927689594356,0.00011022927689594356,4.1509451748403885,7874.4063998536985
570013,3,18,3,0.1,False,7.510293183888829e-05,0.9844764295140136,0.9437096542220714,0.35,0.0,0.0,0.2333221411332488,0.0694007444800809,2.9358963377773764,0.2495993215590715,0.0,0.0,6.073741978500038,7.956517500802875,0.1452202582017641,0.6338526461399322,10.801134403406957,3.7848308822131522,2.7774388813557245,0.5184667931227646,0.1000594765429625,0.1664329153121342,0.0099302760579531,0.08091085079371935,-0.07075295168036828,-0.030618851673545056,0.2338157928973206,0.03467221379130746,0.8833333333333334,0.9524616260527496,0.5526032911603381,0.3998583348924115,0.42584101711080946,2.0816681711721685e-17,0.00011022927689594356,0.00013778659611992945,4.211121723498478,7889.723600647896
570013,3,18,3,0.2,False,0.0009239851188157641,0.9844764295140136,0.9437096542220714,0.35,0.0,0.0,0.2333221411332488,0.0694007444800809,2.9358963377773764,0.2495993215590715,0.0,0.0,6.073741978500038,7.956517500802875,0.1408676956524434,0.6318815928866764,11.66459564282365,3.8126569611503744,2.7436546684364083,0.5325083166752957,0.10305903577031962,0.15689750788124526,-0.002782317264257908,0.08362373629698305,-0.07944445506107896,-0.03654096748320188,0.23847438253740094,0.038068880807805176,0.8979166666666666,0.9897106849763513,0.5713698906743125,0.41834079430203874,0.49624976621503897,2.0816681711721685e-17,0.00011022927689594356,0.0001515652557319224,4.3180900826096105,7900.381247091406
570013,3,18,3,0.3,False,0.002592596883369886,0.9844764295140136,0.9437096542220714,0.35,0.0,0.0,0.2333221411332488,0.0694007444800809,2.9358963377773764,0.2495993215590715,0.0,0.0,6.073741978500038,7.956517500802875,0.1364772842703967,0.638648338796919,12.615216305629305,3.8890797362509915,2.634314561893366,0.46376865671481254,0.10651910089130993,0.14964618354233192,-0.014786766665941762,0.0864334315085095,-0.08582677423561728,-0.041623357808950746,0.24412451424981227,0.041883257827791266,0.9020833333333332,1.051181812033577,0.5842543374689602,0.4669274745646168,0.5688962738994031,2.0816681711721685e-17,0.00013778659611992945,0.0002204585537918871,4.417551677480706,7910.033233590468
570013,3,18,3,0.4,False,0.004871053553568433,0.9844764295140136,0.9437096542220714,0.35,0.0,0.0,0.2333221411332488,0.0694007444800809,2.9358963377773764,0.2495993215590715,0.0,0.0,6.073741978500038,7.956517500802875,0.13211468735987666,0.6454759131015501,13.620095108193503,3.9705192738583226,2.5730678904299533,0.4419580561005298,0.11025746448226854,0.14451732027832695,-0.025828866043155752,0.08906185655673243,-0.09037040942151124,-0.045878067107659015,0.2503304396346481,0.045929445139486685,0.9187500000000001,1.0784858539012712,0.5691355710556,0.5093502828456712,0.6108965856682086,2.0816681711721685e-17,0.00017912257495590828,0.000248015873015873,4.604546648733671,7921.946958461231
570013,3,18,3,0.5,False,0.007493715253791053,0.9844764295140136,0.9437096542220714,0.35,0.0,0.0,0.2333221411332488,0.0694007444800809,2.9358963377773764,0.2495993215590715,0.0,0.0,6.073741978500038,7.956517500802875,0.12783411738014086,0.6530693278799375,14.659483906628546,4.0280079480490825,2.5274168539066193,0.468619312653298,0.11413790904359956,0.14082751773862054,-0.03564125494820051,0.0916690461443469,-0.09352419921496208,-0.04940812226146446,0.2567770720884626,0.04998609419026978,0.9249999999999999,1.1407633590095316,0.6056011777520025,0.5351621812575291,0.6700989051271142,2.0816681711721685e-17,0.000248015873015873,0.00033068783068783067,4.890687752237304,7937.477574178538
570013,4,26,3,0.0,True,0.0,0.9844764295140136,0.9437096542220714,0.35,0.0,0.0,0.2433293675072491,0.0601364664407447,3.038868862576783,0.2337071960419416,0.0,0.0,6.421457636170089,8.555320414714515,0.1548819844024376,0.6225092999388774,8.942177832726179,3.6282143282369925,2.9037356100834075,0.4648944819742264,0.10555812588706937,0.18621327472323054,0.031846969785025596,0.07760094432644131,-0.05936604481856217,-0.023093733735365538,0.25559796215266095,0.03116703867847039,0.8833333333333333,0.7970542497901367,0.4663298941200933,0.33072435567004344,0.3287877523880215,2.0816681711721685e-17,6.889329805996472e-05,6.889329805996472e-05,3.6762653283684905,15765.855554285457
570013,4,26,3,0.1,True,0.0,0.9844764295140136,0.9437096542220714,0.35,0.0,0.0,0.2433293675072491,0.0601364664407447,3.038868862576783,0.2337071960419416,0.0,0.0,6.421457636170089,8.555320414714515,0.15089647057932334,0.6246720801173998,9.629982463133741,3.674633868458559,2.873629730813595,0.4875412249284274,0.10775864592346378,0.1756762992167941,0.017680874745716935,0.07885427151114603,-0.07146093238531641,-0.030412703071912812,0.257320901648115,0.03401737385500248,0.8854166666666666,0.8306506750626113,0.466352797569925,0.3642978774926863,0.39786769941104627,2.0816681711721685e-17,6.889329805996472e-05,6.889329805996472e-05,3.7251188937935367,15767.231541304109
570013,4,26,3,0.2,False,0.0003585278874292614,0.9844764295140136,0.9437096542220714,0.35,0.0,0.0,0.2433293675072491,0.0601364664407447,3.038868862576783,0.2337071960419416,0.0,0.0,6.421457636170089,8.555320414714515,0.14675862538313938,0.6214029644171154,10.413357719638698,3.7156542769352914,2.819416704555554,0.518525966596744,0.11065902539053131,0.16590086712994198,0.003923122900587955,0.08129401855955297,-0.08084601931415199,-0.03681273962532398,0.26059966591451256,0.03730380144208721,0.8937499999999999,0.8833733471311677,0.4739584666890142,0.40941488044215346,0.4704662299765136,2.0816681711721685e-17,6.889329805996472e-05,0.00011022927689594356,3.823660794431381,15768.977241878756
570013,4,26,3,0.3,False,0.0017271289727528087,0.9844764295140136,0.9437096542220714,0.35,0.0,0.0,0.2433293675072491,0.0601364664407447,3.038868862576783,0.2337071960419416,0.0,0.0,6.421457636170089,8.555320414714515,0.1425401721005282,0.6267498873977112,11.275410560388766,3.765844260253834,2.7399620193412875,0.4577870498268388,0.11402134914200161,0.1581048297201934,-0.009311863620469941,0.08406651355950985,-0.0878156850256148,-0.042385558209946585,0.2649224308383275,0.04096473728553626,0.9083333333333332,0.9328362550813019,0.48874937359949244,0.4440868814818094,0.5278676526992099,2.0816681711721685e-17,9.645061728395061e-05,0.00011022927689594356,3.8911572168747317,15771.205230672145
570013,4,26,3,0.4,False,0.0038980838777418437,0.9844764295140136,0.9437096542220714,0.35,0.0,0.0,0.2433293675072491,0.0601364664407447,3.038868862576783,0.2337071960419416,0.0,0.0,6.421457636170089,8.555320414714515,0.13830354602942585,0.6332611461895267,12.19971024512085,3.8495842258206294,2.648224667832621,0.4301429424963145,0.11765627993054138,0.1523989211557955,-0.021524262553270012,0.08670483711800647,-0.092846730906244,-0.047017343809280805,0.26986309896224997,0.04490272763164266,0.9208333333333334,0.9700836678803797,0.5020550731461908,0.4680285947341889,0.581316465108325,2.0816681711721685e-17,0.00011022927689594356,0.00011022927689594356,4.026409403670012,15782.40175571541
570013,4,26,3,0.5,False,0.0066435824600048566,0.9844764295140136,0.9437096542220714,0.35,0.0,0.0,0.2433293675072491,0.0601364664407447,3.038868862576783,0.2337071960419416,0.0,0.0,6.421457636170089,8.555320414714515,0.13410403466829693,0.6406765669629958,13.175085911729694,3.900367357867277,2.6113440149079232,0.4496872412795468,0.12142321887853713,0.14814967281881242,-0.03268228190193043,0.08929499808696273,-0.09641734241789868,-0.05092975427519566,0.2751112040000138,0.04891613456213643,0.9333333333333332,1.0084550201634348,0.5202214499755502,0.4882335701878846,0.6260980200942878,2.0816681711721685e-17,0.00011022927689594356,0.0001240079365079365,4.23690531213337,15804.33501199653
570013,5,26,2,0.0,True,0.0,0.9890775587322592,0.9612089653333922,0.35,0.0,0.0,0.2433293675072491,0.0601364664407447,3.038868862576783,0.2337071960419416,0.0,0.0,6.421457636170089,8.555320414714515,0.15426482007756115,0.6192394615035641,9.056750597707065,3.6351097598043274,2.895315101570468,0.45883820739684406,0.10633639440561156,0.18968243191428802,0.03467380838571426,0.07774273727612091,-0.06149065115398339,-0.023301855610034602,0.25586266935796015,0.031511143862494546,0.8791666666666668,0.8006848935552546,0.4680140699000035,0.33267082365525114,0.3336777038670827,2.0816681711721685e-17,6.889329805996472e-05,6.889329805996472e-05,3.7072645659987895,15765.730566345816
570013,5,26,2,0.1,True,0.0,0.9890775587322592,0.9612089653333922,0.35,0.0,0.0,0.2433293675072491,0.0601364664407447,3.038868862576783,0.2337071960419416,0.0,0.0,6.421457636170089,8.555320414714515,0.15022066564915912,0.6193200807263018,9.767926857158269,3.671776168834256,2.8501055697880386,0.46507966335559664,0.1086893708623368,0.17908828094416163,0.019866906418601286,0.07901668645348686,-0.07346156640070334,-0.03072981612533926,0.25770539952830646,0.03449593399063888,0.8854166666666666,0.8178527172416608,0.4594044290148811,0.35844828822677965,0.39716232544580143,2.0816681711721685e-17,6.889329805996472e-05,8.267195767195767e-05,3.7589780823583605,15767.062239137858
570013,5,26,2,0.2,False,0.00026771884367544766,0.9890775587322592,0.9612089653333922,0.35,0.0,0.0,0.2433293675072491,0.0601364664407447,3.038868862576783,0.2337071960419416,0.0,0.0,6.421457636170089,8.555320414714515,0.14603701245063674,0.6230578649645385,10.569740262304721,3.7300039780682694,2.788694683286032,0.4817478639506058,0.11168189989069773,0.16947403433610442,0.0054281620742497915,0.08129623509210121,-0.08272146643885252,-0.037171840724012,0.2610027730088047,0.03786240492131462,0.8958333333333334,0.8900011266861125,0.4570273836976546,0.4329737429884579,0.47948191856526545,2.0816681711721685e-17,8.267195767195767e-05,0.00011022927689594356,3.7876516885190754,15768.747754356446
570013,5,26,2,0.3,False,0.0015734409054975473,0.9890775587322592,0.9612089653333922,0.35,0.0,0.0,0.2433293675072491,0.0601364664407447,3.038868862576783,0.2337071960419416,0.0,0.0,6.421457636170089,8.555320414714515,0.14178425948444043,0.6282678899352517,11.447627983021968,3.8008139566342245,2.7025558635144953,0.44662931045827764,0.11508552173137525,0.161903113266438,-0.008204973903969343,0.08396221667700875,-0.08960086789456272,-0.04276266448863394,0.26526786056780444,0.0415753980701488,0.9104166666666668,0.9268339882021265,0.47971274438815836,0.4471212438139681,0.5605560158724268,2.0816681711721685e-17,9.645061728395061e-05,0.00011022927689594356,3.841087912351775,15770.891804453573
570013,5,26,2,0.4,False,0.0038149584451262638,0.9890775587322592,0.9612089653333922,0.35,0.0,0.0,0.2433293675072491,0.0601364664407447,3.038868862576783,0.2337071960419416,0.0,0.0,6.421457636170089,8.555320414714515,0.137523461574771,0.6349792999487273,12.388761847860792,3.874535199207522,2.6437039927524415,0.43988236092058647,0.11872402886920543,0.15632803170808876,-0.021132729676615013,0.08649826254416298,-0.09457912890143393,-0.04745089598316445,0.2701041119728382,0.04551906256904828,0.9187500000000001,0.960428119563617,0.49049929454160646,0.4699288250220105,0.6061667913308627,2.0816681711721685e-17,0.00011022927689594356,0.00011022927689594356,3.9596599598453985,15781.87826686978
570013,5,26,2,0.5,False,0.006610943107458619,0.9890775587322592,0.9612089653333922,0.35,0.0,0.0,0.2433293675072491,0.0601364664407447,3.038868862576783,0.2337071960419416,0.0,0.0,6.421457636170089,8.555320414714515,0.13330907902337116,0.6419280402832825,13.38320535311091,3.9349933168895497,2.596021460463335,0.4534836105354354,0.12246994860718911,0.15203134416315145,-0.03256500819878018,0.08912433463946683,-0.09811802017775616,-0.05135094409917532,0.2752281373538328,0.04952686938376433,0.9354166666666667,1.0068176605842885,0.5171240689689776,0.4896935916153109,0.6510195603773422,2.0816681711721685e-17,0.00011022927689594356,0.0001240079365079365,4.149740925688104,15805.119141671508
570013,6,14,3,0.0,True,0.0,0.9844764295140136,0.9437096542220714,0.35,0.0,0.0,0.2083334128372371,0.0624898989358916,2.92039684318006,0.2527929180115461,0.0,0.0,5.331442344933748,7.0982246696949005,0.15262032165157965,0.6361975706431201,9.543377355402141,3.6877508282367195,2.851873259111834,0.4645934901941125,0.10684213833661803,0.18954505225002727,0.03075544184942555,0.07932742483521336,-0.05684162476061675,-0.02330328387235835,0.23418872823819079,0.029460780015161763,0.8729166666666667,0.8476702963062017,0.5096116752955513,0.33805862101065043,0.34176323110898926,2.0816681711721685e-17,0.00013778659611992945,0.00019290123456790122,3.6040919302672414,1801.643287863804
570013,6,14,3,0.1,True,0.0,0.9844764295140136,0.9437096542220714,0.35,0.0,0.0,0.2083334128372371,0.0624898989358916,2.92039684318006,0.2527929180115461,0.0,0.0,5.331442344933748,7.0982246696949005,0.14827186442688403,0.6363223749241463,10.258684615930497,3.7145101571683212,2.815409463645532,0.4955245345942398,0.10880438383723647,0.1785387014969083,0.015951227067238075,0.0814244295636282,-0.07009459460111221,-0.030768378701372723,0.2375551723228476,0.03266157707764198,0.8770833333333333,0.8849712676011734,0.5095604942134588,0.37541077338771456,0.41407855455339826,2.0816681711721685e-17,0.00017912257495590828,0.000248015873015873,3.645373610727544,1805.523422750074
570013,6,14,3,0.2,False,0.0005090914716129603,0.9844764295140136,0.9437096542220714,0.35,0.0,0.0,0.2083334128372371,0.0624898989358916,2.92039684318006,0.2527929180115461,0.0,0.0,5.331442344933748,7.0982246696949005,0.14376564157140484,0.635291394313989,11.114543741610198,3.7483205187354134,2.7725955322120073,0.5094315096251122,0.11157623552913036,0.16763599142333252,0.0018006125569121443,0.08431514560709198,-0.0803458438877556,-0.037236242909846874,0.24258442650126313,0.036399394669120295,0.8854166666666666,0.9306490306147424,0.5397993632955993,0.39084966731914306,0.4942600076662149,2.0816681711721685e-17,0.0002204585537918871,0.0003169091710758377,3.7502020217077274,1810.4484142134033
570013,6,14,3,0.3,False,0.0020342274767855143,0.9844764295140136,0.9437096542220714,0.35,0.0,0.0,0.2083334128372371,0.0624898989358916,2.92039684318006,0.2527929180115461,0.0,0.0,5.331442344933748,7.0982246696949005,0.139192948540748,0.6408465345068088,12.099868912463256,3.8130257668302487,2.7059910608244153,0.47244647356817354,0.11488205376191701,0.15876313486837787,-0.01138491042703997,0.08735982873286281,-0.08787378414318303,-0.04267075629753012,0.24866863639185108,0.04053616554074128,0.9020833333333332,0.9733240518327411,0.5616855048351281,0.41163854699761293,0.5539914544380963,2.0816681711721685e-17,0.0003169091710758377,0.00038580246913580245,3.922579875429299,1816.8294805306152
570013,6,14,3,0.4,False,0.004424042621423636,0.9844764295140136,0.9437096542220714,0.35,0.0,0.0,0.2083334128372371,0.0624898989358916,2.92039684318006,0.2527929180115461,0.0,0.0,5.331442344933748,7.0982246696949005,0.13463505036237536,0.648171940982036,13.239012894730692,3.896696705979417,2.603977586188423,0.4250587486087722,0.11850325222329638,0.1523429051767144,-0.023910384039696964,0.09021291343285094,-0.09324668300600843,-0.04723536609926377,0.25533010265743167,0.045006863955017434,0.9125000000000001,1.034434532624823,0.5627609904255482,0.4716735421992748,0.6046429147506474,2.0816681711721685e-17,0.00035824514991181656,0.0005787037037037037,4.058561667600568,2248.434493524144
570013,6,14,3,0.5,False,0.007349815112304173,0.9844764295140136,0.9437096542220714,0.35,0.0,0.0,0.2083334128372371,0.0624898989358916,2.92039684318006,0.2527929180115461,0.0,0.0,5.331442344933748,7.0982246696949005,0.1301622109127999,0.6553234436813871,14.552034146713039,3.979724502366512,2.5510477269432577,0.4621453620819079,0.12229060064525586,0.14786777868305548,-0.03515267168165914,0.0931583152971122,-0.0970070301084744,-0.05102993588429159,0.2622456780052307,0.04969922925269853,0.9208333333333334,1.0921671989274802,0.5860903579345886,0.5060768409928915,0.6626239244892085,2.0816681711721685e-17,0.000509810405643739,0.0007302689594356261,4.212095907303312,2884.5084484127074
570013,7,14,0,0.0,True,0.0,0.996259961884662,0.979054833837768,0.35,0.0,0.0,0.2083334128372371,0.0624898989358916,2.92039684318006,0.2527929180115461,0.0,0.0,5.331442344933748,7.0982246696949005,0.15118954612518318,0.6338370080802253,9.824542340464262,3.7160314316088385,2.8156117873635558,0.43003279416917956,0.1083629280743318,0.1959574026714371,0.036442769833057796,0.0798755242090315,-0.061911823187625704,-0.023929572550496204,0.23475122797906353,0.030239238945458033,0.8729166666666667,0.8637864452723647,0.4894154706197643,0.3743709746526004,0.37315222122530645,2.0816681711721685e-17,0.00013778659611992945,0.00020667989417989417,3.722701160846396,1802.0090701159497
570013,7,14,0,0.1,True,0.0,0.996259961884662,0.979054833837768,0.35,0.0,0.0,0.2083334128372371,0.0624898989358916,2.92039684318006,0.2527929180115461,0.0,0.0,5.331442344933748,7.0982246696949005,0.1467175543685195,0.6314285784895272,10.605624336128342,3.7644326894771347,2.780987094089792,0.4657959789023755,0.11070987370437368,0.18472294232452136,0.020616874145265023,0.08182733467134798,-0.07477978888393659,-0.03146724490768482,0.23848272507338528,0.03368398483856524,0.8833333333333333,0.8974257647351038,0.4972698849756947,0.40015587975940914,0.45657868142447455,2.7755575615628914e-17,0.00020667989417989417,0.0003031305114638448,3.7388685293771466,1806.0663597356922
570013,7,14,0,0.2,False,0.0002766654757838552,0.996259961884662,0.979054833837768,0.35,0.0,0.0,0.2083334128372371,0.0624898989358916,2.92039684318006,0.2527929180115461,0.0,0.0,5.331442344933748,7.0982246696949005,0.14211966641192267,0.636424555123261,11.517932563571252,3.8261158353303486,2.7234389351104973,0.46133924634014595,0.11371144492441247,0.17433169135698268,0.005269540481039457,0.0842078584406244,-0.08463490842187697,-0.03797669248973725,0.2436022237780959,0.03760253907255678,0.8958333333333334,0.9729110511140041,0.5139021338402849,0.4590089172737192,0.5294065855472103,2.0816681711721685e-17,0.00026179453262786595,0.0003444664902998236,3.7295719758812873,1815.5545121195044
570013,7,14,0,0.3,False,0.0017542163940005458,0.996259961884662,0.979054833837768,0.35,0.0,0.0,0.2083334128372371,0.0624898989358916,2.92039684318006,0.2527929180115461,0.0,0.0,5.331442344933748,7.0982246696949005,0.13748573381072648,0.6423381787504269,12.58002634715929,3.8911804764789015,2.6263606664813515,0.4300320097671538,0.11711928108793808,0.16632634017242473,-0.009501769434815045,0.08686706799338258,-0.0918907993901286,-0.04352908018621893,0.2495891229989907,0.04190828859974611,0.8916666666666666,1.0133072473802982,0.5303299000844848,0.48297734729581343,0.614427380741671,2.0816681711721685e-17,0.0003169091710758377,0.0004271384479717813,3.790015379116271,2131.680488758221
570013,7,14,0,0.4,False,0.004200795272942407,0.996259961884662,0.979054833837768,0.35,0.0,0.0,0.2083334128372371,0.0624898989358916,2.92039684318006,0.2527929180115461,0.0,0.0,5.331442344933748,7.0982246696949005,0.13289624673745645,0.648208164515156,13.848154787254915,3.977466245109395,2.565426869014928,0.4265451949505479,0.12074980079763616,0.1605373804538858,-0.022915922279205008,0.08943912027032773,-0.09711548530620322,-0.048177357700610886,0.25605782841212377,0.04654603658059355,0.90625,1.0367834320533227,0.5530214404845489,0.48376199156877375,0.6474013609269452,2.0816681711721685e-17,0.0003995811287477954,0.0006338183421516754,3.9240303617708263,2628.111962432142
570013,7,14,0,0.5,False,0.0072683753870255,0.996259961884662,0.979054833837768,0.35,0.0,0.0,0.2083334128372371,0.0624898989358916,2.92039684318006,0.2527929180115461,0.0,0.0,5.331442344933748,7.0982246696949005,0.12841620262489575,0.6553434822010668,15.280202412652821,4.033934724664899,2.492762414376687,0.43320407923590903,0.12449059461194807,0.15618602790693506,-0.03487403900652925,0.09251867791256407,-0.10076230366846754,-0.052115696617117235,0.2627569590452517,0.05125607765763399,0.9208333333333334,1.0895271656306682,0.5970757750608722,0.49245139056979603,0.7160479761278377,2.0816681711721685e-17,0.0005373677248677248,0.0008818342151675485,4.139588156432539,3073.778470181225
570013,8,14,2,0.0,True,0.0,0.9890775587322592,0.9612089653333922,0.35,0.0,0.0,0.2083334128372371,0.0624898989358916,2.92039684318006,0.2527929180115461,0.0,0.0,5.331442344933748,7.0982246696949005,0.15197008835287026,0.6330159701897365,9.64872360287324,3.68668448503792,2.846530998911288,0.46812426437689725,0.10755459374201885,0.1930276751698803,0.03338537766113899,0.07972935420751562,-0.05910816699975704,-0.023591397116417407,0.23447602229846062,0.02981046269042621,0.8729166666666667,0.8573713177236102,0.5130992503611304,0.34427206736247984,0.35312719517190005,2.0816681711721685e-17,0.00013778659611992945,0.00020667989417989417,3.6431385002017342,1801.9073651770966
570013,8,14,2,0.1,True,0.0,0.9890775587322592,0.9612089653333922,0.35,0.0,0.0,0.2083334128372371,0.0624898989358916,2.92039684318006,0.2527929180115461,0.0,0.0,5.331442344933748,7.0982246696949005,0.1475613759158965,0.6329391344863097,10.398795267465069,3.724416095717057,2.794908065841954,0.4769352315784916,0.10969113432881743,0.18179088971782578,0.018223979273593798,0.08172990478355512,-0.07225372582455658,-0.03107698854046312,0.23800529611699764,0.033151671932878685,0.8791666666666665,0.8772474840782744,0.49450280838864735,0.382744675689627,0.42894455661444475,2.0816681711721685e-17,0.00017912257495590828,0.00026179453262786595,3.6884524565776995,1805.8722689796439
570013,8,14,2,0.2,False,0.000396135770945924,0.9890775587322592,0.9612089653333922,0.35,0.0,0.0,0.2083334128372371,0.0624898989358916,2.92039684318006,0.2527929180115461,0.0,0.0,5.331442344933748,7.0982246696949005,0.14301018926306142,0.6354291975732098,11.284256250337075,3.782375399306165,2.750566362339405,0.4913201551112405,0.1125695323328308,0.17097260690609337,0.0033566515034561973,0.08430686610639553,-0.08234902080833861,-0.03755063936864474,0.24307906326697934,0.03698705862551485,0.8833333333333333,0.9146747191447057,0.522302620503893,0.3923720986408127,0.508469403560847,2.0816681711721685e-17,0.000248015873015873,0.00035824514991181656,3.778301948878043,1810.9013645679972
570013,8,14,2,0.3,False,0.001919901690575973,0.9890775587322592,0.9612089653333922,0.35,0.0,0.0,0.2083334128372371,0.0624898989358916,2.92039684318006,0.2527929180115461,0.0,0.0,5.331442344933748,7.0982246696949005,0.138406675750557,0.6414055013086931,12.30451861335987,3.8407670889135166,2.6698288610172916,0.44797874143555455,0.11592410551081223,0.16241012869530272,-0.010632759431191999,0.08721095537943852,-0.08974362187327446,-0.04310130324663785,0.2491231698297864,0.041199442207141404,0.90625,0.9757672009191936,0.5354180854721327,0.4403491154470609,0.5862438499163776,2.0816681711721685e-17,0.00028935185185185184,0.00041335978835978834,3.8570069278828707,1878.4604892688428
570013,8,14,2,0.4,False,0.00431497175918885,0.9890775587322592,0.9612089653333922,0.35,0.0,0.0,0.2083334128372371,0.0624898989358916,2.92039684318006,0.2527929180115461,0.0,0.0,5.331442344933748,7.0982246696949005,0.1338310668379716,0.648638101513821,13.49818947566156,3.9274587428670635,2.576569983345064,0.4262143076692085,0.11955082721221588,0.15630104643185694,-0.023427740114250844,0.09013381699612828,-0.09504416352553711,-0.047685586584492644,0.25569786244377135,0.045747710078949455,0.9083333333333332,1.020901766224985,0.5486913660214612,0.4722104002035239,0.6268218116898083,2.0816681711721685e-17,0.0003995811287477954,0.0005924823633156966,4.013158853588419,2473.4201245034596
570013,8,14,2,0.5,False,0.0073265908991907245,0.9890775587322592,0.9612089653333922,0.35,0.0,0.0,0.2083334128372371,0.0624898989358916,2.92039684318006,0.2527929180115461,0.0,0.0,5.331442344933748,7.0982246696949005,0.1293521029328838,0.6553094922484384,14.86875191222714,3.986155481811492,2.5222927907289425,0.43093235804230307,0.12331631750695687,0.15199289944375308,-0.03507337187044173,0.09304153363436085,-0.09876136653995904,-0.05157932452637439,0.2625126110504907,0.05046853845839877,0.9208333333333334,1.082721000579601,0.5855677020558998,0.49715329852370127,0.6869755264478186,2.0816681711721685e-17,0.000496031746031746,0.0008267195767195767,4.233981888925178,3034.07702524954
570013,9,26,0,0.0,True,0.0,0.996259961884662,0.979054833837768,0.35,0.0,0.0,0.2433293675072491,0.0601364664407447,3.038868862576783,0.2337071960419416,0.0,0.0,6.421457636170089,8.555320414714515,0.1535197443441749,0.6164234804668867,9.226744347250342,3.6502023785490536,2.8988747949911122,0.4570759577141586,0.10720101576366614,0.1928634981175067,0.0375794166060496,0.07766248072009474,-0.06406750922207967,-0.023611029184605198,0.25609316908156515,0.03195166045828673,0.8854166666666666,0.8082608371170596,0.45018650235511937,0.3580743347619403,0.34813822395771166,2.0816681711721685e-17,6.889329805996472e-05,6.889329805996472e-05,3.7730695833865404,15765.63693983975
570013,9,26,0,0.1,True,0.0,0.996259961884662,0.979054833837768,0.35,0.0,0.0,0.2433293675072491,0.0601364664407447,3.038868862576783,0.2337071960419416,0.0,0.0,6.421457636170089,8.555320414714515,0.14941316174643032,0.6176218497048502,9.958787793010265,3.703930973395883,2.8601852973359914,0.49695933625734634,0.10973922579625382,0.18249083285659284,0.0223180254079731,0.0791187207983282,-0.07580306761577636,-0.031060482431153256,0.2580816979145187,0.03502968154222316,0.8937499999999999,0.8530849032575829,0.462254570622209,0.3908303326353739,0.43171033629675504,2.0816681711721685e-17,6.889329805996472e-05,8.267195767195767e-05,3.772336989109563,15766.93665850349
570013,9,26,0,0.2,False,0.00017111901189553367,0.996259961884662,0.979054833837768,0.35,0.0,0.0,0.2433293675072491,0.0601364664407447,3.038868862576783,0.2337071960419416,0.0,0.0,6.421457636170089,8.555320414714515,0.14518140447327862,0.6237482053217914,10.77770905519864,3.7585948114584222,2.7626470974481756,0.44379989622042365,0.11284113658347787,0.17325850065438342,0.0073474707549759065,0.0811668904525424,-0.08487993293457198,-0.03759695848089806,0.26139451804636327,0.038480145595377185,0.9020833333333332,0.8937494744307513,0.4567357312326339,0.43701374319811737,0.5170592369349603,2.0816681711721685e-17,8.267195767195767e-05,0.00011022927689594356,3.7509835547560164,15768.569588291031
570013,9,26,0,0.3,False,0.0014148598841389427,0.996259961884662,0.979054833837768,0.35,0.0,0.0,0.2433293675072491,0.0601364664407447,3.038868862576783,0.2337071960419416,0.0,0.0,6.421457636170089,8.555320414714515,0.14089370901947654,0.6297191489450881,11.671825873972487,3.8298709732561647,2.6693183156925766,0.42021762274960994,0.1162921197494587,0.1659383429063298,-0.007004554616020967,0.08369639762245516,-0.09165181725441073,-0.04315741679736048,0.26558228704132875,0.04220253515856543,0.9104166666666665,0.9467699538404422,0.45827616046445174,0.4884937933759904,0.5759915055887451,2.0816681711721685e-17,0.00011022927689594356,0.00011022927689594356,3.79005017150752,15770.637728460264
570013,9,26,0,0.4,False,0.003590685078590145,0.996259961884662,0.979054833837768,0.35,0.0,0.0,0.2433293675072491,0.0601364664407447,3.038868862576783,0.2337071960419416,0.0,0.0,6.421457636170089,8.555320414714515,0.13660957814027588,0.635642027365423,12.632930619359891,3.915153928053455,2.5965377138751102,0.40840884719587117,0.11993359416074323,0.16036025377937127,-0.020054560345560062,0.08618159076126325,-0.09656899993698793,-0.04790065726150311,0.2702861688858442,0.04611976599255874,0.9208333333333334,0.9671369256018238,0.48918276968922925,0.4779541559125946,0.6248866364383348,2.0816681711721685e-17,0.00011022927689594356,0.0001240079365079365,3.8917642978548734,15773.531787673977
570013,9,26,0,0.5,False,0.006459509965797592,0.996259961884662,0.979054833837768,0.35,0.0,0.0,0.2433293675072491,0.0601364664407447,3.038868862576783,0.2337071960419416,0.0,0.0,6.421457636170089,8.555320414714515,0.13238170953437048,0.6424231728842368,13.6456121794251,3.989597933587588,2.5497914219536715,0.43247387099141843,0.1236533724536079,0.15588145462478806,-0.03201707985450692,0.08879597943121807,-0.10006699654849434,-0.05191028879830101,0.2752538758030339,0.05008070139681504,0.9291666666666666,1.0016720204859957,0.5229707039804972,0.4787013165054985,0.668222075330674,2.0816681711721685e-17,0.00011022927689594356,0.0001240079365079365,4.061395544910019,15804.477766157055
570013,10,28,3,0.0,True,0.0,0.9844764295140136,0.9437096542220714,0.35,0.0,0.0,0.2879540531896055,0.0639038967574015,2.9761056745424868,0.2173629315197467,0.0,0.0,5.157286320813,8.887301716022193,0.15487742422416054,0.6126052213183715,8.981344595765057,3.620431255767143,2.9143684083042927,0.4839692850847655,0.09904914723312934,0.17258756223942942,0.028769641781908033,0.07720949993704256,-0.06106589438362359,-0.022211829252028203,0.27871141937684646,0.034875424112457566,0.8958333333333334,0.7794646112513596,0.4245538994895982,0.35491071176176137,0.33074218061831656,2.0816681711721685e-17,0.00011022927689594356,0.0001515652557319224,3.751205415607154,1280.730616310002
570013,10,28,3,0.1,True,0.0,0.9844764295140136,0.9437096542220714,0.35,0.0,0.0,0.2879540531896055,0.0639038967574015,2.9761056745424868,0.2173629315197467,0.0,0.0,5.157286320813,8.887301716022193,0.15128087106714472,0.6158695721114184,9.674763998889079,3.677750462209025,2.899298652459295,0.5225961378390345,0.10132690578496256,0.16368870256778875,0.016265209388838155,0.07778036752646468,-0.071407670305584,-0.029093344708174138,0.2783421262809017,0.03735031045728239,0.90625,0.8288544368584809,0.448943195697432,0.3799112411610489,0.38708765337764717,2.0816681711721685e-17,0.00013778659611992945,0.0002204585537918871,3.808381122742625,1284.685015878484
570013,10,28,3,0.2,False,0.00037693968578821177,0.9844764295140136,0.9437096542220714,0.35,0.0,0.0,0.2879540531896055,0.0639038967574015,2.9761056745424868,0.2173629315197467,0.0,0.0,5.157286320813,8.887301716022193,0.14755644134818804,0.6191754840037703,10.431036286901062,3.735356870164805,2.8114111858684603,0.479351039229959,0.10424880875358729,0.15624971001014207,0.003642263254993503,0.07957248307128963,-0.0794859405669862,-0.035271058943668686,0.2794197676955048,0.040216701818420936,0.9125,0.8615210335650988,0.4604893711920056,0.4010316623730932,0.4568319534506694,2.0816681711721685e-17,0.00020667989417989417,0.00028935185185185184,3.803050378908381,1289.416450463874
570013,10,28,3,0.3,False,0.0016420226929922998,0.9844764295140136,0.9437096542220714,0.35,0.0,0.0,0.2879540531896055,0.0639038967574015,2.9761056745424868,0.2173629315197467,0.0,0.0,5.157286320813,8.887301716022193,0.14375734331738188,0.6266182423619902,11.238080199093178,3.7784444896658993,2.7521756037799214,0.4680444890441728,0.10760865209257316,0.15059013930443524,-0.008705299325452312,0.08200832358382042,-0.0856350358096667,-0.04067201457249911,0.28157106306654156,0.043387603098442716,0.9208333333333334,0.921330173692689,0.4705340400316751,0.4507961336610139,0.5163935179133327,2.0816681711721685e-17,0.00026179453262786595,0.0003031305114638448,3.8478855322856567,1295.3446971894525
570013,10,28,3,0.4,False,0.003586822230830252,0.9844764295140136,0.9437096542220714,0.35,0.0,0.0,0.2879540531896055,0.0639038967574015,2.9761056745424868,0.2173629315197467,0.0,0.0,5.157286320813,8.887301716022193,0.13993495873412914,0.6359345208122338,12.08982280547074,3.840252213836687,2.698806737311907,0.48409215509498954,0.11123939099684861,0.1464224388944172,-0.020035699478473144,0.084453557071323,-0.0902526433926787,-0.04530842602707352,0.2844772549536208,0.046742429011925074,0.9270833333333334,0.945104976491537,0.4747069516064739,0.4703980248850631,0.5742078712735658,2.0816681711721685e-17,0.00028935185185185184,0.0004271384479717813,3.949810752949766,1302.8522683382719
570013,10,28,3,0.5,False,0.0060556208493348865,0.9844764295140136,0.9437096542220714,0.35,0.0,0.0,0.2879540531896055,0.0639038967574015,2.9761056745424868,0.2173629315197467,0.0,0.0,5.157286320813,8.887301716022193,0.1361370130680395,0.6439002839175413,12.9971709170201,3.9066708917400894,2.6311700583941198,0.4711886091895537,0.11500586534847135,0.1432739893319083,-0.030523453792123807,0.08704085351622944,-0.09369930325680155,-0.049239864879985856,0.2878802444344301,0.050173109504464,0.9354166666666667,0.9829147924669923,0.5026287509675436,0.48028604149944876,0.6119757200047149,2.0816681711721685e-17,0.0003444664902998236,0.0005924823633156966,4.113740406480216,1683.8135313742762
570013,11,26,1,0.0,True,0.0,0.9766958138810892,0.98378601407178,0.35,0.0,0.0,0.2433293675072491,0.0601364664407447,3.038868862576783,0.2337071960419416,0.0,0.0,6.421457636170089,8.555320414714515,0.1537996734143772,0.6154791359168207,9.149610189889536,3.6486981067130166,2.9133045529597763,0.48107458466309777,0.10707077202603682,0.1949431734687882,0.039458036833564684,0.07805999658754252,-0.06332462046967724,-0.02344448200743066,0.25549355558925807,0.03189010138141479,0.8875000000000001,0.8060033280918888,0.4669893621261464,0.3390139659657424,0.3467184670392716,2.0816681711721685e-17,6.889329805996472e-05,6.889329805996472e-05,3.769931908429751,15765.122525332024
570013,11,26,1,0.1,True,0.0,0.9766958138810892,0.98378601407178,0.35,0.0,0.0,0.2433293675072491,0.0601364664407447,3.038868862576783,0.2337071960419416,0.0,0.0,6.421457636170089,8.555320414714515,0.14969076182445373,0.6168671341690312,9.868293702401674,3.7022505475777394,2.847778773360094,0.46275606387377777,0.10967418468005012,0.18498281490487697,0.02385680205112442,0.07914675616201985,-0.07528326836854615,-0.03103506808170081,0.2575177010462727,0.03498296369344664,0.8999999999999999,0.8502670645662626,0.45625613119276953,0.394010933373493,0.4338327383151298,2.0816681711721685e-17,6.889329805996472e-05,8.267195767195767e-05,3.7884315773905555,15766.315956087268
570013,11,26,1,0.2,False,0.00011786083107053447,0.9766958138810892,0.98378601407178,0.35,0.0,0.0,0.2433293675072491,0.0601364664407447,3.038868862576783,0.2337071960419416,0.0,0.0,6.421457636170089,8.555320414714515,0.14545120048193894,0.6224517879811702,10.675127380556638,3.7509370229333765,2.782706376865787,0.46406121245646287,0.11283139375167117,0.1760236352114349,0.008649021893195217,0.0809886791585236,-0.08457025158705324,-0.03757819758028779,0.2608677470744152,0.038440558896216157,0.8979166666666666,0.8983151749491514,0.4764896132960412,0.42182556165311014,0.5025236726108561,2.0816681711721685e-17,8.267195767195767e-05,0.00011022927689594356,3.7533476473513843,15767.795003799409
570013,11,26,1,0.3,False,0.00129101354234719,0.9766958138810892,0.98378601407178,0.35,0.0,0.0,0.2433293675072491,0.0601364664407447,3.038868862576783,0.2337071960419416,0.0,0.0,6.421457636170089,8.555320414714515,0.14115255154121872,0.6300113317727437,11.555833767341989,3.808627891324958,2.7104504705706653,0.4645845191657376,0.116328081318417,0.16878919160476893,-0.006019445985319572,0.08338501909991487,-0.09153768797820878,-0.04329902765393454,0.265104057264143,0.04216472671700677,0.9104166666666665,0.947472578809218,0.4721449855820673,0.4753275932271507,0.5721645136817229,2.0816681711721685e-17,8.267195767195767e-05,0.00011022927689594356,3.777227694188174,15769.66214006666
570013,11,26,1,0.4,False,0.003462877552605685,0.9766958138810892,0.98378601407178,0.35,0.0,0.0,0.2433293675072491,0.0601364664407447,3.038868862576783,0.2337071960419416,0.0,0.0,6.421457636170089,8.555320414714515,0.1368549727720398,0.6348200258325452,12.502263765144548,3.9041969234831115,2.6130186573403127,0.4223619358845819,0.12000754311793449,0.16319116531247646,-0.01942503842322446,0.08575082969636072,-0.09661001495421673,-0.04818924040862276,0.26986639925667066,0.04604129178339258,0.9083333333333332,0.9740579651344845,0.49224344837289546,0.48181451676158904,0.6268401209251648,2.0816681711721685e-17,0.00011022927689594356,0.00011022927689594356,3.861380059319871,15772.022918833973
570013,11,26,1,0.5,False,0.006367369955652716,0.9766958138810892,0.98378601407178,0.35,0.0,0.0,0.2433293675072491,0.0601364664407447,3.038868862576783,0.2337071960419416,0.0,0.0,6.421457636170089,8.555320414714515,0.1326107824139425,0.6417394164443867,13.503991756442497,3.9718416226073927,2.5501644390933422,0.42591626400872934,0.12376049822757611,0.15871030512510623,-0.03168054394577307,0.08831834798867826,-0.10022216462441795,-0.05220595282315602,0.2748978440168157,0.04998769779906485,0.9249999999999999,1.0124141186950126,0.5312211201249248,0.4811929985700878,0.6814969701261393,2.0816681711721685e-17,0.00011022927689594356,0.0001240079365079365,4.009932778474568,15801.212316416459
570013,12,28,2,0.0,True,0.0,0.9890775587322592,0.9612089653333922,0.35,0.0,0.0,0.2879540531896055,0.0639038967574015,2.9761056745424868,0.2173629315197467,0.0,0.0,5.157286320813,8.887301716022193,0.15428923835281125,0.6102445385044336,9.117437784532598,3.637470429297442,2.9161551305670748,0.4736020932837362,0.09976365648918402,0.17600373289810656,0.031308414776572396,0.07728934103659545,-0.06296815578549074,-0.022415873716969046,0.27876407176281526,0.0352509862132184,0.8999999999999999,0.7781269198539302,0.43305175891570546,0.34507516093822477,0.32675192524319846,2.0816681711721685e-17,0.0001240079365079365,0.0001515652557319224,3.7741052042767875,1281.0377813785337
570013,12,28,2,0.1,True,0.0,0.9890775587322592,0.9612089653333922,0.35,0.0,0.0,0.2879540531896055,0.0639038967574015,2.9761056745424868,0.2173629315197467,0.0,0.0,5.157286320813,8.887301716022193,0.150640878055623,0.6140909120592773,9.824644262645561,3.681739471957418,2.904436816594295,0.5444340828124666,0.10216922802610023,0.16721968345693572,0.018040421887599856,0.0778727337700381,-0.07321277604998237,-0.029423869793621365,0.27846535750603546,0.03781159708290069,0.9020833333333332,0.8266658185111911,0.45962081893835227,0.36704499957283887,0.395919505325122,2.0816681711721685e-17,0.00013778659611992945,0.000248015873015873,3.7971855570577557,1285.0884983994574
570013,12,28,2,0.2,False,0.0002894964571694489,0.9890775587322592,0.9612089653333922,0.35,0.0,0.0,0.2879540531896055,0.0639038967574015,2.9761056745424868,0.2173629315197467,0.0,0.0,5.157286320813,8.887301716022193,0.14687467990552178,0.619649028028426,10.593636996170513,3.733213305450255,2.81053381232076,0.4964053388804057,0.1051671104159924,0.1599735026180544,0.005046461681652364,0.07956718279180676,-0.08120314076067364,-0.03561758287018297,0.27953926142795193,0.040719877256354474,0.9166666666666666,0.8710325928404696,0.4632945771466931,0.40773801569377655,0.46132356316992995,2.0816681711721685e-17,0.0002204585537918871,0.0002755731922398589,3.777329459459183,1289.9285509545396
570013,12,28,2,0.3,False,0.001513849338815641,0.9890775587322592,0.9612089653333922,0.35,0.0,0.0,0.2879540531896055,0.0639038967574015,2.9761056745424868,0.2173629315197467,0.0,0.0,5.157286320813,8.887301716022193,0.14304306912047904,0.6275807028362239,11.413950452784933,3.7902148352385474,2.7590468844533,0.4746241391720362,0.10856050185721093,0.1544508233298232,-0.007761306860024156,0.08185281358259185,-0.08728147051098152,-0.0410568554509547,0.28163456556570127,0.04390166918658659,0.9187500000000001,0.9240461107763005,0.4595402342025956,0.4645058765737049,0.5380361208413172,2.0816681711721685e-17,0.00026179453262786595,0.0003444664902998236,3.8111435245876346,1295.9934485267224
570013,12,28,2,0.4,False,0.003519408595403057,0.9890775587322592,0.9612089653333922,0.35,0.0,0.0,0.2879540531896055,0.0639038967574015,2.9761056745424868,0.2173629315197467,0.0,0.0,5.157286320813,8.887301716022193,0.13919743455786848,0.6368513624829104,12.282733899894984,3.8699258765320557,2.680350764962243,0.4729832153275714,0.11219118374147825,0.1503243182867409,-0.01970489312131376,0.08435534196098977,-0.09185324289087049,-0.045747082679618044,0.28445361254620694,0.04726434691376253,0.93125,0.9475345106454593,0.49064881567071117,0.4568856949747482,0.5823750994280613,2.0816681711721685e-17,0.0003169091710758377,0.0004409171075837742,3.9004106498970423,1457.3777795447056
570013,12,28,2,0.5,False,0.005998055447766815,0.9890775587322592,0.9612089653333922,0.35,0.0,0.0,0.2879540531896055,0.0639038967574015,2.9761056745424868,0.2173629315197467,0.0,0.0,5.157286320813,8.887301716022193,0.13538481520596404,0.6445798416458262,13.221893063116184,3.929847601380963,2.6385684446886764,0.4838728962372468,0.11593209493209417,0.1471847520713983,-0.030306561617628836,0.0870202339462207,-0.09529817422677088,-0.0497325547806279,0.2877583240365962,0.05071677318066798,0.9354166666666667,1.0001747365608478,0.5039225440461282,0.4962521925147195,0.6195232669132474,2.0816681711721685e-17,0.00035824514991181656,0.0005924823633156966,4.049319056191349,1809.5730968240407
570013,13,14,1,0.0,True,0.0,0.9766958138810892,0.98378601407178,0.35,0.0,0.0,0.2083334128372371,0.0624898989358916,2.92039684318006,0.2527929180115461,0.0,0.0,5.331442344933748,7.0982246696949005,0.15146681862009814,0.6329388016818637,9.751869585434688,3.6904186624065463,2.8372944452026694,0.45058958315580105,0.10829598790825444,0.19800209916045422,0.03826235349103255,0.08012736165956535,-0.06119152071476716,-0.02379551521610326,0.2340297624305241,0.030162710692512574,0.8770833333333332,0.8637083504431732,0.503010558650851,0.3606977917923222,0.36541252675190233,2.0816681711721685e-17,0.00013778659611992945,0.0002204585537918871,3.728613080078732,1802.3236821416267
570013,13,14,1,0.1,True,0.0,0.9766958138810892,0.98378601407178,0.35,0.0,0.0,0.2083334128372371,0.0624898989358916,2.92039684318006,0.2527929180115461,0.0,0.0,5.331442344933748,7.0982246696949005,0.1469908393408826,0.6301826577408125,10.518939971472436,3.7432056731223757,2.80563490216421,0.48965636754037556,0.1107147439291704,0.18718935127127825,0.021929193065503658,0.08189097223766478,-0.07428920937987904,-0.03138002727858529,0.23783808829148864,0.03361577850090586,0.8854166666666666,0.9062008475060378,0.5141877106548813,0.39201313685115646,0.4427534590756679,2.0816681711721685e-17,0.00019290123456790122,0.00028935185185185184,3.7426944790369716,1806.6317222124244
570013,13,14,1,0.2,False,0.00022651731643799983,0.9766958138810892,0.98378601407178,0.35,0.0,0.0,0.2083334128372371,0.0624898989358916,2.92039684318006,0.2527929180115461,0.0,0.0,5.331442344933748,7.0982246696949005,0.1423828987283415,0.6344686980507249,11.411655184432684,3.8036016960469365,2.741344805587137,0.4862358511629594,0.11377228319463033,0.17701307650710177,0.006195462044036921,0.08401890275080365,-0.08437426166977514,-0.03801377864233894,0.24302646775647088,0.037539317870657375,0.8895833333333334,0.9595890837384271,0.524322122529934,0.43526696120849306,0.5330606503053917,2.0816681711721685e-17,0.000248015873015873,0.00033068783068783067,3.7158435745104366,1811.9052315796719
570013,13,14,1,0.3,False,0.0016590546229743246,0.9766958138810892,0.98378601407178,0.35,0.0,0.0,0.2083334128372371,0.0624898989358916,2.92039684318006,0.2527929180115461,0.0,0.0,5.331442344933748,7.0982246696949005,0.13773421476383896,0.6416918127140289,12.441252343694435,3.8711985242889564,2.625945898578955,0.44067800364614823,0.11722626870302949,0.16906940391523348,-0.008827924130049352,0.08643584643590034,-0.09182118806637886,-0.04365828696058968,0.24908219135177015,0.04182828053662021,0.8916666666666666,0.984539861341472,0.5336638231668367,0.4508760381746353,0.5924494105591083,2.0816681711721685e-17,0.0003031305114638448,0.00041335978835978834,3.7562091487464735,2072.8163261552368
570013,13,14,1,0.4,False,0.004125501825793675,0.9766958138810892,0.98378601407178,0.35,0.0,0.0,0.2083334128372371,0.0624898989358916,2.92039684318006,0.2527929180115461,0.0,0.0,5.331442344933748,7.0982246696949005,0.133126886432293,0.6484249783116126,13.665271025058146,3.964458783710645,2.5504141527058946,0.40719991393196175,0.12089775041943822,0.1632770017061654,-0.02257459064756714,0.08891105898670704,-0.09718040217617885,-0.04836901402832572,0.2556261090747382,0.04644845327343803,0.9041666666666668,1.0216742830771324,0.551279703799944,0.4703945792771884,0.6462173814568345,2.0816681711721685e-17,0.0003720238095238095,0.0005924823633156966,3.8662339199954907,2452.0458842314915
570013,13,14,1,0.5,False,0.007239190769833735,0.9766958138810892,0.98378601407178,0.35,0.0,0.0,0.2083334128372371,0.0624898989358916,2.92039684318006,0.2527929180115461,0.0,0.0,5.331442344933748,7.0982246696949005,0.12862765131229056,0.6558535454520688,15.084264369271287,4.019942133698559,2.4814662043135773,0.41395958646932024,0.12467341493088685,0.15892107841690226,-0.034773808988325876,0.09183697489355304,-0.10093400874296628,-0.052394780648039964,0.26240551093019804,0.05118708771465353,0.9125,1.0700321878271368,0.5869314392091944,0.4831007486179424,0.6902553492996452,2.0816681711721685e-17,0.000496031746031746,0.0008129409171075837,4.052107416135985,2825.0457332350197
570013,14,28,0,0.0,True,0.0,0.996259961884662,0.979054833837768,0.35,0.0,0.0,0.2879540531896055,0.0639038967574015,2.9761056745424868,0.2173629315197467,0.0,0.0,5.157286320813,8.887301716022193,0.15357658182390965,0.6089068782848203,9.298137296012504,3.6404673326888806,2.91937642037362,0.5014489022144395,0.10058759305652258,0.17951298998971668,0.03410927757524527,0.07725682507758481,-0.06526393135106252,-0.022703926243719707,0.278767533980991,0.0357088605008348,0.9020833333333332,0.7935880374563442,0.44110906365664104,0.35247897379970317,0.3388486720592541,2.0816681711721685e-17,0.0001240079365079365,0.00017912257495590828,3.8273232911458983,1281.0854164166412
570013,14,28,0,0.1,True,0.0,0.996259961884662,0.979054833837768,0.35,0.0,0.0,0.2879540531896055,0.0639038967574015,2.9761056745424868,0.2173629315197467,0.0,0.0,5.157286320813,8.887301716022193,0.14987359780653514,0.6146695514291146,10.019985233079877,3.6974752791273047,2.866425248697744,0.5009878041952971,0.1031455320923806,0.1709728391299449,0.02035226255824621,0.07805395964378499,-0.07533067791622457,-0.02977677685133223,0.2785603669323649,0.038329147582019295,0.9041666666666667,0.8525827721106913,0.4450259858820247,0.40755678622866665,0.42013695595629547,2.0816681711721685e-17,0.0001515652557319224,0.000248015873015873,3.780980782310065,1285.2938046429385
570013,14,28,0,0.2,False,0.00019418632536313303,0.996259961884662,0.979054833837768,0.35,0.0,0.0,0.2879540531896055,0.0639038967574015,2.9761056745424868,0.2173629315197467,0.0,0.0,5.157286320813,8.887301716022193,0.1460637673211969,0.6220686677423591,10.8047662905256,3.757461159660535,2.791112625559432,0.4759356292655148,0.10622926733656586,0.16391793456328332,0.006847980912841396,0.07967824454973971,-0.0831801668947567,-0.036006450197351096,0.27962758293661,0.04126482932374939,0.9104166666666668,0.8952311104702225,0.4527589555263507,0.4424721549438718,0.4836073781410681,2.0816681711721685e-17,0.0002204585537918871,0.0003031305114638448,3.7506630358794353,1290.2225612567934
570013,14,28,0,0.3,False,0.001350728208095921,0.996259961884662,0.979054833837768,0.35,0.0,0.0,0.2879540531896055,0.0639038967574015,2.9761056745424868,0.2173629315197467,0.0,0.0,5.157286320813,8.887301716022193,0.1421989557019756,0.6293621923025068,11.643440044001572,3.8318696039556066,2.715763356903061,0.4439971970919105,0.10965675283495059,0.15848126642491403,-0.006500068860718251,0.08176957365673544,-0.08917046786129439,-0.04145960782189162,0.28164824600883553,0.04443371249310929,0.9208333333333334,0.9408437681897337,0.46411862657172187,0.4767251416180118,0.5518220450848678,2.0816681711721685e-17,0.00028935185185185184,0.0003444664902998236,3.773077869286435,1310.8132909244077
570013,14,28,0,0.4,False,0.0033239128558058212,0.996259961884662,0.979054833837768,0.35,0.0,0.0,0.2879540531896055,0.0639038967574015,2.9761056745424868,0.2173629315197467,0.0,0.0,5.157286320813,8.887301716022193,0.13832979221865785,0.6363886017438408,12.538079215261652,3.895625656089632,2.635768063549236,0.41944333101819536,0.11328154637915762,0.15438321332309587,-0.01872723049819162,0.0842579429284342,-0.09371407408749322,-0.046216098938505645,0.2843559487575222,0.04777969227007797,0.9354166666666668,0.9637632164569168,0.4937864162990788,0.46997680015783794,0.6031228034517564,2.0816681711721685e-17,0.00033068783068783067,0.00041335978835978834,3.8494015151331236,1602.6036361360855
570013,14,28,0,0.5,False,0.005866732345194811,0.996259961884662,0.979054833837768,0.35,0.0,0.0,0.2879540531896055,0.0639038967574015,2.9761056745424868,0.2173629315197467,0.0,0.0,5.157286320813,8.887301716022193,0.13450504084361795,0.6438698313144192,13.532270905744767,3.9518670535628577,2.587120134914648,0.4434691284852,0.1169891911997429,0.1512262353295333,-0.02980783945733485,0.08697120300741683,-0.0971640272546563,-0.05025580986975219,0.28755011783960166,0.051255146468008134,0.94375,0.9910183199115938,0.5020407446038756,0.48897757530771824,0.6501252493875579,2.0816681711721685e-17,0.00038580246913580245,0.0005924823633156966,3.983095231814127,1865.2094311874455
570013,15,28,1,0.0,True,0.0,0.9766958138810892,0.98378601407178,0.35,0.0,0.0,0.2879540531896055,0.0639038967574015,2.9761056745424868,0.2173629315197467,0.0,0.0,5.157286320813,8.887301716022193,0.15386376625932366,0.6080952768423433,9.198629403045997,3.641469385158113,2.9489981546185127,0.5238744080438514,0.10054822199934017,0.18165297043668993,0.03578322939620013,0.07773260094603479,-0.06449315931122561,-0.022493663928960673,0.27844915424398237,0.03566434168846017,0.9020833333333332,0.7983309944131118,0.4627545158514931,0.33557647856161876,0.33190616260180095,2.0816681711721685e-17,0.0001240079365079365,0.00016534391534391533,3.8138993910099788,1281.2793753661688
570013,15,28,1,0.1,True,0.0,0.9766958138810892,0.98378601407178,0.35,0.0,0.0,0.2879540531896055,0.0639038967574015,2.9761056745424868,0.2173629315197467,0.0,0.0,5.157286320813,8.887301716022193,0.15015871155476213,0.6136589870172681,9.910495980070614,3.7063927379111963,2.8739678087749283,0.5118922136436467,0.10315253792073571,0.17338478464935456,0.02199723751048478,0.07814080846129472,-0.07477888613986698,-0.029679746349128126,0.2782602290554382,0.03826766757838044,0.90625,0.8577306739839325,0.45300344199283304,0.4047272319910995,0.4175272466236796,2.0816681711721685e-17,0.0001515652557319224,0.0002204585537918871,3.8080035849397738,1286.059703401695
570013,15,28,1,0.2,False,0.00013210899514487024,0.9766958138810892,0.98378601407178,0.35,0.0,0.0,0.2879540531896055,0.0639038967574015,2.9761056745424868,0.2173629315197467,0.0,0.0,5.157286320813,8.887301716022193,0.14634366949721736,0.6214152277901994,10.686235970261508,3.7572617397969688,2.7799341995014544,0.4670000957621179,0.10627369172844381,0.166442839880691,0.008276087384308656,0.07954525864804775,-0.0828366672266887,-0.0360357483882078,0.2793476839250827,0.04119078238735742,0.9145833333333332,0.8899213205851952,0.4731657058894314,0.41675561469576383,0.4718317707445686,2.0816681711721685e-17,0.00019290123456790122,0.0003031305114638448,3.7667181258424116,1291.2371733167126
570013,15,28,1,0.3,False,0.0012199070099004523,0.9766958138810892,0.98378601407178,0.35,0.0,0.0,0.2879540531896055,0.0639038967574015,2.9761056745424868,0.2173629315197467,0.0,0.0,5.157286320813,8.887301716022193,0.1424707921537787,0.6287688264101184,11.515220679388351,3.834583187414226,2.743266042896611,0.4880347413235973,0.10973080023838637,0.16102148184884887,-0.005432392822750408,0.08158031601581947,-0.0890028210850947,-0.04156156635804005,0.2813914004212283,0.044360870449699864,0.9166666666666666,0.9328783249256563,0.4635346397941771,0.46934368513147917,0.5390674748187927,2.0816681711721685e-17,0.0002755731922398589,0.0003444664902998236,3.7774226380256795,1316.3219518261976
570013,15,28,1,0.4,False,0.0031659140373494783,0.9766958138810892,0.98378601407178,0.35,0.0,0.0,0.2879540531896055,0.0639038967574015,2.9761056745424868,0.2173629315197467,0.0,0.0,5.157286320813,8.887301716022193,0.13858964118514336,0.6364270333347243,12.394996787180084,3.896469353470779,2.6605447182866286,0.4757498847243458,0.1133838603196522,0.15687766337749046,-0.017915876586108496,0.08383681855998361,-0.09367678752867947,-0.046404590530572866,0.2841297283013275,0.047698830976017646,0.9333333333333332,0.9570478418052657,0.486198604685425,0.4708492371198407,0.589418205659503,2.0816681711721685e-17,0.00033068783068783067,0.0003995811287477954,3.8406715881074915,1542.7540424625897
570013,15,28,1,0.5,False,0.0057319664691016705,0.9766958138810892,0.98378601407178,0.35,0.0,0.0,0.2879540531896055,0.0639038967574015,2.9761056745424868,0.2173629315197467,0.0,0.0,5.157286320813,8.887301716022193,0.1347489778081786,0.6446662565833078,13.352990213384485,3.9526123907672646,2.604022684199658,0.4545706678818681,0.11712458907486005,0.153681082934741,-0.02929020461556166,0.08640399291002139,-0.0972115353380506,-0.05050830990524161,0.287367594174795,0.05115579177550247,0.9416666666666668,1.003922559310594,0.5028745914837263,0.5010479678268678,0.6344267414325586,2.0816681711721685e-17,0.0003720238095238095,0.0005373677248677248,3.9591801679277885,1733.4322015631153
600017,0,18,0,0.0,True,0.0,0.996259961884662,0.979054833837768,0.35,0.0,0.0,0.2333221411332488,0.0694007444800809,2.9358963377773764,0.2495993215590715,0.0,0.0,6.073741978500038,7.956517500802875,0.1470058392417564,0.6405904755216014,13.730172478358199,3.7428769183178745,2.675608375509104,0.4119037794908853,0.10540358405689847,0.17176640553712108,0.02482030826212069,0.08332761005443153,-0.05993929066654987,-0.01782565718769098,0.2392548921637443,0.03255727878408784,0.86875,0.9022512274997734,0.5250093971796586,0.3772418303201148,0.33496395057941736,2.0816681711721685e-17,9.645061728395061e-05,9.645061728395061e-05,3.994788048407583,7898.426360277204
600017,0,18,0,0.1,False,0.00022764546129204464,0.996259961884662,0.979054833837768,0.35,0.0,0.0,0.2333221411332488,0.0694007444800809,2.9358963377773764,0.2495993215590715,0.0,0.0,6.073741978500038,7.956517500802875,0.14258272333738267,0.6370588921387496,14.693176800761988,3.784519281313113,2.6327616261163747,0.41567359007654425,0.10797544834898971,0.1587886942358945,0.006173564253297373,0.0852199447925613,-0.07296136638229823,-0.025328117976070933,0.24265611499743925,0.035304846230881724,0.8895833333333334,0.9320002986102887,0.5553048767109574,0.37669542189933125,0.4161235669748683,2.0816681711721685e-17,9.645061728395061e-05,0.00017912257495590828,3.9505181070864324,7906.111967921005
600017,0,18,0,0.2,False,0.002084903738121384,0.996259961884662,0.979054833837768,0.35,0.0,0.0,0.2333221411332488,0.0694007444800809,2.9358963377773764,0.2495993215590715,0.0,0.0,6.073741978500038,7.956517500802875,0.1380759007812533,0.6416359131488174,15.795243215005053,3.844383608457076,2.6057252563301154,0.46946870856422745,0.11107575483258858,0.14815833633859996,-0.011711536492283452,0.08725150835632052,-0.0833376705532769,-0.031868550213852986,0.24747035743219822,0.03866434730107113,0.8979166666666666,0.991208800429527,0.5605441083584918,0.4306646920710352,0.4705270963157613,2.0816681711721685e-17,0.0001515652557319224,0.00023423721340388006,3.9672272932863044,7915.96898449451
600017,0,18,0,0.3,False,0.005352374102762082,0.996259961884662,0.979054833837768,0.35,0.0,0.0,0.2333221411332488,0.0694007444800809,2.9358963377773764,0.2495993215590715,0.0,0.0,6.073741978500038,7.956517500802875,0.13356226523787937,0.6484859783207778,17.019882082105834,3.9096412774600595,2.544157402337093,0.47762313426100117,0.11446723747324121,0.1400876293250681,-0.027798554033024923,0.08915267698095221,-0.09126814832018808,-0.03750518613637348,0.253250621767948,0.042411473561867336,0.9041666666666667,1.0409142039199104,0.5860581010127381,0.45485610290717227,0.5302111215749709,2.0816681711721685e-17,0.00020667989417989417,0.0003169091710758377,4.045685772458506,7928.931152325058
600017,0,18,0,0.4,False,0.009741577909782136,0.996259961884662,0.979054833837768,0.35,0.0,0.0,0.2333221411332488,0.0694007444800809,2.9358963377773764,0.2495993215590715,0.0,0.0,6.073741978500038,7.956517500802875,0.12910802155182613,0.6568816729296043,18.376697455442088,3.9796532773603333,2.469542264644157,0.46740706038719587,0.11799530029046297,0.13424732396556868,-0.04273916781678786,0.09142471027824385,-0.0971640463639566,-0.04232036327383295,0.25967563804118116,0.046431752975182726,0.9166666666666666,1.088736907849895,0.632325140933033,0.4564117669168619,0.5758658544524067,2.0816681711721685e-17,0.0002755731922398589,0.0004409171075837742,4.18939512211384,8213.547461684711
600017,0,18,0,0.5,False,0.014782244122895055,0.996259961884662,0.979054833837768,0.35,0.0,0.0,0.2333221411332488,0.0694007444800809,2.9358963377773764,0.2495993215590715,0.0,0.0,6.073741978500038,7.956517500802875,0.1247655885664366,0.6617678615798314,19.898003691839715,4.053076886404255,2.42123644450022,0.46402130133620956,0.12157297417726742,0.13030820856630687,-0.056125617712310664,0.09397501673884734,-0.10139142542963335,-0.046339546898348745,0.26648935530416906,0.05072055561594042,0.9333333333333332,1.1158263114916425,0.6708538104529604,0.444972501038682,0.6154556241386648,2.0816681711721685e-17,0.0003720238095238095,0.0005373677248677248,4.404838146552541,8453.714388892517
600017,1,18,1,0.0,True,0.0,0.9766958138810892,0.98378601407178,0.35,0.0,0.0,0.2333221411332488,0.0694007444800809,2.9358963377773764,0.2495993215590715,0.0,0.0,6.073741978500038,7.956517500802875,0.1473039586483185,0.6423705984376645,13.616708845021256,3.7507785130286027,2.7041550029804107,0.42549460620277074,0.10455551016151875,0.17168997208484596,0.027108890525886845,0.08286324083018685,-0.059247720546268555,-0.017603331258587412,0.2400106562998363,0.03226105360792396,0.86875,0.8923732719040309,0.535426657586538,0.35694661431749297,0.34124989585134,2.0816681711721685e-17,6.889329805996472e-05,9.645061728395061e-05,4.020896361584135,7899.672109019767
600017,1,18,1,0.1,False,0.0001307993223447848,0.9766958138810892,0.98378601407178,0.35,0.0,0.0,0.2333221411332488,0.0694007444800809,2.9358963377773764,0.2495993215590715,0.0,0.0,6.073741978500038,7.956517500802875,0.1428827095946548,0.6379512617387338,14.571128801211053,3.802493434473464,2.6469293727358845,0.4258480339013488,0.10711932156188154,0.15861374029016403,0.00830949941413619,0.08475596887351677,-0.07250778439581411,-0.02518843286279462,0.24340557134479757,0.03498932189602346,0.8875000000000001,0.9224840082044611,0.5456011354753104,0.37688287272915066,0.4131843739072947,2.0816681711721685e-17,9.645061728395061e-05,0.00017912257495590828,3.9723536993205713,7908.033001015315
600017,1,18,1,0.2,False,0.0017664291497647318,0.9766958138810892,0.98378601407178,0.35,0.0,0.0,0.2333221411332488,0.0694007444800809,2.9358963377773764,0.2495993215590715,0.0,0.0,6.073741978500038,7.956517500802875,0.13837275834902746,0.6412790674782584,15.667132123379337,3.872214568530086,2.595038758895024,0.44729975459168986,0.11023105520068364,0.1479313842652351,-0.00958691147294095,0.08667180451774396,-0.0831012778921183,-0.03184361821517018,0.2482336272573471,0.03835075162551319,0.8916666666666666,0.9771556461639239,0.5601063161530374,0.4170493300108865,0.46284430601950044,2.0816681711721685e-17,0.00013778659611992945,0.00023423721340388006,3.9856082303808122,7918.518213994357
600017,1,18,1,0.3,False,0.004915015973544627,0.9766958138810892,0.98378601407178,0.35,0.0,0.0,0.2333221411332488,0.0694007444800809,2.9358963377773764,0.2495993215590715,0.0,0.0,6.073741978500038,7.956517500802875,0.13384962772229272,0.6468483415519789,16.879977455194624,3.928061624688603,2.5382530930420013,0.4727919310042304,0.11364657606389855,0.13985342433189116,-0.026012697321028632,0.08852815158745873,-0.0911940033956468,-0.03756860471313727,0.25403190826635097,0.04211167504083618,0.9041666666666667,1.0312437952895976,0.6004152414102004,0.4308285538793972,0.5178035351931358,2.0816681711721685e-17,0.0002204585537918871,0.00028935185185185184,4.061334413253809,7932.296312577939
600017,1,18,1,0.4,False,0.00917082530997417,0.9766958138810892,0.98378601407178,0.35,0.0,0.0,0.2333221411332488,0.0694007444800809,2.9358963377773764,0.2495993215590715,0.0,0.0,6.073741978500038,7.956517500802875,0.12937994418232243,0.6543915566959503,18.200909075185255,3.991587395618352,2.4884211029254844,0.4827180461009464,0.1172067781447943,0.13401719914829333,-0.04102218927983724,0.09055982335906054,-0.09718258870716327,-0.04238221930302604,0.26047029886408324,0.0461289517314562,0.9145833333333332,1.0743024175477218,0.6461252697885266,0.42817714775919524,0.5465507503037959,2.0816681711721685e-17,0.00026179453262786595,0.0003720238095238095,4.202986371065041,8179.338523301863
600017,1,18,1,0.5,False,0.014165820915183418,0.9766958138810892,0.98378601407178,0.35,0.0,0.0,0.2333221411332488,0.0694007444800809,2.9358963377773764,0.2495993215590715,0.0,0.0,6.073741978500038,7.956517500802875,0.1250218014238624,0.6608704269104787,19.66468584870091,4.066592008567478,2.430562377146695,0.4785653782782126,0.12082167722982025,0.1300256333730042,-0.05462684872014994,0.0930188164083955,-0.10150631849305498,-0.04643421955278181,0.2673178028952416,0.050392728634316104,0.9291666666666667,1.1116005578322832,0.6726123653250093,0.43898819250727383,0.6134279418367468,2.0816681711721685e-17,0.0003169091710758377,0.000509810405643739,4.417048273295623,8508.67108135484
600017,2,18,2,0.0,True,0.0,0.9890775587322592,0.9612089653333922,0.35,0.0,0.0,0.2333221411332488,0.0694007444800809,2.9358963377773764,0.2495993215590715,0.0,0.0,6.073741978500038,7.956517500802875,0.14755451779893303,0.6388936645854763,13.583169400090396,3.720601965129332,2.6847318131715014,0.40629013984687296,0.10751466054892718,0.17043645023195697,0.02427622802601105,0.08295627902213158,-0.05800649286502187,-0.018317957595411067,0.2388913566774832,0.03337607032881519,0.88125,0.8972079656364449,0.5301810527293123,0.36702691290713263,0.33477231158242626,2.0816681711721685e-17,8.267195767195767e-05,0.00011022927689594356,3.9960749459189806,7895.231499511483
600017,2,18,2,0.1,False,0.0002156873863368897,0.9890775587322592,0.9612089653333922,0.35,0.0,0.0,0.2333221411332488,0.0694007444800809,2.9358963377773764,0.2495993215590715,0.0,0.0,6.073741978500038,7.956517500802875,0.1431855145070139,0.6390740191966281,14.509269519214547,3.774382359621597,2.636464211093567,0.4290752299319834,0.11010439284265831,0.1574526805899906,0.006408514925279677,0.08458423265094173,-0.07111270261441123,-0.025672344318242474,0.24231583528595926,0.036106865295812966,0.8895833333333334,0.9366032269541114,0.560564958964395,0.3760382679897164,0.39290249285698103,2.0816681711721685e-17,9.645061728395061e-05,0.0001515652557319224,3.9568397690211228,7902.215505412208
600017,2,18,2,0.2,False,0.0019420622298429943,0.9890775587322592,0.9612089653333922,0.35,0.0,0.0,0.2333221411332488,0.0694007444800809,2.9358963377773764,0.2495993215590715,0.0,0.0,6.073741978500038,7.956517500802875,0.13871800539785303,0.6433662182422603,15.575860662259629,3.8297812486553973,2.5650349544827007,0.4286758603709892,0.11322272220007035,0.14629966732215569,-0.01078026855189873,0.08658787137166145,-0.08160399087465138,-0.032086719524219154,0.24720051572848764,0.03947206656391628,0.9020833333333332,0.9679246578410317,0.5617905186422097,0.4061341391988219,0.45444488111933057,2.0816681711721685e-17,0.00013778659611992945,0.0002204585537918871,3.9785861485430267,7910.9411932961
600017,2,18,2,0.3,False,0.0050771696999952634,0.9890775587322592,0.9612089653333922,0.35,0.0,0.0,0.2333221411332488,0.0694007444800809,2.9358963377773764,0.2495993215590715,0.0,0.0,6.073741978500038,7.956517500802875,0.13423408120829133,0.6496290130090172,16.78663551066573,3.907089382264658,2.4988936340570844,0.41719615750430533,0.11662659623262554,0.1375420185302639,-0.026683742641236994,0.08892517800722492,-0.08967596319477562,-0.037645139670747625,0.25309368851430475,0.043233034437397226,0.9,0.9994938603347587,0.5934984670854587,0.4059953932493,0.5144461950406878,2.0816681711721685e-17,0.00019290123456790122,0.0003444664902998236,4.062248374049934,7922.351880415292
600017,2,18,2,0.4,False,0.009134219447425236,0.9890775587322592,0.9612089653333922,0.35,0.0,0.0,0.2333221411332488,0.0694007444800809,2.9358963377773764,0.2495993215590715,0.0,0.0,6.073741978500038,7.956517500802875,0.12980233279666475,0.6589839832869252,18.172800610654807,3.9695233413877653,2.4465990623377305,0.4361873391899187,0.12015566689214803,0.1311200501992952,-0.04091026963264532,0.09170059581254253,-0.09567208336809245,-0.042402879253762404,0.25964475658577446,0.04730285258149688,0.9166666666666666,1.0657993663627985,0.646450510538049,0.41934885582474946,0.5658688149292522,2.0816681711721685e-17,0.0002755731922398589,0.00048225308641975306,4.211493375027582,8053.725711879335
600017,2,18,2,0.5,False,0.013919491934875194,0.9890775587322592,0.9612089653333922,0.35,0.0,0.0,0.2333221411332488,0.0694007444800809,2.9358963377773764,0.2495993215590715,0.0,0.0,6.073741978500038,7.956517500802875,0.1254724159513447,0.6663422917750698,19.78718303822722,4.045740954801464,2.4079682849534043,0.4576841108235799,0.12371802162755706,0.12660952463908914,-0.054018824442413266,0.09414051414076015,-0.09994231620911644,-0.04637067944041645,0.2665703829366525,0.051629568912974544,0.9333333333333332,1.1139277268877978,0.6499204530119038,0.464007273875894,0.6169371537385462,2.0816681711721685e-17,0.00041335978835978834,0.0005373677248677248,4.432978010565164,8347.11522736763
600017,3,18,3,0.0,True,0.0,0.9844764295140136,0.9437096542220714,0.35,0.0,0.0,0.2333221411332488,0.0694007444800809,2.9358963377773764,0.2495993215590715,0.0,0.0,6.073741978500038,7.956517500802875,0.1480532586274604,0.6387994912015721,13.451113368997776,3.715981607132831,2.6895782828310515,0.3868753966347008,0.10891822782505,0.1686449367821685,0.02356509672676331,0.08274828717607341,-0.05663513128365555,-0.018682284761637625,0.23854036083080576,0.03383600825966318,0.8791666666666668,0.8904717913007307,0.5104160001486134,0.3800557911521173,0.3307137285608518,2.0816681711721685e-17,8.267195767195767e-05,0.00011022927689594356,3.999485569582628,7892.164868925286
600017,3,18,3,0.1,False,0.00021390588212330256,0.9844764295140136,0.9437096542220714,0.35,0.0,0.0,0.2333221411332488,0.0694007444800809,2.9358963377773764,0.2495993215590715,0.0,0.0,6.073741978500038,7.956517500802875,0.14373494920351904,0.6397687757660449,14.35896176438468,3.7800182134884657,2.608479416871104,0.39267229455061486,0.11151765523908597,0.15576787599714176,0.0064440698629753155,0.08412925513689289,-0.0697983149017718,-0.025880391973776434,0.24193692647973264,0.03652472370248296,0.88125,0.9355704549908896,0.5310069439387731,0.4045635110521165,0.38774895816038574,2.0816681711721685e-17,9.645061728395061e-05,0.00013778659611992945,3.9634731318394127,7898.699376046268
600017,3,18,3,0.2,False,0.0018833587519027964,0.9844764295140136,0.9437096542220714,0.35,0.0,0.0,0.2333221411332488,0.0694007444800809,2.9358963377773764,0.2495993215590715,0.0,0.0,6.073741978500038,7.956517500802875,0.13930392705750916,0.6463808945310796,15.416580099417365,3.84406018920962,2.5568879212652305,0.4011701054850938,0.11465045941808005,0.14435493932468776,-0.01038764362578643,0.08616278761891956,-0.0803502639917783,-0.032186558012944184,0.24684460294136423,0.039863491177050854,0.8937499999999999,0.9769914987903652,0.5375153566624161,0.43947614212794905,0.4602521479372343,2.0816681711721685e-17,0.00013778659611992945,0.00023423721340388006,3.9886128221926853,7906.455669931118
600017,3,18,3,0.3,False,0.004882610144157167,0.9844764295140136,0.9437096542220714,0.35,0.0,0.0,0.2333221411332488,0.0694007444800809,2.9358963377773764,0.2495993215590715,0.0,0.0,6.073741978500038,7.956517500802875,0.13484533813236269,0.6512634299857892,16.642884512420963,3.8991535897649094,2.5167159547641935,0.423132854854996,0.11807010716348654,0.13516807781081736,-0.025877270659673282,0.08881315832147986,-0.08846898981906881,-0.03766984988041695,0.2528027079425787,0.043652853900592675,0.90625,0.998155136102783,0.5717055754916435,0.4264495606111395,0.5152091471978006,2.0816681711721685e-17,0.00017912257495590828,0.0003169091710758377,4.075930603428219,7916.505025916574
600017,3,18,3,0.4,False,0.008853419061787075,0.9844764295140136,0.9437096542220714,0.35,0.0,0.0,0.2333221411332488,0.0694007444800809,2.9358963377773764,0.2495993215590715,0.0,0.0,6.073741978500038,7.956517500802875,0.1304294402682113,0.6605874599742593,18.085932169168643,3.9652715008830035,2.4565091533792764,0.4349829847643445,0.1216111019509873,0.12830010797912753,-0.040044176244359235,0.09146925465191036,-0.09446278929769451,-0.042346596546158195,0.25943143308173267,0.047780809150407354,0.9229166666666666,1.0755304242600316,0.5953751741252657,0.4801552501347659,0.5643757538293461,2.0816681711721685e-17,0.0002755731922398589,0.00045469576719576717,4.229198769677641,7929.734143026169
600017,3,18,3,0.5,False,0.013341500173321417,0.9844764295140136,0.9437096542220714,0.35,0.0,0.0,0.2333221411332488,0.0694007444800809,2.9358963377773764,0.2495993215590715,0.0,0.0,6.073741978500038,7.956517500802875,0.12610840576625867,0.6671151122802302,19.768987551733577,4.0273972718645,2.4095271213995555,0.43744665632008833,0.12517476590612234,0.1234071047145008,-0.05257066594917444,0.0941720299159345,-0.0987351094717805,-0.04626676824945299,0.2664315017984911,0.052137284073962335,0.9249999999999999,1.1259552574739025,0.61136321357603,0.5145920438978725,0.620446756567737,2.0816681711721685e-17,0.00041335978835978834,0.0005924823633156966,4.455197162380545,8237.894538925744
600017,4,26,3,0.0,True,0.0,0.9844764295140136,0.9437096542220714,0.35,0.0,0.0,0.2433293675072491,0.0601364664407447,3.038868862576783,0.2337071960419416,0.0,0.0,6.421457636170089,8.555320414714515,0.15339335555817946,0.6267798083367272,11.827322175314848,3.62016781474775,2.7956410545077723,0.40518492200370043,0.11653039539484077,0.17764564519253376,0.03365808330336179,0.08040122794911812,-0.057659787840252635,-0.018237913687506057,0.2620146409139991,0.032617977188402085,0.8666666666666666,0.7645914840721606,0.44256371976416475,0.32202776430799585,0.29447448161215045,2.0816681711721685e-17,0.0,4.1335978835978834e-05,3.578062153032095,14960.676172000094
600017,4,26,3,0.1,True,0.0,0.9844764295140136,0.9437096542220714,0.35,0.0,0.0,0.2433293675072491,0.0601364664407447,3.038868862576783,0.2337071960419416,0.0,0.0,6.421457636170089,8.555320414714515,0.1492943318363296,0.6279675293618527,12.874201924594281,3.6831946127078106,2.7334179810516055,0.4036829568123161,0.11905677656985732,0.16432475536793514,0.01626251397201849,0.08204925562370105,-0.07143481247559096,-0.025717017406277864,0.26391346017780953,0.03528830436592199,0.875,0.8122495521726802,0.4560842371842655,0.35616531498841475,0.36041953613886163,2.0816681711721685e-17,4.1335978835978834e-05,5.511463844797178e-05,3.54145567854761,15622.998842298975
600017,4,26,3,0.2,False,0.0007910794333048902,0.9844764295140136,0.9437096542220714,0.35,0.0,0.0,0.2433293675072491,0.0601364664407447,3.038868862576783,0.2337071960419416,0.0,0.0,6.421457636170089,8.555320414714515,0.14504144901382654,0.6346945689929196,13.976275903097735,3.748084308559449,2.6763252743927506,0.4174648702608487,0.12217706572338212,0.15235511454070258,-0.0014537885929887275,0.084195552065361,-0.08245145829404639,-0.032380858662855824,0.2673277566052872,0.03852588826716823,0.8916666666666666,0.8507265860892637,0.450020846018652,0.40070574007061166,0.4306169817457651,2.0816681711721685e-17,4.1335978835978834e-05,6.889329805996472e-05,3.5549776112647606,15758.681528534811
600017,4,26,3,0.3,False,0.0031944899924706022,0.9844764295140136,0.9437096542220714,0.35,0.0,0.0,0.2433293675072491,0.0601364664407447,3.038868862576783,0.2337071960419416,0.0,0.0,6.421457636170089,8.555320414714515,0.14071290147394486,0.6412142407566684,15.111349537734819,3.8071810150593337,2.610788958457272,0.42430870569602464,0.12562095546718144,0.14261158527514717,-0.018064094387617087,0.08660984277454518,-0.09088694786951473,-0.03816347472750737,0.27181005261761165,0.04220507637230306,0.8958333333333334,0.8859976021848643,0.4741678767519566,0.41182972543290775,0.48601954592520097,2.0816681711721685e-17,5.511463844797178e-05,8.267195767195767e-05,3.619159620038355,15786.974176224989
600017,4,26,3,0.4,False,0.006863279551650353,0.9844764295140136,0.9437096542220714,0.35,0.0,0.0,0.2433293675072491,0.0601364664407447,3.038868862576783,0.2337071960419416,0.0,0.0,6.421457636170089,8.555320414714515,0.13637825528437686,0.6475010411147744,16.28736459899142,3.8760987511183913,2.5375821478610985,0.41913222317370274,0.1291961126254193,0.13536742040772573,-0.03346427389906447,0.08902279242338806,-0.09714603522860793,-0.043107678953376326,0.2770075944256997,0.04618835471393035,0.9020833333333332,0.9400622878733688,0.48220042729829105,0.4578618605750777,0.5387971235330118,2.0816681711721685e-17,8.267195767195767e-05,0.00011022927689594356,3.7365899113947627,15798.205025724705
600017,4,26,3,0.5,False,0.011392897923012856,0.9844764295140136,0.9437096542220714,0.35,0.0,0.0,0.2433293675072491,0.0601364664407447,3.038868862576783,0.2337071960419416,0.0,0.0,6.421457636170089,8.555320414714515,0.13209601697239817,0.6533735250024318,17.489194990913088,3.932372052169724,2.46298340138967,0.4074292085846056,0.13277485928602054,0.13031943498485804,-0.047441448507406316,0.09157595907836864,-0.1017044772555119,-0.0472517530713491,0.28265787195197306,0.05035870103530724,0.9270833333333334,0.9782334623696531,0.528651371377339,0.44958209099231417,0.5960913966253282,2.0816681711721685e-17,9.645061728395061e-05,0.0001515652557319224,3.912080324197628,15808.72647316249
600017,5,26,2,0.0,True,0.0,0.9890775587322592,0.9612089653333922,0.35,0.0,0.0,0.2433293675072491,0.0601364664407447,3.038868862576783,0.2337071960419416,0.0,0.0,6.421457636170089,8.555320414714515,0.15293836367133307,0.6255468021739758,11.95945017698115,3.6211299993617208,2.800325279376395,0.41682044172343974,0.1150943604809091,0.17976492511704248,0.03451184283150221,0.08066505357796339,-0.05906595296241362,-0.017732363605747474,0.26259676882202193,0.03218250108691071,0.8624999999999998,0.7798229923922559,0.4390162431071607,0.34080674928509525,0.2995460400640021,2.0816681711721685e-17,0.0,2.755731922398589e-05,3.5769007808225126,15300.01118659859
600017,5,26,2,0.1,True,0.0,0.9890775587322592,0.9612089653333922,0.35,0.0,0.0,0.2433293675072491,0.0601364664407447,3.038868862576783,0.2337071960419416,0.0,0.0,6.421457636170089,8.555320414714515,0.14878397967444548,0.6274586137092663,13.02796389074095,3.680798801114356,2.7643256851805433,0.4386702272820651,0.11758409513263678,0.16625478736722019,0.016205328190345387,0.08258886890758112,-0.07277737395809906,-0.025397244842407362,0.264454723836629,0.03490244970083877,0.8833333333333333,0.8111396584468611,0.4532511173840882,0.3578885410627729,0.36580744675423793,2.0816681711721685e-17,2.755731922398589e-05,4.1335978835978834e-05,3.5376440493630557,15695.631702459614
600017,5,26,2,0.2,False,0.0008329884534826448,0.9890775587322592,0.9612089653333922,0.35,0.0,0.0,0.2433293675072491,0.0601364664407447,3.038868862576783,0.2337071960419416,0.0,0.0,6.421457636170089,8.555320414714515,0.14448972119090345,0.6322620497114397,14.14373699239743,3.7300330439347626,2.6788434815344786,0.43343489143697117,0.12066253395744941,0.15446789083056442,-0.0018840005180377252,0.08466442237304232,-0.08375975041671468,-0.03218841413505436,0.26779776759429447,0.03817851830021676,0.8958333333333334,0.8456431979238765,0.45588200083273167,0.3897611970911449,0.43938653258317767,2.0816681711721685e-17,4.1335978835978834e-05,6.889329805996472e-05,3.5484680784140123,15773.514764674166
600017,5,26,2,0.3,False,0.0034023306084364864,0.9890775587322592,0.9612089653333922,0.35,0.0,0.0,0.2433293675072491,0.0601364664407447,3.038868862576783,0.2337071960419416,0.0,0.0,6.421457636170089,8.555320414714515,0.14013179186649985,0.640043039655002,15.296477697829859,3.8028368674944137,2.605657465659282,0.43899531565558164,0.1240641399176829,0.14511365564973222,-0.01912275769149054,0.0870199277764524,-0.09219399188830524,-0.03810248305891508,0.2721921366598829,0.041856107144254584,0.9020833333333332,0.8897858628592621,0.4630993052165936,0.4266865576426685,0.48670319657924893,2.0816681711721685e-17,5.511463844797178e-05,8.267195767195767e-05,3.609837072832532,15792.290939181408
600017,5,26,2,0.4,False,0.0072494452548093995,0.9890775587322592,0.9612089653333922,0.35,0.0,0.0,0.2433293675072491,0.0601364664407447,3.038868862576783,0.2337071960419416,0.0,0.0,6.421457636170089,8.555320414714515,0.135776565588455,0.6477877185682508,16.492963334744317,3.8759279611792006,2.5356203917828064,0.4284155601195563,0.12760165777476168,0.1382386352061841,-0.034809049401962555,0.0893504202798454,-0.09845705421366852,-0.04312364989314622,0.2772908552838944,0.04582090669837471,0.9041666666666667,0.9569068364485136,0.49842581372462713,0.45848102272388647,0.5432113460044979,2.0816681711721685e-17,8.267195767195767e-05,0.00011022927689594356,3.7242672694151935,15802.834868728098
600017,5,26,2,0.5,False,0.011964769949814782,0.9890775587322592,0.9612089653333922,0.35,0.0,0.0,0.2433293675072491,0.0601364664407447,3.038868862576783,0.2337071960419416,0.0,0.0,6.421457636170089,8.555320414714515,0.13148098568715796,0.6535338567853834,17.71489672441955,3.944794866275666,2.4511045790879424,0.4105468513557928,0.13115318783642138,0.13345237071897456,-0.04898940065413462,0.09181258279078698,-0.10300299838389015,-0.047342527912569266,0.2828404577291688,0.04998175179960107,0.9208333333333334,1.00711488455782,0.5307028740886945,0.4764120104691254,0.6025925058494745,2.0816681711721685e-17,8.267195767195767e-05,0.00016534391534391533,3.896491774629896,15814.415422738059
600017,6,14,3,0.0,True,0.0,0.9844764295140136,0.9437096542220714,0.35,0.0,0.0,0.2083334128372371,0.0624898989358916,2.92039684318006,0.2527929180115461,0.0,0.0,5.331442344933748,7.0982246696949005,0.15102901869554625,0.6467003602875264,12.9830616192695,3.6862586311019765,2.708488973646079,0.37023157021486713,0.11782382655284691,0.18443469787491432,0.031720015209864026,0.08236184807049068,-0.05295928161923449,-0.018129178411151876,0.23866934372350135,0.031522406457564045,0.8520833333333333,0.8235057386040525,0.4865362149574286,0.3369695236466239,0.30295344808347524,2.0816681711721685e-17,0.00017912257495590828,0.0003031305114638448,3.4552026355098278,1803.7236044660306
600017,6,14,3,0.1,False,7.051659680334388e-06,0.9844764295140136,0.9437096542220714,0.35,0.0,0.0,0.2083334128372371,0.0624898989358916,2.92039684318006,0.2527929180115461,0.0,0.0,5.331442344933748,7.0982246696949005,0.14664223604879667,0.6518231042745161,14.008353584985912,3.7331995761891803,2.6608441327421994,0.3975228901930265,0.12006557109764655,0.1700797854014361,0.013446534765724563,0.08370324605445674,-0.0680762527775731,-0.025965170403133054,0.24265056963371334,0.034416500495908185,0.875,0.8750230729650059,0.5104161464064405,0.3646069265585654,0.3795930280207,2.0816681711721685e-17,0.0002755731922398589,0.00045469576719576717,3.4195690349526213,1807.5275150709258
600017,6,14,3,0.2,False,0.00108839962763471,0.9844764295140136,0.9437096542220714,0.35,0.0,0.0,0.2083334128372371,0.0624898989358916,2.92039684318006,0.2527929180115461,0.0,0.0,5.331442344933748,7.0982246696949005,0.1420961771483223,0.655351658039721,15.33339172440611,3.787191091264725,2.5857917069983234,0.3866504034891891,0.12293408400854496,0.15661506866113392,-0.0042996777840276015,0.08583971391568547,-0.08027720609481694,-0.03275168358317829,0.24831162672243848,0.03809657165240465,0.8958333333333334,0.8922684148194548,0.5215720044192338,0.37069641040022105,0.43232287353937027,2.0816681711721685e-17,0.00038580246913580245,0.0005787037037037037,3.4378661641996437,1854.7918358837321
600017,6,14,3,0.3,False,0.003735348974415625,0.9844764295140136,0.9437096542220714,0.35,0.0,0.0,0.2083334128372371,0.0624898989358916,2.92039684318006,0.2527929180115461,0.0,0.0,5.331442344933748,7.0982246696949005,0.13748382622132327,0.6585384809784159,16.83205049099465,3.8351621193168213,2.5322318486234825,0.40925654850561616,0.12615544471048767,0.14529305274718615,-0.020753738304817682,0.0886276779548213,-0.08964259877109045,-0.038640583942962596,0.25507159914957495,0.04232124050683685,0.9,0.9540317937265939,0.5465836239080686,0.4074481698185253,0.5058063154003033,2.0816681711721685e-17,0.0005649250440917107,0.0006475970017636684,3.5108505119063724,1927.9358898228122
600017,6,14,3,0.4,False,0.007712447827450806,0.9844764295140136,0.9437096542220714,0.35,0.0,0.0,0.2083334128372371,0.0624898989358916,2.92039684318006,0.2527929180115461,0.0,0.0,5.331442344933748,7.0982246696949005,0.13289160728592309,0.6656266649182817,18.293518978048347,3.9293528119738568,2.4738303991401858,0.42181431490031557,0.1295359193237037,0.13684108961644073,-0.03637501783697356,0.09157944816678466,-0.09656076640602902,-0.04373133538080354,0.2625132516151799,0.046757825396205856,0.9125,1.0033318306709393,0.5631683252343146,0.44016350543662475,0.5730305442840488,2.0816681711721685e-17,0.0006200396825396825,0.0008129409171075837,3.641739097083839,2154.6179373381415
600017,6,14,3,0.5,False,0.01240422172683704,0.9844764295140136,0.9437096542220714,0.35,0.0,0.0,0.2083334128372371,0.0624898989358916,2.92039684318006,0.2527929180115461,0.0,0.0,5.331442344933748,7.0982246696949005,0.12839506309174423,0.6712697291180492,19.68452817953707,3.998193092284518,2.4115559362652426,0.40607323011347907,0.1329575485396306,0.13115996274745023,-0.05015393142755705,0.0947028372942773,-0.10144371765939013,-0.04800879366388446,0.270339874849121,0.051336257120070804,0.9208333333333334,1.053484620575916,0.5565598860754586,0.4969247345004575,0.6243458266074028,2.0816681711721685e-17,0.0007716049382716049,0.0010747354497354497,3.836436470318874,2603.0241401592957
600017,7,14,0,0.0,True,0.0,0.996259961884662,0.979054833837768,0.35,0.0,0.0,0.2083334128372371,0.0624898989358916,2.92039684318006,0.2527929180115461,0.0,0.0,5.331442344933748,7.0982246696949005,0.15003819131706633,0.6509574546333051,13.168493725840918,3.7067408741359222,2.7116524293375845,0.38477644890838686,0.11390776880342153,0.1883041094325999,0.03337764184497392,0.08262901835652342,-0.05623805762510281,-0.017141734551711998,0.23925563203013114,0.030156107636219117,0.85,0.8352525092265417,0.5045193396465562,0.33073316957998555,0.3142204473884514,2.0816681711721685e-17,0.00020667989417989417,0.0003169091710758377,3.453872581835315,1807.3725583241428
600017,7,14,0,0.1,False,6.9009861903438214e-06,0.996259961884662,0.979054833837768,0.35,0.0,0.0,0.2083334128372371,0.0624898989358916,2.92039684318006,0.2527929180115461,0.0,0.0,5.331442344933748,7.0982246696949005,0.1455300893923628,0.6488860119074037,14.159095479186057,3.7536837635436306,2.657709762309668,0.4059521079954725,0.11613239327542539,0.1733932858438878,0.013463220901043219,0.08485720806215236,-0.07115930558182558,-0.025299588820170704,0.2431724747689609,0.03306122560547837,0.8666666666666666,0.8654351916925096,0.505361314350221,0.3600738773422886,0.39138677175992614,2.0816681711721685e-17,0.0002755731922398589,0.00045469576719576717,3.411075513042306,1842.756694078841
600017,7,14,0,0.2,False,0.0012410417231453013,0.996259961884662,0.979054833837768,0.35,0.0,0.0,0.2083334128372371,0.0624898989358916,2.92039684318006,0.2527929180115461,0.0,0.0,5.331442344933748,7.0982246696949005,0.14089629259401745,0.6492482206881828,15.401513686662552,3.8019456952648767,2.627474979189524,0.4583891986651409,0.11898983819033428,0.16053780464365064,-0.005608626924261613,0.08730277860466373,-0.083220317688823,-0.03243203171718267,0.24870391358846264,0.036746316389766914,0.8874999999999998,0.9119372294210215,0.5166343849720835,0.39530284444893804,0.4634550411605655,2.0816681711721685e-17,0.0003720238095238095,0.000509810405643739,3.422180809465176,1925.1320565189617
600017,7,14,0,0.3,False,0.004330554394807013,0.996259961884662,0.979054833837768,0.35,0.0,0.0,0.2083334128372371,0.0624898989358916,2.92039684318006,0.2527929180115461,0.0,0.0,5.331442344933748,7.0982246696949005,0.13622725792139645,0.655190927160876,16.900415214086763,3.876114961381153,2.560682799568756,0.45318958284021704,0.12221869633431448,0.15057635636203257,-0.02349706453436197,0.08958304917870581,-0.0924888315781822,-0.038512885727391415,0.25527529110684083,0.04097869032171803,0.9020833333333332,0.9732171414541991,0.5366011504534552,0.4366159910007439,0.5248936896780937,2.0816681711721685e-17,0.00048225308641975306,0.0006889329805996472,3.487724550597972,2072.4001636766393
600017,7,14,0,0.4,False,0.008656356800834708,0.996259961884662,0.979054833837768,0.35,0.0,0.0,0.2083334128372371,0.0624898989358916,2.92039684318006,0.2527929180115461,0.0,0.0,5.331442344933748,7.0982246696949005,0.1316035957617501,0.6618888911053948,18.615349125560805,3.92914660591348,2.4826984467140583,0.4517945668748795,0.12564179753941812,0.1432828789107322,-0.03942813340695837,0.09188613759670827,-0.0992847013633788,-0.04370452571028064,0.2625113096847089,0.04550584506015653,0.9083333333333332,1.0398070088982447,0.5825810583976994,0.4572259505005454,0.5746357962505119,2.0816681711721685e-17,0.0005787037037037037,0.0008956128747795414,3.61069902949403,2386.3591969086197
600017,7,14,0,0.5,False,0.01391664555702318,0.996259961884662,0.979054833837768,0.35,0.0,0.0,0.2083334128372371,0.0624898989358916,2.92039684318006,0.2527929180115461,0.0,0.0,5.331442344933748,7.0982246696949005,0.1270932497651513,0.6681410023230313,20.363488906731252,4.014124844466352,2.4320483538270534,0.4516904307721598,0.12915664940616875,0.13812429546343552,-0.05401176729915164,0.09437161853715564,-0.10400583084609405,-0.04808823332069211,0.27018316424546696,0.05019447393483859,0.9270833333333334,1.0704014231914518,0.6013706915010852,0.4690307316903666,0.6305112804480919,2.0816681711721685e-17,0.0008267195767195767,0.0011160714285714285,3.7967707297128173,2700.377577158851
600017,8,14,2,0.0,True,0.0,0.9890775587322592,0.9612089653333922,0.35,0.0,0.0,0.2083334128372371,0.0624898989358916,2.92039684318006,0.2527929180115461,0.0,0.0,5.331442344933748,7.0982246696949005,0.15055533074710484,0.6472507306129083,13.063332242894623,3.6879028751935863,2.7100317570462953,0.36508078757122336,0.11624858715247677,0.1865370243954835,0.03250226184874714,0.08249714624828412,-0.05430822052185056,-0.017678302042682465,0.23895735641623825,0.030989522333078435,0.8458333333333332,0.8258438889284564,0.49653836437164467,0.3293055245568117,0.3090766839980875,2.0816681711721685e-17,0.00019290123456790122,0.0003169091710758377,3.4529030639003238,1805.4409616321655
600017,8,14,2,0.1,False,5.984617435604374e-06,0.9890775587322592,0.9612089653333922,0.35,0.0,0.0,0.2083334128372371,0.0624898989358916,2.92039684318006,0.2527929180115461,0.0,0.0,5.331442344933748,7.0982246696949005,0.14611176712615595,0.6509910014182871,14.06423517361526,3.7298905993425078,2.6704564186295503,0.4078148427837916,0.11848279310497106,0.17193507006999598,0.01356888655170189,0.08425722552794017,-0.06937846983344904,-0.025637737072389737,0.24295229669617144,0.0339151188987388,0.8895833333333334,0.8686649461458396,0.5012821891708027,0.36738275697503686,0.38133971415564294,2.0816681711721685e-17,0.00026179453262786595,0.0004684744268077601,3.4144791957992804,1809.7440803177233
600017,8,14,2,0.2,False,0.0011353080284860568,0.9890775587322592,0.9612089653333922,0.35,0.0,0.0,0.2083334128372371,0.0624898989358916,2.92039684318006,0.2527929180115461,0.0,0.0,5.331442344933748,7.0982246696949005,0.14152471667864677,0.6534890163656294,15.3551245271681,3.791424711915635,2.5944702620015585,0.4193707794656126,0.12134528204029059,0.1586622414110798,-0.0047111843897986215,0.0863446310775255,-0.08153356039516924,-0.03263479653496645,0.24858539908009292,0.037611196958759745,0.9020833333333332,0.9005478162532916,0.5164951146307272,0.38405270162256444,0.44580964536724565,2.0816681711721685e-17,0.0003995811287477954,0.0005373677248677248,3.4298663092961164,1891.379622024576
600017,8,14,2,0.3,False,0.003988053659710674,0.9890775587322592,0.9612089653333922,0.35,0.0,0.0,0.2083334128372371,0.0624898989358916,2.92039684318006,0.2527929180115461,0.0,0.0,5.331442344933748,7.0982246696949005,0.13688482315736142,0.6570726415274482,16.903755903561827,3.850254888577729,2.5275664409753804,0.40636810281453356,0.12456504400143033,0.1477727353045987,-0.021943357504353677,0.08883893352145951,-0.0908661778867047,-0.038626402290253596,0.25527723303056543,0.0418467079866271,0.9041666666666667,0.9321208976536526,0.5383033492861861,0.3938175483674665,0.5132869068462965,2.0816681711721685e-17,0.0005235890652557319,0.0006613756613756613,3.499741761043559,1955.8019813204446
600017,8,14,2,0.4,False,0.008087990278052166,0.9890775587322592,0.9612089653333922,0.35,0.0,0.0,0.2083334128372371,0.0624898989358916,2.92039684318006,0.2527929180115461,0.0,0.0,5.331442344933748,7.0982246696949005,0.1322767742569115,0.6636635191178092,18.503516514855843,3.9234257838989137,2.4769721102278432,0.4354107968005101,0.12795609451517923,0.13974562630976964,-0.03761095392507536,0.09165009818408006,-0.09775735704942702,-0.04378233900290216,0.2626347104976961,0.04632627559481765,0.9125,1.0120712074302727,0.5517324497370232,0.4603387576932495,0.5767184678342414,2.0816681711721685e-17,0.0006062610229276896,0.0008267195767195767,3.627233506897403,2298.740174204258
600017,8,14,2,0.5,False,0.01302260103524506,0.9890775587322592,0.9612089653333922,0.35,0.0,0.0,0.2083334128372371,0.0624898989358916,2.92039684318006,0.2527929180115461,0.0,0.0,5.331442344933748,7.0982246696949005,0.12777379610682427,0.6708763642525527,20.001970813176086,3.992417683644456,2.422503488229659,0.42929090549746785,0.13140959144155326,0.13432375043251563,-0.05175821776595554,0.09453867513618634,-0.10261450785584177,-0.048136435209517096,0.2704000876929516,0.0509500985191235,0.9270833333333334,1.0698692454038121,0.5879467744534166,0.48192247095039553,0.6263976041858136,2.0816681711721685e-17,0.0007716049382716049,0.0010885141093474426,3.81814393717138,2684.8092800361355
600017,9,26,0,0.0,True,0.0,0.996259961884662,0.979054833837768,0.35,0.0,0.0,0.2433293675072491,0.0601364664407447,3.038868862576783,0.2337071960419416,0.0,0.0,6.421457636170089,8.555320414714515,0.15243952340428424,0.6276844874353743,12.082034398885241,3.6588249871140577,2.8067140236993904,0.41920047179802156,0.11290979767102509,0.1814799212804942,0.03539682812093629,0.08127824168270077,-0.06103322462734762,-0.017211390852505143,0.26329837702343434,0.03142548311596053,0.8541666666666666,0.803363079094445,0.4546586573977216,0.34870442169672344,0.30611006306863864,2.0816681711721685e-17,1.3778659611992945e-05,2.755731922398589e-05,3.57788883272338,15494.059450796549
600017,9,26,0,0.1,True,0.0,0.996259961884662,0.979054833837768,0.35,0.0,0.0,0.2433293675072491,0.0601364664407447,3.038868862576783,0.2337071960419416,0.0,0.0,6.421457636170089,8.555320414714515,0.14822382897493366,0.6238797354905369,13.18978943060029,3.704419660420252,2.758101389378814,0.4427141093633494,0.11533318958005274,0.16783161103431368,0.016283605895239694,0.08327851556169226,-0.07461741733666828,-0.024997598074785004,0.2650556172947624,0.034188464835871506,0.875,0.8328314869791356,0.45113411257148406,0.3816973744076515,0.37825715763160583,2.0816681711721685e-17,2.755731922398589e-05,2.755731922398589e-05,3.534596049119426,15734.701022857107
600017,9,26,0,0.2,False,0.0009092799623394593,0.996259961884662,0.979054833837768,0.35,0.0,0.0,0.2433293675072491,0.0601364664407447,3.038868862576783,0.2337071960419416,0.0,0.0,6.421457636170089,8.555320414714515,0.14388278762745155,0.6303037231434615,14.345527813408793,3.7530199688752415,2.6931817082647354,0.4418304436417559,0.11834714399942821,0.15637455414776857,-0.00264024759212924,0.08526186077700697,-0.08549792563080742,-0.03193533718771469,0.26826492380957556,0.03746826298522885,0.8958333333333334,0.8690959912495477,0.45960737727487466,0.40948861397467307,0.441980677218471,2.0816681711721685e-17,2.755731922398589e-05,5.511463844797178e-05,3.541496234088688,15782.61056841672
600017,9,26,0,0.3,False,0.00367798353240588,0.996259961884662,0.979054833837768,0.35,0.0,0.0,0.2433293675072491,0.0601364664407447,3.038868862576783,0.2337071960419416,0.0,0.0,6.421457636170089,8.555320414714515,0.13949173588083705,0.6364696067292318,15.538776635664254,3.8038493422603623,2.639935203637109,0.45589941384639826,0.12169567757886816,0.1476145285479725,-0.02047813290433421,0.08747776042009574,-0.09387607774334068,-0.037972174370136745,0.2725159624410333,0.04115213504339766,0.8958333333333334,0.9122664864458268,0.48686846870656275,0.425398017739264,0.488023941182364,2.0816681711721685e-17,4.1335978835978834e-05,8.267195767195767e-05,3.5989360060789024,15797.012764352372
600017,9,26,0,0.4,False,0.0077585211954360024,0.996259961884662,0.979054833837768,0.35,0.0,0.0,0.2433293675072491,0.0601364664407447,3.038868862576783,0.2337071960419416,0.0,0.0,6.421457636170089,8.555320414714515,0.13511391708768175,0.6449691199639781,16.778757746097096,3.8878775552989384,2.5545801218466613,0.4675924172562987,0.12519705585553076,0.14132478184325625,-0.036528243867883614,0.08965378667078316,-0.10008625579789206,-0.04302653301527632,0.2774734330039552,0.04512484623189972,0.9083333333333332,0.9848827028519441,0.5293369967305294,0.45554570612141476,0.5556541830478329,2.0816681711721685e-17,6.889329805996472e-05,8.267195767195767e-05,3.7093205146181543,15807.837791409778
600017,9,26,0,0.5,False,0.01277108679411942,0.996259961884662,0.979054833837768,0.35,0.0,0.0,0.2433293675072491,0.0601364664407447,3.038868862576783,0.2337071960419416,0.0,0.0,6.421457636170089,8.555320414714515,0.1308037632874628,0.6510956705323266,18.04719120990417,3.9688056822285973,2.491121706593669,0.46325593342510557,0.12873342533571688,0.1369266995119195,-0.051110401436668944,0.09175654417847312,-0.1045456937661239,-0.04732900236986012,0.28288804230184506,0.04929640625363091,0.9249999999999999,1.0111147576496458,0.535916434802565,0.47519832284708075,0.60412088759507,2.0816681711721685e-17,8.267195767195767e-05,0.00017912257495590828,3.8772739224189983,15820.78820772259
600017,10,28,3,0.0,True,0.0,0.9844764295140136,0.9437096542220714,0.35,0.0,0.0,0.2879540531896055,0.0639038967574015,2.9761056745424868,0.2173629315197467,0.0,0.0,5.157286320813,8.887301716022193,0.15370363073100704,0.6215439778393596,11.968764272516928,3.612996674063796,2.8573184924715336,0.4334500208795487,0.11171032590770924,0.16631251518673598,0.03041348425339308,0.08031053664679406,-0.06282728233601294,-0.017693202709856512,0.28989330327094215,0.036418871824763,0.8770833333333333,0.7608792512516247,0.4160875984015724,0.3447916528500523,0.30571807135800355,2.0816681711721685e-17,0.0001515652557319224,0.00023423721340388006,3.693311692068335,1283.7322221535112
600017,10,28,3,0.1,False,4.8146172766784e-07,0.9844764295140136,0.9437096542220714,0.35,0.0,0.0,0.2879540531896055,0.0639038967574015,2.9761056745424868,0.2173629315197467,0.0,0.0,5.157286320813,8.887301716022193,0.14995633062088767,0.6256291953637874,12.974784055410659,3.645507047149641,2.7648926972814536,0.40691482469928236,0.11406670724963346,0.15541411560399288,0.014594083457160062,0.08243417163639222,-0.07484583242033326,-0.024731154217053044,0.29045365876654144,0.038702927010919264,0.8854166666666666,0.8065401475941756,0.43734926189053547,0.3691908857036401,0.35976516230864924,2.0816681711721685e-17,0.00019290123456790122,0.00033068783068783067,3.6565537928889706,1336.235501702945
600017,10,28,3,0.2,False,0.0008043153342122422,0.9844764295140136,0.9437096542220714,0.35,0.0,0.0,0.2879540531896055,0.0639038967574015,2.9761056745424868,0.2173629315197467,0.0,0.0,5.157286320813,8.887301716022193,0.1460938147765458,0.6359555251201491,14.219746491052154,3.7188387069498297,2.7095608456439995,0.42597612518364764,0.11689975674139924,0.14612662922115263,-0.0015908654159686477,0.08471133759789466,-0.08449623740941052,-0.03101091896649651,0.2924180728035678,0.04158111001962289,0.9,0.8427917783286002,0.44114380569287626,0.40164797263572394,0.4240203850767738,2.0816681711721685e-17,0.0002755731922398589,0.0005235890652557319,3.6666467707357544,1379.936098585463
600017,10,28,3,0.3,False,0.003016232919415979,0.9844764295140136,0.9437096542220714,0.35,0.0,0.0,0.2879540531896055,0.0639038967574015,2.9761056745424868,0.2173629315197467,0.0,0.0,5.157286320813,8.887301716022193,0.1421693743525812,0.6461174640224181,15.621973839297274,3.7707928145735004,2.6335516743329044,0.43991530164557585,0.12001743837779395,0.138849500558065,-0.017128341240206183,0.08707571309631783,-0.09194547238621642,-0.03661031644153991,0.29541072597268353,0.04494660879574538,0.90625,0.8870320624534177,0.4520176389733186,0.4350144234800991,0.46557845774734086,2.0816681711721685e-17,0.000496031746031746,0.0005787037037037037,3.7239780775213167,1490.9401644103025
600017,10,28,3,0.4,False,0.006318447322305487,0.9844764295140136,0.9437096542220714,0.35,0.0,0.0,0.2879540531896055,0.0639038967574015,2.9761056745424868,0.2173629315197467,0.0,0.0,5.157286320813,8.887301716022193,0.13823139310138735,0.6537803403380561,16.969163368376595,3.8284390028221167,2.5879553823751538,0.4641966261395048,0.12328293526126861,0.1334773843272217,-0.03150086703359406,0.08956461944702965,-0.09758839758536719,-0.04148057675614398,0.2991282640781436,0.04863962183834547,0.9145833333333333,0.9273894409624053,0.4592105151846302,0.4681789257777751,0.5347150448678835,2.0816681711721685e-17,0.0005511463844797178,0.0006475970017636684,3.8306795205433537,1669.500770852025
600017,10,28,3,0.5,False,0.010359135181262828,0.9844764295140136,0.9437096542220714,0.35,0.0,0.0,0.2879540531896055,0.0639038967574015,2.9761056745424868,0.2173629315197467,0.0,0.0,5.157286320813,8.887301716022193,0.13433347657583886,0.6594561171656669,18.192601040162778,3.894756389539145,2.5388408790969885,0.47025794764641987,0.12658878512242258,0.129867688542233,-0.04454120453440349,0.09226312643468544,-0.10185402430548458,-0.04562357489736307,0.3033944494859806,0.05247919261244539,0.9187499999999998,0.9609340403230168,0.5001995823812088,0.460734457941808,0.5630224785313571,2.0816681711721685e-17,0.0006338183421516754,0.0008542768959435626,3.99075413205415,1845.5635774285993
600017,11,26,1,0.0,True,0.0,0.9766958138810892,0.98378601407178,0.35,0.0,0.0,0.2433293675072491,0.0601364664407447,3.038868862576783,0.2337071960419416,0.0,0.0,6.421457636170089,8.555320414714515,0.15270967649819991,0.6274944496141693,11.947097043586112,3.65864196056463,2.8476482960333374,0.45391347029167545,0.11206594536650544,0.18157645950630133,0.037772994821766666,0.08086524290147436,-0.06040621586904921,-0.016954984996617073,0.26427954366415446,0.031110383149735438,0.8604166666666666,0.794262814853228,0.45446398935685806,0.33979882549636997,0.31509458723264283,2.0816681711721685e-17,0.0,2.755731922398589e-05,3.6050204880696413,15225.280621260586
600017,11,26,1,0.1,True,0.0,0.9766958138810892,0.98378601407178,0.35,0.0,0.0,0.2433293675072491,0.0601364664407447,3.038868862576783,0.2337071960419416,0.0,0.0,6.421457636170089,8.555320414714515,0.14849529177205167,0.6227230168983299,13.052522341161769,3.719093732110167,2.7629678353275406,0.4424593818024216,0.11446313605339566,0.16780432946812573,0.018318192415689286,0.08288487589414091,-0.07419978798442294,-0.024879814914535326,0.26601460143434874,0.03383375865588779,0.875,0.8360599453087225,0.46340677097392124,0.3726531743348013,0.3786999014950937,2.0816681711721685e-17,2.755731922398589e-05,2.755731922398589e-05,3.558502979726525,15684.322927598289
600017,11,26,1,0.2,False,0.0007158559014264791,0.9766958138810892,0.98378601407178,0.35,0.0,0.0,0.2433293675072491,0.0601364664407447,3.038868862576783,0.2337071960419416,0.0,0.0,6.421457636170089,8.555320414714515,0.14415118229177648,0.6293396288455749,14.219258638118598,3.772407481905263,2.6913199857699674,0.42654668873094453,0.11747111699707824,0.15620413635130523,-0.0006519578924068422,0.08489320131212515,-0.08527430752576881,-0.03186083252559072,0.2692119078449454,0.03713347793781847,0.8854166666666666,0.8641719787386997,0.48044419732195565,0.383727781416744,0.43283584303495115,2.0816681711721685e-17,2.755731922398589e-05,4.1335978835978834e-05,3.5628971602356323,15775.557838272885
600017,11,26,1,0.3,False,0.0032860818101033244,0.9766958138810892,0.98378601407178,0.35,0.0,0.0,0.2433293675072491,0.0601364664407447,3.038868862576783,0.2337071960419416,0.0,0.0,6.421457636170089,8.555320414714515,0.139753803256497,0.6340801085273804,15.421077705596687,3.8172725823395646,2.652340456285356,0.46300701045159,0.1208312449500829,0.14733332742670513,-0.018534748358420852,0.08695622737114611,-0.09382532995644793,-0.03796949245558542,0.2734603414472086,0.040835388211852654,0.9,0.9348298683468219,0.502009425074651,0.43282044327217095,0.47724124583183747,2.0816681711721685e-17,4.1335978835978834e-05,8.267195767195767e-05,3.618484296193014,15797.666407702842
600017,11,26,1,0.4,False,0.007275513189680532,0.9766958138810892,0.98378601407178,0.35,0.0,0.0,0.2433293675072491,0.0601364664407447,3.038868862576783,0.2337071960419416,0.0,0.0,6.421457636170089,8.555320414714515,0.13536783053680115,0.6422900748916999,16.67129018355544,3.8864304817105833,2.5658554470354322,0.4510232862336578,0.12435911476116028,0.14101239051650194,-0.03489852203561163,0.08905992351891508,-0.10017799997590315,-0.04312683312145224,0.2784288438742245,0.04484156218575583,0.9104166666666665,0.9629367501346329,0.5265931123018298,0.43634363783280306,0.5299725292551205,2.0816681711721685e-17,6.889329805996472e-05,8.267195767195767e-05,3.727642679097236,15810.258321722882
600017,11,26,1,0.5,False,0.012276866587750259,0.9766958138810892,0.98378601407178,0.35,0.0,0.0,0.2433293675072491,0.0601364664407447,3.038868862576783,0.2337071960419416,0.0,0.0,6.421457636170089,8.555320414714515,0.13104715670791778,0.6491237751016169,17.954132159510767,3.980779459460385,2.4810547710076194,0.46191398730840344,0.12793262792453444,0.13661357026997414,-0.049818598164360454,0.09099790755961522,-0.10473457323982172,-0.04745594028612434,0.28386274458413213,0.04905185276796733,0.9291666666666666,0.9846543221988354,0.5397924617833049,0.44486186041553055,0.5862484380269762,2.0816681711721685e-17,8.267195767195767e-05,0.00016534391534391533,3.8950087863311196,15824.227261094386
600017,12,28,2,0.0,True,0.0,0.9890775587322592,0.9612089653333922,0.35,0.0,0.0,0.2879540531896055,0.0639038967574015,2.9761056745424868,0.2173629315197467,0.0,0.0,5.157286320813,8.887301716022193,0.15326509126630283,0.6186864987730009,12.069458344031938,3.612123132476866,2.834531099558769,0.4171053850398563,0.11047459560205458,0.16850101555377398,0.03129180347876807,0.08100436752038594,-0.06419598822128436,-0.017267861872174516,0.2904354501554985,0.036041501740633815,0.8729166666666667,0.7621053632328795,0.42219652432526533,0.33990883890761414,0.3117465031406979,2.0816681711721685e-17,0.0001515652557319224,0.00023423721340388006,3.693286613822521,1297.4479714185022
600017,12,28,2,0.1,False,1.5611377915021543e-07,0.9890775587322592,0.9612089653333922,0.35,0.0,0.0,0.2879540531896055,0.0639038967574015,2.9761056745424868,0.2173629315197467,0.0,0.0,5.157286320813,8.887301716022193,0.1494657256497636,0.6230556848170322,13.052267123921288,3.661945615760819,2.768742965644563,0.4128244694121652,0.11279186738613596,0.1576781911335476,0.014768859267826541,0.08295395805097201,-0.07614746514208572,-0.02445841345444476,0.29087321967634366,0.03835254904031548,0.8937499999999999,0.8208529728618805,0.4347734987368467,0.38607947412503385,0.3696596910699386,2.0816681711721685e-17,0.00017912257495590828,0.0003444664902998236,3.6539284385691793,1358.4574150645765
600017,12,28,2,0.2,False,0.0008590219283404438,0.9890775587322592,0.9612089653333922,0.35,0.0,0.0,0.2879540531896055,0.0639038967574015,2.9761056745424868,0.2173629315197467,0.0,0.0,5.157286320813,8.887301716022193,0.14556014242839335,0.6327438969340121,14.24290392625216,3.730473691368538,2.699548325924912,0.43513166781101936,0.11558706988982874,0.14865747145700045,-0.0021458093838205364,0.08525143404429252,-0.0857502960824066,-0.03085355580540541,0.2926950067991803,0.041226162998892625,0.8979166666666666,0.8393158015167064,0.44735861638027996,0.3919571851364264,0.4163267429475922,2.0816681711721685e-17,0.0003031305114638448,0.0004684744268077601,3.6614288302312943,1396.936402104475
600017,12,28,2,0.3,False,0.0032011307126337944,0.9890775587322592,0.9612089653333922,0.35,0.0,0.0,0.2879540531896055,0.0639038967574015,2.9761056745424868,0.2173629315197467,0.0,0.0,5.157286320813,8.887301716022193,0.14160293704756222,0.6438285202196509,15.665691561704406,3.7813812211887576,2.6294816816656934,0.43255813228049006,0.11867391251595445,0.14159975469569677,-0.018098443439701215,0.08751818160297514,-0.09317279018623648,-0.03652560933313032,0.29556111764100224,0.044601421792167716,0.90625,0.8895956450522532,0.4583003832858158,0.4312952617664374,0.4769737924387244,2.0816681711721685e-17,0.0004409171075837742,0.0005649250440917107,3.7161142237450164,1551.760384706887
600017,12,28,2,0.4,False,0.006647132615756066,0.9890775587322592,0.9612089653333922,0.35,0.0,0.0,0.2879540531896055,0.0639038967574015,2.9761056745424868,0.2173629315197467,0.0,0.0,5.157286320813,8.887301716022193,0.1376428381235905,0.6502551922457385,17.150287287662515,3.8341096069073486,2.584304905917012,0.4658125813731764,0.12191704070336307,0.136424341580663,-0.03269502027913521,0.08973840446709684,-0.09875913938153691,-0.04145119341778438,0.29916215781978756,0.04829297799714927,0.9125,0.9181236899191926,0.47789385440262633,0.44022983551656625,0.5200383020980015,2.0816681711721685e-17,0.0005649250440917107,0.0006613756613756613,3.8200543047581035,1698.2392903920843
600017,12,28,2,0.5,False,0.010945416837447604,0.9890775587322592,0.9612089653333922,0.35,0.0,0.0,0.2879540531896055,0.0639038967574015,2.9761056745424868,0.2173629315197467,0.0,0.0,5.157286320813,8.887301716022193,0.13373108591912278,0.6572636899710234,18.49263610436059,3.897070717492241,2.530388460204577,0.45507628857931154,0.1252149275402075,0.1329238333062843,-0.04620290252263781,0.09216794477459135,-0.10294224423589256,-0.045661372683066324,0.3033223263909985,0.0521663093321828,0.9270833333333334,0.9629736574047696,0.5012267344073739,0.4617469229973957,0.5641350454572034,2.0816681711721685e-17,0.0006062610229276896,0.0008680555555555555,3.977187053475879,1857.288047329
600017,13,14,1,0.0,True,0.0,0.9766958138810892,0.98378601407178,0.35,0.0,0.0,0.2083334128372371,0.0624898989358916,2.92039684318006,0.2527929180115461,0.0,0.0,5.331442344933748,7.0982246696949005,0.15031170509831018,0.6502954894998093,13.05488200028305,3.726871113631232,2.7395471303076904,0.4037154117168446,0.11307875646234844,0.18870870032869122,0.03550424832819037,0.08213221153987546,-0.05555310181496773,-0.016855796997697844,0.24002687954164495,0.029831653627728272,0.8479166666666668,0.8527568026622909,0.5098372789539822,0.3429195237083087,0.29876213299018667,2.0816681711721685e-17,0.0002204585537918871,0.00028935185185185184,3.4784165689855855,1808.4497723740851
600017,13,14,1,0.1,True,0.0,0.9766958138810892,0.98378601407178,0.35,0.0,0.0,0.2083334128372371,0.0624898989358916,2.92039684318006,0.2527929180115461,0.0,0.0,5.331442344933748,7.0982246696949005,0.1458002404662191,0.6467906403936267,14.005935706573593,3.7662355912033703,2.6786425116749455,0.41226452812234243,0.11529779068538078,0.1737165544962669,0.01561805745488093,0.08424158332283088,-0.07065328172251899,-0.025147219552604638,0.24387831316560935,0.03270727345026295,0.8583333333333334,0.8736414397917697,0.5032564565624817,0.3703849832292879,0.3780036189735866,2.0816681711721685e-17,0.000248015873015873,0.0003720238095238095,3.432242421639639,1820.161455034617
600017,13,14,1,0.2,False,0.0010239789626464825,0.9766958138810892,0.98378601407178,0.35,0.0,0.0,0.2083334128372371,0.0624898989358916,2.92039684318006,0.2527929180115461,0.0,0.0,5.331442344933748,7.0982246696949005,0.1411607950274749,0.6470229024471299,15.198245458764852,3.8403865229149368,2.6366594111660437,0.4510703028818724,0.11816529211209865,0.1607159334239774,-0.0037198077044528544,0.08670315166245922,-0.08292542412706976,-0.032351300048896726,0.24939016358718535,0.03635291152307931,0.875,0.9074319158265168,0.5030303892944952,0.40440152653202166,0.46542981014312196,2.0816681711721685e-17,0.0003169091710758377,0.000496031746031746,3.4407338936289986,1930.1387911541512
600017,13,14,1,0.3,False,0.003930317387357067,0.9766958138810892,0.98378601407178,0.35,0.0,0.0,0.2083334128372371,0.0624898989358916,2.92039684318006,0.2527929180115461,0.0,0.0,5.331442344933748,7.0982246696949005,0.13648516589449639,0.6532656434517778,16.648831519612752,3.898113053705268,2.560064904639859,0.4474546855765576,0.12141448934114618,0.15070625274375254,-0.021674962411545456,0.0891052800127342,-0.0924165033152634,-0.03854042797325409,0.2559867936204014,0.04060672962122708,0.8958333333333334,0.9863138523396424,0.5508397011921382,0.4354741511475042,0.5181583418333595,2.0816681711721685e-17,0.0004684744268077601,0.0006200396825396825,3.5043534865203987,2072.3423805702782
600017,13,14,1,0.4,False,0.008141078943370758,0.9766958138810892,0.98378601407178,0.35,0.0,0.0,0.2083334128372371,0.0624898989358916,2.92039684318006,0.2527929180115461,0.0,0.0,5.331442344933748,7.0982246696949005,0.13185127274299088,0.6597160760684869,18.34096375268598,3.9580499946062844,2.490947066756935,0.45495502847868,0.1248657743347148,0.14346544176048046,-0.03778333772503457,0.09147953012538616,-0.09938402079641441,-0.043711157087471274,0.2632596833750199,0.04519264167870705,0.9083333333333332,1.0545891087221613,0.582639727352183,0.4719493813699783,0.5778982483215346,2.0816681711721685e-17,0.0005511463844797178,0.0008818342151675485,3.626066010883416,2387.9524521302947
600017,13,14,1,0.5,False,0.013389610218762369,0.9766958138810892,0.98378601407178,0.35,0.0,0.0,0.2083334128372371,0.0624898989358916,2.92039684318006,0.2527929180115461,0.0,0.0,5.331442344933748,7.0982246696949005,0.12732773170342265,0.6659851682467122,20.169073306096756,4.037034085414722,2.4486868499063412,0.4857253124564836,0.12841834286428505,0.1382068969828263,-0.052692387733894806,0.09391319327299368,-0.10422199830892769,-0.0481863769874045,0.27097878380254486,0.049968425988100806,0.9270833333333334,1.0720650358431547,0.6112891230060582,0.4607759128370965,0.623382085926733,2.0816681711721685e-17,0.0007716049382716049,0.0010609567901234567,3.8115578294672616,2703.165616472113
600017,14,28,0,0.0,True,0.0,0.996259961884662,0.979054833837768,0.35,0.0,0.0,0.2879540531896055,0.0639038967574015,2.9761056745424868,0.2173629315197467,0.0,0.0,5.157286320813,8.887301716022193,0.15277960190966086,0.6167049018285222,12.196048193353318,3.639498301375589,2.810994962561935,0.41870076103886084,0.10859000968029608,0.17028483998084423,0.03212437166062171,0.08173255494927872,-0.06606668337858519,-0.016748326524865548,0.2910868594168013,0.035380770254990195,0.8645833333333334,0.7837939670482159,0.4394683777686156,0.34432558927960033,0.3086604832288902,2.0816681711721685e-17,0.00019290123456790122,0.00026179453262786595,3.694121398311936,1330.3320473278393
600017,14,28,0,0.1,False,1.6564479808406694e-07,0.996259961884662,0.979054833837768,0.35,0.0,0.0,0.2879540531896055,0.0639038967574015,2.9761056745424868,0.2173629315197467,0.0,0.0,5.157286320813,8.887301716022193,0.14892075922022743,0.622359947799236,13.18281249418199,3.6682799155658627,2.7553780951765376,0.42734814621407047,0.11084433612775436,0.1595840486652121,0.014761908019823598,0.083656799599591,-0.0778619538869495,-0.02407195446121423,0.29136553175910773,0.037712014458337016,0.8791666666666668,0.8191265215141601,0.4513875547105203,0.3677389668036398,0.3618060320616426,2.0816681711721685e-17,0.00023423721340388006,0.00033068783068783067,3.6509203984227034,1378.66823402358
600017,14,28,0,0.2,False,0.0009038989064634286,0.996259961884662,0.979054833837768,0.35,0.0,0.0,0.2879540531896055,0.0639038967574015,2.9761056745424868,0.2173629315197467,0.0,0.0,5.157286320813,8.887301716022193,0.14496492421342472,0.6303200228775384,14.324674590727781,3.7314074400842903,2.7101160713946566,0.4535817991820896,0.11358852756305937,0.15098866848074488,-0.002587973256303494,0.08570986250571029,-0.08733080297846102,-0.030605063867869858,0.2929836485424888,0.0405842699346109,0.8895833333333334,0.8370950372011865,0.4653679561258385,0.371727081075348,0.4232024048216805,2.0816681711721685e-17,0.00028935185185185184,0.0004684744268077601,3.6546946850444826,1463.4565072656153
600017,14,28,0,0.3,False,0.0033744957591213434,0.996259961884662,0.979054833837768,0.35,0.0,0.0,0.2879540531896055,0.0639038967574015,2.9761056745424868,0.2173629315197467,0.0,0.0,5.157286320813,8.887301716022193,0.14097065605623968,0.6379301312194813,15.67293454037943,3.7997037370773596,2.6393593347129527,0.43632717426855083,0.11664230198456567,0.1444690936875865,-0.018982889976652987,0.08799447910451003,-0.09467680314721487,-0.036402271308126066,0.29565940667329765,0.04395431107832526,0.8979166666666666,0.8818507506051503,0.4750594170037079,0.4067913336014424,0.4716230346321727,2.0816681711721685e-17,0.00038580246913580245,0.0005373677248677248,3.705667505638695,1582.1055443423259
600017,14,28,0,0.4,False,0.007090948848190326,0.996259961884662,0.979054833837768,0.35,0.0,0.0,0.2879540531896055,0.0639038967574015,2.9761056745424868,0.2173629315197467,0.0,0.0,5.157286320813,8.887301716022193,0.1369885323206528,0.64676354916591,17.221472004245232,3.8508655341549183,2.5948240864571983,0.46035090290700015,0.1198730347308981,0.13980520858494735,-0.03426154656090219,0.090142799871421,-0.10015371268465607,-0.04138483830797072,0.29911294566188434,0.04767457988880338,0.9187500000000001,0.933413218454909,0.5031334717683028,0.4302797466866062,0.5188887303755612,2.0816681711721685e-17,0.00048225308641975306,0.0006889329805996472,3.8058114252732502,1701.9004519384073
600017,14,28,0,0.5,False,0.011694650421064805,0.996259961884662,0.979054833837768,0.35,0.0,0.0,0.2879540531896055,0.0639038967574015,2.9761056745424868,0.2173629315197467,0.0,0.0,5.157286320813,8.887301716022193,0.1330637338391379,0.655853540287988,18.79097781414276,3.9172818570188768,2.5501671855183723,0.4908123005362246,0.12318068526677084,0.13654416669102837,-0.04826295709456604,0.09222255110245244,-0.10415187719088588,-0.045645891803365556,0.30314442239582434,0.051588072743765256,0.9270833333333334,0.9650560567136716,0.5297463782339575,0.435309678479714,0.5645609538311711,2.0816681711721685e-17,0.0006338183421516754,0.0009093915343915343,3.9589697702682805,1846.5932159990978
600017,15,28,1,0.0,True,0.0,0.9766958138810892,0.98378601407178,0.35,0.0,0.0,0.2879540531896055,0.0639038967574015,2.9761056745424868,0.2173629315197467,0.0,0.0,5.157286320813,8.887301716022193,0.15304622438453142,0.6145322345111516,12.065518208594122,3.6328983064863394,2.8601053849835005,0.46345823514257595,0.10783547720606072,0.16998627968969826,0.034193298903380964,0.08142434991780155,-0.06543769611689822,-0.016562861964643214,0.29201620084580976,0.035115226593475636,0.86875,0.7647978879594135,0.43096641148611603,0.3338314764732975,0.3130738138972307,2.0816681711721685e-17,0.00019290123456790122,0.000248015873015873,3.723328917368091,1316.5351966145404
600017,15,28,1,0.1,True,0.0,0.9766958138810892,0.98378601407178,0.35,0.0,0.0,0.2879540531896055,0.0639038967574015,2.9761056745424868,0.2173629315197467,0.0,0.0,5.157286320813,8.887301716022193,0.14918676809656645,0.6207719019450739,13.033018263585546,3.675207409107564,2.8031852373694712,0.45702794362814014,0.11007146686172542,0.1591771197619132,0.016639064242547876,0.08326530373538153,-0.07741017722350942,-0.023958911235312134,0.29226441610449766,0.03741001751887699,0.8854166666666666,0.8131535461204218,0.4576530992454393,0.3555004468749825,0.36756750884865264,2.0816681711721685e-17,0.00023423721340388006,0.0003169091710758377,3.6768344533649397,1383.5577229653748
600017,15,28,1,0.2,False,0.0007328244715045578,0.9766958138810892,0.98378601407178,0.35,0.0,0.0,0.2879540531896055,0.0639038967574015,2.9761056745424868,0.2173629315197467,0.0,0.0,5.157286320813,8.887301716022193,0.14522522964269488,0.6265814098360022,14.132320411743649,3.7324322920003463,2.7287892394654807,0.4566225328767494,0.11281197217954521,0.15051228373816458,-0.0008363775769791257,0.08517006152068045,-0.08701794384107682,-0.030593062362025292,0.29383013162274857,0.04024062616857908,0.8874999999999998,0.821511525439985,0.46544409254743135,0.3560674328925536,0.41743305323205177,2.0816681711721685e-17,0.0002755731922398589,0.00038580246913580245,3.6779923876504967,1460.8171036910553
600017,15,28,1,0.3,False,0.0030398869568830063,0.9766958138810892,0.98378601407178,0.35,0.0,0.0,0.2879540531896055,0.0639038967574015,2.9761056745424868,0.2173629315197467,0.0,0.0,5.157286320813,8.887301716022193,0.14122319927525015,0.6348644335058004,15.403033006037402,3.79609309813103,2.6402744668467917,0.4352870324831237,0.11587151996287165,0.14399915594751792,-0.017254074375484516,0.08740759552956005,-0.09450333362735501,-0.036473921140267755,0.2964620108055897,0.043578583079988444,0.8979166666666667,0.8866300808737508,0.474000462966774,0.41262961790697683,0.4668241969078596,2.0816681711721685e-17,0.00035824514991181656,0.000496031746031746,3.7269614498966988,1581.5677533090404
600017,15,28,1,0.4,False,0.006632679225774807,0.9766958138810892,0.98378601407178,0.35,0.0,0.0,0.2879540531896055,0.0639038967574015,2.9761056745424868,0.2173629315197467,0.0,0.0,5.157286320813,8.887301716022193,0.13723457233721206,0.6441382700228228,16.894643236745576,3.8495663758378367,2.5691690490626224,0.43158298347661034,0.11911924573484302,0.13934754640360333,-0.032643138520051164,0.08960672880348064,-0.100120076544644,-0.04150388999618163,0.2999183153160185,0.047322642032963845,0.9166666666666666,0.9394544542339076,0.4898644046621563,0.4495900495717513,0.5117584372081405,2.0816681711721685e-17,0.00045469576719576717,0.0007027116402116402,3.8256820587283045,1702.3008026455602
600017,15,28,1,0.5,False,0.011159622263750888,0.9766958138810892,0.98378601407178,0.35,0.0,0.0,0.2879540531896055,0.0639038967574015,2.9761056745424868,0.2173629315197467,0.0,0.0,5.157286320813,8.887301716022193,0.13330211030717184,0.6532989496549826,18.521336508283134,3.9033785092984807,2.514989747754185,0.4410682630072614,0.12245505553224363,0.13611038011739032,-0.04679888129417997,0.09165335524703773,-0.10418993885908927,-0.04581569140934821,0.3039721175637828,0.05129875529917355,0.9291666666666667,0.9596904036682024,0.5219023854986481,0.43778801816955426,0.5642261873687556,2.0816681711721685e-17,0.0005924823633156966,0.0008129409171075837,3.977997785865893,1847.507914149284
630019,0,18,0,0.0,True,0.0,0.996259961884662,0.979054833837768,0.35,0.0,0.0,0.2333221411332488,0.0694007444800809,2.9358963377773764,0.2495993215590715,0.0,0.0,6.073741978500038,7.956517500802875,0.15319326104174005,0.6065557718073582,10.381164626126873,3.702751285841605,2.8164417408181666,0.3592047678676635,0.0814010805510907,0.19706623896304806,0.049867021963781955,0.07631967985927941,-0.049174904391385416,-0.012983450084198564,0.20259818570546526,0.025841985649335906,0.8479166666666668,0.938968273978944,0.5384687244495302,0.4004995495294138,0.27684158997715425,2.0816681711721685e-17,2.755731922398589e-05,5.511463844797178e-05,4.008577469900456,7883.059519114663
630019,0,18,0,0.1,True,0.0,0.996259961884662,0.979054833837768,0.35,0.0,0.0,0.2333221411332488,0.0694007444800809,2.9358963377773764,0.2495993215590715,0.0,0.0,6.073741978500038,7.956517500802875,0.1488687982003916,0.6084451198112868,11.171404607469642,3.7634555721158196,2.7581465694415,0.3688592551782202,0.08338740870509113,0.18942237223144667,0.029025913670137054,0.07825764192636328,-0.0614480546629707,-0.02122807089027468,0.20655841472794734,0.028593599730742787,0.8624999999999999,0.9888181144739041,0.5381948584855419,0.45062325598836217,0.3809839653623281,2.0816681711721685e-17,4.1335978835978834e-05,6.889329805996472e-05,3.9998479154642794,7886.172699763164
630019,0,18,0,0.2,False,0.00014739745311411715,0.996259961884662,0.979054833837768,0.35,0.0,0.0,0.2333221411332488,0.0694007444800809,2.9358963377773764,0.2495993215590715,0.0,0.0,6.073741978500038,7.956517500802875,0.14438220526621123,0.6115734700238656,12.021608187933296,3.820140848146002,2.703140182437167,0.3699185825330824,0.08639043428104602,0.1825147027933165,0.007897669861800372,0.07999918006063617,-0.07138937757532937,-0.02854593208475778,0.21242607347962572,0.03184800600055883,0.86875,1.0272383409558787,0.5568673338207946,0.4703710071350842,0.45968185608947953,2.0816681711721685e-17,5.511463844797178e-05,9.645061728395061e-05,4.045850970286712,7890.4782606558265
630019,0,18,0,0.3,False,0.002156197853941629,0.996259961884662,0.979054833837768,0.35,0.0,0.0,0.2333221411332488,0.0694007444800809,2.9358963377773764,0.2495993215590715,0.0,0.0,6.073741978500038,7.956517500802875,0.1398238209061066,0.6187390889719564,12.90376501364033,3.874088007450015,2.652157717253774,0.3929176991655736,0.09008318328791554,0.17606850236025598,-0.012164403372155517,0.08169069758159438,-0.07916103475978592,-0.03489578260951377,0.21957999757091465,0.03547149697810704,0.9,1.0881422503333373,0.5991203225715829,0.48902192776175446,0.536605769037623,2.0816681711721685e-17,8.267195767195767e-05,0.0001240079365079365,4.109705981084126,7918.558994978288
630019,0,18,0,0.4,False,0.006017680764768952,0.996259961884662,0.979054833837768,0.35,0.0,0.0,0.2333221411332488,0.0694007444800809,2.9358963377773764,0.2495993215590715,0.0,0.0,6.073741978500038,7.956517500802875,0.1352688788740493,0.6227561131626765,13.816141882623077,3.9371092381385906,2.592944643722493,0.4248206047930257,0.09420104704630461,0.1694377760770346,-0.030380621411821306,0.08389730965923663,-0.08505891491388275,-0.04040271272059815,0.22749565113771175,0.03938111572762768,0.9041666666666667,1.1388212067051777,0.6112558780531061,0.5275653286520716,0.6075502897452307,2.0816681711721685e-17,0.0001240079365079365,0.0001515652557319224,4.193682581120452,7940.512296155902
630019,0,18,0,0.5,False,0.011075675380043459,0.996259961884662,0.979054833837768,0.35,0.0,0.0,0.2333221411332488,0.0694007444800809,2.9358963377773764,0.2495993215590715,0.0,0.0,6.073741978500038,7.956517500802875,0.13078056269365668,0.6275884877872423,14.762579491440343,4.010994882359625,2.5506730084999725,0.4374468155945547,0.09854438544452643,0.16261433084079524,-0.04656600528648397,0.08645326479757882,-0.08942672738950375,-0.04512232471639808,0.23577361456413592,0.043393305042418014,0.9166666666666666,1.1967017610770365,0.6591970362054025,0.537504724871634,0.6717893229599754,2.0816681711721685e-17,0.00013778659611992945,0.00019290123456790122,4.337261800848199,7966.662240683624
630019,1,18,1,0.0,True,0.0,0.9766958138810892,0.98378601407178,0.35,0.0,0.0,0.2333221411332488,0.0694007444800809,2.9358963377773764,0.2495993215590715,0.0,0.0,6.073741978500038,7.956517500802875,0.1533497875601675,0.6061386487300543,10.271276130365264,3.698563380365601,2.817949508075891,0.3701002182581425,0.08166522472375722,0.19785479383399793,0.05152603536718601,0.07657331619176677,-0.048964236378511244,-0.012902335564008533,0.20273611756861673,0.025705693531353924,0.8395833333333332,0.9156661829415956,0.5239514936150595,0.3917146893265361,0.27443176805344655,2.0816681711721685e-17,4.1335978835978834e-05,4.1335978835978834e-05,3.973588916633412,7882.440901521818
630019,1,18,1,0.1,True,0.0,0.9766958138810892,0.98378601407178,0.35,0.0,0.0,0.2333221411332488,0.0694007444800809,2.9358963377773764,0.2495993215590715,0.0,0.0,6.073741978500038,7.956517500802875,0.14902479210848155,0.6062689316597282,11.042713379796696,3.7647162475460063,2.778251129680836,0.3872581952558995,0.08361411911334145,0.18991660909819572,0.030608729947511317,0.0785074210581923,-0.061535476624639686,-0.021229603765821062,0.20647819562509548,0.028411277244720087,0.8562500000000001,0.9654285353756622,0.5374872294700515,0.42794130590561075,0.3669480772576306,2.0816681711721685e-17,4.1335978835978834e-05,5.511463844797178e-05,3.9601760215563893,7885.357671597808
630019,1,18,1,0.2,False,9.773837329094489e-05,0.9766958138810892,0.98378601407178,0.35,0.0,0.0,0.2333221411332488,0.0694007444800809,2.9358963377773764,0.2495993215590715,0.0,0.0,6.073741978500038,7.956517500802875,0.14453317393703727,0.6104331797565058,11.900679349025646,3.812927984034742,2.720964624737015,0.4027565084125999,0.08658724170758803,0.18274756044413462,0.009216530902693988,0.08016400463213051,-0.07175278146563538,-0.028657011194119963,0.21217111091566254,0.03162402903234326,0.8708333333333332,1.0299306089031695,0.5455853545854299,0.48434525431773956,0.4641923638343718,2.0816681711721685e-17,5.511463844797178e-05,8.267195767195767e-05,4.000283315908745,7898.399731372996
630019,1,18,1,0.3,False,0.0019984795229026414,0.9766958138810892,0.98378601407178,0.35,0.0,0.0,0.2333221411332488,0.0694007444800809,2.9358963377773764,0.2495993215590715,0.0,0.0,6.073741978500038,7.956517500802875,0.1399667109756774,0.6168570558447887,12.799867872673095,3.875161639628851,2.6658764255924168,0.41609097908384535,0.09025969103622954,0.17602335066859265,-0.011152048767264033,0.08177659852712894,-0.0797465171481945,-0.03512289515203887,0.2192018523699469,0.03524688880677631,0.8937499999999999,1.0813039323411044,0.6031519272052588,0.47815200513584566,0.5374065069203249,2.0816681711721685e-17,8.267195767195767e-05,0.0001240079365079365,4.095183172017481,7918.731556116377
630019,1,18,1,0.4,False,0.0058585379501552536,0.9766958138810892,0.98378601407178,0.35,0.0,0.0,0.2333221411332488,0.0694007444800809,2.9358963377773764,0.2495993215590715,0.0,0.0,6.073741978500038,7.956517500802875,0.13540110120737095,0.622771986485529,13.731355381156265,3.941444355169643,2.5901577762774894,0.40590407432135295,0.094365917399007,0.16914375426386297,-0.029776535707799926,0.08427053782025795,-0.08578878117611148,-0.04067772564316407,0.22704175657382097,0.03916275035005134,0.9020833333333332,1.1444994914630708,0.6243985172674609,0.52010097419561,0.595204523074808,2.0816681711721685e-17,0.0001240079365079365,0.00013778659611992945,4.248361415771547,7938.201166092265
630019,1,18,1,0.5,False,0.010967258830675267,0.9766958138810892,0.98378601407178,0.35,0.0,0.0,0.2333221411332488,0.0694007444800809,2.9358963377773764,0.2495993215590715,0.0,0.0,6.073741978500038,7.956517500802875,0.13090009384997361,0.6274529469580029,14.702214051283375,4.006128750179401,2.5502276439274785,0.4420298164012033,0.09870534379993794,0.16219034966109347,-0.04626393844120571,0.0868312238626567,-0.09022248581864845,-0.04544316619979052,0.23528347184116652,0.043215421448030734,0.9166666666666666,1.1806310504642104,0.6579746184769216,0.5226564319872887,0.6602595207374542,2.0816681711721685e-17,0.00013778659611992945,0.00019290123456790122,4.465732043351058,7963.015390539604
630019,2,18,2,0.0,True,0.0,0.9890775587322592,0.9612089653333922,0.35,0.0,0.0,0.2333221411332488,0.0694007444800809,2.9358963377773764,0.2495993215590715,0.0,0.0,6.073741978500038,7.956517500802875,0.1537119782513647,0.6071738980704148,10.35883391883472,3.674347382133839,2.8033602101515878,0.3460340070183808,0.08135774159794701,0.18996024890252586,0.04943645827011305,0.0742844319834542,-0.04839731669424052,-0.0132588763585903,0.20142433168115517,0.025409344415360576,0.8354166666666666,0.9200848276597474,0.5259969480223239,0.39408787963742353,0.26984835685862596,2.0816681711721685e-17,2.755731922398589e-05,5.511463844797178e-05,3.852242561769796,7883.086335548197
630019,2,18,2,0.1,True,0.0,0.9890775587322592,0.9612089653333922,0.35,0.0,0.0,0.2333221411332488,0.0694007444800809,2.9358963377773764,0.2495993215590715,0.0,0.0,6.073741978500038,7.956517500802875,0.14944938035427416,0.6111628459653359,11.169523485912,3.744617467352074,2.748314688391004,0.3377208881113655,0.08322190586698215,0.18379461754549212,0.02926513331667287,0.07621694140944253,-0.06022246553494945,-0.021344869516380014,0.20540841710616556,0.028041297677543403,0.8562500000000001,0.9609356538168974,0.5387147077773867,0.42222094603951066,0.3797307869020369,2.0816681711721685e-17,4.1335978835978834e-05,5.511463844797178e-05,3.880751569599855,7886.300608396709
630019,2,18,2,0.2,False,0.00011779124568932216,0.9890775587322592,0.9612089653333922,0.35,0.0,0.0,0.2333221411332488,0.0694007444800809,2.9358963377773764,0.2495993215590715,0.0,0.0,6.073741978500038,7.956517500802875,0.1450137038519775,0.6169976919394952,12.033909673409832,3.797835168759363,2.6686917700202133,0.346412106140417,0.08616915454196361,0.17823252433805958,0.008650896988075538,0.07821982965635797,-0.06977351507894562,-0.028522289606079998,0.21137704682864986,0.03126594649869986,0.8687499999999999,1.0025351787672085,0.5521311645531461,0.4504040142140624,0.45535406898478054,2.0816681711721685e-17,5.511463844797178e-05,8.267195767195767e-05,3.990465246784236,7890.745472032687
630019,2,18,2,0.3,False,0.0019432293189970888,0.9890775587322592,0.9612089653333922,0.35,0.0,0.0,0.2333221411332488,0.0694007444800809,2.9358963377773764,0.2495993215590715,0.0,0.0,6.073741978500038,7.956517500802875,0.14049513485716203,0.620534792593402,12.91460036412924,3.8556724460221488,2.630118021143138,0.3736793248261361,0.08985969443229991,0.17299378901013882,-0.010788013760151802,0.08019371762840811,-0.0772601303258156,-0.03476235172164654,0.21868222831883657,0.03493149237956052,0.8895833333333334,1.0667141471972772,0.5945135734090219,0.4722005737882553,0.5213032543371927,2.0816681711721685e-17,8.267195767195767e-05,0.0001240079365079365,4.1533021498725935,7906.265270625751
630019,2,18,2,0.4,False,0.0055551772285076404,0.9890775587322592,0.9612089653333922,0.35,0.0,0.0,0.2333221411332488,0.0694007444800809,2.9358963377773764,0.2495993215590715,0.0,0.0,6.073741978500038,7.956517500802875,0.13597020334277146,0.6241419319754778,13.809461311805364,3.9242441696153434,2.57998344164433,0.4192904570688554,0.09401991545916137,0.16754462566716555,-0.02860184086739948,0.08248131205160769,-0.08299271141892835,-0.04010367770191259,0.22678128229822359,0.03890692231303935,0.9104166666666668,1.1160824112135876,0.6278437446609199,0.4882386665526678,0.5983094248276342,2.0816681711721685e-17,0.00011022927689594356,0.00013778659611992945,4.240190323795704,7930.155089132466
630019,2,18,2,0.5,False,0.01032910232507185,0.9890775587322592,0.9612089653333922,0.35,0.0,0.0,0.2333221411332488,0.0694007444800809,2.9358963377773764,0.2495993215590715,0.0,0.0,6.073741978500038,7.956517500802875,0.13150157973859314,0.629016902389431,14.726239333687177,4.0034075712293715,2.5356885087107455,0.4444440028053038,0.0984350390134648,0.1615530530218164,-0.04445483195836747,0.08505992224484073,-0.08730776200411593,-0.04461841321916721,0.23525192841908626,0.04300532966269993,0.9166666666666666,1.184324302702497,0.6445521374772212,0.5397721652252758,0.6503088434388757,2.0816681711721685e-17,0.0001240079365079365,0.00017912257495590828,4.386866789769884,7953.833756775308
630019,3,18,3,0.0,True,0.0,0.9844764295140136,0.9437096542220714,0.35,0.0,0.0,0.2333221411332488,0.0694007444800809,2.9358963377773764,0.2495993215590715,0.0,0.0,6.073741978500038,7.956517500802875,0.15414557902168532,0.6092460450113594,10.298118043410508,3.6551582539616825,2.7994126853026287,0.31361895433743153,0.08143557341270002,0.18414948360196,0.04835300744216237,0.07311790620574478,-0.04749840225799699,-0.013571648483337412,0.2004059845730415,0.025063242914612704,0.8416666666666668,0.9247173081751455,0.5096018781347345,0.41511543004041107,0.27500698294970316,2.0816681711721685e-17,2.755731922398589e-05,5.511463844797178e-05,3.7463939280271106,7883.182967532073
630019,3,18,3,0.1,True,0.0,0.9844764295140136,0.9437096542220714,0.35,0.0,0.0,0.2333221411332488,0.0694007444800809,2.9358963377773764,0.2495993215590715,0.0,0.0,6.073741978500038,7.956517500802875,0.1499429137944712,0.6122738043380521,11.117926048611194,3.7284737732680946,2.7420764041306325,0.33560036851286407,0.08316950901163002,0.1790924785805704,0.029171652104856133,0.07473991733535405,-0.05902899707649084,-0.021558713847568522,0.20436730395412972,0.027563045908951606,0.84375,0.9648775485909509,0.5519933583443574,0.4128841902465935,0.3784037172178165,2.0816681711721685e-17,2.755731922398589e-05,5.511463844797178e-05,3.7504390803668657,7886.516760019363
630019,3,18,3,0.2,False,9.645066130783788e-05,0.9844764295140136,0.9437096542220714,0.35,0.0,0.0,0.2333221411332488,0.0694007444800809,2.9358963377773764,0.2495993215590715,0.0,0.0,6.073741978500038,7.956517500802875,0.14555627191909806,0.6190923938553838,11.996453641245274,3.805530770592353,2.6866779578442386,0.369249404651415,0.08604216751268996,0.1744264159634211,0.009254756091681153,0.07663905484794305,-0.06830671664574721,-0.028548466167022935,0.2103832710298812,0.030744676077763797,0.86875,0.9971084759790116,0.5533393896610276,0.44376908631798406,0.4498667867159286,2.0816681711721685e-17,5.511463844797178e-05,8.267195767195767e-05,3.8302102742425297,7891.125070946148
630019,3,18,3,0.3,False,0.0018175057881068572,0.9844764295140136,0.9437096542220714,0.35,0.0,0.0,0.2333221411332488,0.0694007444800809,2.9358963377773764,0.2495993215590715,0.0,0.0,6.073741978500038,7.956517500802875,0.14107556327154142,0.6218471034828935,12.885974960086328,3.857809786314325,2.643435807737303,0.38446366051086117,0.08970380152420308,0.1698475450006501,-0.00993984599661492,0.07897928764585492,-0.07557419596015702,-0.03463724897446419,0.21778340837267382,0.034424369644469675,0.8895833333333334,1.0759977191667005,0.5679737343400876,0.5080239848266129,0.5259559461459705,2.0816681711721685e-17,8.267195767195767e-05,0.00011022927689594356,3.9914149443223135,7897.389778677588
630019,3,18,3,0.4,False,0.0052204152924044765,0.9844764295140136,0.9437096542220714,0.35,0.0,0.0,0.2333221411332488,0.0694007444800809,2.9358963377773764,0.2495993215590715,0.0,0.0,6.073741978500038,7.956517500802875,0.1365790750307837,0.6249844759921389,13.778713118289085,3.9278771491091007,2.5905605504175537,0.408838311212491,0.09387473718792731,0.1650213187861269,-0.027267678235776343,0.08128597997366759,-0.08115801277620509,-0.03990922534890481,0.22601085143690236,0.03845020238548474,0.9083333333333333,1.1209077636362021,0.5953160744453895,0.5255916891908127,0.595102583644229,2.0816681711721685e-17,9.645061728395061e-05,0.00013778659611992945,4.244611998946229,7920.249896844511
630019,3,18,3,0.5,False,0.00974055034537196,0.9844764295140136,0.9437096542220714,0.35,0.0,0.0,0.2333221411332488,0.0694007444800809,2.9358963377773764,0.2495993215590715,0.0,0.0,6.073741978500038,7.956517500802875,0.13213034565763784,0.6299747617359772,14.681695174524187,3.9895765445111344,2.519485105643026,0.410834091122777,0.09833258389595202,0.15963659937766075,-0.042736122505281894,0.08385777676841903,-0.08539021551839608,-0.044329728400190144,0.2346281352645887,0.04262607073457738,0.9208333333333334,1.171631192398254,0.6260035223184988,0.5456276700797553,0.6459909800963813,2.0816681711721685e-17,0.0001240079365079365,0.00016534391534391533,4.427337947513308,7943.843466426949
630019,4,26,3,0.0,True,0.0,0.9844764295140136,0.9437096542220714,0.35,0.0,0.0,0.2433293675072491,0.0601364664407447,3.038868862576783,0.2337071960419416,0.0,0.0,6.421457636170089,8.555320414714515,0.15925992443724343,0.5978236153516511,8.968425424388029,3.5562857317036536,2.936704612765394,0.34499809725947156,0.0880971561261538,0.19207024289993188,0.0595443086307188,0.07166344853619393,-0.04690596714518746,-0.012724279708137496,0.22506566560203511,0.024000148659356443,0.8354166666666666,0.8103514034080603,0.4266393744216046,0.38371202898645573,0.2429294694645539,2.0816681711721685e-17,1.3778659611992945e-05,1.3778659611992945e-05,3.283291091233894,15772.251092620667
630019,4,26,3,0.1,True,0.0,0.9844764295140136,0.9437096542220714,0.35,0.0,0.0,0.2433293675072491,0.0601364664407447,3.038868862576783,0.2337071960419416,0.0,0.0,6.421457636170089,8.555320414714515,0.15534707193135422,0.601875409625605,9.688240605530988,3.6245912530223126,2.8577935019708858,0.35431431571208777,0.08950128560836605,0.1856551938827773,0.04051888025168026,0.07348594790868933,-0.05909826576189873,-0.021044718636766952,0.22715589157408297,0.026235344885075614,0.84375,0.8489633677078987,0.44645514906747685,0.40250821864042186,0.32652967719402437,2.0816681711721685e-17,1.3778659611992945e-05,1.3778659611992945e-05,3.27603517183262,15774.96369235668
630019,4,26,3,0.2,True,0.0,0.9844764295140136,0.9437096542220714,0.35,0.0,0.0,0.2433293675072491,0.0601364664407447,3.038868862576783,0.2337071960419416,0.0,0.0,6.421457636170089,8.555320414714515,0.1512173998191528,0.6097687114701092,10.474779012231442,3.689882097838961,2.7873302088022864,0.34719210965448283,0.09212955708603066,0.17976092639230354,0.020054625271950784,0.07532864792328677,-0.06904518702979906,-0.02854705687403446,0.2313275637046485,0.029134086989090622,0.8583333333333334,0.8915512510267061,0.4418138657603422,0.44973738526636386,0.4173631247371226,2.0816681711721685e-17,1.3778659611992945e-05,1.3778659611992945e-05,3.3280672924645827,15778.11976697234
630019,4,26,3,0.3,False,0.0006973702520711468,0.9844764295140136,0.9437096542220714,0.35,0.0,0.0,0.2433293675072491,0.0601364664407447,3.038868862576783,0.2337071960419416,0.0,0.0,6.421457636170089,8.555320414714515,0.14695249898126214,0.6154841838970809,11.30644747123612,3.7345454131575835,2.7369454874066323,0.37620203483756026,0.0956078027567027,0.1741966551787761,-0.0004485447377754054,0.07726741718905406,-0.07692670498610547,-0.035056626267199055,0.23698129847060354,0.03256850913545837,0.8875000000000001,0.9334993271903794,0.4684852407377479,0.46501408645263154,0.4831276381614692,2.0816681711721685e-17,1.3778659611992945e-05,1.3778659611992945e-05,3.443012632043813,15782.280941224528
630019,4,26,3,0.4,False,0.0034122385441609187,0.9844764295140136,0.9437096542220714,0.35,0.0,0.0,0.2433293675072491,0.0601364664407447,3.038868862576783,0.2337071960419416,0.0,0.0,6.421457636170089,8.555320414714515,0.14262609850686922,0.6205387064620428,12.175827070814842,3.8161528423423405,2.6806541269645585,0.39771249634429157,0.09963019529159363,0.16864904434833194,-0.019172406057745922,0.0793457910344672,-0.08304504134545586,-0.04075617035262725,0.24359070533907992,0.036436208308745645,0.9,0.9849940849159748,0.4979994058340468,0.48699467908192806,0.5525104682000177,2.0816681711721685e-17,1.3778659611992945e-05,2.755731922398589e-05,3.5528174695102677,15787.82928774228
630019,4,26,3,0.5,False,0.007568831753213923,0.9844764295140136,0.9437096542220714,0.35,0.0,0.0,0.2433293675072491,0.0601364664407447,3.038868862576783,0.2337071960419416,0.0,0.0,6.421457636170089,8.555320414714515,0.13830123912880657,0.6256865513311322,13.090995120876924,3.8741041548645527,2.6282581891528847,0.41647523910566936,0.10396138185066522,0.1629436488287728,-0.03589443433955853,0.08135078439423037,-0.08772602680041225,-0.04549959349820589,0.25073793609347167,0.04057737009389648,0.9104166666666668,1.0400433021622888,0.5133321404983404,0.5267111616639484,0.6055051462369556,2.0816681711721685e-17,2.755731922398589e-05,4.1335978835978834e-05,3.703353478745836,15795.231236411773
630019,5,26,2,0.0,True,0.0,0.9890775587322592,0.9612089653333922,0.35,0.0,0.0,0.2433293675072491,0.0601364664407447,3.038868862576783,0.2337071960419416,0.0,0.0,6.421457636170089,8.555320414714515,0.15887867620928936,0.5939159219198998,9.025165234098344,3.576664883028473,2.9646569253439217,0.3600614006444876,0.08798615433092198,0.19799430924835026,0.06094437468400676,0.07317544340323102,-0.047795786105666184,-0.012400657079108797,0.22590244285868097,0.0243338098781197,0.8416666666666668,0.8137045980959711,0.42207670794711627,0.3916278901488548,0.23552862917117787,2.0816681711721685e-17,1.3778659611992945e-05,1.3778659611992945e-05,3.3611288544361737,15772.425952596173
630019,5,26,2,0.1,True,0.0,0.9890775587322592,0.9612089653333922,0.35,0.0,0.0,0.2433293675072491,0.0601364664407447,3.038868862576783,0.2337071960419416,0.0,0.0,6.421457636170089,8.555320414714515,0.15490605974265884,0.5995279264419598,9.738556524313474,3.6514395520467366,2.8652108559876246,0.35491618288842525,0.08952777927213172,0.19062577031232983,0.04124328060937329,0.07508197865255593,-0.06028766726071851,-0.02091334510199948,0.22800241992950832,0.026699488687923878,0.8541666666666666,0.8543924159030762,0.4348877594721594,0.41950465643091683,0.33686926713532017,2.0816681711721685e-17,1.3778659611992945e-05,1.3778659611992945e-05,3.3722435518160303,15774.833797717023
630019,5,26,2,0.2,True,0.0,0.9890775587322592,0.9612089653333922,0.35,0.0,0.0,0.2433293675072491,0.0601364664407447,3.038868862576783,0.2337071960419416,0.0,0.0,6.421457636170089,8.555320414714515,0.15072566129734927,0.6072447523436075,10.52055449030181,3.696143368225119,2.7780838429465806,0.33382050114172584,0.09223687836879642,0.18389626721834937,0.019714453026962175,0.07684965066126322,-0.07050424398261687,-0.028548245216993475,0.23212733673454655,0.02966631353566408,0.8583333333333333,0.8890472405012305,0.4453977590884921,0.4436494814127384,0.4247773303363974,2.0816681711721685e-17,1.3778659611992945e-05,1.3778659611992945e-05,3.446417873342515,15777.836653383492
630019,5,26,2,0.3,False,0.000768860332510051,0.9890775587322592,0.9612089653333922,0.35,0.0,0.0,0.2433293675072491,0.0601364664407447,3.038868862576783,0.2337071960419416,0.0,0.0,6.421457636170089,8.555320414714515,0.1464198503207765,0.6134411861399941,11.352570559680766,3.745396242363412,2.7301747357899893,0.3707095617964891,0.09574729782444256,0.17765436949643695,-0.0012210735555095772,0.07859391189231064,-0.0786116519310266,-0.03517099716354386,0.2376932820588693,0.03309947810521067,0.8854166666666666,0.9430592983867008,0.48762699241786933,0.45543230596883144,0.4828503469248089,2.0816681711721685e-17,1.3778659611992945e-05,2.755731922398589e-05,3.5884242940151965,15781.833315619077
630019,5,26,2,0.4,False,0.0036518048288341097,0.9890775587322592,0.9612089653333922,0.35,0.0,0.0,0.2433293675072491,0.0601364664407447,3.038868862576783,0.2337071960419416,0.0,0.0,6.421457636170089,8.555320414714515,0.14206187043653096,0.6191129548534834,12.231573207869632,3.8139078651250293,2.682807771030968,0.39759118885212574,0.09976340599809648,0.17152905395952198,-0.02035164646162542,0.08051909453217625,-0.08489219666225067,-0.04094888864465649,0.2441944653475195,0.036933704986544906,0.9,0.9736515208085288,0.5099366486049022,0.4637148722036266,0.5496975830092399,2.0816681711721685e-17,1.3778659611992945e-05,2.755731922398589e-05,3.7011704311723697,15787.159457202035
630019,5,26,2,0.5,False,0.008068745566666178,0.9890775587322592,0.9612089653333922,0.35,0.0,0.0,0.2433293675072491,0.0601364664407447,3.038868862576783,0.2337071960419416,0.0,0.0,6.421457636170089,8.555320414714515,0.13771374337119086,0.6242573853791464,13.163901266928619,3.8861760701372443,2.632842135089423,0.419824078443554,0.1040609698180666,0.1653187703593632,-0.03754832491671197,0.08265821114443246,-0.0896598243822276,-0.04583268729436211,0.2512309582683175,0.041038105565346976,0.9125,1.0323435934537593,0.5428517382059759,0.4894918552477834,0.604893660563308,2.0816681711721685e-17,2.755731922398589e-05,6.889329805996472e-05,3.817121659096889,15794.247466324961
630019,6,14,3,0.0,True,0.0,0.9844764295140136,0.9437096542220714,0.35,0.0,0.0,0.2083334128372371,0.0624898989358916,2.92039684318006,0.2527929180115461,0.0,0.0,5.331442344933748,7.0982246696949005,0.15735173042526232,0.6081055539156857,9.704045997421474,3.6272372702025577,2.8386841661472695,0.2861795531921999,0.08959580475467029,0.19448090198713533,0.05979824739151187,0.0731717833587565,-0.04468720195946191,-0.012438030597717255,0.2038571047993819,0.02281784272523575,0.8145833333333332,0.8602120928307274,0.4786060058609327,0.3816060869697947,0.25595362427994583,2.0816681711721685e-17,8.267195767195767e-05,0.00011022927689594356,3.349516906847512,1799.559007392391
630019,6,14,3,0.1,True,0.0,0.9844764295140136,0.9437096542220714,0.35,0.0,0.0,0.2083334128372371,0.0624898989358916,2.92039684318006,0.2527929180115461,0.0,0.0,5.331442344933748,7.0982246696949005,0.1530688814983009,0.6109194982165377,10.488552595058337,3.6761184017841173,2.8026109786551103,0.33165397396272706,0.09093795227581332,0.18808310968930822,0.039322409119586815,0.07496154573174316,-0.05786771716209251,-0.020978022095954545,0.20810662199527655,0.02533413602280379,0.8333333333333334,0.8938565963874322,0.4821598249405117,0.4116967714469205,0.35547907135079704,2.0816681711721685e-17,9.645061728395061e-05,0.00013778659611992945,3.3513699218676067,1802.1121125089123
630019,6,14,3,0.2,True,0.0,0.9844764295140136,0.9437096542220714,0.35,0.0,0.0,0.2083334128372371,0.0624898989358916,2.92039684318006,0.2527929180115461,0.0,0.0,5.331442344933748,7.0982246696949005,0.1485515741478793,0.6163916979906285,11.35039504949392,3.7540912956449204,2.7384414962678254,0.35940130451193425,0.09362762707161593,0.18212681411086984,0.018068178500048694,0.07685727244568784,-0.0685089501828931,-0.028554904187000043,0.21467601539648584,0.02862609116427084,0.8604166666666666,0.9524454496930737,0.49814175264061666,0.454303697052457,0.44219188320265534,2.0816681711721685e-17,0.0001240079365079365,0.00016534391534391533,3.3972112043858207,1810.9136772880754
630019,6,14,3,0.3,False,0.0009552911198831117,0.9844764295140136,0.9437096542220714,0.35,0.0,0.0,0.2083334128372371,0.0624898989358916,2.92039684318006,0.2527929180115461,0.0,0.0,5.331442344933748,7.0982246696949005,0.14390492580762407,0.6229992659892346,12.26383351277974,3.824446023455661,2.6763092513899434,0.3760920622446901,0.0972283516949674,0.1765172346197249,-0.0030810537165840493,0.07891427004841166,-0.07680332123194812,-0.03514644141313411,0.22274104916161278,0.0325303384962041,0.8854166666666666,0.9873718289969814,0.529363996819529,0.45800783217745245,0.5051060633444708,2.0816681711721685e-17,0.00016534391534391533,0.0002204585537918871,3.442956866790496,1820.0186737844945
630019,6,14,3,0.4,False,0.004080701932214171,0.9844764295140136,0.9437096542220714,0.35,0.0,0.0,0.2083334128372371,0.0624898989358916,2.92039684318006,0.2527929180115461,0.0,0.0,5.331442344933748,7.0982246696949005,0.13922421596174506,0.626340940243519,13.224075903949824,3.876652316456967,2.605079634039987,0.3866161789524392,0.10138921592317156,0.17106482602297887,-0.022370017644523458,0.08144993036072609,-0.08309640928367959,-0.04075871905361358,0.23163131086990874,0.03687749618168836,0.8958333333333334,1.0458042836920685,0.5438666241300558,0.5019376595620126,0.5847042863784309,2.0816681711721685e-17,0.00020667989417989417,0.00033068783068783067,3.545149353233064,1848.371761034504
630019,6,14,3,0.5,False,0.008764206034149834,0.9844764295140136,0.9437096542220714,0.35,0.0,0.0,0.2083334128372371,0.0624898989358916,2.92039684318006,0.2527929180115461,0.0,0.0,5.331442344933748,7.0982246696949005,0.1345881750822094,0.6324731083662397,14.25364166377126,3.9599380716841295,2.555698727065648,0.41687269936708854,0.1058562699050651,0.16560373496101802,-0.03976614291728902,0.0841922110002757,-0.08779395930830314,-0.04540540969926329,0.24085550083609997,0.04157932284194593,0.9166666666666666,1.085326606350381,0.5564260493979114,0.5289005569524696,0.6297038017915092,2.0816681711721685e-17,0.00028935185185185184,0.0005235890652557319,3.707753710023294,1911.7767184952672
630019,7,14,0,0.0,True,0.0,0.996259961884662,0.979054833837768,0.35,0.0,0.0,0.2083334128372371,0.0624898989358916,2.92039684318006,0.2527929180115461,0.0,0.0,5.331442344933748,7.0982246696949005,0.15643972210259677,0.6032519878336923,9.785580255640433,3.6360366893622467,2.8807465173001585,0.3525387354179459,0.0895029884968143,0.20875273760099802,0.062135438890339977,0.07644128134183158,-0.04612394341039181,-0.011823583946534759,0.20676732507878737,0.02345800559345537,0.8145833333333332,0.8634854675547843,0.4785976132528018,0.38488785430198247,0.25463033690859416,2.0816681711721685e-17,6.889329805996472e-05,0.0001240079365079365,3.421980720546616,1800.9598228463271
630019,7,14,0,0.1,True,0.0,0.996259961884662,0.979054833837768,0.35,0.0,0.0,0.2083334128372371,0.0624898989358916,2.92039684318006,0.2527929180115461,0.0,0.0,5.331442344933748,7.0982246696949005,0.15203467228682585,0.6060341495994639,10.526296821155347,3.7090048693783686,2.8064076083785054,0.3454531199535067,0.09112597354126752,0.1998869234521529,0.03989365386277149,0.07846025876397038,-0.06007786592954581,-0.020656954168140538,0.21101362777728058,0.02633636511572901,0.8375,0.930040449427078,0.5070380388072886,0.4230024106197894,0.3494599037715132,2.0816681711721685e-17,0.0001240079365079365,0.0001515652557319224,3.4066083982953033,1809.7403951455626
630019,7,14,0,0.2,True,0.0,0.996259961884662,0.979054833837768,0.35,0.0,0.0,0.2083334128372371,0.0624898989358916,2.92039684318006,0.2527929180115461,0.0,0.0,5.331442344933748,7.0982246696949005,0.14741513106338452,0.6112024734189037,11.358746994422331,3.7623089838209935,2.7402266779607074,0.3566187494979884,0.09393894007910379,0.19161086971767216,0.01676081887924887,0.0804616847336982,-0.07142957484136907,-0.028499852114857796,0.217354022927437,0.029790854091553992,0.8645833333333334,0.9649894252407714,0.5024180056800329,0.46257141956073844,0.4388975601860595,2.0816681711721685e-17,0.00013778659611992945,0.00019290123456790122,3.4391906096833247,1818.2328081319217
630019,7,14,0,0.3,False,0.0012359943481686237,0.996259961884662,0.979054833837768,0.35,0.0,0.0,0.2083334128372371,0.0624898989358916,2.92039684318006,0.2527929180115461,0.0,0.0,5.331442344933748,7.0982246696949005,0.1426900820549595,0.6166209909882021,12.269754045795287,3.8234258499195746,2.6630377951510833,0.36713549001311135,0.09753626230643114,0.18414768792735656,-0.005566676099992608,0.08225723024843203,-0.08032082478496509,-0.03536972496553672,0.22504865084101908,0.03368897436396139,0.8937499999999999,1.017154023779117,0.5543583370743042,0.46279568670481286,0.5233485629684257,2.0816681711721685e-17,0.00016534391534391533,0.000248015873015873,3.4948624755662823,1828.7731700005968
630019,7,14,0,0.4,False,0.004897671077716697,0.996259961884662,0.979054833837768,0.35,0.0,0.0,0.2083334128372371,0.0624898989358916,2.92039684318006,0.2527929180115461,0.0,0.0,5.331442344933748,7.0982246696949005,0.13795441517052567,0.6231250198147267,13.268708714607419,3.885774403848583,2.629469582129299,0.409610972763124,0.10160825574294989,0.17717229112948782,-0.025940267275282855,0.08440339759706378,-0.08705032148983995,-0.0412913107971873,0.2335122487609839,0.03794732382208279,0.9041666666666667,1.079538208529081,0.5889932191403379,0.49054498938874314,0.6020450225443017,2.0816681711721685e-17,0.0002204585537918871,0.0003995811287477954,3.55879258834131,1842.8890650361366
630019,7,14,0,0.5,False,0.010218607614654346,0.996259961884662,0.979054833837768,0.35,0.0,0.0,0.2083334128372371,0.0624898989358916,2.92039684318006,0.2527929180115461,0.0,0.0,5.331442344933748,7.0982246696949005,0.13328136847559047,0.6292398782797036,14.371763574761049,3.9545384099387704,2.564187245924241,0.4227622467479821,0.10593217176168668,0.17033036289147793,-0.044135970364280686,0.08734389492061224,-0.09199277777114236,-0.04624800091258501,0.24230624719214533,0.042485200243230735,0.9249999999999999,1.1337791812396096,0.6103400165765525,0.5234391646630572,0.6711714496790501,2.0816681711721685e-17,0.00035824514991181656,0.0005511463844797178,3.6744833436054027,1862.238353266044
630019,8,14,2,0.0,True,0.0,0.9890775587322592,0.9612089653333922,0.35,0.0,0.0,0.2083334128372371,0.0624898989358916,2.92039684318006,0.2527929180115461,0.0,0.0,5.331442344933748,7.0982246696949005,0.1569385265878107,0.6058280513574819,9.763685001786813,3.634279694502553,2.8388292111174103,0.31411336593044786,0.08949362973897329,0.2009161004161867,0.06125179806175782,0.07434968794955125,-0.04550000273953573,-0.012077471145439523,0.20522200286262707,0.023103081465577987,0.8229166666666666,0.8634958141953897,0.47778502653060895,0.38571078766478073,0.2458934145946407,2.0816681711721685e-17,8.267195767195767e-05,0.0001240079365079365,3.4372559631272352,1799.4117181149968
630019,8,14,2,0.1,True,0.0,0.9890775587322592,0.9612089653333922,0.35,0.0,0.0,0.2083334128372371,0.0624898989358916,2.92039684318006,0.2527929180115461,0.0,0.0,5.331442344933748,7.0982246696949005,0.152595455112259,0.6082564382347981,10.53342911534921,3.6907930066784957,2.8036233952471363,0.3320959410798489,0.09098410975737924,0.19344911126915668,0.039851334449384976,0.07636831012241391,-0.05899375103401053,-0.02079011670863681,0.20950526074671924,0.02579265592735751,0.84375,0.9069711512179103,0.49540428356455035,0.4115668676533599,0.35990319896528117,2.0816681711721685e-17,0.0001240079365079365,0.00013778659611992945,3.4601352800769605,1805.8616639905524
630019,8,14,2,0.2,True,0.0,0.9890775587322592,0.9612089653333922,0.35,0.0,0.0,0.2083334128372371,0.0624898989358916,2.92039684318006,0.2527929180115461,0.0,0.0,5.331442344933748,7.0982246696949005,0.14802775194960183,0.6152116660714638,11.382907677604814,3.754917141564123,2.728474401536109,0.3479202879366026,0.09375007332329759,0.18651462739303895,0.017700890720810724,0.07851721224329043,-0.06992231784397884,-0.028508055400600658,0.21600198183655409,0.029169471471690096,0.8604166666666667,0.9430756906555151,0.5150144804155985,0.4280612102399166,0.43799441930982164,2.0816681711721685e-17,0.0001240079365079365,0.00017912257495590828,3.5047257384515658,1814.346222816773
630019,8,14,2,0.3,False,0.0010409552300192733,0.9890775587322592,0.9612089653333922,0.35,0.0,0.0,0.2083334128372371,0.0624898989358916,2.92039684318006,0.2527929180115461,0.0,0.0,5.331442344933748,7.0982246696949005,0.14334254612398903,0.62060406100862,12.292585713226678,3.817200130032558,2.6550759326119855,0.37120902428306685,0.09736415087659749,0.1801946734608257,-0.0038743451169397044,0.08049418639103452,-0.07846758187065682,-0.035217105931559446,0.22391848177537232,0.03309143858734139,0.8854166666666666,0.9880179061485745,0.5539411634816936,0.4340767426668809,0.5092778340573099,2.0816681711721685e-17,0.00017912257495590828,0.00020667989417989417,3.521482033182796,1823.8493869008917
630019,8,14,2,0.4,False,0.004432591622046251,0.9890775587322592,0.9612089653333922,0.35,0.0,0.0,0.2083334128372371,0.0624898989358916,2.92039684318006,0.2527929180115461,0.0,0.0,5.331442344933748,7.0982246696949005,0.13863563235220847,0.6265652469695613,13.267715395977072,3.877819046498102,2.6097408676360776,0.39759662523208195,0.10149387081392931,0.17426335965843875,-0.02394796102307255,0.08281434674476354,-0.08495648008549928,-0.04095037640612228,0.23262343141741848,0.03741345373529338,0.9020833333333332,1.057284199997472,0.5985051771687881,0.4587790228286839,0.5810154307177209,2.0816681711721685e-17,0.00019290123456790122,0.0003995811287477954,3.587886799141708,1836.203516386556
630019,8,14,2,0.5,False,0.009432490182926356,0.9890775587322592,0.9612089653333922,0.35,0.0,0.0,0.2083334128372371,0.0624898989358916,2.92039684318006,0.2527929180115461,0.0,0.0,5.331442344933748,7.0982246696949005,0.13398226603712282,0.6316649276990848,14.329803043633452,3.9460129655488694,2.5543739871222306,0.41945878824578703,0.10590053117115011,0.1683843680393565,-0.04181578964383028,0.08541638072732904,-0.08977488499666027,-0.04573345117945565,0.2416521499307077,0.04204715431817721,0.9208333333333334,1.1084732579283736,0.6128499380019008,0.4956233199264728,0.6347011837422022,2.0816681711721685e-17,0.00033068783068783067,0.000509810405643739,3.705956285732894,1891.5446943990103
630019,9,26,0,0.0,True,0.0,0.996259961884662,0.979054833837768,0.35,0.0,0.0,0.2433293675072491,0.0601364664407447,3.038868862576783,0.2337071960419416,0.0,0.0,6.421457636170089,8.555320414714515,0.1584217406535217,0.5936420096243261,9.052712935237437,3.589700629953404,2.9379317370875206,0.36416113977190695,0.08798916535377005,0.20525064871222995,0.061972349741325115,0.07532692694221828,-0.048570656408784496,-0.012179634654420964,0.22683997875517534,0.024743084981325245,0.8333333333333334,0.8203510409412774,0.43021857535378416,0.39013246558749326,0.24390618923572896,2.0816681711721685e-17,1.3778659611992945e-05,1.3778659611992945e-05,3.5079819520706077,15772.410915098624
630019,9,26,0,0.1,True,0.0,0.996259961884662,0.979054833837768,0.35,0.0,0.0,0.2433293675072491,0.0601364664407447,3.038868862576783,0.2337071960419416,0.0,0.0,6.421457636170089,8.555320414714515,0.1543863546533515,0.598354790200291,9.75354443720916,3.6553247511162676,2.8606328694357317,0.3523160046077964,0.08965967802753727,0.19666242402302417,0.0410511765866503,0.07702475069568776,-0.061498013512834813,-0.02078612003809394,0.2289082007803204,0.02723369224740294,0.8520833333333333,0.8608798374130942,0.43608947613187476,0.4247903612812194,0.3445721718678806,2.0816681711721685e-17,1.3778659611992945e-05,1.3778659611992945e-05,3.5498293076845946,15774.697492084759
630019,9,26,0,0.2,True,0.0,0.996259961884662,0.979054833837768,0.35,0.0,0.0,0.2433293675072491,0.0601364664407447,3.038868862576783,0.2337071960419416,0.0,0.0,6.421457636170089,8.555320414714515,0.1501524484624215,0.6029980913967595,10.53244201634437,3.7146877029903216,2.786999029907385,0.3447683772839068,0.09242904703318026,0.18872118386542489,0.018980326038602478,0.07867328295504214,-0.07210272680934271,-0.028571025214638,0.23293687700654553,0.03021789673747004,0.8645833333333334,0.9074425542808191,0.46017656942667684,0.44726598485414226,0.4159985810041217,2.0816681711721685e-17,1.3778659611992945e-05,2.755731922398589e-05,3.581859866827847,15777.584747799117
630019,9,26,0,0.3,False,0.0009071874876709955,0.996259961884662,0.979054833837768,0.35,0.0,0.0,0.2433293675072491,0.0601364664407447,3.038868862576783,0.2337071960419416,0.0,0.0,6.421457636170089,8.555320414714515,0.14580275948171886,0.6105226005733949,11.373505367888844,3.7677352025792614,2.747454033263701,0.3892383532782871,0.09594340389899021,0.1813001300528998,-0.0026199386482531908,0.0801487000789432,-0.08050503702632168,-0.03539730768230264,0.2383672146830401,0.03363064717297402,0.8874999999999998,0.9409552579729537,0.5048099331950093,0.4361453247779443,0.49851063933868806,2.0816681711721685e-17,1.3778659611992945e-05,2.755731922398589e-05,3.602386711229473,15781.431507789812
630019,9,26,0,0.4,False,0.004031407392199235,0.996259961884662,0.979054833837768,0.35,0.0,0.0,0.2433293675072491,0.0601364664407447,3.038868862576783,0.2337071960419416,0.0,0.0,6.421457636170089,8.555320414714515,0.14141014034140278,0.6168160143446678,12.274181114707224,3.8374317502031965,2.6710359960823644,0.37950990935819234,0.09992216781686858,0.1740490579499151,-0.022143618493563378,0.08195109853700953,-0.08696320365826692,-0.04129240172856222,0.24471978378641138,0.037429991817470976,0.9020833333333332,0.9947130801179979,0.5285415478513278,0.4661715322666701,0.5673305085822834,2.0816681711721685e-17,2.755731922398589e-05,5.511463844797178e-05,3.66892817989779,15786.5497244867
630019,9,26,0,0.5,False,0.008821887065373875,0.996259961884662,0.979054833837768,0.35,0.0,0.0,0.2433293675072491,0.0601364664407447,3.038868862576783,0.2337071960419416,0.0,0.0,6.421457636170089,8.555320414714515,0.13703719091086694,0.623072683474733,13.233610190459643,3.911158476576899,2.6238106454922163,0.40765163451740377,0.1041572841072498,0.16702296120665053,-0.039946067201825954,0.084292718058811,-0.09180244959729274,-0.04632891633012646,0.25161033373793934,0.04147782394546296,0.9125000000000001,1.0560007643634397,0.5235733816754367,0.532427382688003,0.6396241917198336,2.0816681711721685e-17,2.755731922398589e-05,6.889329805996472e-05,3.783287900653049,15793.343381534765
630019,10,28,3,0.0,True,0.0,0.9844764295140136,0.9437096542220714,0.35,0.0,0.0,0.2879540531896055,0.0639038967574015,2.9761056745424868,0.2173629315197467,0.0,0.0,5.157286320813,8.887301716022193,0.15898666046072488,0.5890779106830792,8.971112433497765,3.5598868619574975,2.9433819406713813,0.34631332214358945,0.08470117393117295,0.18548704165359334,0.053423052765060396,0.0714887549362679,-0.048807787137388925,-0.012655235438337764,0.2485505958164046,0.0278810577489971,0.8624999999999999,0.7977455640879721,0.39875006702914784,0.3989954970588243,0.2539390765053574,2.0816681711721685e-17,5.511463844797178e-05,8.267195767195767e-05,3.186761916946102,1276.7134192290773
630019,10,28,3,0.1,True,0.0,0.9844764295140136,0.9437096542220714,0.35,0.0,0.0,0.2879540531896055,0.0639038967574015,2.9761056745424868,0.2173629315197467,0.0,0.0,5.157286320813,8.887301716022193,0.1554432720660469,0.5956596156186984,9.64917992830547,3.617389191605289,2.876136670710023,0.3454374891555146,0.08626480076511277,0.1800195855583823,0.03572119120733521,0.07304758609486159,-0.0596006197596044,-0.02043390748751938,0.24864512803677097,0.029805438230101778,0.8708333333333332,0.8427747438960795,0.4099256699334659,0.43284907396261363,0.328250856006531,2.0816681711721685e-17,6.889329805996472e-05,9.645061728395061e-05,3.174046160702685,1278.8378227091819
630019,10,28,3,0.2,True,0.0,0.9844764295140136,0.9437096542220714,0.35,0.0,0.0,0.2879540531896055,0.0639038967574015,2.9761056745424868,0.2173629315197467,0.0,0.0,5.157286320813,8.887301716022193,0.15172120413437365,0.6040223873045693,10.37199615770576,3.6732046887601357,2.808078692725093,0.3541612126656622,0.08889046614963449,0.17494104514065922,0.017677802993238293,0.07481410739928085,-0.0685522842277524,-0.027440108840765174,0.25055425563686184,0.032287117645192036,0.8833333333333333,0.8835663142799436,0.4245131231022563,0.4590531911776873,0.39562361902422927,2.0816681711721685e-17,9.645061728395061e-05,0.00013778659611992945,3.211185658391353,1282.8549184777096
630019,10,28,3,0.3,False,0.0007236602760526475,0.9844764295140136,0.9437096542220714,0.35,0.0,0.0,0.2879540531896055,0.0639038967574015,2.9761056745424868,0.2173629315197467,0.0,0.0,5.157286320813,8.887301716022193,0.14788303579542372,0.6101943056581777,11.130697359236748,3.7110749599688404,2.7449410473134144,0.3791472364889093,0.0922892203845655,0.1700006288909489,-0.0007370466724896432,0.07682154714164219,-0.07581511948009668,-0.033720399922222574,0.25391269536581385,0.03521023194149722,0.8979166666666666,0.9124193303554577,0.4579764185341024,0.4544429118213553,0.4582472062907682,2.0816681711721685e-17,0.0001240079365079365,0.00016534391534391533,3.300528613775972,1289.0427594673567
630019,10,28,3,0.4,False,0.003196106141931227,0.9844764295140136,0.9437096542220714,0.35,0.0,0.0,0.2879540531896055,0.0639038967574015,2.9761056745424868,0.2173629315197467,0.0,0.0,5.157286320813,8.887301716022193,0.14398525585446967,0.6176934725659381,11.921035218725025,3.7828821289375334,2.695693307696034,0.38899713969503535,0.09620099743347592,0.16483780740552348,-0.018072457187551308,0.07881922126247777,-0.08160331425887042,-0.039191367486319635,0.2583379682132603,0.038442365869976895,0.9083333333333332,0.9511273049277924,0.4788931038245743,0.4722342011032181,0.5180799404922514,2.0816681711721685e-17,0.00016534391534391533,0.00023423721340388006,3.4468554716376274,1296.3693876961295
630019,10,28,3,0.5,False,0.006888008971869624,0.9844764295140136,0.9437096542220714,0.35,0.0,0.0,0.2879540531896055,0.0639038967574015,2.9761056745424868,0.2173629315197467,0.0,0.0,5.157286320813,8.887301716022193,0.1400787776418687,0.6243408002945313,12.75271502237033,3.841473182088947,2.658983316929456,0.4191757707702864,0.1004065720894398,0.1595314805388676,-0.0335515073957347,0.08064207788618803,-0.08615262261219363,-0.04391055215884898,0.26347515116243125,0.041889815361921434,0.9145833333333333,0.986506804804892,0.503620633026424,0.48288617177846793,0.5837428082122549,2.0816681711721685e-17,0.0002204585537918871,0.0002755731922398589,3.657768772591464,1378.8050912852877
630019,11,26,1,0.0,True,0.0,0.9766958138810892,0.98378601407178,0.35,0.0,0.0,0.2433293675072491,0.0601364664407447,3.038868862576783,0.2337071960419416,0.0,0.0,6.421457636170089,8.555320414714515,0.15856270108134246,0.5926406832658083,8.980906455423288,3.5759410643525626,2.9479429613214627,0.38172020097366754,0.08828039398018521,0.20609213756226316,0.06346836357233808,0.07532114415403857,-0.048363142232487805,-0.012102994960482158,0.22706149429422942,0.024631541957482083,0.8354166666666667,0.8137196775750398,0.4229541796193119,0.3907654979557279,0.24323571154095677,2.0816681711721685e-17,1.3778659611992945e-05,1.3778659611992945e-05,3.540285750519386,15772.136202367163
630019,11,26,1,0.1,True,0.0,0.9766958138810892,0.98378601407178,0.35,0.0,0.0,0.2433293675072491,0.0601364664407447,3.038868862576783,0.2337071960419416,0.0,0.0,6.421457636170089,8.555320414714515,0.15452777668358122,0.5955508894706902,9.669340626569722,3.656016822663149,2.8887297710566933,0.36299610499793444,0.08991474191474781,0.19722988248948056,0.042657449645522705,0.077161989596479,-0.06157516896673284,-0.020792310873804114,0.22892180768147194,0.027103866565478252,0.8458333333333332,0.8610344005163597,0.45562142397733485,0.40541297653902486,0.3432905024825851,2.0816681711721685e-17,1.3778659611992945e-05,1.3778659611992945e-05,3.593812033380047,15774.17313001611
630019,11,26,1,0.2,True,0.0,0.9766958138810892,0.98378601407178,0.35,0.0,0.0,0.2433293675072491,0.0601364664407447,3.038868862576783,0.2337071960419416,0.0,0.0,6.421457636170089,8.555320414714515,0.15028986413680057,0.6001319239514046,10.444321612711223,3.707803723055575,2.8088802174380896,0.36364628211400235,0.0926524073038354,0.18897352522759694,0.020217353398602464,0.07881537902896296,-0.07243718637929107,-0.028649855313235755,0.23277450726564552,0.030053883977875933,0.86875,0.8923510424463825,0.45467699634459635,0.4376740461017862,0.42166634921598367,2.0816681711721685e-17,1.3778659611992945e-05,2.755731922398589e-05,3.636446964447803,15776.877162910687
630019,11,26,1,0.3,False,0.0007948095618371884,0.9766958138810892,0.98378601407178,0.35,0.0,0.0,0.2433293675072491,0.0601364664407447,3.038868862576783,0.2337071960419416,0.0,0.0,6.421457636170089,8.555320414714515,0.1459329253756724,0.6084875020556909,11.287466688255407,3.764249982426603,2.748983461189947,0.3912244576370056,0.09614309157284613,0.18124549605785667,-0.0014925347445361402,0.08035330093785839,-0.08104227077682587,-0.035593871807181716,0.23806811834096017,0.03344986449071132,0.8854166666666666,0.9372554490524191,0.49792914300555824,0.43932630604686085,0.49742915011139,2.0816681711721685e-17,1.3778659611992945e-05,2.755731922398589e-05,3.6940398372257697,15780.511537912671
630019,11,26,1,0.4,False,0.0038800873500001087,0.9766958138810892,0.98378601407178,0.35,0.0,0.0,0.2433293675072491,0.0601364664407447,3.038868862576783,0.2337071960419416,0.0,0.0,6.421457636170089,8.555320414714515,0.14153070899793915,0.6154665082614994,12.190697113639137,3.8226103241537306,2.699834142999263,0.3927712669893972,0.10010692406349808,0.17375812634016818,-0.02143985309182499,0.08225112762469909,-0.08762554347254352,-0.04158019830731944,0.24432335656895673,0.03721133129250378,0.8979166666666666,0.9767668631004989,0.5297687903258621,0.44699807277463677,0.5496137531494724,2.0816681711721685e-17,2.755731922398589e-05,4.1335978835978834e-05,3.7654106892831103,15785.356739018811
630019,11,26,1,0.5,False,0.00871357906793147,0.9766958138810892,0.98378601407178,0.35,0.0,0.0,0.2433293675072491,0.0601364664407447,3.038868862576783,0.2337071960419416,0.0,0.0,6.421457636170089,8.555320414714515,0.13714602366639897,0.6210595779879798,13.1553910435748,3.8911778014531464,2.639280104742589,0.42713060639009015,0.10433467736560408,0.16658938562593198,-0.03960773385265907,0.08472233516001397,-0.09253036844007866,-0.04671265412600703,0.251154670425367,0.04122890621141887,0.9125000000000001,1.0158754898313838,0.5368677955928729,0.47900769423851086,0.6204971898549461,2.0816681711721685e-17,4.1335978835978834e-05,6.889329805996472e-05,3.886014160033353,15791.790178202384
630019,12,28,2,0.0,True,0.0,0.9890775587322592,0.9612089653333922,0.35,0.0,0.0,0.2879540531896055,0.0639038967574015,2.9761056745424868,0.2173629315197467,0.0,0.0,5.157286320813,8.887301716022193,0.15863094998878913,0.5872101710618778,9.032025958159162,3.5875556647048,2.9471570078615676,0.35282040861233127,0.08461916835915877,0.1910691259287879,0.05454851775222467,0.07287621036145907,-0.04982669145342878,-0.012394666594006796,0.24885634096087114,0.028256389366053642,0.8645833333333334,0.799023150115226,0.37968037038822755,0.4193427797269984,0.2381302170857063,2.0816681711721685e-17,5.511463844797178e-05,8.267195767195767e-05,3.257742744081472,1276.693051425751
630019,12,28,2,0.1,True,0.0,0.9890775587322592,0.9612089653333922,0.35,0.0,0.0,0.2879540531896055,0.0639038967574015,2.9761056745424868,0.2173629315197467,0.0,0.0,5.157286320813,8.887301716022193,0.1550304445737953,0.5944904711103415,9.709072300098216,3.6429053075136566,2.893827763882688,0.36585440921124607,0.08631056879848158,0.18470816934874726,0.036353604314087996,0.07449381732577094,-0.06089478494279871,-0.020296048200719997,0.24896544792101918,0.03027663561300502,0.8729166666666667,0.8387950227347245,0.4193237283028226,0.4194712944319019,0.32110371318947906,2.0816681711721685e-17,8.267195767195767e-05,9.645061728395061e-05,3.261443469665678,1279.2842599019011
630019,12,28,2,0.2,True,0.0,0.9890775587322592,0.9612089653333922,0.35,0.0,0.0,0.2879540531896055,0.0639038967574015,2.9761056745424868,0.2173629315197467,0.0,0.0,5.157286320813,8.887301716022193,0.151259214410296,0.6015052133611785,10.434726286267272,3.682715972542969,2.8195441495071605,0.36240499042562924,0.08902631537579299,0.178846550065594,0.01728509654169937,0.07610587930999468,-0.07007635157415928,-0.027450714298528193,0.250881072372652,0.03281354657740177,0.8770833333333333,0.89530045687841,0.4375097852744494,0.4577906716039606,0.4002271142524151,2.0816681711721685e-17,9.645061728395061e-05,0.0001515652557319224,3.3180472042982463,1285.1797666116308
630019,12,28,2,0.3,False,0.000806231069165303,0.9890775587322592,0.9612089653333922,0.35,0.0,0.0,0.2879540531896055,0.0639038967574015,2.9761056745424868,0.2173629315197467,0.0,0.0,5.157286320813,8.887301716022193,0.14738002926259572,0.6084543170090693,11.200049365447327,3.7291644511353863,2.731769069179989,0.35820476278502794,0.09247560904765251,0.17311533575765883,-0.0016106118985754353,0.07777158433755224,-0.07751315227441712,-0.03385560325541454,0.2542286586374923,0.035733427051214024,0.8958333333333334,0.9184381854658679,0.45991884614751166,0.4585193393183562,0.4689735244769574,2.0816681711721685e-17,0.00013778659611992945,0.00019290123456790122,3.430800942458268,1291.5494327390363
630019,12,28,2,0.4,False,0.0034356247511215183,0.9890775587322592,0.9612089653333922,0.35,0.0,0.0,0.2879540531896055,0.0639038967574015,2.9761056745424868,0.2173629315197467,0.0,0.0,5.157286320813,8.887301716022193,0.14344956843073112,0.6165330520600987,12.003404103713152,3.7896649038451806,2.6764333019293858,0.37677293068685946,0.09639354642129594,0.16725994575383166,-0.019289308544392692,0.0796072426169173,-0.08341437296292471,-0.03947398343441217,0.2586091665715908,0.038944763908602055,0.90625,0.9585848579554095,0.4743646583511101,0.4842201996042994,0.5379684863740187,2.0816681711721685e-17,0.00016534391534391533,0.00023423721340388006,3.605632649924629,1299.5467328420905
630019,12,28,2,0.5,False,0.007370114567025541,0.9890775587322592,0.9612089653333922,0.35,0.0,0.0,0.2879540531896055,0.0639038967574015,2.9761056745424868,0.2173629315197467,0.0,0.0,5.157286320813,8.887301716022193,0.1395196041462378,0.6239116654038029,12.860721814656452,3.856450351266522,2.6519323904132936,0.41499990884627413,0.10057005505367737,0.16157822647092715,-0.035221882259631764,0.08143769713160516,-0.08801484843116554,-0.04426895524937339,0.2636743624811195,0.04235032648648118,0.9083333333333332,0.9918034436351872,0.4993100461271841,0.49249339750800314,0.5855250620820638,2.0816681711721685e-17,0.0002204585537918871,0.0003444664902998236,3.8516268764777966,1333.2146269467376
630019,13,14,1,0.0,True,0.0,0.9766958138810892,0.98378601407178,0.35,0.0,0.0,0.2083334128372371,0.0624898989358916,2.92039684318006,0.2527929180115461,0.0,0.0,5.331442344933748,7.0982246696949005,0.15657388764446026,0.6030805326265347,9.704401119858431,3.630836098275348,2.8935654858397033,0.3841788267431226,0.08982429155236142,0.20976304822228944,0.06356295497404447,0.07667535568563,-0.045884299289641446,-0.011776920696554475,0.20700331977243072,0.02332400963234609,0.8166666666666665,0.8427853851693611,0.4768142967694895,0.3659710883998716,0.24444278092708682,2.0816681711721685e-17,6.889329805996472e-05,0.0001240079365079365,3.3905928738855304,1802.3145807157673
630019,13,14,1,0.1,True,0.0,0.9766958138810892,0.98378601407178,0.35,0.0,0.0,0.2083334128372371,0.0624898989358916,2.92039684318006,0.2527929180115461,0.0,0.0,5.331442344933748,7.0982246696949005,0.15217039571602156,0.6047891010469372,10.433162348806897,3.698701429715978,2.8100781928223113,0.3509486545410492,0.09141730624814058,0.20065319918268995,0.04142945509558225,0.0787654901810178,-0.0601434890184732,-0.02068397023992292,0.21103188173425189,0.026210070142916927,0.8354166666666666,0.897557525954801,0.5112450078134689,0.38631251814133205,0.3481017309152315,2.0816681711721685e-17,0.0001240079365079365,0.00013778659611992945,3.3714919278482665,1809.486109197891
630019,13,14,1,0.2,True,0.0,0.9766958138810892,0.98378601407178,0.35,0.0,0.0,0.2083334128372371,0.0624898989358916,2.92039684318006,0.2527929180115461,0.0,0.0,5.331442344933748,7.0982246696949005,0.1475468260261884,0.6093231496438722,11.265307962332122,3.750481739626822,2.7429799455752373,0.368661316227845,0.09420223526509519,0.19213579147131807,0.017996345425497343,0.08071834617182405,-0.07177046644153516,-0.028672042044911566,0.21719035535930095,0.029635276220443513,0.8604166666666666,0.9511653818349148,0.5118752330597454,0.4392901487751695,0.4484900121847719,2.0816681711721685e-17,0.00013778659611992945,0.00017912257495590828,3.3992465745432647,1817.319400276521
630019,13,14,1,0.3,False,0.0011355873954144193,0.9766958138810892,0.98378601407178,0.35,0.0,0.0,0.2083334128372371,0.0624898989358916,2.92039684318006,0.2527929180115461,0.0,0.0,5.331442344933748,7.0982246696949005,0.1428135937079853,0.6147217646085538,12.194764969296704,3.8075836976388224,2.68434307316007,0.3709903721218311,0.09777869211143053,0.18437501993479924,-0.004713609420796072,0.08257956815054901,-0.08088558906775316,-0.03559618155150765,0.22475087059008922,0.03352376318226465,0.8895833333333334,1.0159879977448536,0.5457135756803546,0.470274422064499,0.5171873424260158,2.0816681711721685e-17,0.0001515652557319224,0.000248015873015873,3.4747222509563565,1827.4116169968877
630019,13,14,1,0.4,False,0.00474035637032845,0.9766958138810892,0.98378601407178,0.35,0.0,0.0,0.2083334128372371,0.0624898989358916,2.92039684318006,0.2527929180115461,0.0,0.0,5.331442344933748,7.0982246696949005,0.13806695915587275,0.6211675864776703,13.232744263514064,3.8834571330423593,2.640848523971321,0.421162799424446,0.10183672957729857,0.17705044140462647,-0.025277393893295197,0.08490233702797001,-0.08777003271179108,-0.04157485982032302,0.23313118580933376,0.037816701423081404,0.9041666666666668,1.061046724089504,0.592349507829376,0.46869721626012806,0.599700121493219,2.0816681711721685e-17,0.0002204585537918871,0.0003995811287477954,3.600758863605577,1841.0428037795946
630019,13,14,1,0.5,False,0.010089638355136118,0.9766958138810892,0.98378601407178,0.35,0.0,0.0,0.2083334128372371,0.0624898989358916,2.92039684318006,0.2527929180115461,0.0,0.0,5.331442344933748,7.0982246696949005,0.13338072913961332,0.62720959925433,14.373594135933223,3.964464495358714,2.5781720048894097,0.4351906528288269,0.1061509029626077,0.1699788545345801,-0.04376160724560261,0.08786313355929103,-0.09279563294698272,-0.046620562554560714,0.24188645823209454,0.04239885117786426,0.9187500000000001,1.1240021132180955,0.6060032016216563,0.5179989115964392,0.65718033921371,2.0816681711721685e-17,0.0003720238095238095,0.0005511463844797178,3.7762399397802597,1859.761580330283
630019,14,28,0,0.0,True,0.0,0.996259961884662,0.979054833837768,0.35,0.0,0.0,0.2879540531896055,0.0639038967574015,2.9761056745424868,0.2173629315197467,0.0,0.0,5.157286320813,8.887301716022193,0.15820685230561843,0.5884658726854238,9.07070130349206,3.578765416417067,2.938384882841188,0.36541992356217357,0.08465095366304003,0.19777716164559508,0.05521077466528204,0.07488665724317356,-0.05082443009080182,-0.012168499909572618,0.24918176194147232,0.028704034690228798,0.875,0.8025052713452594,0.4032213894561345,0.3992838818891249,0.2415595639675537,2.0816681711721685e-17,5.511463844797178e-05,9.645061728395061e-05,3.39173756032433,1276.7084895728724
630019,14,28,0,0.1,True,0.0,0.996259961884662,0.979054833837768,0.35,0.0,0.0,0.2879540531896055,0.0639038967574015,2.9761056745424868,0.2173629315197467,0.0,0.0,5.157286320813,8.887301716022193,0.15454510356542356,0.5950652196844113,9.747529428282627,3.6403452126816553,2.899852977295966,0.37671197990678834,0.08646917506602986,0.19020445889156065,0.036170528429998135,0.07643953500086713,-0.06227017160041315,-0.0202705289427605,0.24929658275534602,0.03082551340009074,0.875,0.851668460554009,0.4021139126404132,0.44955454791359584,0.3399558474680132,2.0816681711721685e-17,6.889329805996472e-05,0.00011022927689594356,3.4226676063163453,1281.989272232644
630019,14,28,0,0.2,True,0.0,0.996259961884662,0.979054833837768,0.35,0.0,0.0,0.2879540531896055,0.0639038967574015,2.9761056745424868,0.2173629315197467,0.0,0.0,5.157286320813,8.887301716022193,0.15072072791201982,0.6003893499643268,10.481134731082811,3.6815905623048173,2.8406578933204627,0.3626625464888096,0.08926198939218748,0.18308469754166032,0.01632311038736048,0.07788053607547903,-0.07175776890618031,-0.027607279134087327,0.2512013222801501,0.033363306420708984,0.88125,0.8838601128582202,0.4311196973213711,0.4527404155368491,0.41823048387902784,2.0816681711721685e-17,9.645061728395061e-05,0.0001515652557319224,3.512482366255228,1287.7980113348435
630019,14,28,0,0.3,False,0.0009435651715389988,0.996259961884662,0.979054833837768,0.35,0.0,0.0,0.2879540531896055,0.0639038967574015,2.9761056745424868,0.2173629315197467,0.0,0.0,5.157286320813,8.887301716022193,0.14679720478012795,0.6076243488329932,11.26187626405038,3.739534700596147,2.7591798201390483,0.37294466100996954,0.09273431346847871,0.17608847282222873,-0.002969740978376228,0.07928892003849748,-0.07940330374895103,-0.03410320470580211,0.2545012839748095,0.03626717313226776,0.8895833333333334,0.9222091745646379,0.46732185332385456,0.45488732124078335,0.4689220866779825,2.0816681711721685e-17,0.0001240079365079365,0.00020667989417989417,3.6660694181037043,1294.7580103485943
630019,14,28,0,0.4,False,0.003784197091141483,0.996259961884662,0.979054833837768,0.35,0.0,0.0,0.2879540531896055,0.0639038967574015,2.9761056745424868,0.2173629315197467,0.0,0.0,5.157286320813,8.887301716022193,0.1428318985096824,0.6141086131501207,12.089479812687225,3.8041316419440085,2.6908896040853567,0.3926096044860188,0.09662863762368001,0.16928750650555843,-0.020986759363909025,0.08067417524925734,-0.08541391699357681,-0.03987578588743249,0.25880005069370454,0.03944617263273697,0.9,0.9635917029147796,0.47544486690405363,0.48814683601072595,0.5376742425484808,2.0816681711721685e-17,0.00016534391534391533,0.000248015873015873,3.789600607522562,1303.7403955542284
630019,14,28,0,0.5,False,0.00806419643020565,0.996259961884662,0.979054833837768,0.35,0.0,0.0,0.2879540531896055,0.0639038967574015,2.9761056745424868,0.2173629315197467,0.0,0.0,5.157286320813,8.887301716022193,0.13887594785790489,0.6226495505161874,12.979610252832424,3.8814777880232274,2.6582316954179315,0.4264128335861987,0.10075212732629495,0.1630523512252795,-0.03753350952798726,0.08257432226828042,-0.09003468340015391,-0.044826336556331725,0.26377169383301674,0.0428320626486951,0.90625,1.0206767222919826,0.5025960033459754,0.5180807189460072,0.5989721936340152,2.0816681711721685e-17,0.000248015873015873,0.00035824514991181656,3.905263576137971,1315.5716054267143
630019,15,28,1,0.0,True,0.0,0.9766958138810892,0.98378601407178,0.35,0.0,0.0,0.2879540531896055,0.0639038967574015,2.9761056745424868,0.2173629315197467,0.0,0.0,5.157286320813,8.887301716022193,0.15835819972226906,0.5880087585107717,8.99119993083041,3.5684336299965445,2.9790918100073136,0.40443768069060343,0.08491791786471474,0.19834301326128023,0.05680537616842662,0.07488090688813719,-0.05065071578702021,-0.012114686994730506,0.24939571163344673,0.02859289306831835,0.8791666666666668,0.7839474899198666,0.40139944130829996,0.38254804861156666,0.2469462188315518,2.0816681711721685e-17,5.511463844797178e-05,8.267195767195767e-05,3.4128368027161513,1276.703590259731
630019,15,28,1,0.1,True,0.0,0.9766958138810892,0.98378601407178,0.35,0.0,0.0,0.2879540531896055,0.0639038967574015,2.9761056745424868,0.2173629315197467,0.0,0.0,5.157286320813,8.887301716022193,0.15469663579016882,0.5933603214620352,9.665260237356359,3.6328995874109253,2.8958048049363434,0.3773215366976925,0.08670151805417636,0.19050012466407915,0.037877679446681016,0.07644988470181008,-0.06237560056910942,-0.020269554876705873,0.249330031681863,0.03069545007073743,0.8708333333333332,0.8287170604543238,0.41219080934252106,0.41652625111180275,0.3390385828438799,2.0816681711721685e-17,6.889329805996472e-05,0.00011022927689594356,3.453560026863425,1281.6982671585495
630019,15,28,1,0.2,True,0.0,0.9766958138810892,0.98378601407178,0.35,0.0,0.0,0.2879540531896055,0.0639038967574015,2.9761056745424868,0.2173629315197467,0.0,0.0,5.157286320813,8.887301716022193,0.15086911384485424,0.5985198096811551,10.399972930322564,3.6852492702140034,2.8306360604253222,0.3817207113591226,0.08946550226028355,0.1830934602268194,0.01783103333339005,0.07797563986091612,-0.07210563807892872,-0.027701254325891683,0.2510807682775272,0.03321273612213679,0.8770833333333332,0.8798349470810756,0.4362304077828201,0.4436045392982555,0.41844604361636073,2.0816681711721685e-17,9.645061728395061e-05,0.0001515652557319224,3.555713611257381,1287.0199783767664
630019,15,28,1,0.3,False,0.0008179326843607964,0.9766958138810892,0.98378601407178,0.35,0.0,0.0,0.2879540531896055,0.0639038967574015,2.9761056745424868,0.2173629315197467,0.0,0.0,5.157286320813,8.887301716022193,0.14693945069168243,0.6063777306273852,11.189253302835164,3.7326446975623035,2.7731666108008017,0.3831178612174239,0.0929178110003257,0.17582824715004033,-0.0017307206331757749,0.07933207754733684,-0.07993698828422306,-0.03430276553136182,0.2542581323552064,0.03610609373326529,0.8895833333333333,0.9240070080263983,0.4531234556179824,0.47088355240841595,0.46417452230429496,2.0816681711721685e-17,0.0001240079365079365,0.00020667989417989417,3.7249281874032723,1293.66856686503
630019,15,28,1,0.4,False,0.003594698631945282,0.9766958138810892,0.98378601407178,0.35,0.0,0.0,0.2879540531896055,0.0639038967574015,2.9761056745424868,0.2173629315197467,0.0,0.0,5.157286320813,8.887301716022193,0.14296584856326497,0.6141878025236378,12.036861214908129,3.8030286474414297,2.7053656184118933,0.38566812274202933,0.09680315684168661,0.16878857469930994,-0.020074146309175853,0.08072398554942671,-0.086069852177725,-0.04011279345191709,0.2584666233035391,0.03929117728935023,0.8979166666666667,0.9508278257483558,0.4878463654728393,0.46298146027551645,0.5321662201808753,2.0816681711721685e-17,0.00016534391534391533,0.0002755731922398589,3.8943477331001954,1302.324980957759
630019,15,28,1,0.5,False,0.007867066548352293,0.9766958138810892,0.98378601407178,0.35,0.0,0.0,0.2879540531896055,0.0639038967574015,2.9761056745424868,0.2173629315197467,0.0,0.0,5.157286320813,8.887301716022193,0.1389998354064225,0.6223315670131756,12.963512069231845,3.881197076798273,2.6557295009834667,0.41089110912947246,0.10092744261630145,0.16239838342943436,-0.03688744404487335,0.08297325459019672,-0.09075346351043662,-0.0451876518158788,0.26337914854970185,0.04273128759174912,0.9041666666666668,1.0018681947814483,0.5204359129173918,0.4814322818640565,0.5895285958187966,2.0816681711721685e-17,0.00023423721340388006,0.0003720238095238095,4.016531737548429,1313.7461303474317
