stage,seed,scenario_id,candidate_id,accepted,distance,feedback_asset_correlation,spike_asset_correlation,p_cap_exceedance_fraction,q_forward_mean_max_error,mean_volatility,q995_volatility,excess_kurtosis,absolute_return_tail_ratio,hill_tail_index,hill_threshold_instability,rough_hurst,zumbach,zumbach_rank,max_abs_return_acf,leverage,leverage_rank,mean_log_variance_acf,taylor_gap,taylor_fraction,ito_zumbach,ito_zumbach_rank
search,1100003,0,0,True,0.0,0.996259961884662,0.9790548338377681,8.138020833333333e-05,2.0816681711721685e-17,0.16623872190528616,0.4306857312063726,5.0094738430219135,3.499708087800082,3.1468821244315173,0.5302757708423599,0.14530997447911115,0.19608947965099824,0.05548822372557459,0.08821251983505854,-0.06863187233542928,-0.02772421349979992,0.23799458897644932,0.022326992483788628,0.8,0.19198388591970772,0.05121824569970708
search,1100003,0,1,False,0.0007237067489655642,0.996259961884662,0.9790548338377681,0.0004359654017857143,2.0816681711721685e-17,0.15740169460092385,0.4206372069696145,6.467953133181766,3.682725180880641,2.898860707861636,0.4431217240151406,0.11652125163150993,0.16296474178153084,-0.0007375519749654889,0.08704912479680871,-0.08900048273521248,-0.04023029877983143,0.2250751485600593,0.03444643997832145,0.88125,0.15921016011166428,-0.005969516514020392
search,1100003,0,2,False,3.0071776634626775e-06,0.996259961884662,0.9790548338377681,0.0004417782738095238,2.0816681711721685e-17,0.15340159451031699,0.4522051570024885,6.446541223745122,3.655134607489682,2.9540931494718583,0.4883322025100982,0.1601560709424398,0.20237245770941686,0.05420244163580788,0.0957406327718914,-0.05882898830673842,-0.020845885088156955,0.24040473982999322,0.0337560823397617,0.7999999999999999,0.1985350599687252,0.050917426237028926
search,1100003,0,3,True,0.0,0.996259961884662,0.9790548338377681,0.00011044456845238095,2.0816681711721685e-17,0.15979558211894979,0.4202865790075554,6.23505456119803,3.618085833623706,2.9767449519657045,0.41575432172848603,0.12200067030988405,0.16913958032644896,0.016313088497605877,0.08888969185095769,-0.0780518454318646,-0.029183765675025182,0.2453478913733257,0.032510161361627446,0.8375,0.16562942598550084,0.011749452859253794
search,1100003,0,4,False,0.023155785808705292,0.996259961884662,0.9790548338377681,0.00028095548115079363,2.0816681711721685e-17,0.15675898086596995,0.44196704869711045,5.839918611946439,3.6410198158455582,3.1076867380090283,0.5578443241016269,0.1736953227435688,0.1941377442910033,0.020771778974268205,0.09209708565953537,-0.08984123142046949,-0.040156689564367715,0.2743957481030658,0.03474648473796231,0.8374999999999999,0.18899929253028552,0.015675830693258216
search,1100003,0,5,False,5.252488338735005e-05,0.996259961884662,0.9790548338377681,0.0006607297867063492,2.7755575615628914e-17,0.15026589083575595,0.43512783342665096,6.771653411454323,3.7292748755059897,2.844026250430365,0.4682080219119143,0.1495943100889734,0.19168485630731477,0.010760267907374822,0.09214959295289024,-0.09106567141987928,-0.036078658342148864,0.25408813778162237,0.042678401175286484,0.8625,0.18761714400560325,0.005825922503663767
search,1100003,0,6,True,0.0,0.996259961884662,0.9790548338377681,3.293960813492063e-05,2.0816681711721685e-17,0.16510910713166344,0.42537992357483645,5.340294617407607,3.4988511654736403,3.147221824041158,0.4870391222709704,0.14549309010490102,0.17892235668096823,0.030728819976326423,0.08941185681285649,-0.07731198221001614,-0.030736432801387166,0.27261881070636945,0.0271361580590319,0.825,0.17456204412468754,0.025795009453837867
search,1100003,0,7,True,0.0,0.996259961884662,0.9790548338377681,0.00015694754464285715,2.0816681711721685e-17,0.15894339555160722,0.43517365357700666,5.907084949267444,3.6163070941741995,2.976269001908807,0.4724481144167729,0.13491815676916546,0.1992716446470214,0.05876974089951677,0.0897655169861037,-0.05745825891401389,-0.019657919143989868,0.21691292583382638,0.027262321266235876,0.775,0.19595537849967817,0.05549726999132138
search,1100003,0,8,False,0.0014249900533310166,0.996259961884662,0.9790548338377681,7.556733630952381e-05,2.0816681711721685e-17,0.1654972362349822,0.4164562204434462,5.615549752338055,3.581403667035327,2.9063609428812405,0.34974982628263185,0.1159931809458605,0.14936942785546198,-0.007083188651125706,0.08650883512086749,-0.09251046251419101,-0.04915027143501176,0.2328987769429135,0.026703677041956406,0.85,0.14481757986623933,-0.012820340070794986
search,1100003,0,9,True,0.0,0.996259961884662,0.9790548338377681,0.00018601190476190475,2.0816681711721685e-17,0.16508871393694202,0.42682438964745617,5.134345646047638,3.5527234899172533,3.088199710831986,0.5441675206109886,0.13686931654912193,0.19667009438961086,0.04952733437807835,0.08706087977238619,-0.0754798496841742,-0.03263141140398139,0.22325045407401206,0.023130128170921888,0.8125,0.19251576307479537,0.04477002297852195
search,1100003,0,10,False,0.007345328055861578,0.996259961884662,0.9790548338377681,0.00023445250496031747,2.0816681711721685e-17,0.1479656595530749,0.4363037817666502,6.77881422699213,3.746744742267582,2.9167645349640123,0.5198036453141739,0.16755011938089562,0.19116125056447847,0.0047372953716766225,0.09488998947886237,-0.09410195396298004,-0.03786269755259189,0.2759592201268405,0.04587422311552481,0.90625,0.18658385497816216,-0.0002718964498232609
search,1100003,0,11,False,0.00038042945973597406,0.996259961884662,0.9790548338377681,2.5189112103174602e-05,2.0816681711721685e-17,0.16578938661779669,0.41258248181480506,5.7538525400665055,3.5247705688847857,3.0638875440467976,0.4037845751048198,0.1157090677577371,0.14791579420369158,0.003589808421496873,0.08782651159759722,-0.08028635065695176,-0.03412096333127217,0.2584639109733169,0.028117159686688098,0.8312499999999999,0.1439629928638595,-0.0014974321572096376
search,1100003,0,12,False,5.821021787809375e-05,0.996259961884662,0.9790548338377681,0.0005774119543650794,2.0816681711721685e-17,0.15075625189638625,0.44490766795967845,6.441079104033212,3.737528234198222,2.8973019553851778,0.4465375804509042,0.16068666058923792,0.20103166542338363,0.030903817640043553,0.09292599840590816,-0.0823639583811254,-0.032470668326432535,0.24672729902305113,0.03791501224367505,0.8625,0.19658854219739613,0.026350996418327333
search,1100003,0,13,True,0.0,0.996259961884662,0.9790548338377681,0.0032106429811507935,2.0816681711721685e-17,0.1481072365246302,0.4526523788268682,7.458722900678581,3.7925697606767903,2.8204950575954904,0.5263035187327406,0.12984635328764238,0.19329618451602584,0.03558020922064384,0.08992326338639631,-0.07320006559047908,-0.023418703212132148,0.21588913940346457,0.03836660422491396,0.85,0.19007507639843882,0.031546836631556247
search,1100003,0,14,False,0.00044499509999066506,0.996259961884662,0.9790548338377681,0.0,2.0816681711721685e-17,0.16506028860514105,0.4192685468581795,5.6043389062951166,3.501374169770059,3.0737252209195915,0.41988723121807,0.14388011529837844,0.15776410654395448,0.0026594794236910182,0.09013743295549252,-0.08725500891631618,-0.037495594243051725,0.30414823035515415,0.031134400069126607,0.8625,0.15307575468675721,-0.0030980464293841195
search,1100003,0,15,False,0.0007612272075854322,0.996259961884662,0.9790548338377681,0.000732421875,2.0816681711721685e-17,0.1484194786344835,0.42864101144010913,7.242794278883712,3.760548547845937,2.885897509788143,0.4869158583915282,0.14121133618627957,0.17945350452104614,-0.0011403525709918908,0.09295036674042056,-0.09222026011678719,-0.03439314076764419,0.25986298511949635,0.046937246391061345,0.90625,0.1757855978095294,-0.006052149134687224
search,1100003,0,16,True,0.0,0.996259961884662,0.9790548338377681,2.9064360119047617e-05,2.0816681711721685e-17,0.1719324295978512,0.41734613259511255,4.384751476713137,3.4094752308857013,3.238002791288256,0.5092794709097188,0.1356258296272339,0.19105903363229104,0.05785964918785266,0.08639933061682045,-0.07176379939818159,-0.03091884359681983,0.23468641021049447,0.01699214447477228,0.78125,0.18683098763945424,0.05282820872061074
search,1100003,0,17,True,0.0,0.996259961884662,0.9790548338377681,0.0008351159474206349,2.0816681711721685e-17,0.14617192110146626,0.43461598223452014,7.054280885668316,3.745561786247997,2.79054038012286,0.4263649887671464,0.13717549876274526,0.1948989397329149,0.020993518441202022,0.09023938803058237,-0.08410173811417945,-0.029678553144316847,0.23046097796703735,0.04293947514097974,0.8625,0.19142562514646985,0.016480917868957317
search,1100003,0,18,True,0.0,0.996259961884662,0.9790548338377681,5.8128720238095235e-06,2.0816681711721685e-17,0.17238459303606984,0.4083681233738177,4.5627576595094315,3.3672216445984606,3.231298731001275,0.44217162515067915,0.1356154869661042,0.15813987028114448,0.020861942330336482,0.08756492770613106,-0.08178714363462283,-0.03708997335824042,0.2935252157145302,0.02097778050804771,0.79375,0.15334857397041113,0.015301597040848429
search,1100003,0,19,True,0.0,0.996259961884662,0.9790548338377681,0.0010075644841269842,2.0816681711721685e-17,0.15601782179281615,0.43540005360518197,6.548012724519614,3.659438917513186,2.981566595677212,0.5649250691946415,0.12381263036123022,0.1876949794937619,0.038737333340255184,0.09063200064869445,-0.06603686871639472,-0.01985919758139988,0.2256096538907557,0.03221541820496093,0.83125,0.18459997025912486,0.03492214535718621
search,1100003,0,20,False,0.0006281747210745915,0.996259961884662,0.9790548338377681,0.00015888516865079366,2.0816681711721685e-17,0.154998929434028,0.4261482572383646,6.347571294803921,3.70086708173182,2.8952340201139704,0.4210484423664822,0.14950435734281403,0.18099002883954268,0.00033790281304369243,0.09099777218180663,-0.09549115220809287,-0.04178372989722449,0.26615519944415233,0.03947084709438148,0.875,0.17659745494138446,-0.004935262181555728
search,1100003,0,21,False,0.0012207263028591452,0.996259961884662,0.9790548338377681,7.16920882936508e-05,2.0816681711721685e-17,0.15615660695555156,0.42293967269510635,6.380738816114945,3.666091750225176,2.919385738700243,0.4140935150346717,0.13987189589750998,0.17200992048912322,-0.00543925289720666,0.08920824277732327,-0.09590324265480289,-0.043636941448865166,0.2591646903913908,0.038586043368679684,0.8812500000000001,0.16770606005976962,-0.010715273938055712
search,1100003,0,22,True,0.0,0.996259961884662,0.9790548338377681,0.0003603980654761905,2.0816681711721685e-17,0.16327249917426906,0.43412840595153823,5.588520209721749,3.5421333007983966,3.071860494868561,0.5227103689388413,0.14089514527724684,0.18983745027112386,0.04921174794088931,0.08989855619871076,-0.06313423001875046,-0.02076418099778345,0.24968701145448605,0.02658781356423459,0.8187500000000001,0.18621446196921354,0.04520278803227726
search,1100003,0,23,True,0.0,0.996259961884662,0.9790548338377681,3.487723214285714e-05,2.0816681711721685e-17,0.16780179120921368,0.4126518952744916,5.235262214224182,3.498559585037198,3.093421876698179,0.3954888102400259,0.11937919948511692,0.1687728671262359,0.026906259765753896,0.08702122930532594,-0.07740064428154879,-0.03328513177218448,0.23920341111570434,0.023203733634743935,0.80625,0.1648184300634649,0.021844016918096662
search,1100003,0,24,False,0.027233176535852666,0.996259961884662,0.9790548338377681,0.0005735367063492064,2.0816681711721685e-17,0.14315339131743382,0.4437664662485782,6.952846956939012,3.787562298794903,2.9181395269622437,0.5427228716014614,0.17484142028110794,0.20013884916000707,0.011317453238339896,0.0938699995967371,-0.09201630908607847,-0.036130620782893336,0.26402218975549496,0.04669809272856662,0.875,0.19532653354358295,0.007087631723606431
search,1100003,0,25,True,0.0,0.996259961884662,0.9790548338377681,0.0003158327132936508,2.0816681711721685e-17,0.1564095617991997,0.42457856821999446,6.168111536793228,3.6654272189200547,2.920119291967767,0.45373736561920164,0.1260601695121324,0.18931288321346196,0.02605366280430943,0.08714266948195239,-0.08296280451102091,-0.034610293944807795,0.2168074515375385,0.03258671617670025,0.85,0.1856756639731577,0.0213454851095652
search,1100003,0,26,False,3.406008107382283e-05,0.996259961884662,0.9790548338377681,0.00011044456845238095,2.0816681711721685e-17,0.16268478431904693,0.41920188222657107,5.7839799672943855,3.5722879282350126,2.9554867844356894,0.3375396028344655,0.13129390426111986,0.17000862271309763,0.011585880604681638,0.08842264289119325,-0.08580696745527587,-0.036919250163640616,0.2569443521322211,0.030283272119860226,0.84375,0.16587827731535987,0.0065387670722940865
search,1100003,0,27,False,0.004386806647608137,0.996259961884662,0.9790548338377681,0.001590789310515873,2.0816681711721685e-17,0.14176735228958998,0.4493331978404552,7.744425708802876,3.7987597937791753,2.82630494981254,0.4946318493167987,0.16586236338308108,0.19430780327380792,0.007981717262271336,0.09742654095361017,-0.08992200766675103,-0.031251701094374626,0.27263845427227734,0.05192510354266571,0.91875,0.19001980821969575,0.003122155320942787
search,1100003,0,28,True,0.0,0.996259961884662,0.9790548338377681,0.0,2.0816681711721685e-17,0.17198009401426495,0.41027489153248564,4.544980812788943,3.412208025885185,3.1580288147663684,0.41765028233618934,0.1257074645401427,0.17348992726092108,0.037795530338668615,0.08647416244758446,-0.07857644184119422,-0.03568656991377814,0.24439238871128866,0.01848432676995555,0.78125,0.1691347248275877,0.032527090274059034
search,1100003,0,29,True,0.0,0.996259961884662,0.9790548338377681,9.688120039682539e-06,2.0816681711721685e-17,0.17147554915756255,0.4043385499685825,4.8882712396327825,3.4380637011523323,3.1032149914485627,0.39877534692129935,0.10611168783849556,0.16108401183710844,0.03303947325998197,0.08580579803675609,-0.07057031636325355,-0.029840004062751994,0.22475232834512698,0.018872109096540315,0.825,0.15741450522182227,0.028467099452841555
search,1100003,0,30,False,0.06561950338290241,0.996259961884662,0.9790548338377681,0.0007382347470238095,2.0816681711721685e-17,0.14145944958449497,0.4434861081612149,7.585401990722609,3.805843940417633,2.829672907412327,0.4810801431862345,0.18286625867549,0.19221860300867324,-0.004119495143817594,0.09797759383392558,-0.09600234035054542,-0.03653036084245723,0.2957561905552746,0.05390302313378547,0.90625,0.18745243118813737,-0.009167242219773292
search,1100003,0,31,False,0.0001734763883418752,0.996259961884662,0.9790548338377681,0.002303834945436508,2.0816681711721685e-17,0.15265516272942947,0.4327882924814114,7.389069953698902,3.7143366098006796,2.8109315349104325,0.36677977560951924,0.12231802449264367,0.17260098026450876,0.007294939520010356,0.08995508345661506,-0.0842298640875685,-0.03058376318792912,0.2365141069359479,0.04036474563468309,0.8875,0.16939479716562988,0.003015782691585011
search,1100003,0,32,True,0.0,0.996259961884662,0.9790548338377681,0.0001240079365079365,2.0816681711721685e-17,0.15754051562544485,0.4391549023458813,5.685728242142877,3.6533642416457273,3.010491902342037,0.5257123044990483,0.15927134929911058,0.20170118399795167,0.044404818304584745,0.09043290327987574,-0.07724355682349546,-0.03309082129067241,0.2392907536737376,0.03025162628400515,0.825,0.19708620847395555,0.04005631350314171
search,1100003,0,33,False,0.005688671405186551,0.996259961884662,0.9790548338377681,0.0009106832837301587,2.0816681711721685e-17,0.13562716240588676,0.43517061319878214,7.884656853098889,3.851880699272823,2.790486233522201,0.5149544333029258,0.16608173497572937,0.19557958044978027,-0.0045980530494945104,0.09437025800644569,-0.09605987468871821,-0.03243067545438036,0.2699776595312551,0.05794320220925554,0.9,0.19142601466766326,-0.008517457661935152
search,1100003,0,34,True,0.0,0.996259961884662,0.9790548338377681,1.3563368055555555e-05,2.0816681711721685e-17,0.17359571457962164,0.41436930709950404,4.3167932669186895,3.3388665017341017,3.3429055215275376,0.5112000325228121,0.13786598806055134,0.17598128984963102,0.05038227864987337,0.08730233812025884,-0.06557376221567011,-0.02395270571731195,0.27890595417357034,0.018053839906184525,0.76875,0.17197435928931604,0.04567058442289671
search,1100003,0,35,True,0.0,0.996259961884662,0.9790548338377681,0.0004107762896825397,2.0816681711721685e-17,0.1571992296444908,0.4319577642235425,6.319302703012909,3.6520667039995978,3.0609725079044536,0.5226145517501866,0.1361622735536222,0.18653395384697827,0.03018529354172232,0.09172244498287313,-0.07361464280075548,-0.02578743756217028,0.24698025667560097,0.03359097203245734,0.8374999999999999,0.1828216583137815,0.02579033197167192
search,1100003,0,36,False,0.0002487092448849167,0.996259961884662,0.9790548338377681,0.00013175843253968253,2.0816681711721685e-17,0.1585119415890372,0.4220635279939405,6.157340963562852,3.6384661593319203,2.9656359005885404,0.39342675024194385,0.13496472460768727,0.17380335683423812,0.005774246842087058,0.08930213103612297,-0.09013595652696672,-0.039137035232774384,0.25362066360810465,0.03484995050422973,0.8687499999999999,0.16972722980770294,0.0006082785291345299
search,1100003,0,37,False,5.343486648834074e-05,0.996259961884662,0.9790548338377681,0.00033133370535714287,2.0816681711721685e-17,0.15491692768415566,0.4191298526316246,6.576096446135201,3.695907551038579,2.9157465935622278,0.43195956890134457,0.1195679141546245,0.1754903858812927,0.010723699357625517,0.08735774195898624,-0.08470923426670851,-0.03468064412463914,0.22302204311956747,0.03575940007154896,0.8625,0.1720862577883054,0.006186244368592922
search,1100003,0,38,True,0.0,0.996259961884662,0.9790548338377681,0.0007266090029761905,2.0816681711721685e-17,0.15569263728254346,0.44111482349803,6.335576876871267,3.674164928113373,3.0365460344723747,0.52562503411935,0.1511576456938179,0.19277709072632376,0.02889108159033964,0.09313336600306632,-0.07914608981861468,-0.02955806096351971,0.25620075864119085,0.03526244042744963,0.8375,0.18862771674829332,0.024419641792741538
search,1100003,0,39,True,0.0,0.996259961884662,0.9790548338377681,4.456535218253968e-05,2.7755575615628914e-17,0.16966413444970263,0.40414259514589945,5.3197994106476765,3.4768029891631587,3.025239386697899,0.3665999270828386,0.09740624261631944,0.14373157371466433,0.017494591609710758,0.0857417956201528,-0.07142184219703755,-0.030511567904933548,0.22018893568124298,0.021220167038891763,0.825,0.1402351483248841,0.01299118180163535
search,1100003,0,40,False,0.0345133127768295,0.996259961884662,0.9790548338377681,0.0002925812251984127,2.0816681711721685e-17,0.14647969195383018,0.43933479432420397,6.64036038171266,3.7675244861001587,2.9558204983381104,0.5218356164249556,0.17664969122993224,0.19769660939917816,0.005044988581121941,0.09302543953598502,-0.09657998532958866,-0.04082285343684304,0.27157616445028754,0.04541373937977264,0.89375,0.19268528484168693,0.00044224581385007757
search,1100003,0,41,True,0.0,0.996259961884662,0.9790548338377681,0.0007595486111111111,2.0816681711721685e-17,0.1565602352188535,0.43444706740913835,6.045036629496028,3.668868689099028,2.923632204575143,0.4477660444095194,0.122843471295317,0.2011174611025454,0.05410685451656316,0.08714207184617764,-0.06694332175854445,-0.024540312962464412,0.1948736343279191,0.027780994932079035,0.8187500000000001,0.1979917922912895,0.050651458647161016
search,1100003,0,42,False,0.013748099711492946,0.996259961884662,0.9790548338377681,0.00018601190476190475,2.0816681711721685e-17,0.15417947121293207,0.43265545254328774,6.252396071389254,3.6907831809045524,3.009666547108548,0.5778527815464356,0.17024280452289375,0.18584725480550823,-0.0015009937241727278,0.09277818754822728,-0.09893798950429547,-0.04469396186719569,0.28791448201741876,0.040949726040192286,0.88125,0.18086844685965225,-0.007101971476053941
search,1100003,0,43,False,1.4962448662623518e-05,0.996259961884662,0.9790548338377681,0.0022302052331349205,2.0816681711721685e-17,0.1438023238152306,0.45100073534062557,7.818460207425573,3.7894598401549695,2.825942767228417,0.4819415363108199,0.15469577445526692,0.19013678530750353,0.01273714251585162,0.09658973513994638,-0.08655172924334216,-0.028317591136169582,0.2639919911264502,0.049599369888816025,0.90625,0.18624714308081788,0.007767656118335959
search,1100003,0,44,True,0.0,0.996259961884662,0.9790548338377681,0.0,2.0816681711721685e-17,0.17428574307569145,0.40905107666792,4.092873987188252,3.347590637986802,3.2684885352216977,0.38641107679255227,0.14122144823079946,0.17498404759276465,0.03862668608979158,0.08617062036356724,-0.0826274219975423,-0.03950958754909542,0.2714751303426166,0.016385767030863314,0.75,0.17003662735617225,0.032723401585674876
search,1100003,0,45,False,2.965206065217017e-09,0.996259961884662,0.9790548338377681,1.5500992063492063e-05,2.0816681711721685e-17,0.16763539054473175,0.4129633570822621,5.276562073345095,3.5079012921569195,3.0160470831682664,0.2929900018370001,0.12069589292176797,0.16343158663348015,0.014968144582161445,0.0867831608505944,-0.08376422592978683,-0.03935046342968894,0.24333625180281052,0.024040664415432584,0.80625,0.15915807178325725,0.009604002049647337
search,1100003,0,46,True,0.0,0.996259961884662,0.9790548338377681,0.0008389911954365079,2.0816681711721685e-17,0.14755484856698553,0.4451946738943812,7.099972681183454,3.749367055769154,2.9401942634166875,0.5152754974909706,0.15994021675299785,0.194685083319547,0.02224445684823391,0.09650954857073729,-0.08118055318283321,-0.02771329069415849,0.2642478073218601,0.043507855486898214,0.875,0.19053303974684146,0.017767691708926513
search,1100003,0,47,False,0.0008495271555432697,0.996259961884662,0.9790548338377681,0.0004940941220238095,2.0816681711721685e-17,0.1579026906672262,0.42164536002566855,6.5165937289811104,3.6644524097618985,2.8634155016601825,0.34598636026104196,0.1252044112110734,0.16390093063876107,-0.002050789741410675,0.08898261066951352,-0.08817392771749104,-0.03720254274274007,0.25111973577753194,0.03633737434367115,0.88125,0.16008874318978805,-0.007069115106160609
search,1100003,0,48,True,0.0,0.996259961884662,0.9790548338377681,7.36297123015873e-05,2.0816681711721685e-17,0.1626451829859049,0.42716143750263547,5.43900401045453,3.5930741817608407,3.0997882888865154,0.5569299208376435,0.13253799260589447,0.193610363573128,0.04680321470657836,0.08783498692347944,-0.07339813290244493,-0.030162464052267305,0.22030534400575885,0.02544377595290623,0.8,0.18974567746418528,0.042131466186836275
search,1100003,0,49,False,0.0006689466242950252,0.996259961884662,0.9790548338377681,4.0690104166666664e-05,2.0816681711721685e-17,0.1670991474638701,0.41216597421189277,5.498034188217435,3.5519015783238377,2.93902332121941,0.2845973447917244,0.1107976189426329,0.14932274412775054,-0.00013044145090833088,0.08595223267806101,-0.08652791492125386,-0.044239608125757855,0.22884351904606992,0.024266989882225812,0.84375,0.14500908329061024,-0.0055638983834593175
search,1100003,0,50,True,0.0,0.996259961884662,0.9790548338377681,0.0003952752976190476,2.0816681711721685e-17,0.1546103693305373,0.43773840541909675,6.3008684208981816,3.696059703501763,2.9204229052630755,0.4807771847602113,0.1414288588743835,0.19651543299205632,0.0416176760845154,0.09215385529608333,-0.07122407029749692,-0.025169736557035687,0.23250802255013775,0.0331945093623829,0.825,0.1927967482887058,0.037791321450811745
search,1100003,0,51,True,0.0,0.996259961884662,0.9790548338377681,4.262772817460317e-05,2.0816681711721685e-17,0.16439925952116216,0.42181143526474985,5.679043303456737,3.5270908068925566,3.087917245061285,0.517230965908956,0.12364291686057427,0.1748990019613535,0.03749943733214242,0.08843742609875653,-0.06469630791577344,-0.020887941547822742,0.2469007375924212,0.026811998682613282,0.8374999999999999,0.17146840601013252,0.033463752734294056
search,1100003,0,52,False,0.0026658371942417922,0.996259961884662,0.9790548338377681,0.0011761377728174603,2.7755575615628914e-17,0.14657524737541439,0.4397558240155007,7.212216695883755,3.7789882884672212,2.7972893259804072,0.4629024138265343,0.1636082588240675,0.18936459282314055,-0.004032627714603045,0.09456564502296558,-0.09846113127689746,-0.038771668001378864,0.27688856358090996,0.049687180276920956,0.9,0.18502040579041296,-0.009206308521651572
search,1100003,0,53,False,0.0005267909704102476,0.996259961884662,0.9790548338377681,0.0015210348462301587,2.0816681711721685e-17,0.14729848214999436,0.43558410420385607,7.3398177239153615,3.7653199712672425,2.813417071636981,0.4867776342207062,0.1423297081674894,0.18432572629901658,0.0015731224832931851,0.09165050877566974,-0.09379095923442629,-0.03516498539177794,0.25187752382449236,0.04713781969127237,0.89375,0.18058555292597148,-0.003105631247219515
search,1100003,0,54,False,2.5734946501848728e-05,0.996259961884662,0.9790548338377681,9.688120039682539e-06,2.0816681711721685e-17,0.17004941772392973,0.42660231404234794,4.6331551497032955,3.3769074497498126,3.2876684425915936,0.44544762937546933,0.16045656660704105,0.18329214267578603,0.04727977387771537,0.08862779992903275,-0.06819365377299878,-0.026568968946147492,0.2938752733697172,0.021811414393208946,0.8,0.17892563292964306,0.04278204148368506
search,1100003,0,55,True,0.0,0.996259961884662,0.9790548338377681,0.0008331783234126984,2.0816681711721685e-17,0.1453469551120804,0.44155449959902954,7.100617130353227,3.790380074670211,2.838178912219927,0.4984778624285904,0.14378285953158934,0.19987344462059028,0.031107151705662795,0.09282370706273732,-0.07623749380040075,-0.025019067079070017,0.23254724250583267,0.0413681171348556,0.8625,0.19627025769691447,0.027109158946807217
search,1100003,0,56,True,0.0,0.996259961884662,0.9790548338377681,5.231584821428571e-05,2.0816681711721685e-17,0.16698232231157056,0.41730536321098843,5.024012864322902,3.5253805914905683,3.020019099011006,0.39807450900666125,0.1390114408556787,0.17860355235648442,0.02106443216823018,0.08677710200826466,-0.09112071671554484,-0.04481545858194862,0.25101822604144586,0.024249520075444467,0.80625,0.17381250109794927,0.015366908956507054
search,1100003,0,57,True,0.0,0.996259961884662,0.9790548338377681,0.00031001984126984125,2.0816681711721685e-17,0.16421314472900783,0.41752515810154994,5.483354898055022,3.5890423618552125,2.9803305608862902,0.3906437904662419,0.11972948425464791,0.1821129603694237,0.03014918820774208,0.08525986643036462,-0.0825274254789953,-0.037420024535460325,0.21424594317237178,0.0250149608606271,0.8187500000000001,0.1782273141901095,0.025028542159842796
search,1100003,0,58,False,0.003781821679147476,0.996259961884662,0.9790548338377681,7.16920882936508e-05,2.0816681711721685e-17,0.1561930656112479,0.4348557573052911,6.010500414847145,3.658010631632995,3.059673009415283,0.5568130651690031,0.16553388247510153,0.18800460681802475,0.014386779070578816,0.09255097004169348,-0.09052994298113377,-0.03953343994628553,0.2756930519238285,0.03659061627367428,0.8625,0.18313622080637748,0.009099729284260807
search,1100003,0,59,False,0.00177165900258635,0.996259961884662,0.9790548338377681,0.0002925812251984127,2.0816681711721685e-17,0.15655586188756915,0.4211383325597671,6.846785962636081,3.6855207024648644,2.856834626412078,0.398159985632483,0.1138399876807698,0.14687541701725473,-0.00962328170979883,0.08889195171025831,-0.08529321641105259,-0.035143654375863476,0.2411455711772658,0.03757679705514846,0.8937499999999999,0.14334542810818218,-0.014421531919168418
search,1100003,0,60,True,0.0,0.996259961884662,0.9790548338377681,0.00043209015376984125,2.7755575615628914e-17,0.15786063727275468,0.4554780007379372,5.927853646526014,3.621973451403443,3.0034418958662337,0.4927798758414892,0.1578329785922064,0.20832224594892634,0.06622265535218935,0.09290749210259014,-0.05419124475425372,-0.021150993940079386,0.2256854425641941,0.02850359668101481,0.78125,0.20468941216767989,0.06313862828749639
search,1100003,0,61,True,0.0,0.996259961884662,0.9790548338377681,0.0012749565972222222,2.0816681711721685e-17,0.15336382527621387,0.44296687869385026,6.52482613584197,3.7142663433252263,2.8710745000951885,0.43250878682350286,0.13508946883521267,0.19926806536985298,0.04341076075758535,0.09103305901230048,-0.0705032745734678,-0.02433708745359365,0.21932173256539123,0.03299765012122029,0.825,0.19577499755465777,0.03966842744229285
search,1100003,0,62,False,0.001027313260186586,0.996259961884662,0.9790548338377681,0.0,2.0816681711721685e-17,0.16599797253478174,0.4157003055467501,5.5997457102363235,3.5092752563618523,3.027256708208534,0.3628960198959562,0.13212849967548526,0.14800015842081343,-0.003750260810648858,0.08927429604547932,-0.0878925477807955,-0.03917954597452933,0.290984495722169,0.029941450563338447,0.85,0.1434542026160549,-0.0096096128376929
search,1100003,0,63,True,0.0,0.996259961884662,0.9790548338377681,0.0003138950892857143,2.0816681711721685e-17,0.1518012302206872,0.4388285481411571,6.585567902548917,3.7089454137598983,2.999333081904903,0.48331050084962185,0.15665125392041684,0.19198967197312417,0.019787340690269276,0.09427708026865791,-0.0839979086456199,-0.03242880829211002,0.26242361001439246,0.04009897571045222,0.875,0.18764920807457058,0.0149797932214316
search,1100003,0,64,True,0.0,0.996259961884662,0.9790548338377681,0.00012594556051587303,2.0816681711721685e-17,0.1626077246665999,0.42890330862385584,5.322673528074066,3.588569088537964,3.032129957961578,0.41233583831696324,0.1490822372991819,0.19145981225131736,0.031006115013419974,0.08843873746399,-0.08635010293797421,-0.03879860456736196,0.2479495658229264,0.02752559685725173,0.8374999999999999,0.18685991623014414,0.02573181163063184
search,1100003,1,0,True,0.0,0.961478151839632,0.8890931165284538,6.006634424603174e-05,2.7755575615628914e-17,0.1671033128192444,0.43234476941666466,4.759338720661069,3.4397122495068944,3.221491311058797,0.5486867486833382,0.1506633370294435,0.19041239098926238,0.04928883578359343,0.08893784137515012,-0.06946713389995335,-0.029278620714795728,0.24579495908799337,0.022059028812099372,0.79375,0.18646611054987622,0.04632750215269382
search,1100003,1,1,False,0.0007971796811833776,0.961478151839632,0.8890931165284538,0.00034683469742063494,2.0816681711721685e-17,0.1588944576928963,0.4237767959207378,6.131608409606406,3.609925000812498,2.929588428300853,0.40035573757848497,0.11973333861931712,0.15975157603204537,-0.001517106780334787,0.0878055167459613,-0.08815385881465443,-0.039827834571098036,0.22876863145831333,0.033405064058071365,0.85,0.15589823882905793,-0.00543447564977983
search,1100003,1,2,False,0.003891432436901248,0.961478151839632,0.8890931165284538,0.00034489707341269843,2.0816681711721685e-17,0.15435807151324,0.45062915849429386,6.100919739330456,3.647131973022447,3.1038423943820295,0.4935614648876695,0.16561432121800135,0.19531454379907254,0.04658757305255953,0.09396815089101407,-0.061657794430799676,-0.02215121869251254,0.24931200120946578,0.033871439194429434,0.8374999999999999,0.1915747122232167,0.044733348891932506
search,1100003,1,3,True,0.0,0.961478151839632,0.8890931165284538,7.556733630952381e-05,2.7755575615628914e-17,0.16107148101397123,0.4214624991930514,5.905677366081946,3.5504422704641456,3.042272374736635,0.5066932036930846,0.1258228791952702,0.16520434118340083,0.015442643252339176,0.09090798463464494,-0.07735069953577067,-0.028872056158231362,0.2501347336802346,0.032096412445798576,0.84375,0.16169983556915368,0.01210215840525261
search,1100003,1,4,False,0.05669984476635153,0.961478151839632,0.8890931165284538,0.00022863963293650794,2.0816681711721685e-17,0.15780309160215839,0.4439848810370214,5.58507750289386,3.603392775244142,3.265458364567688,0.5919752829839939,0.18143055628320104,0.19506207941885328,0.024511210464350605,0.09319964442435161,-0.08975200307023429,-0.040093125683651795,0.28381806543036614,0.03503569294337125,0.8687499999999999,0.19015176143740276,0.020860857245374124
search,1100003,1,5,False,7.910788426628831e-06,0.961478151839632,0.8890931165284538,0.0005696614583333334,2.0816681711721685e-17,0.15166734439197344,0.4414885390445007,6.467847584194277,3.65792539117041,2.9673121551152244,0.5087448111658703,0.15561757537291857,0.19028620936770974,0.013354621754944155,0.09334057161310447,-0.09087047876348446,-0.03563437848474417,0.2614050445235852,0.04266396636030603,0.875,0.18608388576145402,0.009464931417950432
search,1100003,1,6,True,0.0,0.961478151839632,0.8890931165284538,2.5189112103174602e-05,2.7755575615628914e-17,0.16608705015071984,0.4268684493982573,5.060774173852436,3.455597970411179,3.1632385300701094,0.4274856254046392,0.1511152824490688,0.17621070785714277,0.031652284209482934,0.09081218482725915,-0.07683810166022476,-0.031086796051884545,0.2799414973160374,0.027038650901578476,0.83125,0.17205372410539632,0.027986537862636367
search,1100003,1,7,True,0.0,0.961478151839632,0.8890931165284538,0.00011431981646825397,2.0816681711721685e-17,0.15996383663138977,0.43897535021271994,5.604527873280006,3.548146510298062,3.0602849767669205,0.46607293527772836,0.13920255785272445,0.19069441098199363,0.04988245139133515,0.08929207290262482,-0.05956579262094961,-0.020947866072625464,0.2241627968943172,0.026950746334667527,0.81875,0.18736628570564615,0.048058166455187845
search,1100003,1,8,False,0.0013539907300187917,0.961478151839632,0.8890931165284538,5.425347222222222e-05,2.0816681711721685e-17,0.16679885969995806,0.41795309149662196,5.312071158101238,3.4863887311561643,2.977439277065968,0.3858879657496529,0.11897952971788818,0.14794313603151277,-0.006526018618887259,0.08698739082289608,-0.091244092385659,-0.048597270780189786,0.2361130525464385,0.02538358220580214,0.83125,0.14351815291966735,-0.011110118368779523
search,1100003,1,9,True,0.0,0.961478151839632,0.8890931165284538,0.00013950892857142856,2.0816681711721685e-17,0.16608964825957906,0.43024289566491103,4.869818212065761,3.485415218115402,3.0966150889685173,0.4687762423591091,0.1419443331373802,0.19154969578012515,0.04392747072442949,0.088066389379528,-0.07607169695188695,-0.03351320933135375,0.2302312846201502,0.022478858200261544,0.80625,0.18747341924984304,0.040446609384478256
search,1100003,1,10,False,0.027101490537098875,0.961478151839632,0.8890931165284538,0.00018601190476190475,2.0816681711721685e-17,0.1492983922043476,0.4422532371292588,6.515377374325429,3.688761542563036,3.124851444211543,0.6535391240175559,0.17480250376832474,0.19167502013073723,0.01084835917586857,0.09698640014934704,-0.09372999559790371,-0.03770919663579335,0.28422994362881093,0.04626825342055339,0.8999999999999999,0.18709886525684105,0.007591830761195465
search,1100003,1,11,False,0.0002656559777274253,0.961478151839632,0.8890931165284538,2.1313864087301586e-05,2.0816681711721685e-17,0.16694065300452093,0.4136232150726752,5.429316563366136,3.4761306413841617,3.036636611785714,0.38874212307826583,0.11886532864920532,0.14623281945090136,0.005465110541921941,0.08859768801711215,-0.07896750774101224,-0.033746150559160706,0.26224316008298193,0.027080343809361744,0.84375,0.14243318367234375,0.0013976466934437432
search,1100003,1,12,False,0.006469317973387935,0.961478151839632,0.8890931165284538,0.0005057198660714286,2.0816681711721685e-17,0.15196645879445708,0.44794712056263797,6.1794545548899995,3.6904057118323452,3.107060888762647,0.554424263894979,0.16723888634973932,0.1997121772560973,0.031528757544257456,0.09342214433944715,-0.08330119440358,-0.03308480166984429,0.25542274257487074,0.038570509908985307,0.875,0.1952627435908632,0.028491440418712467
search,1100003,1,13,True,0.0,0.961478151839632,0.8890931165284538,0.002956814236111111,2.7755575615628914e-17,0.14953219077742902,0.45525262196021177,7.129137606885542,3.711067616405957,2.8802928455336225,0.4349182054519003,0.13419506264188094,0.19036579980348525,0.030084496508341843,0.0921777031037175,-0.07456009687647064,-0.023752028523425672,0.2222741702314301,0.039330126512978646,0.8374999999999999,0.18679571084966087,0.027973208054664783
search,1100003,1,14,False,0.0001606144035648579,0.961478151839632,0.8890931165284538,0.0,2.0816681711721685e-17,0.16616518845775285,0.4185919684329782,5.280402627537145,3.458799807735631,3.204148113282948,0.49922199906665365,0.14930591672612165,0.15740209721381782,0.0075860763249151605,0.09139452364756354,-0.08586035389939459,-0.03672350460640917,0.310592778502486,0.030670037626048162,0.84375,0.15295071759823978,0.0032059961444080333
search,1100003,1,15,False,0.0007070798345146436,0.961478151839632,0.8890931165284538,0.0006103515625,2.0816681711721685e-17,0.14997111676674332,0.4346011801510688,6.889817031415698,3.6821363101652995,2.9370866873138652,0.4974942895105399,0.1463347401395191,0.17745760977624947,-0.0005557190887073402,0.094527066936577,-0.09159449057688732,-0.03366973204896645,0.26583435535965383,0.04674087323453957,0.89375,0.17358958068301625,-0.004164173279410048
search,1100003,1,16,True,0.0,0.961478151839632,0.8890931165284538,1.9376240079365078e-05,2.0816681711721685e-17,0.17273152800799862,0.41862625827053335,4.155672638638606,3.364505134809016,3.259216069675714,0.4704970898900416,0.14063045008713249,0.18537920081434095,0.051371828985940254,0.08601916782507102,-0.0718973885111587,-0.03223209883142082,0.2415666138312535,0.016357363554488108,0.75,0.18131397444045055,0.04795705508967979
search,1100003,1,17,True,0.0,0.961478151839632,0.8890931165284538,0.0007266090029761905,2.0816681711721685e-17,0.1477347054643129,0.44081718817966403,6.767977853699907,3.7118916991973645,2.946141155146309,0.4778885745870571,0.14209783157649442,0.19243351955101654,0.019680047681169113,0.09097422188073462,-0.08469172436678726,-0.029622912034213293,0.23697579732416063,0.04341347390470923,0.85625,0.18864774605749451,0.016958716922560728
search,1100003,1,18,True,0.0,0.961478151839632,0.8890931165284538,1.937624007936508e-06,2.7755575615628914e-17,0.1732717980180002,0.40634291318582216,4.2951839136063334,3.3767314054467628,3.200957192173727,0.3648419891409702,0.14045574658727142,0.15605049455299563,0.024308609085855717,0.08761831652723881,-0.08050784887427642,-0.036577492108085696,0.29934624121731473,0.0201010358549768,0.79375,0.1515082691504554,0.02001751340330111
search,1100003,1,19,True,0.0,0.961478151839632,0.8890931165284538,0.0008699931795634921,2.0816681711721685e-17,0.1572494966887526,0.4374905093027071,6.245605384657678,3.600714331528259,2.9327702934618256,0.3991421063329519,0.12771581591885334,0.18150524419475594,0.03245205148221254,0.09031679214495983,-0.06654220317624805,-0.020197685020356373,0.23151463079900952,0.03279196254650699,0.84375,0.1783526843700035,0.029967054130524702
search,1100003,1,20,False,0.0003104864818991074,0.961478151839632,0.8890931165284538,0.00011819506448412698,2.0816681711721685e-17,0.15636247535107908,0.4329780401960148,6.050211681354508,3.5994716961436497,3.0508449416905874,0.5511665426262872,0.15554115246288117,0.1800352424605247,0.004691933436966852,0.09282897440142245,-0.09468205850434705,-0.04116952828359774,0.273067809722081,0.038880518686873984,0.88125,0.17564272877188514,0.0005294884929537662
search,1100003,1,21,False,0.000887329196612367,0.961478151839632,0.8890931165284538,4.8440600198412696e-05,2.0816681711721685e-17,0.157584864741647,0.43002985543567784,6.072253098146644,3.598004700950566,3.0109844695824663,0.5598622490619416,0.14512487775907823,0.17155888172543188,-0.0024260217580108403,0.09122962254296893,-0.094881550953202,-0.04282028822589365,0.26528255906726117,0.03779493134959069,0.8625,0.1672460724696032,-0.006571609497552094
search,1100003,1,22,True,0.0,0.961478151839632,0.8890931165284538,0.0002964564732142857,2.0816681711721685e-17,0.1641646870805759,0.4350449434741235,5.284734215084935,3.481858521799855,3.1242193895302814,0.42016279186181815,0.14567685500644822,0.18315663145304473,0.044809030356447205,0.09053407189622784,-0.06374977312767065,-0.02187323408404954,0.25692625718427725,0.026369538780154224,0.80625,0.17967355983371566,0.042427656382282644
search,1100003,1,23,True,0.0,0.961478151839632,0.8890931165284538,2.712673611111111e-05,2.0816681711721685e-17,0.1688421012110389,0.4140587971926134,4.949759672025549,3.4660905236265673,3.0363082668152765,0.35486628998530556,0.12323360649179982,0.16512185267781893,0.025149415130656827,0.08762907492021184,-0.07659423985481052,-0.033328917937465674,0.244059571120238,0.022307739343470415,0.8,0.16128420585111458,0.02143120923285487
search,1100003,1,24,False,0.0645728134383009,0.961478151839632,0.8890931165284538,0.0004979693700396825,2.0816681711721685e-17,0.14442443215178713,0.4490338498206139,6.79770687157279,3.763216400282173,3.0541153782028534,0.5639342167372395,0.18287006315798532,0.20279509223584474,0.020236313856103957,0.09574903824247354,-0.09249486677609096,-0.03624686633965174,0.2734969153159347,0.04804987493171048,0.8875,0.1980315835011721,0.01723462118867257
search,1100003,1,25,True,0.0,0.961478151839632,0.8890931165284538,0.00026351686507936506,2.0816681711721685e-17,0.15778986668043926,0.4298170059417513,5.857542636116159,3.607686681105199,2.9895653121978265,0.4602887898523623,0.13039625922175593,0.18457200424372883,0.022965857341239394,0.08795871115671278,-0.08311043474138494,-0.03472930985938404,0.22239261508179842,0.03184191347202189,0.83125,0.1807439553825912,0.019726324770446023
search,1100003,1,26,False,1.2993586124589536e-05,0.961478151839632,0.8890931165284538,7.36297123015873e-05,2.0816681711721685e-17,0.16389802713907142,0.4230631278544411,5.473702319905761,3.535791745935983,3.09043361901727,0.5019744845784768,0.13586352720157005,0.16717747126740445,0.012891272893073251,0.0906251529492276,-0.08485436519715042,-0.036813739343341624,0.2623456894214993,0.029564584521454544,0.83125,0.16312892200939133,0.00908870658711615
search,1100003,1,27,False,0.021348537865917314,0.961478151839632,0.8890931165284538,0.0014745318700396825,2.0816681711721685e-17,0.14315851909578592,0.45500554803712706,7.4071823052687895,3.7844802446768804,3.0517222091022327,0.6248314001781994,0.17314335710753645,0.1961822499745084,0.013993990819665781,0.10043228749253963,-0.09003979060686057,-0.03085597869173024,0.2811867921338389,0.05290330697427442,0.9125,0.19180439561570117,0.011274292930931561
search,1100003,1,28,True,0.0,0.961478151839632,0.8890931165284538,0.0,2.0816681711721685e-17,0.1728816778341108,0.4103816591415231,4.292675515183725,3.3878877907623646,3.128066422607286,0.33663628785424415,0.13004068074681233,0.1691143696470616,0.035866537798583675,0.08625085140417457,-0.07779531398853447,-0.035915546898385914,0.24969809570927928,0.017426989939596203,0.76875,0.16493187094328757,0.03181862208536684
search,1100003,1,29,True,0.0,0.961478151839632,0.8890931165284538,7.750496031746031e-06,2.0816681711721685e-17,0.17237490238822853,0.40564149741987643,4.615878038589814,3.4140958436980737,3.1001058127291587,0.33330819477708507,0.10910767466398429,0.15660309541489895,0.030870608502699976,0.08523540584542025,-0.06970305264123758,-0.03006521551135788,0.22851726094523234,0.017732320765958147,0.76875,0.15305971417579606,0.027322565756299245
search,1100003,1,30,False,0.12169229358832663,0.961478151839632,0.8890931165284538,0.0006646050347222222,2.0816681711721685e-17,0.14276227264206923,0.44981393227625005,7.327444828273186,3.7727440863775046,2.986952077019387,0.49898484023842915,0.1913073593296239,0.19590549151495174,0.006814062102448849,0.1022140974602941,-0.09538046941862305,-0.03573176208296608,0.3046746434953299,0.055611729286562675,0.9125,0.19118898117220995,0.0032707927161871996
search,1100003,1,31,False,0.0002842309588916515,0.961478151839632,0.8890931165284538,0.002028692336309524,2.7755575615628914e-17,0.15414023073867134,0.43825410849978097,6.997167490016806,3.646231530015481,2.8805653567587313,0.4244068855402079,0.1260491066089962,0.16977366423526014,0.005137396900072708,0.09169822453144615,-0.08346711735510691,-0.030146242569054214,0.24090694550905495,0.03995451989672313,0.8687499999999999,0.16631051554152226,0.0018399764180554242
search,1100003,1,32,False,0.0038884815905725484,0.961478151839632,0.8890931165284538,9.300595238095238e-05,2.0816681711721685e-17,0.15857826040644868,0.4431016214783547,5.436167498824895,3.5946479928788984,3.1621702844646986,0.5690787192451509,0.16561219216381956,0.19883999570050567,0.04117038741728299,0.09094135692297685,-0.07858702731777398,-0.03383837802932677,0.24815959901674148,0.03025936487028961,0.8374999999999999,0.1943554036782097,0.03824574818448735
search,1100003,1,33,False,0.022882957020702897,0.961478151839632,0.8890931165284538,0.0008486793154761905,2.0816681711721685e-17,0.137158475086962,0.4444084569252758,7.6932349225437875,3.8135950120016116,3.044812335789831,0.6712505782993621,0.1735859673176705,0.1992092370863679,0.009283532101482726,0.09664141683441219,-0.0957511201888596,-0.031238337303203037,0.2784426470094725,0.05870118867476261,0.925,0.1949031643426265,0.006425231523049042
search,1100003,1,34,True,0.0,0.961478151839632,0.8890931165284538,5.8128720238095235e-06,2.0816681711721685e-17,0.17427293026712237,0.41060284005191394,4.081766916167365,3.334784826038107,3.317655153929481,0.38834966842718033,0.14276706048456544,0.1707647589095977,0.04841363323919222,0.08692604899886831,-0.0652815348060791,-0.025015718097921035,0.2857087411771635,0.01756574049565999,0.78125,0.16694479498011694,0.04526690760447382
search,1100003,1,35,True,0.0,0.961478151839632,0.8890931165284538,0.0003255208333333333,2.0816681711721685e-17,0.15839662425740808,0.43519926837720446,5.970721270135387,3.5787654046936628,3.0271750034686082,0.4959728915698296,0.1410640322239421,0.18237245305384778,0.02801632496839359,0.09201828353125777,-0.07379563695743188,-0.026032483873085467,0.2538338235927558,0.03358248131653836,0.85,0.17867826668381193,0.02460152445339827
search,1100003,1,36,False,0.00016569883588515535,0.961478151839632,0.8890931165284538,9.688120039682539e-05,2.0816681711721685e-17,0.15985911753690193,0.42787498352954856,5.845375011605535,3.5891025775117735,3.036680302660306,0.50369069155984,0.13976610100051762,0.1711302807345043,0.007469642497809464,0.09132298128049318,-0.08930029512818519,-0.03879308831427057,0.2591596803267997,0.034127713314967854,0.85,0.16704556272449217,0.003212613735600353
search,1100003,1,37,False,0.00011932680112424229,0.961478151839632,0.8890931165284538,0.0002732049851190476,2.0816681711721685e-17,0.15641872527517667,0.42436746828381194,6.24001320572012,3.6227421169916423,2.9531782943748586,0.42977952745737624,0.12322446083841931,0.17093685775164585,0.008609646761348492,0.0886012293312371,-0.08428544130510872,-0.034289692002718794,0.2274675016549592,0.03499318214605876,0.84375,0.16732528777316846,0.005352339663451888
search,1100003,1,38,True,0.0,0.961478151839632,0.8890931165284538,0.0006452287946428571,2.0816681711721685e-17,0.15685525967706043,0.4445239986297342,6.019768567884045,3.593426513255386,3.106340635439077,0.5381935715009899,0.15701619907979183,0.18996600310103545,0.028023469828966398,0.09314718490208299,-0.07935892463147644,-0.029878574479443438,0.26400961091434516,0.03572424503929675,0.8687499999999999,0.18585565639380303,0.024775575696141437
search,1100003,1,39,True,0.0,0.961478151839632,0.8890931165284538,3.293960813492063e-05,2.0816681711721685e-17,0.1706534200298606,0.4038825561997734,5.022250346820643,3.432976349565326,2.9960824134746034,0.3097362145748991,0.09959740965490485,0.14052074600665115,0.016698280901910553,0.0849847627274842,-0.0701781081425269,-0.03043750957907874,0.2226530418826981,0.01991344212162246,0.80625,0.13715149281047573,0.013161634465679625
search,1100003,1,40,False,0.07629783239482481,0.961478151839632,0.8890931165284538,0.00025576636904761906,2.0816681711721685e-17,0.14771169705036297,0.4453284978532689,6.453245915454036,3.7178899869109507,3.111240521598639,0.5876915012433958,0.18485985604137886,0.20089096558399733,0.015046299858255365,0.0950581413599601,-0.09644140451390154,-0.040729946545168955,0.2810450900503304,0.045907660308847034,0.8875,0.19598463913595962,0.01181309172316875
search,1100003,1,41,True,0.0,0.961478151839632,0.8890931165284538,0.0006413535466269841,2.0816681711721685e-17,0.1578130884211743,0.43809591690495076,5.758939491738257,3.6064330539355582,2.9719203049932643,0.3699866398736035,0.12664474420021893,0.1935481855549531,0.04509593702347306,0.08687466942468725,-0.0683325668341003,-0.025317127758716442,0.20074335588493863,0.028012706047875563,0.825,0.19020421541984442,0.04264646599067783
search,1100003,1,42,False,0.039961918131954224,0.961478151839632,0.8890931165284538,0.00014919704861111112,2.0816681711721685e-17,0.15540841640052167,0.439032458116141,5.98199841261531,3.6194531726293064,3.14823440984188,0.6560958132274717,0.17793417409603485,0.1871384892191434,0.005677684767610118,0.09455074579657582,-0.09791890961979963,-0.043731125209165764,0.2964113586243877,0.040917824068273795,0.8875,0.18230395365763244,0.0017095039347798085
search,1100003,1,43,False,0.00010780206954075188,0.961478151839632,0.8890931165284538,0.0020771329365079365,2.7755575615628914e-17,0.14523571581311584,0.455960180964228,7.475254770027719,3.7412734879516654,2.96698731434175,0.5632023443167071,0.16091918116859721,0.19004799788147136,0.013906477767097962,0.09998343892537931,-0.08674667694131175,-0.027998599311371133,0.2715725055435943,0.050639699262369574,0.90625,0.18593460417038693,0.011011861539373663
search,1100003,1,44,True,0.0,0.961478151839632,0.8890931165284538,0.0,2.0816681711721685e-17,0.17510296773523493,0.4080243526790181,3.8662654775096046,3.3137819556084436,3.3457812708907886,0.46840884286790085,0.14677021793311462,0.17164041795775237,0.03810711236034341,0.08611937564492658,-0.0816943200259723,-0.039703233399113746,0.2782046483702141,0.015681847538761375,0.75,0.16693657385682947,0.0341559856233315
search,1100003,1,45,True,0.0,0.961478151839632,0.8890931165284538,5.8128720238095235e-06,2.7755575615628914e-17,0.1687469789538243,0.41435260268844454,4.985022613981256,3.4711357768898394,3.0482036510850974,0.39596173695031,0.12461357024825587,0.1609402431398372,0.015097078292672466,0.08739473804826084,-0.0827498919557492,-0.03908794856001303,0.24806258063048883,0.02298558930707917,0.825,0.1568045795598454,0.010760013469796697
search,1100003,1,46,False,0.004904438373642541,0.961478151839632,0.8890931165284538,0.0007556733630952381,2.0816681711721685e-17,0.14885636694079468,0.44947030850448766,6.784424935220569,3.727037878907642,3.0170951711827225,0.5212620489026578,0.16630285259438174,0.19304881019955789,0.023201061148125805,0.09758923289837348,-0.08155382344083319,-0.02784827998588254,0.27246091755426693,0.04477986691498914,0.8875,0.18883414319309821,0.020262113476300782
search,1100003,1,47,False,0.0008138492271028814,0.961478151839632,0.8890931165284538,0.00040108816964285713,2.0816681711721685e-17,0.15930902452007145,0.4262219077822118,6.1611168217023735,3.5867205034580203,3.031143600815648,0.46728705221171984,0.12913542255562663,0.16122545014149203,-0.0016889050493219485,0.09074860279534992,-0.08714601534661909,-0.036623101886323214,0.2557488426040251,0.0354915021829157,0.86875,0.15739842459386924,-0.005538187317722682
search,1100003,1,48,True,0.0,0.961478151839632,0.8890931165284538,5.231584821428571e-05,2.0816681711721685e-17,0.16372996266786566,0.4308704266890999,5.1703588659884705,3.5167863596297817,3.0944539220576446,0.46638637700615637,0.13721764595440733,0.18815303865263422,0.041303871264301725,0.08877095840466431,-0.07388112913406683,-0.030991986222250092,0.22686239644358924,0.025051900164573947,0.83125,0.18430324635606096,0.03834372361379733
search,1100003,1,49,False,0.0005828336603646223,0.961478151839632,0.8890931165284538,2.9064360119047617e-05,2.0816681711721685e-17,0.1683107225322139,0.41313875815853796,5.194854217562902,3.4612064249901016,2.9959363999182527,0.3576157514074631,0.11373605334879858,0.14779368171068996,0.0008769603336150449,0.08575895930439306,-0.08528158775087674,-0.0438123025096011,0.23222818279921495,0.02307722938186496,0.825,0.14361071893250918,-0.0034407259931194846
search,1100003,1,50,True,0.0,0.961478151839632,0.8890931165284538,0.0003197079613095238,2.0816681711721685e-17,0.15582637568888463,0.4409269261177954,5.9756122761398744,3.6246465354589565,3.077071679816749,0.5057369565863735,0.14639792264332618,0.1910012259943086,0.03668489839734014,0.0917168133458125,-0.07222378390473116,-0.025776191487489906,0.23980108346643036,0.033402003623247946,0.85,0.18722954701446803,0.03384369775458911
search,1100003,1,51,True,0.0,0.961478151839632,0.8890931165284538,3.487723214285714e-05,2.0816681711721685e-17,0.16537998522362893,0.42227763167816357,5.386075341217666,3.4975262572182295,3.080048082137948,0.4488872151912714,0.12763732713386802,0.17027038286323035,0.035126197646231566,0.08959322190479124,-0.06456577983964762,-0.02139159576079868,0.25281135320272263,0.026372719872446056,0.8125,0.16696157446831017,0.03251569421912416
search,1100003,1,52,False,0.0142355627517664,0.961478151839632,0.8890931165284538,0.0010521298363095238,2.0816681711721685e-17,0.1479796900351586,0.44719303040667086,6.913008430685824,3.6970315104791336,3.0630681724775233,0.640357420939754,0.1705974821832799,0.1903477994828061,0.003738987464719476,0.09707106823599491,-0.09759954526394068,-0.03809084909186454,0.2846825220026945,0.049755781177450414,0.90625,0.18592222824560742,-3.0513709794840332e-05
search,1100003,1,53,False,0.00039420065910049785,0.961478151839632,0.8890931165284538,0.0014105902777777778,2.0816681711721685e-17,0.14885056635393323,0.44204072459151506,7.014578425558305,3.7031772767960303,2.9823272035437105,0.52942893318924,0.14756495177436385,0.1835215188041,0.0033851250303471685,0.09311373107298901,-0.09324549113515111,-0.034640884181816226,0.25806892163867434,0.046924342878229885,0.8812500000000001,0.1795484870635658,-0.00027225168449666057
search,1100003,1,54,False,0.005989420212829287,0.961478151839632,0.8890931165284538,1.937624007936508e-06,2.0816681711721685e-17,0.17074231991113625,0.42558468801481586,4.395056655570537,3.3390832735370024,3.3207060429762567,0.4292373367254555,0.16696522101041433,0.17950526378642112,0.04639322114582682,0.08859564303180789,-0.06842688854173432,-0.0273931834782791,0.30294186692533875,0.02196322645529503,0.79375,0.17537638514235765,0.04283290929135493
search,1100003,1,55,True,0.0,0.961478151839632,0.8890931165284538,0.000736297123015873,2.0816681711721685e-17,0.14680908034357837,0.4452003873233341,6.807063597743571,3.7481141962301603,2.8935577271253154,0.39607834764346855,0.14906615966598505,0.19703162652437495,0.0284152633390403,0.09326995450766098,-0.0775197872261736,-0.02507405607937488,0.24011008542678564,0.042723271525069564,0.86875,0.1931773058748068,0.026020262783603445
search,1100003,1,56,True,0.0,0.961478151839632,0.8890931165284538,3.293960813492063e-05,2.0816681711721685e-17,0.16807773299445622,0.42174009627799236,4.762645814810397,3.4616491769086535,3.1569728975659155,0.4700742402405369,0.14447728760796835,0.1762916795234158,0.020829751461818105,0.08803768006816318,-0.09020783475212354,-0.0443219311710948,0.25744166451473194,0.023362722301060058,0.8062499999999999,0.17165549191423934,0.016287883724202156
search,1100003,1,57,True,0.0,0.961478151839632,0.8890931165284538,0.00025382874503968256,2.0816681711721685e-17,0.16540212470512444,0.4218416992037131,5.182017637146277,3.526099656077096,3.0209865601747583,0.3570992002671004,0.12369878933677105,0.17681941165677778,0.025764720521077752,0.08680574430132193,-0.08211707737160223,-0.037676291184292096,0.2190664483010789,0.02395375877126218,0.8062499999999999,0.1728936284560013,0.02189604485716002
search,1100003,1,58,False,0.02004451378695133,0.961478151839632,0.8890931165284538,4.8440600198412696e-05,2.0816681711721685e-17,0.15735190180060138,0.4398722067442129,5.7521247738861865,3.5875906442607137,3.1211379166209827,0.5449043016978343,0.1727420783891132,0.1882748199956397,0.019189802839004424,0.09363843164775004,-0.0900344856311602,-0.038954975995846144,0.2842927354977686,0.03693013783608294,0.8687499999999999,0.1835609227468667,0.015146676959164468
search,1100003,1,59,False,0.0017320782746529373,0.961478151839632,0.8890931165284538,0.00023832775297619047,2.7755575615628914e-17,0.15806441058739218,0.42311461995512434,6.493763543212402,3.6002585646274756,2.9159059604865947,0.40182745370498296,0.11647513388607217,0.14437237678204384,-0.00934667302822095,0.0903651254331582,-0.084097859744764,-0.03474304990812588,0.24423031451336924,0.03655303498124145,0.89375,0.1408273713526478,-0.01293100149432341
search,1100003,1,60,False,0.0009856869091898698,0.961478151839632,0.8890931165284538,0.0003410218253968254,2.0816681711721685e-17,0.15868941477354903,0.45400697925173295,5.588350562100031,3.5689736180711593,3.162709476955805,0.5611457659911454,0.1628256086007156,0.19936311685910896,0.054754837679898895,0.09098017269606694,-0.057739145282275695,-0.02288215320192319,0.23423509994449998,0.02810301469648276,0.8187500000000001,0.1958060954026829,0.05295928826821613
search,1100003,1,61,True,0.0,0.961478151839632,0.8890931165284538,0.0011354476686507937,2.0816681711721685e-17,0.15463158925181475,0.44719476913629924,6.226502425225591,3.6338758343067994,2.989535991564749,0.4496382334484067,0.13968500202282738,0.19446489199709666,0.03657724002741801,0.09019572932656386,-0.07172039830431959,-0.02492512098673728,0.22627597104501188,0.0338179818380608,0.84375,0.19083893082746983,0.03414987811126098
search,1100003,1,62,False,0.0006495944497469787,0.961478151839632,0.8890931165284538,0.0,2.0816681711721685e-17,0.16714977194103176,0.4163584415553293,5.273764347445107,3.4514711991763027,3.094291340624932,0.3709396939502078,0.13632160314175235,0.14710127511314597,9.00214431857815e-05,0.09012417937288462,-0.08632360653093563,-0.038594946911277225,0.2958242006994425,0.028916665182586832,0.8375,0.14277428156227673,-0.004304602144802052
search,1100003,1,63,False,0.0011970756949365882,0.961478151839632,0.8890931165284538,0.00024026537698412697,2.0816681711721685e-17,0.15306280987366175,0.4423435282322587,6.259831538488875,3.6530198422362647,3.0966531162364572,0.5701921183018944,0.16311389035275592,0.1911221521892824,0.021483924010623746,0.09513284086766197,-0.0843134848068693,-0.032441947052093786,0.2706892958839252,0.04026218946038655,0.88125,0.1868053591996427,0.018169950911136087
search,1100003,1,64,True,0.0,0.961478151839632,0.8890931165284538,8.525545634920634e-05,2.0816681711721685e-17,0.1636968610566844,0.43374406097263696,5.0701198253122755,3.495126241797465,3.1852511087111965,0.5956474119594047,0.15507240171413605,0.18836060623059533,0.03020107546468914,0.09000255726459991,-0.08613169650334555,-0.038971992149601675,0.25535255454272676,0.02705576343721046,0.825,0.18387289087637604,0.026329762448877116
search,1100003,2,0,True,0.0,0.908480562565556,0.964496868646665,8.138020833333333e-05,2.0816681711721685e-17,0.16710135803060006,0.4328870374819833,4.722963371425219,3.4472097972553604,3.2161212106482355,0.41000816838586424,0.14693964022550907,0.1955011511158079,0.057584631613379955,0.08659377106020469,-0.06767347153644272,-0.02716797246095954,0.23921768751908312,0.020744323820568962,0.76875,0.19120034750851084,0.05426586286160692
search,1100003,2,1,False,0.00118489838494889,0.908480562565556,0.964496868646665,0.0003429594494047619,2.7755575615628914e-17,0.15867640705891084,0.42024772496374935,6.013557926607572,3.5919296101072087,2.9069022090476158,0.4052350222851974,0.11620390748369261,0.1559981306076993,-0.005137076495587282,0.08462332898614126,-0.0887899264549375,-0.04022686351490326,0.2249575274136067,0.03190455373731674,0.85,0.15167229223007983,-0.008940402828128071
search,1100003,2,2,False,0.0005099740306401185,0.908480562565556,0.964496868646665,0.0003972129216269841,2.0816681711721685e-17,0.15424674956211237,0.45176273154810925,6.185215640114594,3.6264643952244673,2.9765355358783023,0.4716564418337289,0.16203243441423948,0.19951715611741339,0.05128912927279651,0.09460980899640134,-0.058275458041875755,-0.020743082851603416,0.24233246205985645,0.03285455410021272,0.8,0.1953448381260257,0.049059727853078904
search,1100003,2,3,True,0.0,0.908480562565556,0.964496868646665,9.494357638888889e-05,2.0816681711721685e-17,0.16095637470552437,0.41839911431194476,5.797802156272391,3.5164274675380343,2.9812396037215,0.370002876165108,0.1221737129859865,0.16626268302396413,0.016063805453233458,0.08687480914521965,-0.0774121013315599,-0.028995731700487744,0.24500077251000457,0.03027349901960459,0.84375,0.1623581328292905,0.012582930279346977
search,1100003,2,4,False,0.03365639984957307,0.908480562565556,0.964496868646665,0.0002460782490079365,2.0816681711721685e-17,0.1574556758973153,0.44137877883002186,5.5759300458368095,3.5975494678981708,3.1780831268187515,0.5660108753404796,0.17651111258460622,0.19514533122219807,0.02419169810873736,0.09124795273453211,-0.08998571738805944,-0.039761520432390396,0.2769125085549236,0.03365091613733577,0.83125,0.1897687755891212,0.019748989977362116
search,1100003,2,5,False,0.00010023475276087397,0.908480562565556,0.964496868646665,0.0005948505704365079,2.0816681711721685e-17,0.15128133513010453,0.43487112725544463,6.421880785683543,3.6885047679124203,2.9519460587114525,0.5003297046662414,0.15126228180556542,0.1892630507349733,0.009143137506856585,0.0893925636666842,-0.09115251576006603,-0.036295826384879354,0.2557953971186133,0.040990909808062234,0.8625,0.1846943725848152,0.0050996678505971955
search,1100003,2,6,True,0.0,0.908480562565556,0.964496868646665,3.487723214285714e-05,2.0816681711721685e-17,0.16599012175220446,0.4251333952494131,5.004244040988485,3.420678946637284,3.096177073374374,0.3992402545980761,0.14688370182476468,0.17993183387691836,0.034609475221955135,0.08734957652861247,-0.07658222606144724,-0.03008849939810218,0.2734148666491646,0.02539217847177024,0.825,0.17539494553633328,0.03048484353003826
search,1100003,2,7,True,0.0,0.908480562565556,0.964496868646665,0.00013175843253968253,2.0816681711721685e-17,0.16001088810653114,0.43731413108345246,5.597829841563454,3.560325956653943,3.0217690202075733,0.4002640801360059,0.13617407148431956,0.19591134292510143,0.056086785815419704,0.08847839758205335,-0.05624707831964579,-0.0190059337227764,0.21823851729306848,0.025512844738445485,0.8,0.19222197389754153,0.05372264739925349
search,1100003,2,8,False,0.0015641826264885287,0.908480562565556,0.964496868646665,6.781684027777778e-05,2.0816681711721685e-17,0.1666301127492813,0.41510811551822646,5.172106166781861,3.4873557845452785,3.0120948188123076,0.4476621579873315,0.11549341850322742,0.1461445418894871,-0.0081366030209717,0.08451369510089646,-0.09220332395767586,-0.048878827277947054,0.2323168353715114,0.024297249147938637,0.83125,0.14122663110749165,-0.013126843659749289
search,1100003,2,9,True,0.0,0.908480562565556,0.964496868646665,0.00015500992063492063,2.0816681711721685e-17,0.16604451331262998,0.42694277432802274,4.803247425398162,3.4753141649078656,3.13047370424911,0.424547586495562,0.13824470743049766,0.19527363235027845,0.050034333184301866,0.08478164301211821,-0.07470161366705183,-0.03189983806788278,0.22431860525560743,0.021396445155125794,0.775,0.19080554987521364,0.04616634020949714
search,1100003,2,10,False,0.01236939846809156,0.908480562565556,0.964496868646665,0.00020151289682539681,2.0816681711721685e-17,0.14880001744860638,0.4355488372095412,6.479502602819618,3.7105912501523663,3.00525138645611,0.5806247301330473,0.16991859950686455,0.19001859529444598,0.006246665935762226,0.0933639859116731,-0.09442478478056929,-0.03805574461383351,0.2779455461155293,0.04469762652485643,0.89375,0.1850276920376686,0.0018413427256894158
search,1100003,2,11,False,0.00020105208090605994,0.908480562565556,0.964496868646665,1.743861607142857e-05,2.0816681711721685e-17,0.16686500144581454,0.41187872369152895,5.272598836102423,3.4458058759889822,3.002009384394767,0.3515383776334911,0.11542579553635246,0.1486829756525393,0.00670511914563709,0.08532538432683057,-0.07935085655534369,-0.03336788736460583,0.25777536816651264,0.025594463372019906,0.84375,0.14445714206553723,0.0027055953515981983
search,1100003,2,12,False,0.0009856712096095778,0.908480562565556,0.964496868646665,0.0005347842261904762,2.0816681711721685e-17,0.15162473808344412,0.44491203909034194,6.150724530280695,3.6473297864308565,3.052576263970071,0.6080053620271701,0.1628255860981109,0.1996171054512466,0.03133225650682386,0.09097508708077333,-0.0823092006226456,-0.0323974180787157,0.24871161397217498,0.037044907701631366,0.84375,0.1947102100319128,0.02741544534888615
search,1100003,2,13,True,0.0,0.908480562565556,0.964496868646665,0.002861870659722222,2.0816681711721685e-17,0.14932298897740676,0.4534267312994148,7.0080501694199535,3.6561563330209106,2.8492136658037146,0.39452121618733416,0.13066574313837123,0.1893273173810323,0.02892202481535903,0.08546235129513002,-0.07244417203018444,-0.023293542478383018,0.21667350281381398,0.03698461716989325,0.8374999999999999,0.18531125850108893,0.025994588850374575
search,1100003,2,14,False,0.00012740034977746815,0.908480562565556,0.964496868646665,1.937624007936508e-06,2.0816681711721685e-17,0.1659580826017185,0.4192791502235185,5.206263361589078,3.4232929259397067,3.0771183244736022,0.3981744320274232,0.14493701989257124,0.15968263254883475,0.008397001839876522,0.08790306231611478,-0.08689663121915694,-0.03707002379904358,0.30518300780135654,0.02905846768930481,0.8500000000000001,0.15483219549159127,0.003654925395152427
search,1100003,2,15,False,0.0011557603852066897,0.908480562565556,0.964496868646665,0.0006277901785714286,2.0816681711721685e-17,0.14954714268174957,0.4286826220901002,6.840656548735097,3.715206532152452,2.8852886801534123,0.4164639078243974,0.1421607291424077,0.17475565145510752,-0.004887938501196132,0.09008983955761107,-0.09233179810847891,-0.03506039197045464,0.2609784773595302,0.0448566687906638,0.86875,0.17054037668542665,-0.008786418119673869
search,1100003,2,16,True,0.0,0.908480562565556,0.964496868646665,2.5189112103174602e-05,2.0816681711721685e-17,0.1727696750966871,0.4166186984360081,4.078068679593333,3.3564686518525146,3.2660724078087355,0.40371846804335554,0.13689887203963508,0.1922094614614826,0.06260714630294961,0.08396301779590883,-0.07045884874184008,-0.029647968542378257,0.2351929483917647,0.015413391950900072,0.75,0.18782997490268757,0.05885442465496826
search,1100003,2,17,False,7.409779138225623e-08,0.908480562565556,0.964496868646665,0.000728546626984127,2.0816681711721685e-17,0.14737789192252107,0.4334176250953948,6.714043101557733,3.6841127295594225,2.891912191797161,0.40445592442283806,0.1381853639690684,0.19045318722473398,0.014840757679444838,0.0868564770276892,-0.08417521381671329,-0.030169560501435044,0.23161303987879117,0.04146532047574398,0.8625,0.1863249651262069,0.011451101761976237
search,1100003,2,18,True,0.0,0.908480562565556,0.964496868646665,7.750496031746031e-06,2.0816681711721685e-17,0.17320224243872828,0.40796751585052415,4.194268927073917,3.321190324408187,3.3066704662407855,0.42021358533295805,0.13636526249369513,0.1615594553995692,0.028851583336138038,0.08425285827350668,-0.08097972052171087,-0.036245173621014516,0.2937402993897673,0.018691238178238312,0.7875,0.15667552382347852,0.024274966339521607
search,1100003,2,19,True,0.0,0.908480562565556,0.964496868646665,0.0008564298115079365,2.0816681711721685e-17,0.1572269041113716,0.43645040632375864,6.141450173859974,3.5631381686962547,2.9343171083560287,0.35836765931770254,0.12445411780254217,0.18509101457319102,0.03615362282282069,0.08745068938178599,-0.06488207639770756,-0.019677609311936094,0.2259217126914574,0.030488491860909763,0.83125,0.18158473017384136,0.03317881548996024
search,1100003,2,20,False,0.0006048227433582964,0.908480562565556,0.964496868646665,0.00013175843253968253,2.7755575615628914e-17,0.15599156848490955,0.4271591108967865,5.992859788856051,3.640991292639482,3.010713705828431,0.5201747656538309,0.15106130322763478,0.1782378232481967,0.0006130106225870511,0.08867650120761342,-0.09568645494277944,-0.041983746381257375,0.2677052969453364,0.03760381454014333,0.8625,0.17343468015865976,-0.003940746741254656
search,1100003,2,21,False,0.0013865504082124693,0.908480562565556,0.964496868646665,6.781684027777778e-05,2.0816681711721685e-17,0.1572408689212169,0.4248912065924042,5.999683313323083,3.6124039706824056,2.9668486676015604,0.3960654346506414,0.14091339415876153,0.16863245482879705,-0.006783301252347223,0.08737804971271075,-0.09602649426179063,-0.04371792176857089,0.26056740534384826,0.03642952675877792,0.8625,0.16388889147037133,-0.01111381181353572
search,1100003,2,22,True,0.0,0.908480562565556,0.964496868646665,0.0003138950892857143,2.0816681711721685e-17,0.16420876514027938,0.43451972978913544,5.249558720521189,3.474052756428982,3.081228255812764,0.39964003473866827,0.14215122866179122,0.1890028520404021,0.05105881782916249,0.08853627211330947,-0.06190133757215022,-0.020201662365518742,0.2504315190569187,0.024775724086739462,0.8,0.18518332023309425,0.048332875292731434
search,1100003,2,23,True,0.0,0.908480562565556,0.964496868646665,3.1001984126984125e-05,2.0816681711721685e-17,0.16882630416603855,0.4117317651086776,4.819111429999214,3.4315801394103462,3.070552869835908,0.3774652148081657,0.1196613088108823,0.16908971011321666,0.029919271346427266,0.08434486534028893,-0.07630923445778898,-0.03221847581212846,0.2387022805612477,0.02118507957803947,0.8125,0.16486733815893345,0.02621370060501579
search,1100003,2,24,False,0.038580195824597874,0.908480562565556,0.964496868646665,0.0005231584821428571,2.0816681711721685e-17,0.14386662513178458,0.44525237960455677,6.729036565330883,3.753960675064154,3.0568731829403775,0.5990333168127954,0.17767688607298918,0.20046652825075387,0.01392631997726179,0.09314191818418271,-0.09232477766596305,-0.036539075092272985,0.2664523816050419,0.04652385186208934,0.8625,0.19521437399163177,0.010436618706943426
search,1100003,2,25,True,0.0,0.908480562565556,0.964496868646665,0.0002828931051587302,2.0816681711721685e-17,0.15761766316819525,0.423583816140048,5.768162391027287,3.587996326926973,2.932693173576759,0.3833579018116168,0.12676277558095783,0.183945414857592,0.022394506627397226,0.08369386894934239,-0.0826674614852568,-0.034143622915213834,0.2175524347555576,0.03052357839159997,0.85,0.17971977477512718,0.019027761691571
search,1100003,2,26,False,9.199134263320843e-06,0.908480562565556,0.964496868646665,9.688120039682539e-05,2.0816681711721685e-17,0.1637274105180748,0.4194666523596136,5.382386430264629,3.503807650460666,3.020654892335214,0.44856991982090433,0.13184414291791416,0.1679387480348936,0.013225690634848315,0.08670701009935919,-0.08545252062969291,-0.03678284344121199,0.25701276105323745,0.02814408110500395,0.8374999999999999,0.16347730264354532,0.008982364495517207
search,1100003,2,27,False,0.0088550183597553,0.908480562565556,0.964496868646665,0.0013815259176587302,2.0816681711721685e-17,0.1425825590662313,0.44810568063109174,7.395995176127185,3.7528717196755066,2.889699635501877,0.5533746266374081,0.16839683048551163,0.1940587741432767,0.00782379242809113,0.09620808455645308,-0.09002394513719596,-0.031184299943282888,0.2748749918096305,0.05069611581248212,0.8875,0.1893264817205549,0.004179984727060725
search,1100003,2,28,True,0.0,0.908480562565556,0.964496868646665,0.0,2.0816681711721685e-17,0.17287779064890502,0.4092414760467501,4.181740744447071,3.350452407344435,3.244594085342288,0.44030298523280154,0.126261104731424,0.17439371684399924,0.043106704160053494,0.08304442051798594,-0.07749275402838163,-0.03462377274056652,0.24381805963713388,0.01639676076889974,0.7625,0.16985727012984653,0.03911278718664878
search,1100003,2,29,True,0.0,0.908480562565556,0.964496868646665,7.750496031746031e-06,2.0816681711721685e-17,0.1724790375927129,0.40410849034746826,4.4451120315002255,3.3615084946483487,3.077994084485622,0.3268772978925867,0.10603717999857637,0.1630717695842402,0.03816751505061401,0.08270248067089454,-0.06888676836987755,-0.028230893698839455,0.2234350020086393,0.016582563899045097,0.775,0.1591970004190229,0.0348555974321234
search,1100003,2,30,False,0.0843114880605711,0.908480562565556,0.964496868646665,0.0006878565228174604,2.0816681711721685e-17,0.1421039433749387,0.44624742052899147,7.310144981770539,3.7598304556267412,2.9009225154150227,0.45635958395064785,0.18601569964096304,0.19314849135629875,-0.0010622687253999535,0.0986424818698614,-0.09606619170022754,-0.03658265883819513,0.2982260003756224,0.0536831759687258,0.89375,0.1880396033970122,-0.005077433067688936
search,1100003,2,31,False,0.00047554522028134337,0.908480562565556,0.964496868646665,0.0020131913442460315,2.0816681711721685e-17,0.1538928704837096,0.4332948625393188,6.868531720567889,3.66668825772218,2.8523775027658194,0.3730600563511196,0.12232657351054661,0.16705559792098906,0.002242905385206914,0.08608059970849463,-0.08374884828579844,-0.030743363925564943,0.2362573093607451,0.03795614805795092,0.85,0.16320519753174226,-0.0012408603435201627
search,1100003,2,32,False,0.0002657789783253352,0.908480562565556,0.964496868646665,0.0001220703125,2.0816681711721685e-17,0.15836892541687012,0.4407388956181097,5.424992649219679,3.561751994013209,3.0895970140383926,0.5520623685673314,0.1614672456251205,0.20060133194119906,0.044228835897957286,0.08881165554353049,-0.07705147532249436,-0.032893610651840176,0.2414577318320532,0.029226200004590624,0.8125,0.19564043549013327,0.04067712645736163
search,1100003,2,33,False,0.010272917042421824,0.908480562565556,0.964496868646665,0.0008254278273809524,2.0816681711721685e-17,0.1364719730691936,0.4386387574112989,7.641282987749351,3.757027093621365,2.9218299933963165,0.5483744533105419,0.16870352643959022,0.19528580192841002,-0.0027525645292875486,0.0933354135007305,-0.0963214986896713,-0.03288991549703857,0.2724541465065654,0.057179645523721116,0.89375,0.19061308595923973,-0.006407589992928996
search,1100003,2,34,True,0.0,0.908480562565556,0.964496868646665,9.688120039682539e-06,2.0816681711721685e-17,0.17435891494886768,0.41247657416513683,3.9957915584178694,3.2750812536859573,3.350115710833988,0.3870327043846783,0.13900471898713063,0.1796419320987337,0.058202477324887536,0.08460344501341843,-0.06411427100278805,-0.02298695684816307,0.2792199938736556,0.016193334986051952,0.75,0.1756123461306791,0.05494147884465159
search,1100003,2,35,True,0.0,0.908480562565556,0.964496868646665,0.0003429594494047619,2.0816681711721685e-17,0.15827101534440774,0.43275596396869026,5.928134657307099,3.559207284788368,2.974597930008943,0.3574964403456411,0.1372854382415844,0.18463112224746508,0.03010419223654894,0.08796723428172003,-0.07292425650250386,-0.025485782982700943,0.2479056968682711,0.03163504386240668,0.84375,0.18053868663159658,0.026808072542559444
search,1100003,2,36,False,0.0002733684482470839,0.908480562565556,0.964496868646665,0.00010656932043650794,2.0816681711721685e-17,0.15959883857528007,0.4232622168413763,5.765104073276966,3.602396738603373,2.9780280077391454,0.4338862427768607,0.13564383043316414,0.16999294582080704,0.005327693284362912,0.08745692461196738,-0.09007629785716484,-0.03910825886129443,0.2540270053049951,0.03271049055997163,0.84375,0.16549143600042793,0.0010797089913630485
search,1100003,2,37,False,0.00023304439093137057,0.908480562565556,0.964496868646665,0.00026351686507936506,2.0816681711721685e-17,0.15620593742398908,0.4197123187846883,6.137865933280391,3.623538393995675,2.912656410952047,0.38498441344914835,0.11963284881514297,0.16836628654690824,0.006069511956981953,0.084180455804567,-0.08442273144622553,-0.034838211716228834,0.22310591101136718,0.03345031151322839,0.85,0.16433916813985738,0.0025543357521904658
search,1100003,2,38,True,0.0,0.908480562565556,0.964496868646665,0.0006665426587301587,2.7755575615628914e-17,0.15663122111878194,0.44244829799227464,6.004290112462982,3.5731397204283377,3.009099041311365,0.4364210478861199,0.1528297587903747,0.19131816839887653,0.0294181040950045,0.09025135134718319,-0.0787194650115643,-0.029450202478495228,0.2575678276993507,0.03386509368704538,0.83125,0.18680800852980922,0.025914604028482932
search,1100003,2,39,True,0.0,0.908480562565556,0.964496868646665,4.0690104166666664e-05,2.0816681711721685e-17,0.170753061142299,0.40192208306121613,4.811360827259067,3.382076610439978,2.991922428790671,0.29161256034280825,0.09679104855707277,0.14534799824727468,0.021251218442338574,0.08241783218557151,-0.06970938314390478,-0.029264824775706126,0.21827779875481262,0.018407369655735632,0.78125,0.14160360394335314,0.018165701655044303
search,1100003,2,40,False,0.04790990449104142,0.908480562565556,0.964496868646665,0.0002751426091269841,2.0816681711721685e-17,0.1471762332435797,0.44068513830221573,6.412611597087631,3.717747515080387,3.04330014881778,0.6169949061690752,0.17967314412879015,0.19897956410408824,0.00837884314048544,0.09185194308079467,-0.09702404494999183,-0.041187941141897555,0.27433696125118767,0.044793816243385985,0.8625,0.19360541102959555,0.004353271409148273
search,1100003,2,41,True,0.0,0.908480562565556,0.964496868646665,0.0006529792906746031,2.0816681711721685e-17,0.15779893851921223,0.43612319779851294,5.696837725322801,3.567247513954249,2.9819646003736913,0.3805484991896983,0.12364428578758763,0.19633899341890412,0.049030291378968124,0.08389820712405852,-0.06574895094729502,-0.02378920313059358,0.19567073040451843,0.026626067198420315,0.8125,0.19264605967128035,0.04615931887535209
search,1100003,2,42,False,0.02124005726133215,0.908480562565556,0.964496868646665,0.00016082279265873016,2.0816681711721685e-17,0.15495905254838716,0.434127584457779,5.949029810841363,3.65568524620749,2.9894740986035044,0.48655826670043956,0.17293534428199972,0.18579936532249475,0.0008763927343722307,0.09110126489856885,-0.09915058973745888,-0.04447297952096576,0.2903720352575586,0.0395466756526784,0.8687499999999999,0.18053833684566933,-0.0036992890130034418
search,1100003,2,43,False,4.081420004833731e-05,0.908480562565556,0.964496868646665,0.001999627976190476,2.0816681711721685e-17,0.14475107157754458,0.45101374847789255,7.350312813691397,3.743895067664793,2.9274142331117927,0.5158754443308147,0.15646457376471304,0.18860935818159932,0.011262669453802322,0.09406460160899585,-0.08646177947878349,-0.028693877443193343,0.26544947170833505,0.04798987245384061,0.875,0.18416889767202854,0.007325998144520401
search,1100003,2,44,True,0.0,0.908480562565556,0.964496868646665,0.0,2.0816681711721685e-17,0.17504833002472006,0.4085533370707505,3.7860810714311057,3.284433296471486,3.3453599294419867,0.42251750516621916,0.14243796698854477,0.17732422562887867,0.04559676046580107,0.0829557094628498,-0.08180316314298226,-0.03850906973188393,0.2717927263173421,0.014493273514473565,0.7375,0.17228476325802067,0.04094311087969388
search,1100003,2,45,True,0.0,0.908480562565556,0.964496868646665,7.750496031746031e-06,2.0816681711721685e-17,0.16866508396981378,0.4121655341648467,4.855148773657179,3.4475250034293543,3.063547608170413,0.40697826267554793,0.12091754809844271,0.16336380456567923,0.017473222932484583,0.08407872452776602,-0.0829780495418048,-0.03850241350987418,0.24307364348754118,0.02191837736558895,0.8,0.15881033790493726,0.01322940147338904
search,1100003,2,46,False,0.0004329284548883598,0.908480562565556,0.964496868646665,0.0007672991071428571,2.0816681711721685e-17,0.14846027671751222,0.44671053397584104,6.787782832974632,3.6767568085045514,3.0126317505020053,0.511390443870533,0.16187262395707086,0.19257321006269237,0.022392846587986168,0.09473437860943315,-0.08090162033022925,-0.027768947684484853,0.2658036454489566,0.0427336771804311,0.8625,0.18795534075236833,0.018962196472119275
search,1100003,2,47,False,0.0011024515976701737,0.908480562565556,0.964496868646665,0.0004088386656746032,2.0816681711721685e-17,0.15906775941429227,0.4223541551461006,6.0487004407300455,3.6073293940910247,2.907725789966742,0.4172393832264112,0.12533919147500167,0.15952363122888116,-0.004423864137001038,0.08667687909596054,-0.08787874787485384,-0.03742760465434676,0.25137296397433767,0.03387266411842259,0.85625,0.1552648852325898,-0.008385447976570995
search,1100003,2,48,True,0.0,0.908480562565556,0.964496868646665,7.750496031746031e-05,2.0816681711721685e-17,0.16368660266287668,0.42736109865961314,5.1037528232471665,3.493518561467051,3.0955440877205516,0.43787731961541193,0.13365455248917224,0.19108647192263564,0.04621710647770495,0.08569579383878183,-0.07254056754359606,-0.029377053632188052,0.2210379356417314,0.02365576464719416,0.79375,0.18685016089942585,0.04279748401788376
search,1100003,2,49,False,0.0006095788476527143,0.908480562565556,0.964496868646665,2.9064360119047617e-05,2.7755575615628914e-17,0.1682191883581743,0.4108421238316058,5.034012927812298,3.4562558021075054,2.984338814520773,0.3882274941881215,0.11041574993306183,0.1480266780900554,0.0005565543883064329,0.08303909873542223,-0.08573319694206907,-0.04349712388225063,0.22828805841279134,0.021894288227672632,0.80625,0.1433874513239447,-0.004198533097515568
search,1100003,2,50,True,0.0,0.908480562565556,0.964496868646665,0.00035652281746031744,2.0816681711721685e-17,0.15568036075838954,0.43902793094796244,5.955121801675313,3.600145389963015,3.008085798941395,0.4198261158958172,0.14271795852334818,0.19295714708409364,0.03940202337334106,0.08847255674368686,-0.07055319814114439,-0.025156676668767662,0.2335958397303674,0.03163471775511466,0.8125,0.18875877908962319,0.036251896296468904
search,1100003,2,51,True,0.0,0.908480562565556,0.964496868646665,4.262772817460317e-05,2.0816681711721685e-17,0.1654493415781808,0.42119638021147277,5.276476127704932,3.4490278986465226,3.0855234629166888,0.39225907251879766,0.12427997044424412,0.17637030465196618,0.04033007762648241,0.08747130192336079,-0.06323309417386216,-0.019881272068073816,0.24699080878784258,0.024784697580872858,0.825,0.17271524304828617,0.0374427918415612
search,1100003,2,52,False,0.005069145101665,0.908480562565556,0.964496868646665,0.0010075644841269842,2.7755575615628914e-17,0.14744488005568768,0.4387248418387335,6.887867311545502,3.718116914314073,2.9305549218827323,0.5667646393806248,0.16577754267217298,0.18763639752801492,-0.003013417520736089,0.09311452940935352,-0.09870531021212159,-0.03898664831281978,0.2788389499272751,0.0482515190085966,0.8875,0.1828688292952504,-0.007260997736763404
search,1100003,2,53,False,0.0008770434961342721,0.908480562565556,0.964496868646665,0.0013137090773809525,2.0816681711721685e-17,0.14840980256973257,0.43475843649140816,6.9055475874615855,3.7011092801489034,2.8573328063053944,0.4219974865943087,0.14331259765754475,0.1799939027813504,-0.002324728294104679,0.0889619916740653,-0.0940926791089216,-0.03596960066213927,0.25297771561934945,0.0450304296793396,0.86875,0.17568397235778738,-0.0062106967941056345
search,1100003,2,54,False,0.0008147411132153099,0.908480562565556,0.964496868646665,7.750496031746031e-06,2.0816681711721685e-17,0.17073217166462476,0.42713868799126803,4.367259565644166,3.3369823925673634,3.349501345839599,0.44043234960294675,0.16256893032545533,0.1863247595242406,0.05364506411316286,0.0871043255239825,-0.06735944946831059,-0.025691662975730046,0.29558957469493274,0.02038213081044595,0.78125,0.18195609531384255,0.0500023843434019
search,1100003,2,55,True,0.0,0.908480562565556,0.964496868646665,0.000736297123015873,2.0816681711721685e-17,0.14646804898658056,0.44179297673802753,6.794651905771319,3.699947246262341,2.917977207212271,0.4658390355103924,0.1451972287157503,0.19653097034742692,0.026002818602554375,0.08944012738703228,-0.075890915466296,-0.02519409687531389,0.23404101582402914,0.04061867416461876,0.84375,0.19229075660781106,0.02277648728722027
search,1100003,2,56,True,0.0,0.908480562565556,0.964496868646665,4.650297619047619e-05,2.0816681711721685e-17,0.1679118470440128,0.4186859547755222,4.678751779584835,3.4601638853956724,3.115432266877243,0.43912666582526483,0.14018292068031787,0.17792550611947577,0.02366229649641547,0.08462929607793221,-0.09080140849330136,-0.04421528271586157,0.2517617014660939,0.022319619786875272,0.7875,0.1728623128435364,0.01890842870895689
search,1100003,2,57,True,0.0,0.908480562565556,0.964496868646665,0.00025189112103174606,2.0816681711721685e-17,0.1653315211924764,0.41620530036567605,5.068462839199504,3.5000148569060077,3.0079494508753863,0.4019556775192412,0.12014093474730474,0.17818659319578223,0.029053847925139296,0.08275039665700512,-0.08181162469040015,-0.036581254305271996,0.21418501704130985,0.022943206912617323,0.7999999999999999,0.17385598027771884,0.025034544677772004
search,1100003,2,58,False,0.007770467666481085,0.908480562565556,0.964496868646665,7.36297123015873e-05,2.0816681711721685e-17,0.15699969608641734,0.4360303448088966,5.728384951900523,3.595744698999467,3.1096884097498805,0.5487079716711487,0.16793352305716047,0.18779593128444108,0.017085220535882045,0.09071177301218493,-0.09060669638233962,-0.039106396748915195,0.27774296191461456,0.035255582135868865,0.85,0.1826435609468407,0.012804556897349242
search,1100003,2,59,False,0.0024073015576574932,0.908480562565556,0.964496868646665,0.00023639012896825397,2.0816681711721685e-17,0.15783876468979535,0.41868953752945126,6.358916820959918,3.5865762474564566,2.926949112855825,0.4053714837217288,0.1130797289333099,0.14100691809910637,-0.013702591791845829,0.08692399726894384,-0.08481875962417913,-0.035603970240602904,0.24065672075636835,0.0347108347443191,0.8625,0.1369891387053551,-0.017520096002018315
search,1100003,2,60,True,0.0,0.908480562565556,0.964496868646665,0.0003972129216269841,2.0816681711721685e-17,0.15868285323402512,0.4549653808006605,5.670854014723886,3.5880324498320357,3.061411464837711,0.48671270784683573,0.1596468086521513,0.2052446820349997,0.06306260751462721,0.0917771049462734,-0.05348615878296358,-0.020892189019015125,0.22770519868121003,0.02756230434489101,0.78125,0.201310513657404,0.06104902923888832
search,1100003,2,61,True,0.0,0.908480562565556,0.964496868646665,0.0010773189484126985,2.0816681711721685e-17,0.15449381931873643,0.44423242577001054,6.181915677885161,3.612919191276177,2.91191838959371,0.4032664366275199,0.13619796296605127,0.19595618175361218,0.03883325212072295,0.08702917331033165,-0.06979805928923927,-0.024244410366093337,0.2204023116560035,0.03185776771511971,0.8125,0.1919540087144112,0.035873333448241916
search,1100003,2,62,False,0.0006105185742693483,0.908480562565556,0.964496868646665,0.0,2.0816681711721685e-17,0.16696353580608556,0.4158225279791422,5.164568542875583,3.4272389198680737,3.075579668898084,0.38880420466756227,0.13234889738846511,0.1488221428180867,0.0005454256693831448,0.08681431820768529,-0.0874449635581119,-0.039081558929751875,0.2910456125734454,0.027533658022388434,0.85625,0.14406840352106276,-0.003915649284628789
search,1100003,2,63,True,0.0,0.908480562565556,0.964496868646665,0.00025964161706349206,2.0816681711721685e-17,0.1527196794367373,0.43798420145000927,6.248004839264212,3.63831960593908,3.0298771010931045,0.5261418918370305,0.158704920660493,0.19092277875887526,0.020335950940230038,0.09165753512759818,-0.08404340785558294,-0.032350884792971935,0.2643655102608781,0.03860722193699661,0.8625,0.18617539806197433,0.016434694036961177
search,1100003,2,64,True,0.0,0.908480562565556,0.964496868646665,0.00011044456845238095,2.0816681711721685e-17,0.16350971696178568,0.4288081368798769,5.014228672400431,3.507614417879217,3.162838384757767,0.5095040752086781,0.15073102944114294,0.18985546472721998,0.03353744030346275,0.08656076545029115,-0.08609942207488022,-0.03833664448748846,0.24908406716587295,0.025847263376841935,0.8125,0.18494117016207107,0.029089852443988387
search,1100003,3,0,True,0.0,0.9980844715070453,0.917470984604414,6.781684027777778e-05,2.0816681711721685e-17,0.1665262144274756,0.433965823761607,4.908126689822339,3.5052445935349583,3.1643073609381456,0.5150590036356012,0.14956638192074395,0.19464228255700555,0.04764654418929577,0.08922225519863913,-0.06949925923640422,-0.029358134263674153,0.2446194281203317,0.022898493004809853,0.8125,0.1908097442584365,0.04382960401123975
search,1100003,3,1,False,0.0004145501582361457,0.9980844715070453,0.917470984604414,0.0004088386656746032,2.0816681711721685e-17,0.15805221410913994,0.4230444957881425,6.36087750732429,3.656311071527344,2.931739556680479,0.4433028399767228,0.11955993276743573,0.16584299737279906,0.0030891046557210925,0.08751942239119331,-0.08806976046361437,-0.039724035352947926,0.22883523279022605,0.034739275347592274,0.86875,0.16230741982533078,-0.0018120635286636329
search,1100003,3,2,False,0.0024383909540174895,0.9980844715070453,0.917470984604414,0.00037783668154761906,2.0816681711721685e-17,0.15374251298493818,0.4527043192739025,6.231856103236353,3.6535453931666044,2.988332681077009,0.5131533407101829,0.16444420597267292,0.20103278395067226,0.045539896562604085,0.09519015372236993,-0.06115307225394827,-0.022189878480085284,0.2480628537164815,0.034252165103975774,0.825,0.19752362116425776,0.04320223610344678
search,1100003,3,3,True,0.0,0.9980844715070453,0.917470984604414,9.106832837301587e-05,2.0816681711721685e-17,0.16032292149064759,0.4220069327852003,6.127594993710941,3.6443821207501093,2.969215150727801,0.43026579677504884,0.12538637783424492,0.17022216949586672,0.01646066999189939,0.09051969879400804,-0.07732983584411597,-0.028944652353315753,0.2499956377157843,0.03322839090889744,0.8375,0.1669192946607495,0.012320112028987681
search,1100003,3,4,False,0.04714802114606485,0.9980844715070453,0.917470984604414,0.00026351686507936506,2.0816681711721685e-17,0.1572228672297073,0.44361684797956996,5.694488152918402,3.641557695983217,3.1336759940896837,0.5252012106890256,0.17954223557536664,0.19807950824985124,0.021424836946487995,0.09288811656483192,-0.08970474764049267,-0.04047192208110685,0.282174812306397,0.035693801497303376,0.8625,0.1932862592911184,0.01737394702117682
search,1100003,3,5,False,1.3190572201341775e-05,0.9980844715070453,0.917470984604414,0.0006297278025793651,2.0816681711721685e-17,0.15090635049542972,0.4410437501176814,6.607400135797814,3.7167953955028876,2.8606563359060813,0.4105854903515465,0.1543034525082353,0.19439437096665668,0.012875348599980648,0.09315976321992774,-0.09052618887642189,-0.035797168377039904,0.26048385346086095,0.043261212195289445,0.875,0.19046749896200543,0.008730430715412608
search,1100003,3,6,True,0.0,0.9980844715070453,0.917470984604414,2.712673611111111e-05,2.0816681711721685e-17,0.16549576181837422,0.4290957990315819,5.230292374132256,3.5059372135454296,3.13272875011877,0.47870972147258845,0.14998120844638785,0.17947809089746947,0.02836784711537621,0.09078755974065196,-0.07697993798098104,-0.031251890995141356,0.27882220807296504,0.02802857935517275,0.8375,0.17540473741225412,0.023806997669349697
search,1100003,3,7,True,0.0,0.9980844715070453,0.917470984604414,0.00013757130456349206,2.0816681711721685e-17,0.15926871833822812,0.43974697433652976,5.766549300122251,3.621302399739247,3.010021690796678,0.503415115513105,0.13842395274432273,0.19628080629022482,0.051027147614981,0.08974240016777224,-0.05928892146764278,-0.021057011043241543,0.22319568283349933,0.02770253689956219,0.8187500000000001,0.19318546356077054,0.048371132092446464
search,1100003,3,8,False,0.0011081112772283609,0.9980844715070453,0.917470984604414,6.587921626984127e-05,2.0816681711721685e-17,0.16606652947692177,0.41837432447639045,5.527109533039009,3.56826476719422,2.9434227430368836,0.38428021159345926,0.1188274914117877,0.15237852629665455,-0.004473658666246459,0.08678931145096702,-0.09141753905787123,-0.048854584611233154,0.2362222474892263,0.026698678505341113,0.84375,0.1481320511575119,-0.009585550206646276
search,1100003,3,9,True,0.0,0.9980844715070453,0.917470984604414,0.00017244853670634922,2.0816681711721685e-17,0.1654465519890591,0.43060111680585256,5.030537502759895,3.5600854050134547,3.1029731095375648,0.4724325309095935,0.14093670380913154,0.195769556566626,0.04290918611267011,0.08847326013163138,-0.0759698453758772,-0.033897765925141515,0.22928561062801586,0.023512978320092432,0.825,0.1918632183469453,0.039115918304427025
search,1100003,3,10,False,0.02122974596215436,0.9980844715070453,0.917470984604414,0.0002189515128968254,2.0816681711721685e-17,0.14860874551020373,0.4424438185795996,6.613420147422877,3.725185096532864,2.97981439809266,0.5372415186656484,0.17307749228277342,0.19540826074994838,0.008697553987152749,0.09660654672663048,-0.09351596405265898,-0.03764060382386866,0.2831070319892127,0.046486007320624995,0.9,0.1910497927744657,0.004674644392009111
search,1100003,3,11,False,0.00028654021104132467,0.9980844715070453,0.917470984604414,1.9376240079365078e-05,2.7755575615628914e-17,0.16626982188811804,0.4146290741958827,5.67645518000224,3.5281752500352352,3.0232268309557693,0.4494644483290877,0.11858215657423285,0.14929883361512747,0.005097413281186711,0.08908297048991094,-0.07923447824343648,-0.0337396096304287,0.2621554458742209,0.02851318991966391,0.8375,0.14560612771012535,0.00045925191868450514
search,1100003,3,12,False,0.004024860031202792,0.9980844715070453,0.917470984604414,0.0005677238343253969,2.0816681711721685e-17,0.15127690223969914,0.44774604730615486,6.292553783182078,3.7559985846960555,2.934718201615297,0.4522181434443925,0.1657097606125601,0.2033231895045564,0.029793939459328022,0.09347228767862874,-0.082894523542965,-0.033002624622422996,0.25423803923476684,0.03872900631959375,0.8687499999999999,0.1991073383714339,0.02632373935731863
search,1100003,3,13,True,0.0,0.9980844715070453,0.917470984604414,0.003150576636904762,2.0816681711721685e-17,0.1486772268533109,0.4550196317972808,7.357305448797113,3.801692255679445,2.8803116464549765,0.4925277349760143,0.13346124009054017,0.19397929641125802,0.03322212614086123,0.09280353980037552,-0.074127815200036,-0.024088329263350715,0.22187798528110347,0.0397339905835737,0.86875,0.19086208817510286,0.029870229478882522
search,1100003,3,14,False,0.00031982748326504095,0.9980844715070453,0.917470984604414,0.0,2.7755575615628914e-17,0.16556079730216183,0.42084383692314564,5.4856954330620145,3.5179069300608656,3.1244227101946764,0.473057759586444,0.1481641587343176,0.15980833581550646,0.004538023109355545,0.0915263649867365,-0.08609177012290237,-0.0369702692282832,0.30933072055696254,0.031868169416935384,0.85,0.15542624970215707,-0.0007182581035300954
search,1100003,3,15,False,0.0005071674050397781,0.9980844715070453,0.917470984604414,0.0007091703869047619,2.0816681711721685e-17,0.14915733789017385,0.43333392116823766,7.057149070061766,3.760413423042902,2.868075037915829,0.47119068683232174,0.145420973612563,0.18284048192993216,0.0018255791326624894,0.09418921015942486,-0.09124624428119964,-0.033756677631218174,0.2653565192217265,0.04762391585791714,0.8999999999999999,0.17928714952523495,-0.002325193136243014
search,1100003,3,16,True,0.0,0.9980844715070453,0.917470984604414,2.5189112103174602e-05,2.0816681711721685e-17,0.17219264411016733,0.4197660235697398,4.314082123566622,3.4063586657721086,3.181231731127382,0.486639088587914,0.13965824821760062,0.18884267984346398,0.04948351577098472,0.08699967148866744,-0.07213366265055357,-0.03242854594820398,0.24065275227809085,0.01737725938734993,0.7749999999999999,0.18485321663282153,0.04540146699604505
search,1100003,3,17,True,0.0,0.9980844715070453,0.917470984604414,0.0008312406994047619,2.0816681711721685e-17,0.14686203417593047,0.44019883788413994,6.897960757502817,3.7597596739973884,2.829467452701288,0.41529006839505933,0.1411972042951427,0.19709417792492534,0.022568863432412094,0.09154297118173865,-0.08398924495650753,-0.02970692012280999,0.23649747693144718,0.04377023099309525,0.86875,0.19368295489270992,0.0189996280592703
search,1100003,3,18,True,0.0,0.9980844715070453,0.917470984604414,5.8128720238095235e-06,2.0816681711721685e-17,0.17274942292344836,0.4097239628911711,4.488378766198185,3.382166588809254,3.2100386901953977,0.4362177670894385,0.1395217608241811,0.1577634891995075,0.019698329369119378,0.08843834102083611,-0.08088309617767639,-0.03722703588933243,0.29845321757221266,0.021339489169500053,0.7875,0.15324345189650102,0.014591707337343031
search,1100003,3,19,True,0.0,0.9980844715070453,0.917470984604414,0.0009474981398809524,2.0816681711721685e-17,0.1564722824389455,0.43778877447227504,6.453072847828691,3.6753730180871695,2.927933293674065,0.4172588670215022,0.12718641221518695,0.1869309485874142,0.034499081638274594,0.09077790995613752,-0.06636945619239368,-0.020537763887462958,0.23111601160540812,0.033465818602488914,0.8500000000000001,0.18401604101744073,0.03166264792052661
search,1100003,3,20,False,0.000426035651605968,0.9980844715070453,0.917470984604414,0.00013950892857142856,2.0816681711721685e-17,0.15563380950046493,0.43051506698903846,6.193036149936791,3.6925280855883305,3.0247285455395785,0.5677322641401588,0.15425648984490264,0.1843851375126266,0.0029252308150071703,0.09206769414377125,-0.09455867960011802,-0.04137066504284826,0.27210926858416334,0.039835298031353536,0.875,0.18022500752359427,-0.0015716293734522524
search,1100003,3,21,False,0.0008491209717487734,0.9980844715070453,0.917470984604414,5.619109623015873e-05,2.0816681711721685e-17,0.15681760575804282,0.426940694781476,6.240451611891718,3.6807654637215665,3.0113745147112976,0.5330751730287324,0.14411262875340983,0.17583667458693097,-0.0020467130132681005,0.0907250263180869,-0.09486689980989982,-0.04310022384289129,0.2644104513189966,0.038887285220569626,0.88125,0.17177389927948383,-0.006876486470400954
search,1100003,3,22,True,0.0,0.9980844715070453,0.917470984604414,0.0003352089533730159,2.0816681711721685e-17,0.16356316770856927,0.43733674481497653,5.471324641222948,3.5536989498037155,3.046568315074146,0.4202661053700304,0.14482295275260898,0.18772120354126753,0.04301390861635579,0.09096922839945792,-0.06382396438401544,-0.021914968942839952,0.2560006566240359,0.027248048002491775,0.81875,0.1843507218596211,0.0400542397105369
search,1100003,3,23,True,0.0,0.9980844715070453,0.917470984604414,3.293960813492063e-05,2.0816681711721685e-17,0.16819868408883265,0.41524406766542166,5.162421478168281,3.5226093357070614,3.06745364015951,0.3844220737790326,0.12271417234743232,0.1685430016892972,0.024119004285313737,0.08815456220615664,-0.07681065800105324,-0.03370851254631729,0.24380452112985412,0.023570270800352462,0.8250000000000001,0.16482483720960966,0.01974080968748939
search,1100003,3,24,False,0.05340795426676202,0.9980844715070453,0.917470984604414,0.0005522228422619048,2.0816681711721685e-17,0.14375229834979647,0.44875783456261487,6.858785122644216,3.8188265055352235,3.0593819759626575,0.6183469572658955,0.18079914492378887,0.20517555591781148,0.017814992928637873,0.0951595519374852,-0.0920903526514307,-0.036269570767613855,0.27200765000773747,0.04770315672214245,0.8999999999999999,0.20060233529861574,0.014345325436927158
search,1100003,3,25,True,0.0,0.9980844715070453,0.917470984604414,0.00029839409722222225,2.0816681711721685e-17,0.15696848412707698,0.4286366695485616,6.043849065773339,3.6485213457167687,2.9194346564712896,0.43358393243102267,0.12972545660737073,0.18976787247827875,0.02530067962513012,0.08821679860231077,-0.08279123707740063,-0.03475312130126182,0.2219574999561259,0.03286895266971589,0.85625,0.1862725418025912,0.02118773511005042
search,1100003,3,26,False,2.6638333178349976e-05,0.9980844715070453,0.917470984604414,8.331783234126984e-05,2.0816681711721685e-17,0.16320575642487217,0.4224634495779083,5.672821726923117,3.60536007740794,3.0544061666780653,0.4340743906256741,0.13514861771194475,0.17162038024149007,0.011980678292735135,0.09029354999806294,-0.08490320327669824,-0.03689423207942163,0.2619235182443963,0.03080332531839436,0.8375,0.1677455966138898,0.0072292240143070115
search,1100003,3,27,False,0.015778373961230927,0.9980844715070453,0.917470984604414,0.0016121031746031745,2.0816681711721685e-17,0.1424599774151263,0.4551174162873265,7.554554253015697,3.8153152990403214,2.9045346944684853,0.5403746678561396,0.17128270232400422,0.19830292335547214,0.010910171810197919,0.10036777485113946,-0.08977990369526456,-0.03101691031767393,0.2799277051412776,0.05314426984132156,0.9125000000000001,0.19420625888718362,0.007346583776243887
search,1100003,3,28,True,0.0,0.9980844715070453,0.917470984604414,0.0,2.0816681711721685e-17,0.17231493950634671,0.411931342789981,4.477561083776225,3.425165876654993,3.0831470972992645,0.39342931190255803,0.12936709261875173,0.17241664769658288,0.033519117429380164,0.08729930888444709,-0.07807264697288716,-0.036463391224680446,0.24940786494510914,0.018773380827935792,0.775,0.16830992796521232,0.028764564279198875
search,1100003,3,29,True,0.0,0.9980844715070453,0.917470984604414,7.750496031746031e-06,2.0816681711721685e-17,0.17177938374966412,0.40820776966613104,4.844903892170011,3.4574074598329636,3.0267055237361644,0.35237259219920747,0.10883632398229132,0.15930131060963937,0.029259035259874017,0.08664735252785652,-0.07009912296603235,-0.030645888216867145,0.22868983810010454,0.019010360531207332,0.80625,0.15582568871461272,0.025194195776897275
search,1100003,3,30,False,0.10527900745354167,0.9980844715070453,0.917470984604414,0.000732421875,2.0816681711721685e-17,0.1421373638165329,0.4489380775847099,7.397003806695961,3.7889993228651964,2.9112953887916646,0.5044644024638185,0.18911805128281434,0.19857460156771112,0.003119891356206203,0.10138712314225234,-0.09524143669167112,-0.036190962158278904,0.30324765198068626,0.05541483565087196,0.9375,0.19401491293404555,-0.001210161014577822
search,1100003,3,31,False,8.273827897943239e-05,0.9980844715070453,0.917470984604414,0.002216641865079365,2.0816681711721685e-17,0.15330792239473276,0.43617997652598695,7.241342578542232,3.7026193538382963,2.873666753543908,0.42607567390575396,0.12569398217691574,0.1752443467367937,0.009678805817888596,0.0913826367438301,-0.08330284902284488,-0.030252539848315357,0.24110984336692487,0.04113247844425418,0.8875,0.1721641536666112,0.005812499474198256
search,1100003,3,32,False,0.0021168835640661657,0.9980844715070453,0.917470984604414,0.00011431981646825397,2.0816681711721685e-17,0.15794482915205443,0.44165365346531793,5.546812742265695,3.6768298156534316,3.092858698644414,0.5433418056196666,0.16414086426593966,0.20277291294822225,0.039236182108097976,0.09082764496595669,-0.07826643105195193,-0.034021095501839425,0.2467754552305181,0.030855489043544234,0.825,0.19846737106880172,0.03601568653138629
search,1100003,3,33,False,0.01678297900717747,0.9980844715070453,0.917470984604414,0.0009281218998015873,2.0816681711721685e-17,0.13640350355246317,0.4443180541265092,7.74843553882294,3.8939557914436898,2.932187764481358,0.6090490305463081,0.17160034155335588,0.20148725090672653,0.007380275910306828,0.09679258311459618,-0.09542333234585326,-0.03141265720811644,0.2771121648998569,0.058705553617008834,0.9312499999999999,0.197463821743936,0.004236432639748172
search,1100003,3,34,True,0.0,0.9980844715070453,0.917470984604414,7.750496031746031e-06,2.0816681711721685e-17,0.17380456364863117,0.4135763887922332,4.256486168681181,3.36558323323791,3.2620359584587826,0.4192063376175036,0.14181148490506168,0.17302962142221495,0.044301295375964445,0.0878740604767144,-0.06565962635915389,-0.025435447704177952,0.2846250942880571,0.01850662804300528,0.775,0.1692042601788335,0.04016645716011496
search,1100003,3,35,True,0.0,0.9980844715070453,0.917470984604414,0.0003720238095238095,2.0816681711721685e-17,0.1576763131098804,0.4342350193949651,6.173554071034868,3.659939613177476,2.9711427644598496,0.4311982169126083,0.1401649883860242,0.18665860178630642,0.028055646491828113,0.09220541811942995,-0.07365274254805373,-0.025980147323717666,0.25298349823063127,0.03444048378972975,0.84375,0.18317181097788116,0.024508939315687928
search,1100003,3,36,False,0.00017834600342285368,0.9980844715070453,0.917470984604414,0.00011238219246031745,2.0816681711721685e-17,0.159113418223803,0.42562610327849804,6.024509101826311,3.645694200447932,2.9813612257546973,0.458172602936734,0.1389928273251493,0.17624167262826856,0.0071875444947579956,0.09083754443759365,-0.0892117251852611,-0.03885311778873729,0.25875759673953935,0.03530612989257426,0.8625,0.17239532160115079,0.002527647277955576
search,1100003,3,37,False,1.0054119546225413e-05,0.9980844715070453,0.917470984604414,0.00030033172123015875,2.0816681711721685e-17,0.15555776555492073,0.42247396491813133,6.447714299213166,3.6662472441892504,2.8970263927651576,0.45215006208124586,0.12288433687394693,0.17724649298929046,0.013145068448242094,0.08863100786430153,-0.08403042606769272,-0.034479870570221345,0.22745439805245216,0.03627602649384064,0.85625,0.1739867678689862,0.009099941352156153
search,1100003,3,38,True,0.0,0.9980844715070453,0.917470984604414,0.0007149832589285714,2.0816681711721685e-17,0.15618071355115137,0.44402303233163765,6.1771493449128645,3.680846372594001,2.968562160587311,0.46494844942156555,0.15580310149717935,0.19435779548289922,0.026752547707286335,0.0931282355670591,-0.07914777653616609,-0.02997869693660195,0.26302482560815665,0.03635113225114209,0.8500000000000001,0.19044160997874018,0.023197139513453584
search,1100003,3,39,True,0.0,0.9980844715070453,0.917470984604414,4.262772817460317e-05,2.0816681711721685e-17,0.1700164964464133,0.40600230109758045,5.282140495182069,3.484287779700338,2.961686566374878,0.37098518699330607,0.09962068800077833,0.14330616840591573,0.016232385741924794,0.086290753863419,-0.07064637637799172,-0.03061712850286649,0.2232567701331718,0.021354175609726543,0.80625,0.14001355040749391,0.012080965356954042
search,1100003,3,40,False,0.06376117439234519,0.9980844715070453,0.917470984604414,0.00028095548115079363,2.0816681711721685e-17,0.14706368931683692,0.44545978995653296,6.524014922975768,3.7723028874823736,3.0116802189825354,0.5564651320995222,0.18272235719010216,0.2031242334770198,0.012400030034976492,0.09480745014527615,-0.09623761924453164,-0.04082096945353133,0.2794271789243469,0.04606892570099233,0.8875,0.19838853283874136,0.008494383226547646
search,1100003,3,41,True,0.0,0.9980844715070453,0.917470984604414,0.000736297123015873,2.0816681711721685e-17,0.15699804509609672,0.4384430889941059,5.935426341335233,3.674759221775976,2.9797383224874396,0.5109315333686797,0.12607549902683823,0.19916422050377572,0.04757093294145408,0.08681487028477361,-0.06799600232388506,-0.02556811243875327,0.20028669311125308,0.02848526080205411,0.8374999999999999,0.1961408130154929,0.044763208103048825
search,1100003,3,42,False,0.03211694098644549,0.9980844715070453,0.917470984604414,0.0001685732886904762,2.0816681711721685e-17,0.15477225149640977,0.43808318872026997,6.092780258662523,3.6733313975840503,3.020868352192669,0.5677775461449583,0.17601994670754834,0.1903936920223483,0.0028248051175674086,0.09396731490836735,-0.09799182702099014,-0.04407122422465205,0.2948788960270208,0.041669544844770146,0.88125,0.18571001401077394,-0.001784104033499944
search,1100003,3,43,False,6.680849902845776e-06,0.9980844715070453,0.917470984604414,0.0022573319692460315,2.0816681711721685e-17,0.14448980808127312,0.45620254485472145,7.640910546663252,3.7759243526289827,2.868432945829075,0.4822050396370923,0.15951663821903062,0.19324020576921652,0.013487930604105289,0.09961681404497313,-0.08631829640132523,-0.02811895972137904,0.2707739116635126,0.051256709158204045,0.90625,0.18946385399875523,0.009611442607747631
search,1100003,3,44,True,0.0,0.9980844715070453,0.917470984604414,0.0,2.0816681711721685e-17,0.17460274836151152,0.41091200370238823,4.023755209822034,3.3444118429635714,3.2667729760478306,0.48642977252718506,0.1456408476010696,0.17417334404314533,0.03452939760963214,0.08696151939281846,-0.08204962730722265,-0.04024443101294192,0.2772515425020614,0.01666822634084464,0.75,0.16950320647143585,0.02937014411692676
search,1100003,3,45,False,2.9074189371801955e-06,0.9980844715070453,0.917470984604414,7.750496031746031e-06,2.0816681711721685e-17,0.1680884507213466,0.41532214645909193,5.196816345682636,3.5136781659481793,3.0189657530128926,0.361688781474328,0.1240589217405936,0.16434016210895708,0.014002507420691014,0.08787928879249479,-0.08294491075376527,-0.03941493642537619,0.24772230860057676,0.02431996252477856,0.83125,0.16033327387546698,0.009217346888245562
search,1100003,3,46,False,0.0029620071360073126,0.9980844715070453,0.917470984604414,0.0008138020833333334,2.0816681711721685e-17,0.14815231636354143,0.4496247470560423,6.90204286695487,3.764502427496889,2.9444731297637934,0.5172251092277591,0.16489818923702007,0.19764378998960175,0.022048026554750168,0.09743084083698145,-0.081168269971239,-0.027899368658631504,0.2715009019329797,0.04488197652718147,0.8875,0.1936801459854406,0.01820548606365896
search,1100003,3,47,False,0.0006322833944715256,0.9980844715070453,0.917470984604414,0.00047278025793650794,2.0816681711721685e-17,0.1585314812461848,0.42374908681731016,6.399155291944458,3.6636086312665705,2.9697790182446724,0.429558395116917,0.12865025332206154,0.16649563388470145,0.00029003111243882263,0.09004998989962698,-0.08712468037121729,-0.03663016079190459,0.2554479851842617,0.03692079715048086,0.88125,0.16291075290391777,-0.004034404380842603
search,1100003,3,48,True,0.0,0.9980844715070453,0.917470984604414,6.587921626984127e-05,2.7755575615628914e-17,0.16303818177655818,0.4307287478690678,5.336406680378521,3.5946627906458373,3.0177832804651388,0.4066594803730156,0.1363835453397859,0.1927528343580076,0.04082310274069764,0.08905048521452207,-0.0738141912600723,-0.03116783901350103,0.22616653940438064,0.02589365006799743,0.81875,0.18910922750000758,0.03716192577551932
search,1100003,3,49,False,0.0005709190396968116,0.9980844715070453,0.917470984604414,3.1001984126984125e-05,2.0816681711721685e-17,0.16760414992614175,0.41415783073122847,5.427017011086615,3.551556107523184,2.9871163793336883,0.3866812637681827,0.11351334594956733,0.15150690176054082,0.0010220613694206914,0.08632559928537062,-0.08555601256248296,-0.04422877910823313,0.23219012291128982,0.02437449823946439,0.84375,0.14747211764118878,-0.003948393947252479
search,1100003,3,50,True,0.0,0.9980844715070453,0.917470984604414,0.0003681485615079365,2.0816681711721685e-17,0.15508571321068843,0.4409259456250444,6.138361108961211,3.702270449481725,2.9925753412791143,0.5172284905778428,0.14547312071244878,0.19596425352029398,0.03661220141593577,0.0923087923252345,-0.07191190597736002,-0.025761054769117678,0.23905553974966148,0.03382428683511457,0.83125,0.19246057686682283,0.03343934762789952
search,1100003,3,51,True,0.0,0.9980844715070453,0.917470984604414,3.681485615079365e-05,2.0816681711721685e-17,0.16473232327677967,0.4246998129367662,5.603066654260428,3.563714890770571,3.0932906309765738,0.5328073839167018,0.1270243408963583,0.1733802151508444,0.03418960356230422,0.08995817215055842,-0.06474066216699718,-0.021749364785542333,0.2521280543618287,0.027485948071242293,0.8312499999999999,0.17016524434836736,0.03076260187682312
search,1100003,3,52,False,0.010405612034630881,0.9980844715070453,0.917470984604414,0.0011800130208333333,2.0816681711721685e-17,0.14727043599418527,0.4484066966016239,7.03827987005168,3.756201340804659,2.858430255441821,0.4941912949092535,0.16893882154551565,0.19371601713203,0.0013919634131969146,0.09677894056829302,-0.09749835542204163,-0.03807418229146194,0.2836648357278976,0.05014236397581617,0.9125000000000001,0.1895521970635582,-0.002722894958805392
search,1100003,3,53,False,0.0002751826487413753,0.9980844715070453,0.917470984604414,0.0015617249503968255,2.0816681711721685e-17,0.14803384119529395,0.44177270806597535,7.1780133567066615,3.7765454085175585,2.875471577531409,0.5026089748707514,0.1466061250937894,0.18763144188478026,0.0052956513889124346,0.09362565320954658,-0.09291898162683701,-0.03467797150349723,0.2576486499437518,0.047594691761198946,0.88125,0.18402871569693183,0.0012648128728694865
search,1100003,3,54,False,0.0036637507550479603,0.9980844715070453,0.917470984604414,3.875248015873016e-06,2.0816681711721685e-17,0.1702832585296571,0.42651774854720104,4.53862870889584,3.392276082162234,3.30505911491979,0.4981377410750895,0.16544760324508756,0.18232637989783673,0.04272611357259524,0.08952446368713828,-0.0686124446242857,-0.02779840249454227,0.30096782792463805,0.02262933439487344,0.7875,0.17819711083929513,0.038954167495699216
search,1100003,3,55,True,0.0,0.9980844715070453,0.917470984604414,0.0007944258432539683,2.0816681711721685e-17,0.14598171551587164,0.4449025414000922,6.928057766055609,3.800866920024193,2.8867688013222184,0.4781433148902595,0.14796436985521966,0.20165913462147442,0.0298817731929131,0.0935740971949228,-0.0768218876979246,-0.025318059106955497,0.23931077531239628,0.0427334839177442,0.86875,0.19816077477598487,0.026629247318149616
search,1100003,3,56,True,0.0,0.9980844715070453,0.917470984604414,4.0690104166666664e-05,2.0816681711721685e-17,0.16744218001369193,0.42187834797066914,4.927458600494379,3.5297055492793747,3.075922726549223,0.4132028788045826,0.14338595571830298,0.17985353504451074,0.018497912604529515,0.08800767885031063,-0.09034808846914409,-0.044974762107643645,0.25658288948997987,0.024629854797205968,0.8125,0.17535888483415982,0.013468203820097387
search,1100003,3,57,True,0.0,0.9980844715070453,0.917470984604414,0.0002848307291666667,2.0816681711721685e-17,0.16467324431515679,0.42026439111375197,5.389730983823901,3.588401163393811,2.9724152554583165,0.3606732916691258,0.12316354599489138,0.1819452532386601,0.02683437262991759,0.0871019788871446,-0.08210143751502426,-0.038147337503941045,0.2188561134104171,0.02524289993380549,0.81875,0.17825964128500132,0.02231630231856936
search,1100003,3,58,False,0.015062430882181054,0.9980844715070453,0.917470984604414,5.619109623015873e-05,2.0816681711721685e-17,0.15671968860862184,0.4385882923956191,5.862930246324185,3.636867039001781,3.059317828879587,0.5261063525837639,0.1710456185949754,0.19160571250579178,0.015826125134705847,0.0931949535197309,-0.09002212856032028,-0.03936534665676529,0.2828958586368938,0.03753920793967439,0.8625,0.18704000089132677,0.011402905310840324
search,1100003,3,59,False,0.0011794073499465868,0.9980844715070453,0.917470984604414,0.0002751426091269841,2.7755575615628914e-17,0.157233528404511,0.4220193587130825,6.738378197313847,3.6887194231168694,2.937211307610073,0.45109498965586736,0.11652480740713078,0.1504319900750417,-0.005090362872170096,0.08967576869636561,-0.08415709747260479,-0.03433094578910997,0.24445478400584897,0.03800361165527395,0.8937499999999999,0.14714097154141625,-0.009435132690697238
search,1100003,3,60,False,0.0003862798576264023,0.9980844715070453,0.917470984604414,0.00038558717757936506,2.0816681711721685e-17,0.15810609423775843,0.4544286051470864,5.729846492511612,3.6040960993513873,3.025769069006727,0.5126091166476165,0.16176886032426924,0.20522976630997256,0.05508735692119825,0.09186267310399508,-0.05718209794382184,-0.02296392992333741,0.23300365833301767,0.028673872978543534,0.8187500000000001,0.20189812098245868,0.05303015025001508
search,1100003,3,61,True,0.0,0.9980844715070453,0.917470984604414,0.0012652684771825397,2.0816681711721685e-17,0.15385607783725558,0.4480883739491131,6.392588130591696,3.713198620168171,2.956900733524477,0.5329145438867294,0.13885998916762907,0.1989126406704205,0.03813856409303387,0.0913590870425193,-0.0713411989756141,-0.025038422122107398,0.22561287577989864,0.03398202105506116,0.84375,0.19561031744135043,0.03521596183125478
search,1100003,3,62,False,0.0007875337748405155,0.9980844715070453,0.917470984604414,0.0,2.0816681711721685e-17,0.16652017359739862,0.4183145663433217,5.496253209571943,3.509354443003445,3.085599862922419,0.45288534258314284,0.13567467725321938,0.15006372830202822,-0.0014168738222231385,0.09058727147182574,-0.08659008796056668,-0.03858186915644921,0.295270863342402,0.03033309072856496,0.85625,0.14582218382623113,-0.006639576737331251
search,1100003,3,63,False,0.0003264242445605541,0.9980844715070453,0.917470984604414,0.0002848307291666667,2.0816681711721685e-17,0.15236719362677736,0.4412208651630862,6.402531537124247,3.713413183513671,2.96360619565209,0.49391290739727,0.16162604931688448,0.1945926350256551,0.020039587271587986,0.09528385100087705,-0.08402845644826246,-0.032586957478800374,0.26945790147623144,0.04085509140548935,0.875,0.19049621193261937,0.0161069572837201
search,1100003,3,64,True,0.0,0.9980844715070453,0.917470984604414,9.88188244047619e-05,2.0816681711721685e-17,0.16305305276147442,0.43374033681986157,5.20842580090742,3.5960700271754327,3.1227152407754266,0.5056722525239123,0.15382760356119782,0.19263641054683503,0.028117195751093574,0.08996207961683639,-0.08607920720632924,-0.03944804235190475,0.25441355992101233,0.028064839400113152,0.825,0.1883172743690295,0.02344780705172478
search,1100003,4,0,True,0.0,0.9752872523565135,0.9434033752788245,7.750496031746031e-05,2.0816681711721685e-17,0.16651871675068478,0.4325299593333449,4.870028116965015,3.4893832969978877,3.2338860443008723,0.5146608374095133,0.14861355614444585,0.196744434263798,0.053909827528845926,0.08830890849388814,-0.06936835102122221,-0.028559909886603774,0.24210314158188515,0.022125028975251405,0.8,0.19270198495055196,0.050430018596884306
search,1100003,4,1,False,0.0007366879919639307,0.9752872523565135,0.9434033752788245,0.0004107762896825397,2.0816681711721685e-17,0.1579908594912981,0.42259264372033656,6.28360437153298,3.6453783274643454,2.8826533918952704,0.3969700727451444,0.11845431025393308,0.16310102446731833,-0.0008780681460263352,0.08713150841781114,-0.08899207220612719,-0.040220088647840394,0.22748846944801837,0.03416949309528297,0.85625,0.15927899091163944,-0.005017431648391975
search,1100003,4,2,False,0.001529396502401009,0.9752872523565135,0.9434033752788245,0.0004146515376984127,2.0816681711721685e-17,0.1536701693730259,0.4534246714718514,6.257329681415479,3.6478021304221624,2.977669524834444,0.4960491108726568,0.16351967493803735,0.2029645681158253,0.0514408809054409,0.09559832441169977,-0.06044168845086901,-0.021485923767722917,0.2454803879851511,0.03379611896160528,0.83125,0.19916631386709885,0.049318744667513806
search,1100003,4,3,True,0.0,0.9752872523565135,0.9434033752788245,0.00010463169642857142,2.0816681711721685e-17,0.16028848077515107,0.41919338940680173,6.053208601596845,3.6025736915043955,2.9684767659462263,0.40710963605849027,0.12431095608817598,0.16986597326767305,0.016901803592773094,0.08938419988963717,-0.0780545710398029,-0.0289514329837601,0.24782353655046732,0.03234998690735551,0.8375,0.16634213954803106,0.012940534689959681
search,1100003,4,4,False,0.04092059563743963,0.9752872523565135,0.9434033752788245,0.00026157924107142856,2.0816681711721685e-17,0.15706554827497732,0.4430218757398625,5.685753163984847,3.624231924437976,3.176263519595739,0.6062457354215455,0.17820595574704226,0.1984072845151414,0.023544934727948767,0.09260621130898049,-0.0901649878280664,-0.04015990968246281,0.2796659047934566,0.035184594800544436,0.85625,0.19337763623166118,0.019595745493142247
search,1100003,4,5,False,3.200187493201215e-05,0.9752872523565135,0.9434033752788245,0.0006471664186507936,2.0816681711721685e-17,0.15074273466411106,0.4387124286655324,6.5990974501163695,3.70292358163917,2.8855998730447494,0.4474016400696255,0.15313408372232518,0.1941228409114309,0.011690643318013626,0.0921824025314495,-0.09129624027621569,-0.035852190280133214,0.25847918860968,0.04289722524342279,0.875,0.189975425025524,0.007778424417490451
search,1100003,4,6,True,0.0,0.9752872523565135,0.9434033752788245,3.293960813492063e-05,2.0816681711721685e-17,0.1654518170795459,0.4263086321218573,5.186914547426791,3.476433449780746,3.122737067322856,0.44544043824306023,0.14883127698817109,0.18092083918637142,0.0318568883769017,0.08989962713061676,-0.07742842456681612,-0.03087395315813144,0.27614989593098094,0.02713980149129811,0.83125,0.17665642621249006,0.027846858378513598
search,1100003,4,7,True,0.0,0.9752872523565135,0.9434033752788245,0.00013950892857142856,2.0816681711721685e-17,0.1592855990481405,0.4381318567714436,5.735745772847061,3.59867905405316,3.073656808835988,0.5258035636821463,0.13769311131937279,0.1987726269085614,0.05602649681804345,0.08859889432451237,-0.058642377555908204,-0.02012249067676798,0.22101137317531028,0.027032084304067852,0.7999999999999999,0.19541119619242478,0.05359535458905161
search,1100003,4,8,False,0.0013223964156473084,0.9752872523565135,0.9434033752788245,6.587921626984127e-05,2.0816681711721685e-17,0.16602228332647523,0.41773640770294646,5.447225629559833,3.5216887160923314,2.9452587275361335,0.40283950805940477,0.11775150341093743,0.1504214866859941,-0.006273389794409825,0.08672336223301749,-0.09236632997940339,-0.04912700429836658,0.23486374437352178,0.026156251007631047,0.83125,0.1459298221717108,-0.01156706883779267
search,1100003,4,9,True,0.0,0.9752872523565135,0.9434033752788245,0.00017826140873015872,2.0816681711721685e-17,0.16543073544252057,0.4276726465797562,4.97966189797959,3.4970670239957293,3.117312410128874,0.46143085934501765,0.13998562769008865,0.19743688635463164,0.04799420086325426,0.08715824296690368,-0.07607664234274986,-0.03315994839837973,0.22717185576772878,0.022789605493117926,0.8,0.19329849409210467,0.04389836122851051
search,1100003,4,10,False,0.017160266514699762,0.9752872523565135,0.9434033752788245,0.0002208891369047619,2.0816681711721685e-17,0.14838770799979323,0.4389633144113988,6.599240172108432,3.729723993034706,3.0014999994007594,0.5978800829459824,0.17173935826516085,0.1947497478254488,0.007922379580249687,0.09558798879440827,-0.09421639185672749,-0.0377677173387798,0.2807514259475523,0.0461748231359777,0.8999999999999999,0.19014970975246342,0.0040464582668579665
search,1100003,4,11,False,0.0002586422811403376,0.9752872523565135,0.9434033752788245,2.1313864087301586e-05,2.0816681711721685e-17,0.1662572772540168,0.41274615647018187,5.579804986862919,3.501617142952883,2.9893792582981713,0.37538484718147136,0.1175659072795337,0.14947205137923386,0.005591819800660063,0.0878757495165394,-0.08002936140449148,-0.03396628370600699,0.2602284280652388,0.027535841500030966,0.8375,0.1455948332272233,0.0011440469268046488
search,1100003,4,12,False,0.002514931464526629,0.9752872523565135,0.9434033752788245,0.0005715990823412699,2.0816681711721685e-17,0.15111962417326452,0.4463534731823328,6.281926695201239,3.718584471487577,3.0374618819733152,0.5428559121743175,0.16451341831239535,0.2037129863023886,0.0313757412758304,0.09271806223313796,-0.0831145399594391,-0.03260026127572474,0.2518271109083601,0.03831320960520204,0.8687499999999999,0.19923148909382143,0.028147840558507567
search,1100003,4,13,True,0.0,0.9752872523565135,0.9434033752788245,0.003094385540674603,2.0816681711721685e-17,0.1485939753353327,0.4537026464900029,7.29666154696049,3.750124921915927,2.8778817410760804,0.4634175556781288,0.13246059166170873,0.19470182430943025,0.03334327287179058,0.09000352574124224,-0.07395528955457958,-0.023306436511530568,0.21987705376189615,0.03924213013390487,0.85625,0.19124068109974926,0.030203804018830112
search,1100003,4,14,False,0.00023516922064901693,0.9752872523565135,0.9434033752788245,0.0,2.0816681711721685e-17,0.1654781337336996,0.4196478948197795,5.430115594449127,3.4931822717099825,3.0686540761028147,0.41438441925353553,0.14697989596753797,0.16051427451128264,0.006028891565887199,0.09031082948750259,-0.08698389566215292,-0.03715202017916991,0.3070908861281625,0.031077395211321815,0.85625,0.15596033401019338,0.0012396686052721
search,1100003,4,15,False,0.0007414282817034772,0.9752872523565135,0.9434033752788245,0.0007111080109126984,2.7755575615628914e-17,0.14898392776325153,0.43273378882960967,7.046223401449957,3.729324221606568,2.8918663434060052,0.43499808890632335,0.14424806945653032,0.18119211109591066,-0.0009290707106840521,0.09314457016863113,-0.09224287398639139,-0.033983582563967954,0.2634967928157915,0.047140932080331086,0.9,0.17741776698706574,-0.004810541860287737
search,1100003,4,16,True,0.0,0.9752872523565135,0.9434033752788245,2.3251488095238094e-05,2.0816681711721685e-17,0.17221001946763886,0.41704801622076354,4.260167692478783,3.369680334161294,3.2406548513704423,0.47357375690217884,0.13868359674638597,0.19157697275165453,0.056260555120785705,0.08570894553907754,-0.07214865806096661,-0.03152795998867792,0.2381382100084501,0.016751037880473985,0.76875,0.1874203869978831,0.05216589852426473
search,1100003,4,17,True,0.0,0.9752872523565135,0.9434033752788245,0.0008157397073412699,2.7755575615628914e-17,0.1467190021692603,0.4384895432678635,6.886414466037844,3.721506960455854,2.85620162629004,0.42880373895170126,0.14009614569764436,0.19664698533049232,0.019956349134272945,0.08998072367954771,-0.08464333414553174,-0.029269925873656608,0.2345869797251391,0.0435577839299575,0.8625,0.19297603629298435,0.016408950766991892
search,1100003,4,18,True,0.0,0.9752872523565135,0.9434033752788245,5.8128720238095235e-06,2.0816681711721685e-17,0.1727265390525078,0.4096251096556536,4.420125856953627,3.375054335807187,3.220059488224612,0.4162455252144403,0.1384034806701766,0.16011496960545618,0.023647794414333095,0.08731596615674156,-0.0815876484869571,-0.037049913725130806,0.29602842214625985,0.02067984598207233,0.79375,0.15546028840610515,0.01880760546060594
search,1100003,4,19,True,0.0,0.9752872523565135,0.9434033752788245,0.0009281218998015873,2.0816681711721685e-17,0.1564725193913411,0.43749113701891346,6.390519135635395,3.6450519660391367,3.019738075471774,0.509709359915317,0.1262921953793496,0.1879396680353667,0.036574197334725674,0.08978261802223018,-0.06655573811582405,-0.019931566341417677,0.22889356218035756,0.03267512931929503,0.84375,0.1847894589463506,0.03363606560661203
search,1100003,4,20,False,0.0004062426579887538,0.9752872523565135,0.9434033752788245,0.0001472594246031746,2.0816681711721685e-17,0.1554789594747502,0.4292507787643971,6.160558163145747,3.6649580466596783,2.9623915060568136,0.4734194046038852,0.15303689432695106,0.18341902209374578,0.0032090545913314797,0.09094900244329997,-0.09542920641634343,-0.04161984902807484,0.2701292799984079,0.039348434014530524,0.875,0.1790197741812719,-0.0016614745923685843
search,1100003,4,21,False,0.0010755434094616035,0.9752872523565135,0.9434033752788245,6.587921626984127e-05,2.7755575615628914e-17,0.1566836091324586,0.42666287642746425,6.196584132188798,3.620641631076546,2.983645714185101,0.5064359960312819,0.14295669831474983,0.17420245173103577,-0.004185354917305992,0.08969439213749353,-0.09578624724215488,-0.04338223178010586,0.262741144515072,0.038348309952168466,0.875,0.16988844217512972,-0.008803119618432612
search,1100003,4,22,True,0.0,0.9752872523565135,0.9434033752788245,0.0003429594494047619,2.0816681711721685e-17,0.16357483869971748,0.4356660868112925,5.428772843848504,3.525813354682956,3.198251368297661,0.553196534993873,0.14390326965688277,0.18998375404352708,0.04869287530664583,0.08995907385015525,-0.063743624472333,-0.021239900596283903,0.2533712650326284,0.026293640067045095,0.81875,0.18641025792265736,0.045549420774051
search,1100003,4,23,True,0.0,0.9752872523565135,0.9434033752788245,3.681485615079365e-05,2.0816681711721685e-17,0.16820621468335561,0.41319831547589025,5.07865567388533,3.4862394640296364,3.051039982178687,0.40877925353177635,0.12170203092067342,0.16973343845262692,0.027406573966682734,0.08702301155966488,-0.07735850572185314,-0.03324351000870118,0.2415890316331388,0.022771125022478904,0.80625,0.16582619817530778,0.02293376980967542
search,1100003,4,24,False,0.046208604969784926,0.9752872523565135,0.9434033752788245,0.0005560980902777778,2.0816681711721685e-17,0.14350351261469307,0.4478140667027361,6.843432828032888,3.7855535316420017,3.1299880979058847,0.7495296739778394,0.17934656817772232,0.20462149058789827,0.01606544257964893,0.09446234134315415,-0.09250396856959398,-0.03636488909700823,0.2695069600294203,0.047442967385992414,0.875,0.19978440466796066,0.012558836581992925
search,1100003,4,25,True,0.0,0.9752872523565135,0.9434033752788245,0.0003158327132936508,2.0816681711721685e-17,0.1569156319706207,0.42708203956552676,5.987951608034161,3.6367009165412423,2.9664908273969517,0.4724690190245596,0.128702934213082,0.18943885770471103,0.024524221707433777,0.08665269974773178,-0.08334542936759202,-0.03474614222078735,0.22031853588616312,0.03246378686724321,0.85,0.18566673899396915,0.020672843546403308
search,1100003,4,26,False,1.2200950392866585e-05,0.9752872523565135,0.9434033752788245,0.00010075644841269841,2.0816681711721685e-17,0.16314313891503546,0.4209995947977603,5.609766010896974,3.5749321700048116,3.0538015716377753,0.42512121693312266,0.13399704592782996,0.17127224973801133,0.012956603257270197,0.08928721017272509,-0.08574835344960766,-0.03690839772880336,0.25973485988306827,0.029978758314859008,0.825,0.16718042623675886,0.008490572521856976
search,1100003,4,27,False,0.012542602678336326,0.9752872523565135,0.9434033752788245,0.0015481615823412698,2.0816681711721685e-17,0.142195916401697,0.4530438810558141,7.528233391040901,3.7724921931315345,2.8893699740410845,0.5462162057701411,0.17005326593640896,0.1981614231812886,0.01028167285005991,0.09846852633211503,-0.09006872132457214,-0.030851878541764903,0.27764282649280336,0.0525797908479682,0.90625,0.19381925333461586,0.006729150707233794
search,1100003,4,28,True,0.0,0.9752872523565135,0.9434033752788245,0.0,2.0816681711721685e-17,0.17232153749416945,0.40986053093744024,4.407034798388931,3.400170511922279,3.13920009763594,0.38164111852164573,0.12829820032521932,0.17419540043164172,0.03814553241863248,0.08605010339606145,-0.07857480619954957,-0.03584891685208648,0.2469144498231817,0.018004903379173938,0.775,0.1699236512571231,0.03368837668164511
search,1100003,4,29,True,0.0,0.9752872523565135,0.9434033752788245,9.688120039682539e-06,2.0816681711721685e-17,0.17184210280340448,0.4058368451028758,4.7387239310448335,3.423245089594264,3.097307968458326,0.40643319158938884,0.1079389147728468,0.16166198447615396,0.03352730247418996,0.08537769163222714,-0.07048307475756205,-0.029855395263756575,0.2264796794013877,0.01820208443051466,0.79375,0.15804323108184049,0.029672668703654724
search,1100003,4,30,False,0.09508980728349989,0.9752872523565135,0.9434033752788245,0.0007421099950396825,2.0816681711721685e-17,0.14184500107591025,0.44769653056760095,7.4013885459716935,3.7734865887316564,2.8984901808291306,0.48022643318782093,0.1876715145969432,0.1977245487338567,0.001437895143776899,0.1004462876215281,-0.09586346614073428,-0.03618057799256319,0.3008504594061279,0.05508916620226126,0.9125000000000001,0.19295388171070255,-0.0027471608925622145
search,1100003,4,31,False,0.0001869687621644243,0.9752872523565135,0.9434033752788245,0.0022108289930555555,2.0816681711721685e-17,0.15321844512135996,0.43696132695703177,7.180177301004188,3.702896163471639,2.825260929814313,0.3617831114945794,0.12455537755545419,0.1737380003271369,0.00700091351267408,0.08930186421726571,-0.08400164955902206,-0.030235598417099555,0.23923046685522803,0.040423030283568945,0.88125,0.17037236023200705,0.0030482912204862077
search,1100003,4,32,False,0.0011507048698474302,0.9752872523565135,0.9434033752788245,0.0001240079365079365,2.0816681711721685e-17,0.15784409720795184,0.4407442495797128,5.530709150739075,3.620743822196579,3.12022054044422,0.5595689173560576,0.16305298369562699,0.20390400168654937,0.04328033431521991,0.08995179826815924,-0.07817540444953525,-0.03359520955923496,0.24441087449279608,0.03031540101542366,0.825,0.1993243284633529,0.03981413603991231
search,1100003,4,33,False,0.01365398726725933,0.9752872523565135,0.9434033752788245,0.0008874317956349206,2.0816681711721685e-17,0.13609956055889602,0.44157649965764023,7.75250729781863,3.8439818223700604,2.915580791343707,0.6451847105792121,0.170330209064382,0.20039611997488152,0.002189758919986058,0.09480694328928797,-0.09610426880966762,-0.03159060207911776,0.27505354485121136,0.05842334703135922,0.90625,0.1961149761303442,-0.0010367963193094933
search,1100003,4,34,True,0.0,0.9752872523565135,0.9434033752788245,1.1625744047619047e-05,2.0816681711721685e-17,0.1738387683770442,0.4133277731509488,4.194147451318156,3.341545516757718,3.2877446381803432,0.39755375662408843,0.1408159342766176,0.17684782051740644,0.05096163063808587,0.0869524450825353,-0.06577814661803894,-0.024503603640098907,0.2818205812032289,0.01788768093759697,0.78125,0.17293210434083556,0.04731934529436141
search,1100003,4,35,True,0.0,0.9752872523565135,0.9434033752788245,0.000370086185515873,2.7755575615628914e-17,0.15762617403524304,0.4321670992897457,6.1290299359412455,3.618763597660573,3.059144406304789,0.4799150212017429,0.13917177088745414,0.187661044399987,0.030152201698106208,0.09109558153243746,-0.07396093397097203,-0.025821991701999662,0.2506961818964927,0.03363595725019097,0.84375,0.18393117583563157,0.026617339731401124
search,1100003,4,36,False,0.0001856201335129113,0.9752872523565135,0.9434033752788245,0.00011238219246031745,2.0816681711721685e-17,0.15901252876289074,0.425220605029779,5.975156512999051,3.6209624473639757,3.012458563779632,0.46233278990376014,0.13780472099073693,0.1750787331146194,0.007029814921129117,0.0897737602362199,-0.09010041684375755,-0.03901344701711921,0.25672413173707365,0.034617822799488496,0.8499999999999999,0.17099101684404627,0.0024417792177182252
search,1100003,4,37,False,5.908081224788315e-05,0.9752872523565135,0.9434033752788245,0.00030420696924603175,2.0816681711721685e-17,0.1554944675279195,0.42176629369844437,6.384591052977705,3.6425153304418707,2.9142850482391314,0.4412892956718636,0.12179336410636303,0.17532653145314409,0.01050345343941244,0.08712953880003295,-0.08480655645626556,-0.03458438007975489,0.22584256490618695,0.03565014555360067,0.85625,0.17178530674977782,0.006371987188001295
search,1100003,4,38,True,0.0,0.9752872523565135,0.9434033752788245,0.0007227337549603175,2.0816681711721685e-17,0.15607786798871975,0.44251390116774475,6.169967907416261,3.6406843823215436,2.9714248423453404,0.4339895376743448,0.15467860999880362,0.19504400419408294,0.029703502913076076,0.09259301641386046,-0.07958678528847354,-0.029803122481894616,0.26056420062187424,0.0356565655520237,0.8374999999999999,0.19090354698236184,0.02568388534619083
search,1100003,4,39,True,0.0,0.9752872523565135,0.9434033752788245,4.456535218253968e-05,2.0816681711721685e-17,0.17008518946435286,0.4039569210582306,5.156877981640065,3.4363835005960426,3.0032422662236993,0.3953915431461602,0.09871890042055995,0.14443910786206324,0.01749101425640547,0.08523508498934156,-0.07118297993859093,-0.030541918893432767,0.22127907266481822,0.020464053086592944,0.8125,0.14099703482675646,0.013876341617284392
search,1100003,4,40,False,0.05607194823392276,0.9752872523565135,0.9434033752788245,0.00029839409722222225,2.0816681711721685e-17,0.14682746577837644,0.4442895041956909,6.517430888707433,3.749644269219441,3.1594447197052298,0.7804518541824694,0.18129851968741525,0.20272292456554744,0.01015394672167372,0.09378056128057455,-0.09684144111708647,-0.0408314375251908,0.2770856802869298,0.045877144363321784,0.8875,0.1977389079785872,0.006614121831535175
search,1100003,4,41,True,0.0,0.9752872523565135,0.9434033752788245,0.0007421099950396825,2.7755575615628914e-17,0.15700889181702227,0.4379491846318197,5.892911395387875,3.6382008297892807,2.967197697536259,0.4185430789086755,0.12525738167866896,0.20052121758471736,0.04996816328276739,0.08565545640725175,-0.06791098219916908,-0.0248522807917326,0.19854578301096532,0.028151047672074363,0.81875,0.19724340322311418,0.04688035154436083
search,1100003,4,42,False,0.027126843194210257,0.9752872523565135,0.9434033752788245,0.00018019903273809525,2.0816681711721685e-17,0.15457601861250755,0.43594846928681064,6.072723864470622,3.6707148122954085,3.011897019112279,0.5927326088436666,0.174686818660039,0.18988204208880136,0.0019597824891655607,0.09308182529927178,-0.09881843799913005,-0.04418807641916882,0.29267550058850633,0.04120334988956017,0.88125,0.18497814183399147,-0.002511181337475587
search,1100003,4,43,False,2.67107223922924e-07,0.9752872523565135,0.9434033752788245,0.0021759517609126985,2.0816681711721685e-17,0.1442669571255455,0.4537406290881581,7.58613166769574,3.756015967888578,2.9034360886180757,0.5693952354068922,0.15832105874726343,0.19319218719606224,0.01469765785985572,0.09758448247574852,-0.08663929186278306,-0.028032727172611474,0.26847118263371195,0.050446098754366855,0.9,0.18916700428323224,0.01101452374684687
search,1100003,4,44,True,0.0,0.9752872523565135,0.9434033752788245,0.0,2.0816681711721685e-17,0.17458318613174023,0.4088394670126974,3.9714924172709036,3.3206609012600383,3.2048404727852016,0.3902578213961603,0.1444497226947522,0.17639943836402222,0.039898768514671196,0.08574696056256577,-0.08258310521096032,-0.03967274910039589,0.27456663611581567,0.016154253748878543,0.74375,0.17158270892774624,0.03492872558947347
search,1100003,4,45,True,0.0,0.9752872523565135,0.9434033752788245,1.3563368055555555e-05,2.7755575615628914e-17,0.16807128766654228,0.4133071381042779,5.116551652880938,3.4929874416702402,3.0489773596687666,0.4309661114237632,0.12302213039677395,0.16480750001590305,0.015938280003711003,0.08666810598602656,-0.08364498188512115,-0.03917310886220746,0.2457539316361413,0.02356725743820938,0.8125,0.16059909794620036,0.011261071730634578
search,1100003,4,46,False,0.001682868707404537,0.9752872523565135,0.9434033752788245,0.0008118644593253969,2.0816681711721685e-17,0.14796876543916282,0.4478518135306625,6.908376154177209,3.748085964553137,2.931504372561529,0.5141526078971494,0.16369205045062724,0.19756079538217675,0.02405520732084355,0.09649532628470545,-0.0815228992694497,-0.027800155428683304,0.2689426869433146,0.04429643157201497,0.8875,0.1933422135293068,0.02044615016539863
search,1100003,4,47,False,0.0008096418024568034,0.9752872523565135,0.9434033752788245,0.0004592168898809524,2.0816681711721685e-17,0.1584493699078227,0.4237215006078401,6.321919954748257,3.643005011303747,2.978623704256014,0.4008883243360368,0.12754463135299068,0.1648141503812743,-0.001645710133418148,0.08925196134402581,-0.08803074839581301,-0.036963215903430685,0.25375342888340446,0.03610844008361762,0.8625,0.16098732359898807,-0.005960981811480403
search,1100003,4,48,True,0.0,0.9752872523565135,0.9434033752788245,7.556733630952381e-05,2.0816681711721685e-17,0.16302474828955532,0.4282838508869854,5.283321313061192,3.5396552740319267,3.0881606424320562,0.4950477114469648,0.13543476093422308,0.19391669106503912,0.04537988096308557,0.08775435710843146,-0.07395999859975896,-0.0305717726069335,0.2239968294074962,0.025182088400652475,0.8187500000000001,0.19002921387110225,0.041429072209533124
search,1100003,4,49,False,0.0005897987159304091,0.9752872523565135,0.9434033752788245,3.8752480158730157e-05,2.7755575615628914e-17,0.16759487099947834,0.4124063039610815,5.332404164215793,3.503839374836285,2.944090285495171,0.3399312520677835,0.11254549830225619,0.15055118739203993,0.0007928234487184511,0.08550086030721861,-0.08633256650776718,-0.044127540429153136,0.23078104619679857,0.023716601825069867,0.8187500000000001,0.14629662187257092,-0.0038244855671183114
search,1100003,4,50,True,0.0,0.9752872523565135,0.9434033752788245,0.00038171192956349206,2.7755575615628914e-17,0.15502093865090913,0.4397815090499899,6.114858700244257,3.667474864978961,2.9925126837966305,0.5283973073969995,0.14448728175454023,0.19693390171477543,0.04002410098487927,0.09143820788258289,-0.07194469749573179,-0.025411878807164674,0.23670324487908573,0.0333873451932211,0.825,0.19314633005908013,0.03679049500249763
search,1100003,4,51,True,0.0,0.9752872523565135,0.9434033752788245,4.456535218253968e-05,2.0816681711721685e-17,0.16476868162559777,0.42252550522345556,5.523315314567004,3.49762046793857,3.0557457727434576,0.44944068739098303,0.12612727471564042,0.1758652929499713,0.037879787781913934,0.08917884684593777,-0.06489351010620809,-0.02094600496366199,0.24970368450907154,0.0265161152832977,0.81875,0.17246987972129935,0.03452747830906773
search,1100003,4,52,False,0.007847910414367451,0.9752872523565135,0.9434033752788245,0.0011509486607142857,2.0816681711721685e-17,0.1470328019547814,0.4448933664346223,7.02408628128477,3.749803560557321,2.934498229625345,0.5614542545758909,0.16762374876004937,0.19263447286227725,-0.00016957015544381056,0.09541086280721219,-0.09831493046687712,-0.03836212112290895,0.2814989885257593,0.04991383134091862,0.90625,0.18824082618699137,-0.004437682388182226
search,1100003,4,53,False,0.00046570226211402235,0.9752872523565135,0.9434033752788245,0.0014784071180555555,2.0816681711721685e-17,0.14784691825391644,0.4408415486059181,7.120983983235675,3.721311796897757,2.8804384954819264,0.4602508824905451,0.14538685137655522,0.1863359582835182,0.002375620543885284,0.09175188570768593,-0.09376904127127413,-0.0348980122647181,0.2557643382292408,0.04722043989290513,0.8812500000000001,0.18246425916980713,-0.001810932956718214
search,1100003,4,54,False,0.0022728793053134366,0.9752872523565135,0.9434033752788245,9.688120039682539e-06,2.0816681711721685e-17,0.17026856310313512,0.42597071159726546,4.509434132300948,3.3708202457641594,3.307824724971215,0.5075914456009809,0.1642907251570147,0.18526839637378917,0.048559038836372956,0.08858909817437785,-0.06866467410416738,-0.02709647354647477,0.2980167100993185,0.022022188660269247,0.78125,0.18102348528465845,0.04503480436383793
search,1100003,4,55,True,0.0,0.9752872523565135,0.9434033752788245,0.0008041139632936508,2.0816681711721685e-17,0.14583380160665232,0.44301580415579883,6.931645629052387,3.7758765114794532,2.845217374831935,0.42119348070932017,0.1469320595385752,0.20199531728597825,0.030490845085638322,0.09240473061951625,-0.07700255212152982,-0.024784945558624955,0.23712553865949876,0.042358069586365565,0.8687499999999999,0.19821800799856398,0.027169933279312768
search,1100003,4,56,True,0.0,0.9752872523565135,0.9434033752788245,4.650297619047619e-05,2.0816681711721685e-17,0.1673802263412273,0.4208485640264877,4.874854190400248,3.4998835018516052,3.1123893207194917,0.41792025623401996,0.1422134894708903,0.18023313600344149,0.02170971178482515,0.08707652040250033,-0.09108519000106226,-0.04459635241557183,0.25445243975158965,0.023981113328782958,0.8125,0.1755221333814545,0.01643420690085503
search,1100003,4,57,True,0.0,0.9752872523565135,0.9434033752788245,0.0002867683531746032,2.0816681711721685e-17,0.16466390339326503,0.4193212853661177,5.313396939335869,3.5706420661181815,2.948205213051822,0.35036142791520297,0.12215199729009558,0.18191603463881234,0.02885873040617807,0.08577530593009816,-0.08268947441964335,-0.03764854246108704,0.21711565576926792,0.024656656888228358,0.8187500000000001,0.17798788857890113,0.02442449593020519
search,1100003,4,58,False,0.01171784660962028,0.9752872523565135,0.9434033752788245,6.975446428571428e-05,2.0816681711721685e-17,0.15656210457906022,0.436607051551018,5.8468818089742545,3.6263499309393428,3.079415038300265,0.5514689549230145,0.16974241025300846,0.19150277832384555,0.016692199394289384,0.09248497544343251,-0.09064325862667699,-0.039289491847886604,0.2804344151028548,0.03691743162578891,0.86875,0.18670419685693362,0.012694819565813076
search,1100003,4,59,False,0.001658811121139902,0.9752872523565135,0.9434033752788245,0.0002693297371031746,2.0816681711721685e-17,0.1571670893952164,0.42089548267374416,6.653690356114324,3.6565173215852553,2.840127040267919,0.3829549864145327,0.11540985616121976,0.1473043085445517,-0.008826175436525748,0.08942662812677446,-0.08502610730674151,-0.03490436015552756,0.2429785497810138,0.037172705722071764,0.8875,0.14375466943918874,-0.013064941937903312
search,1100003,4,60,False,0.00011884923225938771,0.9752872523565135,0.9434033752788245,0.0004107762896825397,2.0816681711721685e-17,0.15807948726696366,0.45467983273076873,5.748941510991488,3.606655527731765,3.0420510493366972,0.5285660787993566,0.16098116195467468,0.20780327193753867,0.061470666889396924,0.09234497357631877,-0.0561317386949033,-0.022070272556141333,0.23065859512106454,0.0283393088460261,0.7875,0.20420289621662308,0.05946161001787549
search,1100003,4,61,True,0.0,0.9752872523565135,0.9434033752788245,0.001205202132936508,2.0816681711721685e-17,0.15379642938907634,0.44689521627505446,6.345271573040755,3.674975874600345,2.934005112545034,0.49310047267524876,0.1379216432903395,0.20013456692938306,0.04089105436653274,0.0899647234908279,-0.07126893665825514,-0.024437418272197968,0.22347519947875252,0.033611512962901074,0.825,0.19652934826837923,0.037746506053483626
search,1100003,4,62,False,0.0007780750082205559,0.9752872523565135,0.9434033752788245,0.0,2.0816681711721685e-17,0.16645211257167059,0.41704436501605513,5.42482006430984,3.4787643722796835,2.988813406792747,0.2996824827445459,0.13452567053454123,0.15001613194351576,-0.0013179876114758618,0.08933338657747023,-0.08756692737925287,-0.03910165392899623,0.29317972302858325,0.029485045239717424,0.84375,0.14559478421600186,-0.006321213182046742
search,1100003,4,63,False,2.7810978452253125e-05,0.9752872523565135,0.9434033752788245,0.00030033172123015875,2.0816681711721685e-17,0.15221324195241354,0.4397505548142535,6.388767500989555,3.6751569665587205,2.9568215163328437,0.49371139618442117,0.16047462503670082,0.1949003416703099,0.0218741021090492,0.09429273229311919,-0.08441492539734802,-0.03233537739160328,0.26712928414803805,0.040284026680394616,0.875,0.19054719243180523,0.01798827168777687
search,1100003,4,64,True,0.0,0.9752872523565135,0.9434033752788245,0.00011819506448412698,2.0816681711721685e-17,0.16297257639186688,0.4307996133767273,5.171003608043488,3.5343786906718986,3.1410107508959,0.5306575724935836,0.15263713246170096,0.19310080705223054,0.0314644334169146,0.08865126792145525,-0.08660760348845314,-0.038929030774222606,0.25204719576510093,0.027322329802175707,0.83125,0.18854555259605457,0.027115888356820536
search,1100003,5,0,True,0.0,0.9254114855173486,0.995880688104827,7.750496031746031e-05,2.0816681711721685e-17,0.16720127416975122,0.4262773318962442,4.7794085269905455,3.4427552008184947,3.1587390599049217,0.399174472353441,0.1419789986886193,0.18863874736913588,0.05744301602085414,0.08551819661531856,-0.06625136208017376,-0.02587807765340345,0.23498608207017313,0.020350773410394124,0.7749999999999999,0.18420611805524972,0.05378048648625333
search,1100003,5,1,False,0.001641466196535837,0.9254114855173486,0.995880688104827,0.0003158327132936508,2.0816681711721685e-17,0.1584373344588927,0.4178465256854159,6.132418932313197,3.608639068697068,2.8735847363725693,0.33749801344760544,0.1130129960332959,0.14866462178788642,-0.008701282014048874,0.08591775598034727,-0.08844215533023791,-0.040492399724458894,0.22265700294784424,0.03163997910241417,0.85,0.14418865989612115,-0.013507764175114704
search,1100003,5,2,True,0.0,0.9254114855173486,0.995880688104827,0.0003642733134920635,2.0816681711721685e-17,0.1544893948481384,0.44791992476112097,6.2707021104227465,3.6379308952024685,2.9738067245599327,0.3730071027907572,0.1568794560638242,0.18983701804882513,0.04545417835188234,0.09457364175031563,-0.05567206923189031,-0.01939224844030725,0.23644587790034258,0.032171680968410776,0.79375,0.18556032687181595,0.042127543168397896
search,1100003,5,3,False,2.2177146964199055e-05,0.9254114855173486,0.995880688104827,9.300595238095238e-05,2.0816681711721685e-17,0.16081144405135192,0.4164003710627474,5.907768317029669,3.5470820854066085,2.9521264148333293,0.34862819291054997,0.11850161756655625,0.1592904041449849,0.0122450818306485,0.08575211299241312,-0.07726002544623153,-0.02885781839654572,0.24262449915757126,0.02987302330874622,0.83125,0.15525139114130754,0.007748042571425432
search,1100003,5,4,False,0.012135986821735287,0.9254114855173486,0.995880688104827,0.0002247643849206349,2.7755575615628914e-17,0.15757488974101724,0.4362967116163551,5.677470042599967,3.603202636699475,3.0563476015479254,0.4687659439660649,0.16991471095171493,0.18298743563523462,0.018963988537555924,0.08974999591763276,-0.08918213728638469,-0.03923858901320697,0.27079009776474106,0.0324802082995906,0.83125,0.17738346032199317,0.013912490267001412
search,1100003,5,5,False,0.0004888591952103645,0.9254114855173486,0.995880688104827,0.0005560980902777778,2.0816681711721685e-17,0.15125481579383393,0.43041511671207466,6.5379664122069086,3.689655226343974,2.8785347279817044,0.359407055155418,0.1460503737537388,0.1800401633455642,0.0020655561356173104,0.09011845084694026,-0.09058960470315999,-0.03610719102526307,0.25099148385777725,0.0397715152533621,0.85625,0.1754237664475659,-0.003016079670603678
search,1100003,5,6,True,0.0,0.9254114855173486,0.995880688104827,3.487723214285714e-05,2.0816681711721685e-17,0.16598261932767722,0.42260448991552535,5.082962262826611,3.4320148765205314,3.1115375868848774,0.33236769204287453,0.1419210426321273,0.17239273262551885,0.03152870787303244,0.08612061031409815,-0.07612683872440879,-0.02944019495371359,0.27004072235703913,0.024774707522499273,0.825,0.16765800958727362,0.02704842106854874
search,1100003,5,7,True,0.0,0.9254114855173486,0.995880688104827,0.0001220703125,2.0816681711721685e-17,0.1601291886457149,0.429395558273861,5.663072179138193,3.558973921309847,2.959968507982528,0.3646646458313067,0.13188313283637632,0.18969828661967064,0.054316094675873,0.0875837035226774,-0.054216191713633045,-0.017916969929370592,0.21404227901117695,0.02546253081888831,0.7875,0.18599122590210376,0.051230351224463094
search,1100003,5,8,False,0.0019110350905449662,0.9254114855173486,0.995880688104827,6.587921626984127e-05,2.0816681711721685e-17,0.16638583919899183,0.413594283042872,5.276164264336765,3.4715229061246404,2.947893986078266,0.32156457804338556,0.11260676890283364,0.13965143333318128,-0.010573501595631188,0.08454352686535313,-0.09207883011475637,-0.04925333658205314,0.2304014065485268,0.024322565368843134,0.8375,0.13447123145601114,-0.016205706885031132
search,1100003,5,9,True,0.0,0.9254114855173486,0.995880688104827,0.00015307229662698413,2.0816681711721685e-17,0.1660885262681692,0.42196571495738,4.872011682163741,3.5101466091838467,3.0741523025505746,0.3883588452842657,0.13359728878651672,0.1883281183905763,0.05065247543033238,0.08395135644569947,-0.07357664980936163,-0.031028828763501982,0.22025388005028002,0.021059744145999024,0.7749999999999999,0.18373684197464274,0.046360340316158044
search,1100003,5,10,False,0.002609627945574316,0.9254114855173486,0.995880688104827,0.00018213665674603175,2.0816681711721685e-17,0.14883885517090806,0.4319302163876234,6.6285783630909005,3.7130629154788117,2.8391994980531208,0.36197533814498456,0.16374469371523573,0.17908530533091585,-0.0023383833744686057,0.09384879494645987,-0.09399417660990507,-0.03807283103155333,0.2722771435808524,0.043567359186288554,0.875,0.17401724812082842,-0.007748562046545469
search,1100003,5,11,False,0.0004246548911705954,0.9254114855173486,0.995880688104827,1.743861607142857e-05,2.0816681711721685e-17,0.16666042522068047,0.4075768125726431,5.376973225418059,3.460631466969625,2.9435446959466027,0.3203122327589393,0.1124855161516558,0.14237040637463202,0.0029448135588512354,0.08451854658758937,-0.07944402584753496,-0.033490982226150975,0.2562719061534011,0.025540797300223315,0.85625,0.13789826609781125,-0.0014352141012023336
search,1100003,5,12,True,0.0,0.9254114855173486,0.995880688104827,0.000484406001984127,2.7755575615628914e-17,0.15177098955050627,0.44113808695563395,6.233489050127194,3.67616479003089,2.989298211417191,0.4842159350352505,0.15720234610377698,0.18952724291608092,0.02513858002777496,0.0907083131215029,-0.08096972520649841,-0.032030496502658684,0.24273655018335077,0.03611012886612748,0.84375,0.18454856885758303,0.02031169765797797
search,1100003,5,13,True,0.0,0.9254114855173486,0.995880688104827,0.0029122488839285715,2.0816681711721685e-17,0.14934972985317652,0.4464005904138485,7.049261377832639,3.7329573467696244,2.800435321723258,0.3275390718179274,0.1267970088741663,0.18198555707640818,0.022916650554197473,0.08691974359261789,-0.07148580002942975,-0.022856039094617003,0.2124305240504178,0.03650980889272386,0.83125,0.17813645745187678,0.019119630621907073
search,1100003,5,14,False,0.00038682931154085886,0.9254114855173486,0.995880688104827,1.937624007936508e-06,2.0816681711721685e-17,0.16581006659653952,0.415622022934411,5.3149025961351235,3.4425347388833556,3.0717774686689943,0.32956116336589575,0.1404591115464594,0.15183204931089989,0.003494233569984553,0.08645196172042949,-0.08698652603642387,-0.03693832182992906,0.3027806806705245,0.028578141085622774,0.84375,0.1466891660966868,-0.0016442935905234433
search,1100003,5,15,False,0.002127908188914572,0.9254114855173486,0.995880688104827,0.000606476314484127,2.0816681711721685e-17,0.1493933403667305,0.42489295567846386,6.981537497458479,3.7052197846957933,2.8569849674962775,0.3607818334423162,0.13754273752531226,0.1660094099216501,-0.011985614314876904,0.09154115706027693,-0.09201108022737585,-0.035282308201045706,0.25716103118465294,0.04375155098667704,0.86875,0.16174963280885685,-0.01672630024639822
search,1100003,5,16,True,0.0,0.9254114855173486,0.995880688104827,2.3251488095238094e-05,2.0816681711721685e-17,0.1728061419092326,0.41323839096202564,4.126920861793403,3.3883135348641638,3.228225934081002,0.3348061406524793,0.13235883495881176,0.18693919377845045,0.06400125004320603,0.08293269150688329,-0.0695167942155992,-0.02854791754082537,0.23175344009029689,0.015380675124927062,0.73125,0.18240428558760904,0.05984192151307979
search,1100003,5,17,False,0.00018029734748212424,0.9254114855173486,0.995880688104827,0.0007111080109126984,2.0816681711721685e-17,0.1473354619776541,0.42839482718084265,6.799404484218693,3.6904390429110565,2.846079127403477,0.3620500164103735,0.1338265690898673,0.18293927446944916,0.00714492140446259,0.08819051590935778,-0.0832548097730404,-0.02994330421193734,0.227220059423139,0.040499465861156034,0.85625,0.17894046371774985,0.002771976900875251
search,1100003,5,18,True,0.0,0.9254114855173486,0.995880688104827,5.8128720238095235e-06,2.0816681711721685e-17,0.17309166976157053,0.4063845360491992,4.266228358091146,3.3429435014166544,3.219642879813944,0.34154430043237743,0.1323325699298724,0.15562622891785066,0.026307010370852243,0.08379602592649345,-0.0809594354122913,-0.03599712511351278,0.2917200023298555,0.01864405447126334,0.78125,0.15048016678041756,0.02108253412724699
search,1100003,5,19,True,0.0,0.9254114855173486,0.995880688104827,0.0008641803075396825,2.7755575615628914e-17,0.15720511199991824,0.43087641915557046,6.17077518290753,3.5917977357033113,2.902280076459956,0.36873355805650065,0.12056719854818808,0.1789807720522591,0.033433839134281926,0.08719503731682803,-0.06392557068825744,-0.018912230226153792,0.22262314494671048,0.02991160436349442,0.8125,0.17542131476898268,0.030056584002515357
search,1100003,5,20,False,0.0012733842644862194,0.9254114855173486,0.995880688104827,0.00012594556051587303,2.0816681711721685e-17,0.15590132156862602,0.4234529680761682,6.130108924327791,3.614082188793177,2.9387186220484973,0.3723236139460778,0.14583425648553916,0.16844585323230643,-0.005875438436444785,0.0890293431913709,-0.09550197288486631,-0.042139350184108276,0.26350472166145017,0.036468684597728965,0.8625,0.16348392118108349,-0.011495404579149623
search,1100003,5,21,False,0.002168342924854216,0.9254114855173486,0.995880688104827,5.619109623015873e-05,2.0816681711721685e-17,0.15708216668550162,0.42015730940930063,6.13157245339124,3.5887551017745656,2.937665372640295,0.4016916653326583,0.1363199521974523,0.1594867283473958,-0.012240799501083555,0.08768031118863304,-0.09580877786794953,-0.044098568159974434,0.25703600521484055,0.035573069161147636,0.85625,0.15455264647101696,-0.017703009027864904
search,1100003,5,22,True,0.0,0.9254114855173486,0.995880688104827,0.0002945188492063492,2.0816681711721685e-17,0.16429006325340068,0.429611823358502,5.303984808925345,3.4830973732457657,3.0844854694960824,0.4359228896490025,0.1374984868630073,0.18326540028061478,0.04922176983111069,0.08725265993292396,-0.06056016121348508,-0.019112831634093767,0.24668179861179124,0.024360371007105412,0.79375,0.17933293160848046,0.0456965087742528
search,1100003,5,23,True,0.0,0.9254114855173486,0.995880688104827,3.487723214285714e-05,2.0816681711721685e-17,0.16872127069017046,0.4102315261435333,4.8981510705449836,3.437992370769395,3.031724054190269,0.3164685807214348,0.11608548976935554,0.16317936288815427,0.02714945281178861,0.0833686565581869,-0.07611920241868966,-0.032035792607415334,0.23644399331573712,0.021005655691007562,0.79375,0.15876088588293535,0.023113227417093374
search,1100003,5,24,False,0.016005298620826246,0.9254114855173486,0.995880688104827,0.0004863436259920635,2.0816681711721685e-17,0.14406880792629706,0.43982061698086083,6.789265247300328,3.7755292139123497,2.8386508905162535,0.40952529552853695,0.1712888564457234,0.1887683703295412,0.005348782628139496,0.09413791938344868,-0.09130442838801865,-0.03642151115108824,0.2597513846043314,0.045298035728582584,0.85625,0.18347053735696417,0.0006982465884659088
search,1100003,5,25,True,0.0,0.9254114855173486,0.995880688104827,0.00025189112103174606,2.7755575615628914e-17,0.15753684024676545,0.4185266392718592,5.865430949425646,3.6095716031909455,2.916851083979412,0.367405702406546,0.12274511872612888,0.17705215719011153,0.018710371618683094,0.08394767710139704,-0.08186990512935374,-0.03407095227567876,0.21403895551197857,0.03003897845651248,0.83125,0.17281591939671226,0.014364924852755357
search,1100003,5,26,False,0.00010629755497113559,0.9254114855173486,0.995880688104827,9.300595238095238e-05,2.0816681711721685e-17,0.16359427008436472,0.4171484314954441,5.489111847619,3.5288184043653237,2.9475655455815266,0.299629304016765,0.1276984135918323,0.16046741251533597,0.008968608721862188,0.0853597435619992,-0.08532680782680219,-0.0367878651527915,0.25429350339568446,0.027666396144633735,0.825,0.1557994677086109,0.004301951402863363
search,1100003,5,27,False,0.0014678403692676596,0.9254114855173486,0.995880688104827,0.0013737754216269842,2.0816681711721685e-17,0.1426615942499591,0.4425341876414908,7.530329148272947,3.798466674681256,2.8055247002553667,0.3865072957510259,0.162389702883297,0.18373926353021752,-0.0011572103361509349,0.09596838820354076,-0.0895843750552262,-0.0317058163392552,0.2690247304615808,0.04903290068783458,0.8687499999999999,0.17901483449606953,-0.005956805951760278
search,1100003,5,28,True,0.0,0.9254114855173486,0.995880688104827,0.0,2.0816681711721685e-17,0.17281221575514089,0.4076623214182531,4.245814869382113,3.354171829899256,3.1520365880403904,0.31303483778286445,0.12234066088615171,0.16907525119587924,0.04177839471355121,0.08262288759707827,-0.07722222687952786,-0.034083984432944865,0.2413127401208132,0.016359051470446792,0.7625,0.16432761270457125,0.036923251978836814
search,1100003,5,29,True,0.0,0.9254114855173486,0.995880688104827,7.750496031746031e-06,2.0816681711721685e-17,0.17237426382506188,0.40082800259214957,4.5154272543142815,3.3731137442385384,3.0695467900149493,0.29635077207160054,0.10318371229615483,0.15859420071718572,0.037176781684012505,0.08224509621851682,-0.06880313595053572,-0.027770144024272386,0.22172549736249333,0.016725353081814352,0.7625,0.15454595914484895,0.033421534936953684
search,1100003,5,30,False,0.04682981410606222,0.9254114855173486,0.995880688104827,0.0006336030505952381,2.0816681711721685e-17,0.14219388998078042,0.44090071930039365,7.456078108043385,3.7905764990775257,2.87463529696376,0.42490036811028586,0.17908894197884984,0.17995215998801872,-0.01011876906537342,0.09754204753624901,-0.09584318925310747,-0.03665769567066801,0.2919530633965578,0.05181871404750252,0.8875,0.17474008687327403,-0.015588410512039434
search,1100003,5,31,False,0.000846085707687993,0.9254114855173486,0.995880688104827,0.002059694320436508,2.0816681711721685e-17,0.15371720570197528,0.4304294823673347,6.986541963436645,3.6917718239796065,2.8279089300998024,0.340606862056303,0.11877692364967152,0.15863288918612198,-0.002016218184823659,0.08671073736743054,-0.0836279871111893,-0.030890594792388502,0.23347568575732486,0.03726281053268371,0.85625,0.15475652737071421,-0.006321296346755639
search,1100003,5,32,True,0.0,0.9254114855173486,0.995880688104827,0.00010463169642857142,2.0816681711721685e-17,0.1585381017405101,0.43354891737990303,5.510910151441163,3.5878931842159147,3.077906088491827,0.48958812034238136,0.15588399622184643,0.1903611217015892,0.040784003978082344,0.08827151226889005,-0.07548924684317203,-0.031926708812833604,0.23563620691413947,0.028483637419770537,0.8,0.1852717963423295,0.03642585877776355
search,1100003,5,33,False,0.003360833542338077,0.9254114855173486,0.995880688104827,0.0007905505952380952,2.0816681711721685e-17,0.13654205514052065,0.4303559628632103,7.728334164239834,3.8167037413737925,2.8100355168981963,0.45824571592705626,0.16273143092022777,0.18526343535293205,-0.013895433128535216,0.09463138344163635,-0.09587378831737492,-0.033406729923372444,0.2665350769388265,0.05593425787943518,0.88125,0.18072195891891513,-0.01861478540081202
search,1100003,5,34,True,0.0,0.9254114855173486,0.995880688104827,9.688120039682539e-06,2.0816681711721685e-17,0.17437799896677178,0.41187571893384944,4.039098113030444,3.3083886161548675,3.3359601566384884,0.4147630102135754,0.13466740338690675,0.17517131266790892,0.05804579208803249,0.08424473903059254,-0.06346861563469208,-0.021791832395560352,0.27675173121951724,0.01623093658151106,0.75,0.17100239561279518,0.05430897725482893
search,1100003,5,35,True,0.0,0.9254114855173486,0.995880688104827,0.0003197079613095238,2.0816681711721685e-17,0.15825248208663084,0.427334875702038,6.021921557110593,3.5636154701619724,2.947374986518701,0.3481028389690516,0.13272397430392519,0.17721240939971056,0.026006892892740375,0.0874409779807129,-0.07207025503134083,-0.024820207672716234,0.24418712988205554,0.0308679133583369,0.8187500000000001,0.17301987711156477,0.02205168023153832
search,1100003,5,36,False,0.0005845919043051159,0.9254114855173486,0.995880688104827,0.00011044456845238095,2.0816681711721685e-17,0.1594569446567575,0.41906831064093814,5.888911555649068,3.5783047591688764,2.96291972690885,0.3446273980056048,0.13128081745073064,0.1617414540215369,0.0008556737717621095,0.08671975055994269,-0.08989085764411836,-0.03922331895313128,0.2508655980464176,0.03203265323105865,0.85,0.15707656148920046,-0.004172228653524724
search,1100003,5,37,False,0.0005021830418920178,0.9254114855173486,0.995880688104827,0.00025576636904761906,2.7755575615628914e-17,0.15602029170495038,0.41551537018414564,6.256584378149467,3.616398544832806,2.9016788725958236,0.34340572091245436,0.1160693520529007,0.1610355748672055,0.001890477067738287,0.08572091357971545,-0.08397620390862201,-0.03470896383710582,0.2203561778347127,0.032996294713811665,0.85625,0.156962783798676,-0.0028798258922504106
search,1100003,5,38,True,0.0,0.9254114855173486,0.995880688104827,0.0006161644345238095,2.0816681711721685e-17,0.15667801774248313,0.4366326334224616,6.083207599366515,3.593997223167806,3.0194297282970064,0.41366899769226767,0.14754073466199613,0.18207971016820582,0.02499548502462921,0.08978588547750067,-0.07777144533350691,-0.028621142238076012,0.2527611500370731,0.03269946208917973,0.81875,0.17743338268466102,0.02051315434698528
search,1100003,5,39,True,0.0,0.9254114855173486,0.995880688104827,4.456535218253968e-05,2.0816681711721685e-17,0.17057800191099953,0.3985975490182919,4.899724713787862,3.39162307317861,2.999742791271376,0.2948721055065663,0.09460180318597372,0.1405424170173222,0.019538704189139635,0.08273654451204186,-0.06985518720049172,-0.029322448899930038,0.21714062628240138,0.018667929966046617,0.7999999999999999,0.1366048101159944,0.015685894357942733
search,1100003,5,40,False,0.02168613571498969,0.9254114855173486,0.995880688104827,0.00025576636904761906,2.7755575615628914e-17,0.1473366471259719,0.4347868921296527,6.503414560674104,3.747112547859548,2.854281773129453,0.3767601574419884,0.17305314035009373,0.18650708983209419,7.37207970556231e-05,0.09356155171193203,-0.09642670683257294,-0.04102501211092748,0.2676929018216635,0.04369263406337481,0.8624999999999999,0.18102712143197217,-0.004954228376325116
search,1100003,5,41,True,0.0,0.9254114855173486,0.995880688104827,0.0006394159226190476,2.0816681711721685e-17,0.15782933814643288,0.43193616832492654,5.740124209792763,3.5711678838030907,3.0118754204685625,0.44301026650099884,0.11994902963174056,0.1912694064445322,0.046812332854984214,0.08365779392593842,-0.06413535494418249,-0.023052869459075025,0.19195148128252015,0.026345243499295068,0.8125,0.18764174636711334,0.04380019369189289
search,1100003,5,42,False,0.006496686309268878,0.9254114855173486,0.995880688104827,0.00013950892857142856,2.7755575615628914e-17,0.15495994779578653,0.429635852996302,6.094343395540685,3.63719224778439,2.8760342167594457,0.2585745695487638,0.1664882311426465,0.1740683133524034,-0.006088484184794175,0.09096552577879666,-0.09899343864414223,-0.04424099206339349,0.2850230089794993,0.038306412937519685,0.86875,0.1685748889951713,-0.011688107800673949
search,1100003,5,43,False,0.00046098391849796273,0.9254114855173486,0.995880688104827,0.0019783141121031745,2.7755575615628914e-17,0.14477890778640642,0.44519077880367,7.495948442011737,3.766395802540786,2.77186180364742,0.33121603250154985,0.15114776785188505,0.17917065800233034,0.0024397364077036474,0.09470572370845656,-0.0862162889539563,-0.029000050652381728,0.2602877741293534,0.04637277542925214,0.8625,0.1747910034515541,-0.0022192709813827188
search,1100003,5,44,True,0.0,0.9254114855173486,0.995880688104827,0.0,2.0816681711721685e-17,0.17500449512546662,0.406803237891424,3.841186136755085,3.2959139821585413,3.282612152635486,0.32072216221719574,0.13776194574149817,0.17141406359923705,0.04486896501462869,0.08259679349329374,-0.08150106965521646,-0.03787227281841042,0.2689020699880994,0.014418821349372089,0.73125,0.1661273892030475,0.03952726202364023
search,1100003,5,45,False,4.060164190278676e-08,0.9254114855173486,0.995880688104827,9.688120039682539e-06,2.7755575615628914e-17,0.16851658141729775,0.4091240200724338,4.943469730035574,3.4499499145889247,3.000186514953911,0.277634305912668,0.11737852776414828,0.15688819251202182,0.014882123382725066,0.08308582093045333,-0.08286368805276624,-0.038375291461182154,0.24083599839511555,0.02176980296786246,0.8,0.15209172523313796,0.010119669932403506
search,1100003,5,46,False,1.6198492637626673e-07,0.9254114855173486,0.995880688104827,0.000720796130952381,2.0816681711721685e-17,0.14853726545784188,0.442105464063112,6.89030974474027,3.6793725695973913,2.9111288320777318,0.4044786977764224,0.15625302606510608,0.18256170245588982,0.014764552996559484,0.09400529036769412,-0.08001798421559793,-0.02743724444654192,0.2602983703243916,0.041178233913267026,0.85625,0.1778930462445809,0.010652322884847857
search,1100003,5,47,False,0.0015864969885321907,0.9254114855173486,0.995880688104827,0.0003914000496031746,2.7755575615628914e-17,0.15885286281236982,0.4193584750140966,6.1723576038351675,3.596985637160563,2.8839798992961354,0.34023498724755363,0.12166918299079063,0.15197626012186743,-0.008301050017122166,0.08596863447645972,-0.08767265949166796,-0.03761466300107952,0.2489078313702068,0.033421379099498986,0.8625,0.1475223184426892,-0.013145696600758868
search,1100003,5,48,True,0.0,0.9254114855173486,0.995880688104827,6.975446428571428e-05,2.0816681711721685e-17,0.16371425571261808,0.42203352422247237,5.173898066051097,3.5362960282944105,3.0478331488279427,0.4077216412415954,0.12925629718532336,0.18459102657712784,0.04584409207532175,0.08480210277439405,-0.07148162426087529,-0.028572765457246855,0.21723643618423172,0.023313483208755488,0.7875,0.1802717413775458,0.04179792558884693
search,1100003,5,49,False,0.0008045864376637429,0.9254114855173486,0.995880688104827,2.9064360119047617e-05,2.0816681711721685e-17,0.1679947359206951,0.40781001957291063,5.131793939943305,3.4427224103823555,2.9669049780278076,0.29895522772081695,0.1076491443687787,0.14172290019632594,-0.0015936612484850482,0.08325188893116661,-0.08568112793289714,-0.04368726644891405,0.22654878753310176,0.02194279677867325,0.8125,0.13682677557550732,-0.006429877737060628
search,1100003,5,50,True,0.0,0.9254114855173486,0.995880688104827,0.0003235832093253968,2.0816681711721685e-17,0.15574177833700853,0.43428348932019234,6.0376297098114815,3.606431129386469,2.9630210605670113,0.40713699513861346,0.1380365133487878,0.18568262331587526,0.03483255856089544,0.08856935860906057,-0.06917694577154633,-0.02425673522181543,0.22902089496186415,0.03100730651163677,0.81875,0.18145158953022653,0.03085359789896592
search,1100003,5,51,True,0.0,0.9254114855173486,0.995880688104827,4.456535218253968e-05,2.0816681711721685e-17,0.1654255952113683,0.4189787891971941,5.3419182285527,3.471560838554205,3.1028425793367047,0.38681997150352304,0.12044257379846018,0.17076977861346737,0.03838481703502624,0.08623674944095772,-0.06268643033696712,-0.019414754220867147,0.244458707727063,0.024505394430487323,0.8375,0.1669899617524796,0.03524144096511417
search,1100003,5,52,False,0.002059163246898754,0.9254114855173486,0.995880688104827,0.0010211278521825397,2.0816681711721685e-17,0.1474396320754194,0.43583082200669565,7.010637593232023,3.725432137765531,2.791967003063398,0.3767151314668112,0.15991819460134948,0.1774769401351049,-0.011546132339192581,0.0935226109956446,-0.09857687172506122,-0.039215282625757006,0.27349300594424025,0.04682910356570711,0.875,0.17264473158584398,-0.017282543991074976
search,1100003,5,53,False,0.0018032743742804462,0.9254114855173486,0.995880688104827,0.0013040209573412698,2.0816681711721685e-17,0.1483074240662986,0.43090524367147903,7.028394446226447,3.690919665085651,2.848556891024907,0.3239893007635791,0.13873300138094205,0.1707535400468373,-0.009842012252193374,0.09058930454531446,-0.0938299749863985,-0.03631653339060167,0.24879927072388064,0.043762618634058136,0.8625,0.166468454199478,-0.014790843139995782
search,1100003,5,54,True,0.0,0.9254114855173486,0.995880688104827,7.750496031746031e-06,2.0816681711721685e-17,0.17081548178257774,0.42488638403865064,4.416254896135818,3.323223042817837,3.268319886090574,0.3990227860918314,0.15704679528690707,0.1793993891510558,0.05283734107398884,0.08535646116468504,-0.06629792513140267,-0.024468298780270195,0.2919219528966074,0.01990002804927124,0.7562500000000001,0.17487888543473018,0.04869530869094822
search,1100003,5,55,True,0.0,0.9254114855173486,0.995880688104827,0.0007052951388888889,2.0816681711721685e-17,0.14652137654395408,0.43787810090387597,6.864390980279121,3.722607438201571,2.9047154611685935,0.44006163519821107,0.14051375418390594,0.188877166472862,0.019068369367462427,0.09017168202089136,-0.07442826149478926,-0.024798323104483738,0.2289659079881784,0.039494435979974374,0.8375,0.18472625171200285,0.015204759955109353
search,1100003,5,56,True,0.0,0.9254114855173486,0.995880688104827,4.650297619047619e-05,2.0816681711721685e-17,0.16783571743456804,0.41532346499834877,4.7633127684114775,3.461766652992247,3.139704866742327,0.3975746870815812,0.13547539998898395,0.17026935612273908,0.02192001523618176,0.0835901556069931,-0.09050297724473233,-0.04394892292931643,0.24829197572182515,0.02191921490148214,0.8125,0.1649420746268626,0.016562058831636185
search,1100003,5,57,True,0.0,0.9254114855173486,0.995880688104827,0.00024026537698412697,2.0816681711721685e-17,0.16523313831456887,0.41437321234513425,5.153837366621795,3.5115615247520937,2.9887947260313164,0.2675025986423384,0.11640491992723469,0.17190962548974403,0.027771201976574227,0.08195004493219826,-0.08132759696773692,-0.03639339731678308,0.21128547217927224,0.022623075327785125,0.7999999999999999,0.16745232749215283,0.02305202315927666
search,1100003,5,58,False,0.0004164241326790818,0.9254114855173486,0.995880688104827,6.394159226190477e-05,2.0816681711721685e-17,0.15704502292022507,0.4312401658030131,5.847738868196391,3.586246670720974,2.942577068592847,0.3974467935449109,0.16175671899294597,0.1767079738089174,0.0115179538553292,0.09007075312105858,-0.09018066246093608,-0.03855513471620097,0.2724507932483226,0.034057960040709226,0.84375,0.1713573142931817,0.0063354164492914694
search,1100003,5,59,False,0.0030836856858600646,0.9254114855173486,0.995880688104827,0.00023445250496031747,2.0816681711721685e-17,0.15753882320956641,0.41567732916310507,6.4974123018344985,3.613329935153634,2.9129388500709137,0.40045640204122035,0.11032255293652049,0.1339411635556621,-0.0174856019467619,0.08728138265439084,-0.08467721809382592,-0.035960577546991696,0.23899682968204805,0.03470229135151616,0.8875,0.12974660636983704,-0.02169731961976586
search,1100003,5,60,True,0.0,0.9254114855173486,0.995880688104827,0.000362335689484127,2.0816681711721685e-17,0.15895924966620242,0.45137648357758553,5.740562329867945,3.5966583155954712,3.0485236548851535,0.46386614761462475,0.15480342629349747,0.19694257983461,0.059655129440253404,0.09180372785081525,-0.05038586725218341,-0.019427071401783312,0.22201336409841502,0.02712248841916117,0.7875,0.19293087385799618,0.05665114245309874
search,1100003,5,61,True,0.0,0.9254114855173486,0.995880688104827,0.0010773189484126985,2.0816681711721685e-17,0.15455416631768348,0.43832333916738553,6.214355561950443,3.6272942563180033,2.937582641088742,0.39579633163037986,0.13191841804058907,0.1889892310278412,0.03487336987552866,0.08740392842958464,-0.0683986080721555,-0.0235777714696082,0.2159848902645537,0.030957781876856327,0.81875,0.1849977360739053,0.03121755265607668
search,1100003,5,62,False,0.0010070667834965084,0.9254114855173486,0.995880688104827,0.0,2.0816681711721685e-17,0.1667588718138791,0.41219085661015464,5.273893244260089,3.451076216693224,3.0372054664836785,0.30644419765144604,0.12872099835398657,0.14189315821859722,-0.003564574597390931,0.08555056735896281,-0.08759052300672145,-0.0392328329937777,0.2892018384720037,0.027288853166605523,0.8625,0.13684091073635218,-0.008753914797092525
search,1100003,5,63,False,5.086257343294311e-06,0.9254114855173486,0.995880688104827,0.00024026537698412697,2.0816681711721685e-17,0.15275947389563943,0.43256599714532057,6.373911316202106,3.6428650961938978,2.9683068242380335,0.3827243255943565,0.15306653031966022,0.1810010261323598,0.013680665160276249,0.09147347140884973,-0.08313400580724062,-0.0318201166199878,0.25914911372415755,0.03748347172125768,0.85625,0.17615520383793265,0.00896803673805713
search,1100003,5,64,True,0.0,0.9254114855173486,0.995880688104827,0.00010075644841269841,2.0816681711721685e-17,0.16353219997178164,0.4254588887495997,5.100779252828239,3.515860348237592,3.1081948571022373,0.42596025218861033,0.1454399550967232,0.18123348418861862,0.030795093447769997,0.0856245090654673,-0.08547468402633693,-0.037961538618209154,0.244623823210178,0.02510368714220229,0.81875,0.17613863136535146,0.02595525015788823
search,1100003,6,0,True,0.0,0.940254844907642,0.896133439469057,6.394159226190477e-05,2.0816681711721685e-17,0.16722528930705177,0.4319013908165209,4.719978322303845,3.431217226133241,3.1910949744486823,0.4811546008528905,0.15047686577007202,0.19108959667891678,0.051131948216135995,0.08813507402591894,-0.06916245571965224,-0.028743317808974614,0.2449964879610231,0.02155271384667581,0.7875000000000001,0.18707444813413948,0.04811474120646074
search,1100003,6,1,False,0.0008873784043611612,0.940254844907642,0.896133439469057,0.0003371465773809524,2.0816681711721685e-17,0.15905558223280158,0.42325963684739176,6.057177074440147,3.585139568199099,2.94922716676254,0.44531699988469403,0.11925820675520271,0.15820449387762825,-0.0024265049402483006,0.08690787671927924,-0.08825576899538026,-0.03975374375559958,0.2279686969282735,0.03268191624635122,0.84375,0.154201993937044,-0.006228347802211489
search,1100003,6,2,False,0.0037428213528777265,0.940254844907642,0.896133439469057,0.0003429594494047619,2.0816681711721685e-17,0.15445702077509427,0.45093902029936606,6.0856371538870375,3.640700040409657,3.0907431643569696,0.4804841284546145,0.16550607418750507,0.19585742574343257,0.04837249107038,0.09383808415135303,-0.06125553255662513,-0.02200868999284861,0.24860497505498116,0.0335345753892228,0.8374999999999999,0.1920240933001925,0.04691631540645903
search,1100003,6,3,True,0.0,0.940254844907642,0.896133439469057,7.944258432539683e-05,2.0816681711721685e-17,0.1612258428693989,0.4210062204941625,5.833647903422818,3.5317375466612386,2.995437858694113,0.4443411915035467,0.12542111365256942,0.16483121796654557,0.016527272477623447,0.09011561957841552,-0.07729436244365635,-0.0287493440173614,0.24923488358928003,0.0314299390211949,0.84375,0.16121856235619583,0.01310544090887913
search,1100003,6,4,False,0.0560417902786006,0.940254844907642,0.896133439469057,0.00023639012896825397,2.0816681711721685e-17,0.15785480032530197,0.4436981311198239,5.555560272712055,3.596184003595597,3.2156686511763146,0.551591291854892,0.181305832564269,0.19532105605225228,0.025620711363228882,0.09282036255802097,-0.0898460491927339,-0.04003762426748762,0.28318661270548257,0.03460538298104661,0.85625,0.1903234596513372,0.022184335278071524
search,1100003,6,5,False,5.688513033266058e-06,0.940254844907642,0.896133439469057,0.0005774119543650794,2.0816681711721685e-17,0.1517614767383946,0.44025039873973304,6.428026014565749,3.6385907376864495,3.017034091250122,0.4936618865549514,0.15536028855021877,0.18971599453007912,0.013604739675612655,0.0926812195501233,-0.09100144302195054,-0.03574058808086594,0.26066755815496345,0.04219150356915626,0.85625,0.18539293113884153,0.009958745739102163
search,1100003,6,6,True,0.0,0.940254844907642,0.896133439469057,2.5189112103174602e-05,2.0816681711721685e-17,0.16620044863752417,0.4263172721973656,5.011119747578507,3.432013503489377,3.1972909953683457,0.4514183469922327,0.1508404099052414,0.17677498528156177,0.03296226426580447,0.09004983937540863,-0.07673991720345372,-0.030941091334408106,0.27909255383330395,0.02649919910674854,0.8187500000000001,0.17254897346072118,0.029381966135118356
search,1100003,6,7,True,0.0,0.940254844907642,0.896133439469057,0.00011625744047619047,2.0816681711721685e-17,0.1601203255620876,0.438468977516821,5.570447488465987,3.5439613608949267,3.0622302528654637,0.4565860069661766,0.13903989119473248,0.19107493510382023,0.051620723926590915,0.08848796995262274,-0.059079904682602366,-0.020771081957381123,0.22342459661971076,0.026465313107322308,0.8125,0.1876500738623345,0.04963512251587333
search,1100003,6,8,False,0.0013471444573905712,0.940254844907642,0.896133439469057,5.425347222222222e-05,2.0816681711721685e-17,0.1669465064503204,0.41729230670930334,5.232740508499264,3.463574030559124,3.0176415023085843,0.4273376752024169,0.11848559671160133,0.14705345194769726,-0.0064715279365602715,0.0862304174493598,-0.09132291217938854,-0.04850600840138592,0.23531886080006084,0.024814741026507534,0.83125,0.14250904720830038,-0.011112095447724249
search,1100003,6,9,True,0.0,0.940254844907642,0.896133439469057,0.0001433841765873016,2.0816681711721685e-17,0.1662215239815441,0.429184008630171,4.822398690098911,3.4679567481867517,3.1294313374807614,0.4715511436192529,0.14171179327410804,0.19179989213959844,0.045342446199531955,0.08716699480683301,-0.07585491538238423,-0.03317423043193028,0.2294457519296932,0.022000535588498373,0.7875,0.18762975186291428,0.042124528827408525
search,1100003,6,10,False,0.026389323410664856,0.940254844907642,0.896133439469057,0.00018407428075396825,2.0816681711721685e-17,0.14934966152446927,0.44106245600250216,6.4824703046219465,3.6793928300317784,3.105180386512303,0.6355577001440493,0.17461015862196946,0.19122187656433476,0.011458933466815197,0.09640194795090347,-0.09391951605393122,-0.037585558018720246,0.28352616900627914,0.04585663694356789,0.8937499999999999,0.18653024432845905,0.00794969442514272
search,1100003,6,11,False,0.00024322370978458894,0.940254844907642,0.896133439469057,1.743861607142857e-05,2.0816681711721685e-17,0.16709052039951872,0.41304219135099385,5.338352534699352,3.4608393082749274,3.025440978411139,0.35249869400606154,0.1184138724480896,0.14643722440110235,0.005876555799423611,0.0879257485932748,-0.07888632756340339,-0.03358163335840118,0.26142434989826013,0.026445491286833628,0.8500000000000001,0.14254867497143187,0.0020701471523934733
search,1100003,6,12,False,0.006157832442671277,0.940254844907642,0.896133439469057,0.0005115327380952381,2.0816681711721685e-17,0.1520424452576855,0.4478040418788155,6.149810705415716,3.6661672067366586,3.1498297541813254,0.5820503270660831,0.1670624671882875,0.1995598492555601,0.03256955470825392,0.09287666744789871,-0.08327974547152578,-0.032909763178011295,0.2546840735264767,0.03815893016999132,0.8625,0.19499461131268503,0.02982806539006224
search,1100003,6,13,True,0.0,0.940254844907642,0.896133439469057,0.002857995411706349,2.0816681711721685e-17,0.1496794787229507,0.45445225272036716,7.055632131909401,3.688308014140799,2.9486337326784366,0.4894074601408112,0.1338856699354725,0.189773977070441,0.030722955506103537,0.09102625083177077,-0.07432163804133374,-0.023775458022214604,0.22136024310032354,0.03872437846765379,0.84375,0.18603923741813033,0.028176677709607488
search,1100003,6,14,False,0.00011855736963885885,0.940254844907642,0.896133439469057,0.0,2.0816681711721685e-17,0.16626978142467316,0.41876708128301066,5.216601635099403,3.4338034572214102,3.1527096656019387,0.4619836223470859,0.1489636770322888,0.15781572935692328,0.008630282908585463,0.09073741860713408,-0.08595071032321537,-0.03689710399746718,0.3099107338976874,0.03009051778663518,0.84375,0.15329359414330948,0.004378072939935764
search,1100003,6,15,False,0.000756502626132338,0.940254844907642,0.896133439469057,0.0005967881944444445,2.0816681711721685e-17,0.15007821553331213,0.43379519825980306,6.839223257167607,3.67249474230372,2.9709558212985483,0.5066599510436127,0.14598373333206735,0.17630729468911777,-0.001090186799044295,0.0938601200619088,-0.09177820621072127,-0.0340549598382634,0.26505970414079183,0.04616021339171852,0.8812500000000001,0.1723057290684344,-0.004244863554587036
search,1100003,6,16,True,0.0,0.940254844907642,0.896133439469057,2.1313864087301586e-05,2.0816681711721685e-17,0.17285743443460172,0.41797753401107773,4.105525078066535,3.348239761194087,3.2659302215220234,0.44673466455318533,0.14037658635873568,0.1863180217027379,0.053840566384049764,0.08537013346066313,-0.0715736019663109,-0.03162148050595383,0.2406890178621499,0.015885885912839758,0.75,0.18219671165548562,0.05041633092626557
search,1100003,6,17,True,0.0,0.940254844907642,0.896133439469057,0.0007033575148809524,2.7755575615628914e-17,0.14786096041716268,0.43933522981924567,6.729819130205309,3.6882274333247356,2.9894002598553735,0.48439870386158024,0.1417799842921205,0.1912632969128133,0.019080096306374153,0.09016162451468251,-0.08474760480871912,-0.029681019880058702,0.23612060558181022,0.04289075788315908,0.8625,0.1873260096147002,0.01656818717283018
search,1100003,6,18,True,0.0,0.940254844907642,0.896133439469057,1.937624007936508e-06,2.0816681711721685e-17,0.17338317582016324,0.40621823485243225,4.230432659106428,3.3460907369566493,3.2907002378710724,0.406302034531558,0.1400872004778263,0.15708010852377735,0.026154223746862097,0.08668495826566111,-0.0804427887026434,-0.03658566530345435,0.29853806541074995,0.01948668942642203,0.7875,0.15248641096499482,0.021786609818494743
search,1100003,6,19,True,0.0,0.940254844907642,0.896133439469057,0.0008234902033730159,2.0816681711721685e-17,0.15741964328668484,0.4361135770266662,6.181622949157889,3.579486457165998,2.9239869160322605,0.3724796881156405,0.12742460602273378,0.1815472075164461,0.03388861879975384,0.0896658101508522,-0.06623553864534182,-0.020311441037393112,0.23063292857398254,0.032079234103376944,0.85625,0.17829174797051414,0.031288518034281815
search,1100003,6,20,False,0.00033522564116416666,0.940254844907642,0.896133439469057,0.0001220703125,2.0816681711721685e-17,0.15645715311432334,0.43228523313308753,6.0049090654328925,3.5974812764399724,3.076957215618278,0.5634317233171321,0.15525545956583517,0.17932268061483514,0.004289136587211706,0.09217212259217378,-0.09488514218949295,-0.04155495391701072,0.2723591955233047,0.03851044263501474,0.8687499999999999,0.1748114909523831,0.00037364630911241106
search,1100003,6,21,False,0.0009370310560690091,0.940254844907642,0.896133439469057,4.650297619047619e-05,2.0816681711721685e-17,0.15769814700654683,0.42947095866115415,6.0187966131451685,3.6022812220480223,3.0261930130860213,0.5451686793520898,0.1447836131027669,0.17065350580623306,-0.0029074133576911833,0.09055430507225125,-0.09507042833137513,-0.04313705877060753,0.2646048016799947,0.037332828249837274,0.86875,0.16621486431783275,-0.006838974096096932
search,1100003,6,22,True,0.0,0.940254844907642,0.896133439469057,0.0002925812251984127,2.0816681711721685e-17,0.1643021636970326,0.4349795811957118,5.239054754037313,3.4608158235762905,3.1401438217558635,0.45655471311427587,0.1454653304449,0.1838376037146725,0.046537750805185824,0.08971486601840073,-0.06341393233563884,-0.02165851742660161,0.25608246222661935,0.025820766956607955,0.8,0.180289503200372,0.04422312115592049
search,1100003,6,23,True,0.0,0.940254844907642,0.896133439469057,2.9064360119047617e-05,2.0816681711721685e-17,0.16899029642989538,0.41364934285788507,4.875384283194674,3.437215407452965,3.068603693831423,0.3480704434337358,0.12284861976707223,0.1654989236517297,0.026755166227459767,0.08684718916659925,-0.07642068228614296,-0.033004464561342116,0.24314444585818762,0.021783369614110263,0.7937500000000001,0.16157869809403078,0.02298634394184184
search,1100003,6,24,False,0.0636584209511825,0.940254844907642,0.896133439469057,0.000499906994047619,2.0816681711721685e-17,0.14444888797300218,0.4488555805034258,6.771996185209231,3.738473679784378,3.0689048093846294,0.5150398211041521,0.1827075584267569,0.20246969068962195,0.020278440616023602,0.09550871366977842,-0.09263754630744005,-0.03629832484374636,0.2728012097910848,0.047659884431323164,0.88125,0.19758909618675238,0.01717669733470767
search,1100003,6,25,True,0.0,0.940254844907642,0.896133439469057,0.00026351686507936506,2.0816681711721685e-17,0.1579441154985779,0.42840555704712663,5.802554049374354,3.6012176990029268,3.0379924385148334,0.5014761047812313,0.13005870845062384,0.18371147575368363,0.023462999808178054,0.08696290449171587,-0.08308476199313339,-0.03485418798696577,0.22157987063743212,0.031262923650296204,0.8374999999999999,0.17973995066556261,0.02006942109837001
search,1100003,6,26,False,6.246332221937728e-06,0.940254844907642,0.896133439469057,7.556733630952381e-05,2.0816681711721685e-17,0.16402822299151348,0.4222141378110771,5.409964773991467,3.511541039553651,3.0744358549297734,0.46506339808176467,0.1354770720622146,0.16688964652476257,0.013537929193009914,0.08985208383536239,-0.0848996515794148,-0.036668580299494116,0.2614808502253244,0.02902920870633735,0.83125,0.16273993496559042,0.009626460423205141
search,1100003,6,27,False,0.020794203601399386,0.940254844907642,0.896133439469057,0.001445467509920635,2.0816681711721685e-17,0.1431958572104312,0.4542021041644524,7.3740729280448125,3.7651021026282603,3.0496750702871847,0.6064870193683454,0.17297725835440167,0.19587710742815226,0.013996917640274921,0.099659473813585,-0.09008660799621812,-0.030921205633967178,0.28049325850250084,0.05253300091185631,0.9125,0.19137634606635473,0.011039573828646216
search,1100003,6,28,True,0.0,0.940254844907642,0.896133439469057,0.0,2.0816681711721685e-17,0.17301273977386716,0.40982712669221494,4.228660851394652,3.3627827559699077,3.193117822149282,0.3851398321896187,0.129671852762287,0.16976396368193042,0.03769285865378424,0.08522545844202387,-0.07761358304451532,-0.03566664664901629,0.24872165761972914,0.016908801651736353,0.76875,0.16551544791778863,0.033743655885906346
search,1100003,6,29,True,0.0,0.940254844907642,0.896133439469057,3.875248015873016e-06,2.0816681711721685e-17,0.17253654815483443,0.4043764240872658,4.528913288395891,3.407216664227575,3.065923413373477,0.32346028557640255,0.10871787310802541,0.1575060695842256,0.03283218288994863,0.08410797749985648,-0.06934980235308949,-0.029550423672730843,0.22755572376938343,0.017208846171386828,0.775,0.1538989155722765,0.02938621654080765
search,1100003,6,30,False,0.1206917726039626,0.940254844907642,0.896133439469057,0.0006646050347222222,2.0816681711721685e-17,0.142763942672947,0.44964962710039613,7.302175466107942,3.760322881527141,2.9754333601365177,0.48998072112881735,0.19118551715500148,0.19565001604908175,0.006637549842826987,0.10205231467782175,-0.09557674537400257,-0.035701477148244745,0.304075074710911,0.05526284828038864,0.9125,0.190839614806439,0.003213940249030883
search,1100003,6,31,False,0.0003121343351977873,0.940254844907642,0.896133439469057,0.001988002232142857,2.0816681711721685e-17,0.15428910345194333,0.437520407669289,6.919092064217381,3.6441074381632306,2.9031314837313635,0.4665674308451151,0.12560085612661487,0.16851619641766,0.004664615495151487,0.09083529283955666,-0.08352838821853145,-0.03024154083298338,0.23997371598828288,0.03923379529803835,0.84375,0.16489777305439063,0.0015712944426865853
search,1100003,6,32,False,0.0036975797691271048,0.940254844907642,0.896133439469057,9.688120039682539e-05,2.7755575615628914e-17,0.1586667990547402,0.4430850857698127,5.408666470243093,3.5773704075905837,3.150532378757738,0.5304783576498213,0.16547269550860721,0.19908620718689046,0.0431686778540242,0.09037599905979793,-0.07845844387206792,-0.033807910693820276,0.24747331840041656,0.02985572845533595,0.825,0.19449796521823992,0.04024147924205851
search,1100003,6,33,False,0.022307728630765848,0.940254844907642,0.896133439469057,0.0008331783234126984,2.0816681711721685e-17,0.13718490304449676,0.44407587606672083,7.673677511452654,3.7783402625542424,3.0319389219985955,0.6299382228182915,0.17340280843989977,0.19821429288658837,0.008316280906154029,0.0960696244599029,-0.09596007053176228,-0.03131723265023266,0.2777607655510676,0.0583410999920023,0.91875,0.1937669627532213,0.0060219174792256365
search,1100003,6,34,True,0.0,0.940254844907642,0.896133439469057,7.750496031746031e-06,2.0816681711721685e-17,0.17439411123269594,0.4100948217466756,4.026078278544027,3.308400674053237,3.391398384710855,0.4113256149945192,0.1424957931687829,0.17232010746007337,0.050928264244571336,0.08621618032579359,-0.06493366590280727,-0.024659659811613478,0.2848344927915172,0.017023640569140214,0.76875,0.16847820330786284,0.04802385488395821
search,1100003,6,35,True,0.0,0.940254844907642,0.896133439469057,0.0003216455853174603,2.0816681711721685e-17,0.15853336928595974,0.4345257934032118,5.920134950090571,3.566764722142983,3.0500651242749375,0.5534257016139761,0.14079442393718317,0.18240726797977955,0.028810028095972957,0.09106618898014615,-0.07367241343609228,-0.02609742816102292,0.2530150413473166,0.0330027470372235,0.85625,0.1786102812197155,0.025876516231282242
search,1100003,6,36,False,0.00018564605024542095,0.940254844907642,0.896133439469057,9.688120039682539e-05,2.0816681711721685e-17,0.1599837236510279,0.42696250330881935,5.78810641248785,3.5764629703359168,3.0799321556365564,0.5336742764301087,0.13938598801132734,0.17033713892036567,0.007029258532279498,0.09054367642360675,-0.08943044560149332,-0.03883376555157291,0.25832093549813273,0.033625461434924314,0.84375,0.16613189484219634,0.003162075590075482
search,1100003,6,37,False,0.00014215386270369568,0.940254844907642,0.896133439469057,0.0002712673611111111,2.0816681711721685e-17,0.15658092189725653,0.4236094810591188,6.175273143965196,3.6264673211580583,2.9834061018173226,0.48843442400590964,0.12279795976659012,0.16955284202760326,0.00802514475678726,0.08776285456011595,-0.08433351985335538,-0.03426108083568666,0.22660948035772432,0.034301573477672084,0.8374999999999999,0.1657898915045105,0.004765949636059367
search,1100003,6,38,True,0.0,0.940254844907642,0.896133439469057,0.0006277901785714286,2.0816681711721685e-17,0.15695821967023327,0.4434672094395947,5.980853138452032,3.572840997968438,3.1189037126764916,0.5498671122552519,0.15679117440521273,0.1900287054409432,0.02926342964809074,0.09260654092151348,-0.07931348988385913,-0.029953668336114257,0.2632121579649579,0.035245208455806705,0.8625,0.1858250646516389,0.026197671244774345
search,1100003,6,39,True,0.0,0.940254844907642,0.896133439469057,2.9064360119047617e-05,2.7755575615628914e-17,0.17082852923078076,0.4030148978246184,4.917750805504599,3.4195645570337123,2.9689505489718866,0.26734199849002044,0.09915801464848642,0.14118613277233844,0.018054325630472944,0.0838870898532733,-0.06984565258898216,-0.030074027968272007,0.2217040372544013,0.019240903583344335,0.78125,0.1377404964284063,0.014732333609959975
search,1100003,6,40,False,0.07549355111586822,0.940254844907642,0.896133439469057,0.00025576636904761906,2.0816681711721685e-17,0.1477378065772407,0.4449592702955866,6.426077605112013,3.6943081865806584,3.1657092967680316,0.6369567155598042,0.1847284808275505,0.20077668974890023,0.015508423204105143,0.09461180166335711,-0.0966126469499329,-0.04081542724005199,0.28043813420904096,0.045530195230276745,0.8875,0.19575941377479877,0.011987224933656832
search,1100003,6,41,True,0.0,0.940254844907642,0.896133439469057,0.0006336030505952381,2.0816681711721685e-17,0.15798984104507818,0.4367025533793376,5.71171575469252,3.5974788587814106,2.9997712363617635,0.3704465851078051,0.12639773224798406,0.19320006522152053,0.04614930040075248,0.08584016501723725,-0.06792853224468197,-0.02492385970472302,0.1999498643328008,0.027461916456616657,0.825,0.18972999063177545,0.0437339658850407
search,1100003,6,42,False,0.03924063891839221,0.940254844907642,0.896133439469057,0.0001472594246031746,2.0816681711721685e-17,0.15545991778174628,0.43817804196401305,5.947316573311568,3.6158149735736247,3.0852966825153287,0.6098732096189081,0.17777535010272835,0.18693237372082272,0.006073192480152,0.09393923223542192,-0.09815110196377148,-0.04375872574692104,0.2958245998375792,0.04048362953931467,0.88125,0.1820027171805213,0.0022424313613827193
search,1100003,6,43,False,5.5738920824168544e-05,0.940254844907642,0.896133439469057,0.0020306299603174605,2.0816681711721685e-17,0.14530483052733426,0.45466186911680834,7.413397826312346,3.7173675096270697,3.0046521607367183,0.5554406650479891,0.16066959460087626,0.18963524398798526,0.0146364454556472,0.09912544431097067,-0.08678136452247596,-0.02809570831531366,0.27076025256278,0.050117000203227346,0.8999999999999999,0.18539032674965167,0.011810375360119247
search,1100003,6,44,True,0.0,0.940254844907642,0.896133439469057,0.0,2.0816681711721685e-17,0.17520750491338694,0.40793941717427284,3.8145149097528046,3.3044644626293045,3.3630743000008776,0.48766494674005056,0.14644233024063408,0.17258623710263005,0.040736615769752356,0.08522381698387725,-0.08159621876300407,-0.03946975847776453,0.27730261615350094,0.015188021001472924,0.75,0.16783147979344193,0.03635310712058916
search,1100003,6,45,True,0.0,0.940254844907642,0.896133439469057,5.8128720238095235e-06,2.0816681711721685e-17,0.168888479823176,0.41366845992826345,4.909867505068961,3.4507017442647325,3.073730453211467,0.3919427476341516,0.12420412921556796,0.1610497283825875,0.016300627683231473,0.0866391739721379,-0.08268169156139071,-0.038953518780428985,0.24720757583460656,0.022439786643715872,0.8125,0.15682381200817444,0.012010415516730981
search,1100003,6,46,False,0.004589786771984683,0.940254844907642,0.896133439469057,0.000744047619047619,2.0816681711721685e-17,0.14893021056137062,0.44905675003390644,6.75755637487344,3.704386335905224,3.045684469238725,0.5231765484749328,0.1660973168568704,0.19271437225083263,0.024247554670674687,0.09702440230236901,-0.08157357088848718,-0.027927691544657178,0.27166699254654425,0.04440378036742102,0.8812500000000001,0.1883873358460724,0.02154033710821327
search,1100003,6,47,False,0.0008420962999029597,0.940254844907642,0.896133439469057,0.0003894624255952381,2.0816681711721685e-17,0.15944971106380168,0.42605397929401034,6.083995564340859,3.5795986891863683,2.991639909963423,0.45629593405447677,0.12870577205274816,0.16025359079158918,-0.0019760539064380437,0.08997479048336024,-0.08725385422525911,-0.03670535690038074,0.25497713204605554,0.03477652568211781,0.85625,0.1563046293483663,-0.0057083950198486165
search,1100003,6,48,True,0.0,0.940254844907642,0.896133439469057,6.200396825396825e-05,2.0816681711721685e-17,0.1638739544376448,0.4297750073122497,5.1224094742983155,3.500373085465955,3.08795127888058,0.46580081181979216,0.13696278509443846,0.18823062569300886,0.04224389435856838,0.08783120938366452,-0.07364558210941635,-0.030639305741402126,0.22602518077921602,0.02454852625658134,0.825,0.18427868517821827,0.03930894859654013
search,1100003,6,49,False,0.0005991082215226627,0.940254844907642,0.896133439469057,2.712673611111111e-05,2.7755575615628914e-17,0.16846631471613513,0.41288009567261086,5.107401756054369,3.4388974296335046,3.0017774026522606,0.3332010111824595,0.11327518808143758,0.14743409909691502,0.0006811379254288066,0.08500392114101757,-0.0852273853763705,-0.04366066952639974,0.23144385550768637,0.022484802996994492,0.81875,0.14314800396713856,-0.003601088026106331
search,1100003,6,50,True,0.0,0.940254844907642,0.896133439469057,0.0003216455853174603,2.0816681711721685e-17,0.15595811943307109,0.4397342999998825,5.93804757166596,3.61070556212582,3.1153439495086825,0.5357675930275737,0.1461696008220332,0.19090001777938725,0.03817281967282075,0.09095103174770405,-0.07201392257402946,-0.025685679333793968,0.23896616513274532,0.03293922860372337,0.84375,0.18700747490607092,0.03555861014547788
search,1100003,6,51,True,0.0,0.940254844907642,0.896133439469057,3.487723214285714e-05,2.0816681711721685e-17,0.16553996200577875,0.42225175045022134,5.316773983493695,3.4702915215553336,3.103771241362951,0.453891161275738,0.12733959555617455,0.17113070183779064,0.03656161740443883,0.0890216685551016,-0.06423053823339785,-0.021094699074640635,0.2519533623191852,0.025761566226289376,0.8,0.16775354537863058,0.0341417963087494
search,1100003,6,52,False,0.013664708039124273,0.940254844907642,0.896133439469057,0.0010172526041666667,2.0816681711721685e-17,0.14803219597515255,0.44593324120537714,6.879013228470619,3.6760141486222273,3.079136413765606,0.6238100823901467,0.17037199779281903,0.1896047192053764,0.0035448736743086285,0.09644878351769337,-0.09782849800979496,-0.03818765804368371,0.28398383614514683,0.04942568133361482,0.8999999999999999,0.18505918961729445,-0.00023453233781387797
search,1100003,6,53,False,0.0004188220098666771,0.940254844907642,0.896133439469057,0.001358274429563492,2.0816681711721685e-17,0.14895278327155093,0.44094999146908287,6.961316291534674,3.700267897004123,3.014835365313194,0.5374833205155725,0.14720527715723838,0.18233293584889992,0.0030278923189513717,0.09221174664248225,-0.09345250149894273,-0.0349786018607967,0.25724391306601446,0.04648099146395329,0.875,0.17820457514767668,-0.0004857578935110675
search,1100003,6,54,False,0.00568575209944045,0.940254844907642,0.896133439469057,1.937624007936508e-06,2.0816681711721685e-17,0.17083735522569693,0.4246069682687069,4.357048221598616,3.3177873106461337,3.3635622295580085,0.46064187338796164,0.16678635336579725,0.1808252187641992,0.04842994885943301,0.08803900839203327,-0.06820469482507237,-0.027019091200447775,0.30217512849151573,0.02148599046923144,0.79375,0.17667180816685774,0.045166050020631246
search,1100003,6,55,True,0.0,0.940254844907642,0.896133439469057,0.0007130456349206349,2.0816681711721685e-17,0.1469224509763678,0.4444152629955527,6.778983691379777,3.712684382268373,3.0093425952359847,0.488702603283092,0.14882846411679557,0.19630358959814337,0.029273316469913862,0.09257566676383935,-0.0774274708711784,-0.02525735533641368,0.23928861454774478,0.04227860080919114,0.85625,0.19230946209960156,0.02675346838518504
search,1100003,6,56,True,0.0,0.940254844907642,0.896133439469057,3.487723214285714e-05,2.0816681711721685e-17,0.1681920660845088,0.4215519962870038,4.708288659682216,3.455659236776502,3.1769533438228637,0.5030295930745976,0.14414671211939228,0.1763334847645961,0.02199294316620133,0.08725492975756534,-0.09025814142717746,-0.044183086630024945,0.2566279664443314,0.022899991887719268,0.8,0.1716042957284708,0.017180695966588055
search,1100003,6,57,True,0.0,0.940254844907642,0.896133439469057,0.000244140625,2.0816681711721685e-17,0.1655577796042184,0.42090175316764283,5.116077249177623,3.507858197670622,3.0544929381593797,0.41182395474636346,0.12332790221173838,0.17639454154322515,0.026474096448272377,0.08581644267352877,-0.0820228128595846,-0.03739444599946293,0.21819660205928437,0.023456060849222343,0.8125,0.17235120526863948,0.022813944735623606
search,1100003,6,58,False,0.019480542408657816,0.940254844907642,0.896133439469057,5.425347222222222e-05,2.0816681711721685e-17,0.15741934822813466,0.43903102576808695,5.719472573387556,3.5772959692123423,3.1480116002652103,0.5872374685935917,0.17256154423270198,0.18825906338817427,0.0200665737308903,0.09308076407603352,-0.09015576363580674,-0.038976085530965376,0.28359766124604,0.0364712052733021,0.8687499999999999,0.1834507634480067,0.01645798087821953
search,1100003,6,59,False,0.001892653691679541,0.940254844907642,0.896133439469057,0.00023251488095238094,2.7755575615628914e-17,0.1582261792700435,0.4222663085703008,6.407884371269297,3.5772638293042047,2.9465493162287775,0.4471849380132329,0.1159565195588148,0.1429088181879194,-0.010450214333773907,0.08967219454285213,-0.0841819909801183,-0.034761100430126174,0.24346153587104935,0.03575121767399967,0.875,0.13922885361483373,-0.014130036468698544
search,1100003,6,60,False,0.0009319822026693675,0.940254844907642,0.896133439469057,0.0003429594494047619,2.0816681711721685e-17,0.15879941902087585,0.45346746748365674,5.571263184045489,3.5629154171563036,3.188821267734134,0.5339237557269263,0.16274755452022738,0.20011506607646556,0.05666296890685065,0.09092758968099228,-0.05720552562458538,-0.02264250497865663,0.23359814882623967,0.02777467636907435,0.81875,0.19647298695693252,0.055196563683468786
search,1100003,6,61,True,0.0,0.940254844907642,0.896133439469057,0.0010928199404761905,2.0816681711721685e-17,0.1547744207171083,0.4459642952555018,6.187972665152204,3.6178008963018042,2.99754826499315,0.4591539909211628,0.13944001437377057,0.19409759026077544,0.03814801528605915,0.08942319947420507,-0.0715003967786811,-0.02473102045040894,0.22544533945286005,0.0333498099656325,0.83125,0.1903419525596922,0.03550398604917558
search,1100003,6,62,False,0.0005810955162884436,0.940254844907642,0.896133439469057,0.0,2.0816681711721685e-17,0.16726856515172134,0.4159690894339757,5.198237490950037,3.4267433573469592,3.1075193925592197,0.41463245239351265,0.1358932397037781,0.1472427102303452,0.0008980351347121617,0.08947771134295934,-0.08640511218055777,-0.03868676745707405,0.2950735612899036,0.028351898324606904,0.8374999999999999,0.14283366234132094,-0.003510713548170878
search,1100003,6,63,False,0.0010543717663435482,0.940254844907642,0.896133439469057,0.00023832775297619047,2.0816681711721685e-17,0.15314662070778318,0.44166635225000495,6.223592402968163,3.6277519432592653,3.1220337979954786,0.5737168604805147,0.16292239821163762,0.19093561539731757,0.022328876693591786,0.09441105456281901,-0.08435058581520696,-0.032561499428536714,0.26997132345857067,0.03978696737245872,0.8687499999999999,0.18650588167334997,0.01937057441134558
search,1100003,6,64,True,0.0,0.940254844907642,0.896133439469057,8.525545634920634e-05,2.0816681711721685e-17,0.16380200102104067,0.4325012043856305,5.0280944152243485,3.4801066151787436,3.16508113848032,0.5543603086983028,0.1548182451003357,0.1883411199472931,0.031501175593640685,0.08915864916833624,-0.08614581623899568,-0.03885856006282677,0.2545335656020025,0.026627286860978528,0.825,0.1837547123291845,0.027808472614149312
search,1100003,7,0,True,0.0,0.9502180605933026,0.870735911244882,5.0378224206349204e-05,2.0816681711721685e-17,0.16739727204490018,0.43310313041287385,4.715180792200526,3.4105824660826687,3.1572454810318558,0.452738941363333,0.15097974402369368,0.18716808441883856,0.04863491444144079,0.08887403551761526,-0.06924554636641325,-0.029086964816080224,0.24655413741466378,0.021836464426525544,0.79375,0.18321660688030322,0.045648395105942215
search,1100003,7,1,False,0.0008414253715909306,0.9502180605933026,0.870735911244882,0.0003197079613095238,2.0816681711721685e-17,0.15930956038105049,0.4234579229639157,6.065564248717329,3.582989054766186,2.9595564413063027,0.41905984060688717,0.11980949213393068,0.15721687661123857,-0.001969289843499821,0.08800846088587494,-0.08778986202620427,-0.03953396587229106,0.2286994758101052,0.032769849530622584,0.8375,0.15329711169400628,-0.005665817002426465
search,1100003,7,2,False,0.004367618034649628,0.9502180605933026,0.870735911244882,0.0003158327132936508,2.0816681711721685e-17,0.15469657412120075,0.4521323744273995,6.056295465657002,3.6248368628942993,3.1524252396272376,0.532383612907682,0.16594791611244325,0.1914146381487105,0.045518471197487864,0.09303570903155749,-0.061788574833845526,-0.022350035919847355,0.2499362269587897,0.03389659105461781,0.84375,0.18764011077641932,0.04377510811062643
search,1100003,7,3,True,0.0,0.9502180605933026,0.870735911244882,6.394159226190477e-05,2.0816681711721685e-17,0.16143870063372634,0.4216618898887534,5.839195160227789,3.5306149314599695,3.01427400498944,0.4689205779997034,0.1259693622933851,0.16235325467353184,0.01545946231009505,0.0912987526583996,-0.07698094970497865,-0.028781219682695737,0.2504908596227436,0.03165182497823883,0.85,0.1588121801160145,0.012234548310792065
search,1100003,7,4,False,0.06039685091805442,0.9502180605933026,0.870735911244882,0.00020732576884920634,2.0816681711721685e-17,0.15814496567746794,0.4454957206844169,5.553869369230412,3.595943079667264,3.2477376258051476,0.5860641258562647,0.1821181936974121,0.19249287497517828,0.025043004225714437,0.09343372633506658,-0.08947833630704181,-0.04003832733442391,0.28464104800854473,0.03478723246656083,0.86875,0.18757491289128436,0.021540684718102734
search,1100003,7,5,False,4.91929115395512e-06,0.9502180605933026,0.870735911244882,0.0005405970982142857,2.0816681711721685e-17,0.15208900996964234,0.4409663222110141,6.424177843778512,3.6383637613982556,3.007801242115348,0.544301847290852,0.15608669163481959,0.18772262537998596,0.013702500707066747,0.09393395782987647,-0.09066498408717097,-0.035536903205547525,0.2617769314980131,0.04232428354098902,0.875,0.18345280191424618,0.010256660498522936
search,1100003,7,6,True,0.0,0.9502180605933026,0.870735911244882,2.1313864087301586e-05,2.0816681711721685e-17,0.1663913671458805,0.427840956863892,5.006727026611375,3.4309753223892985,3.2298464706302012,0.500237708656436,0.15150541172797555,0.17350084618597822,0.03140084567201974,0.09088369274564727,-0.0764609056167366,-0.0310206083695305,0.2808472841965185,0.026753030442357356,0.825,0.16934211618424638,0.027972900357207144
search,1100003,7,7,True,0.0,0.9502180605933026,0.870735911244882,0.00010656932043650794,2.0816681711721685e-17,0.16030591306607198,0.4394006336013867,5.560936802416846,3.5151585148508993,3.070012738118395,0.4605860036069498,0.13935742826206132,0.18678084671344336,0.04839686140967493,0.08947890006820307,-0.059580699194027545,-0.02108443900700683,0.22467360306676598,0.02676964216913947,0.825,0.18342194193019146,0.046727433725012056
search,1100003,7,8,False,0.0012882291467763546,0.9502180605933026,0.870735911244882,5.231584821428571e-05,2.0816681711721685e-17,0.1671557828951632,0.4170500302667963,5.243326951488973,3.4616153807667973,3.008658738494021,0.3875495805149244,0.11905838183917666,0.1459563274376907,-0.005996766888155378,0.08702663250520856,-0.09074500534637689,-0.04826302079350429,0.2360977482826834,0.024840804672624804,0.825,0.14150181927328276,-0.010581544805302606
search,1100003,7,9,True,0.0,0.9502180605933026,0.870735911244882,0.00013175843253968253,2.7755575615628914e-17,0.1664142574300309,0.4307096659154099,4.825370548758867,3.4512258734502055,3.0980432987372373,0.40606215186677225,0.14223736960353223,0.1883099081587416,0.0428309044891802,0.08814863418950486,-0.07585336900923911,-0.03356497349786264,0.23073306851982614,0.022161675025143088,0.7937500000000001,0.18421052008358302,0.039766373520212284
search,1100003,7,10,False,0.02949611868006545,0.9502180605933026,0.870735911244882,0.00017632378472222222,2.0816681711721685e-17,0.14970691095011707,0.44289324673713754,6.49604257345343,3.6701080024925705,3.136859296873541,0.6658675795929014,0.17544918147729005,0.18918005102536828,0.01180670016445717,0.0971028338377271,-0.09351712556709714,-0.03757850298055401,0.28478944060630296,0.04611760221822919,0.8999999999999999,0.18456308033184082,0.008426121208107398
search,1100003,7,11,False,0.00026514904085584334,0.9502180605933026,0.870735911244882,1.3563368055555555e-05,2.0816681711721685e-17,0.16726043478699038,0.4135037574443355,5.350120462161403,3.4618212041680456,3.0640525453989462,0.39737956926573803,0.11897458209794387,0.14415634027509522,0.00547421234191676,0.08878266575324928,-0.07846674409445004,-0.0335011377679733,0.262607508969767,0.026604297818557682,0.84375,0.1403440887191999,0.0016101367898191362
search,1100003,7,12,False,0.007479920141123672,0.9502180605933026,0.870735911244882,0.00047278025793650794,2.0816681711721685e-17,0.1523609509883198,0.4477976426326923,6.143397141922632,3.675778226462027,3.1338251481722956,0.5814851303845541,0.16778378784031925,0.19712825128097755,0.031006009796587186,0.0935655200710643,-0.0832004063614594,-0.03289950722532342,0.25594588763461884,0.03844661122137655,0.86875,0.1926403679200927,0.028362134610678776
search,1100003,7,13,True,0.0,0.9502180605933026,0.870735911244882,0.0028599330357142855,2.0816681711721685e-17,0.14997400138316572,0.4551090569540077,7.062214127676658,3.692754907977057,2.9371855047747086,0.458593473337709,0.13444296448973925,0.18771684884143053,0.029778230741563806,0.09238913044454755,-0.07455226586139493,-0.023871119416504837,0.22238027291308482,0.03899458179931943,0.84375,0.1840474349662008,0.02740934481102142
search,1100003,7,14,False,0.00012878113050091524,0.9502180605933026,0.870735911244882,0.0,2.0816681711721685e-17,0.16647859084257016,0.4196289895295794,5.212425451992113,3.434838449105654,3.218028528421455,0.495555582756601,0.14974078215261735,0.15529849886863376,0.008361316215869616,0.09158001465127599,-0.08536904661433062,-0.03671652254015797,0.31154436731377455,0.030263326237168278,0.84375,0.15084095787656726,0.004186742636383834
search,1100003,7,15,False,0.0006828990571724729,0.9502180605933026,0.870735911244882,0.0005715990823412699,2.0816681711721685e-17,0.15041298600451775,0.43409500488298935,6.834355302817159,3.662463149422246,2.9606043386337486,0.5300085470272744,0.14666761918546567,0.1748133875871466,-0.0002874173698780634,0.09525751525005859,-0.09134359947081189,-0.03368035318229984,0.2660563794355832,0.0462714125863324,0.8875,0.17086042179127767,-0.0034061032806860397
search,1100003,7,16,True,0.0,0.9502180605933026,0.870735911244882,1.1625744047619047e-05,2.0816681711721685e-17,0.1729955277816997,0.4192958911593464,4.105823850872147,3.3294063072146347,3.2302742187524682,0.3915678171557888,0.14091381379005183,0.18238127699292822,0.050557764687152285,0.0858598659710408,-0.07155737881607324,-0.03217517264143932,0.24228388027250636,0.016046738546004573,0.75,0.17831517509012235,0.04727512827341629
search,1100003,7,17,True,0.0,0.9502180605933026,0.870735911244882,0.0006801060267857143,2.0816681711721685e-17,0.14820111554827242,0.44015111886464775,6.72870098611539,3.7002842269688854,2.937757038881612,0.4629608094753217,0.14242193083352714,0.18955801291357083,0.019680449450537235,0.09152205618506379,-0.08461996114713413,-0.029622798074423744,0.23709137586128248,0.04307550884071032,0.8625,0.18567934977309136,0.017247696878254743
search,1100003,7,18,True,0.0,0.9502180605933026,0.870735911244882,0.0,2.0816681711721685e-17,0.1735297138530129,0.40527038245642133,4.2318182951465655,3.3517498633316354,3.2095434388822492,0.3565742532576894,0.14079955878277478,0.15389158553294277,0.02507294202521176,0.08748749707772109,-0.07997781910880411,-0.03653071659479213,0.30021779120026226,0.01966794034389038,0.79375,0.14935612386560385,0.020736457919333824
search,1100003,7,19,True,0.0,0.9502180605933026,0.870735911244882,0.0008041139632936508,2.0816681711721685e-17,0.15762503584323334,0.43642209997015124,6.175037568270074,3.565858936045241,2.9549255369458196,0.3917224498002813,0.12783241448768812,0.1780437743850112,0.03142550599535109,0.09091720647629319,-0.06630797183230966,-0.02038725705858553,0.2318695060066876,0.032455448088522236,0.84375,0.17484538553033102,0.029162150214022808
search,1100003,7,20,False,0.00029139349601663253,0.9502180605933026,0.870735911244882,0.00010850694444444444,2.0816681711721685e-17,0.1567624630199178,0.43342793227681903,6.011865619636241,3.5865855927209296,3.0650338595812254,0.5981666258350946,0.15601207901928224,0.17749698884921672,0.005013902705546473,0.09333206041255254,-0.09436722864424832,-0.04115523248444358,0.2735517088141924,0.03856069505585637,0.875,0.17305378904531196,0.0009807359760226762
search,1100003,7,21,False,0.0008701335754538891,0.9502180605933026,0.870735911244882,4.262772817460317e-05,2.0816681711721685e-17,0.1579924936151264,0.4302988348691312,6.024658018939088,3.597064807582486,3.0145814588263655,0.5760923408074119,0.14549348748251484,0.16932844863520913,-0.0022563455824142313,0.09165886934096612,-0.09452345215949391,-0.042774883474648175,0.2656734627518602,0.037365926030297654,0.8812500000000001,0.16496240995103428,-0.006127137253144382
search,1100003,7,22,True,0.0,0.9502180605933026,0.870735911244882,0.0002732049851190476,2.7755575615628914e-17,0.16446162381599055,0.436078373644366,5.228432438662804,3.454383917072623,3.111018662433092,0.46643554005008747,0.14589567231803893,0.17969518451742003,0.04383277299714637,0.0905379738997196,-0.06349974594849161,-0.022018463349100098,0.25767580866932904,0.026189805341044592,0.80625,0.1762090240004865,0.0416219776523475
search,1100003,7,23,True,0.0,0.9502180605933026,0.870735911244882,1.9376240079365078e-05,2.0816681711721685e-17,0.16914914469825076,0.4144394330171272,4.884101136054932,3.450026174565399,3.0870750157212363,0.3500551494855784,0.12339623653197937,0.16260044956171787,0.024684647082580932,0.0876869292719651,-0.07614813823474932,-0.033231800443441845,0.24449496588795525,0.02190738459707369,0.8,0.1587495540852145,0.020909962945367094
search,1100003,7,24,False,0.06918470023950732,0.9502180605933026,0.870735911244882,0.00047471788194444444,2.7755575615628914e-17,0.14484193180281496,0.4493274100940835,6.777034083785285,3.7460413739293337,3.104632973802178,0.5619079647905072,0.1836726862003451,0.20097870015885522,0.021227465832782053,0.09591942702181236,-0.09235672264895195,-0.03624511571179166,0.274159412959908,0.04802996759278784,0.8875,0.19618890842038123,0.018372469272466108
search,1100003,7,25,True,0.0,0.9502180605933026,0.870735911244882,0.00025382874503968256,2.0816681711721685e-17,0.15820241261647128,0.42967722979869005,5.809444189869703,3.5945613050917182,2.999527625872539,0.4490611323205488,0.1306063060653415,0.181697766461702,0.023163315131134465,0.08823252537021123,-0.08290308035937362,-0.03468775815030523,0.22250048069335546,0.031368702218875485,0.83125,0.17779919197749997,0.019955511418671613
search,1100003,7,26,False,1.1877051185352699e-05,0.9502180605933026,0.870735911244882,6.394159226190477e-05,2.0816681711721685e-17,0.1642486813126808,0.4234794510831531,5.413310104093406,3.490701921161695,3.086355837142576,0.4863528192398019,0.1361231058763609,0.1645800895855435,0.012983908771432372,0.09089498140190377,-0.08443308704616237,-0.036626886291070124,0.26281095141318955,0.029162839751600486,0.8374999999999999,0.16050035587053926,0.009054784137269699
search,1100003,7,27,False,0.023593071714661372,0.9502180605933026,0.870735911244882,0.0014299665178571428,2.7755575615628914e-17,0.14358367576971784,0.4560250968417171,7.367760277294447,3.7591796653623413,3.07107315668952,0.633819293369212,0.1738145167661868,0.1941762861780575,0.014579685407418252,0.10056527716419024,-0.08996873904683904,-0.03092004672209608,0.28173632745864274,0.05282779466527938,0.9125,0.18973047415214717,0.01181125651300419
search,1100003,7,28,True,0.0,0.9502180605933026,0.870735911244882,0.0,2.0816681711721685e-17,0.17315514474630675,0.41071675968578286,4.234214235336373,3.3729371804108785,3.1753180760718758,0.35951684589941246,0.13026292455581084,0.16650823423888583,0.035436680275616694,0.08609561741505922,-0.07733449655504988,-0.03586300558916184,0.25022585947866144,0.017027388507165276,0.76875,0.1623222653274981,0.031296396719463104
search,1100003,7,29,True,0.0,0.9502180605933026,0.870735911244882,1.937624007936508e-06,2.0816681711721685e-17,0.17264159968902099,0.4052231044563842,4.546084255521235,3.416099462068204,3.109517889909544,0.3175679703460756,0.10918169431748868,0.15414508066716393,0.0304157721221705,0.08504293263517412,-0.06921049999393997,-0.029772209205582302,0.228824470882862,0.01733479862856184,0.78125,0.15060077444399114,0.027002471096435453
search,1100003,7,30,False,0.12815466496701877,0.9502180605933026,0.870735911244882,0.0006297278025793651,2.0816681711721685e-17,0.14316221438232868,0.45051246835582565,7.305789317941402,3.7639919335984997,3.0063594281997332,0.4912005981429245,0.19213738833466262,0.19375276658060353,0.007793275855678229,0.10222549263845693,-0.09517199279676528,-0.03568844014806704,0.3053752010998816,0.05553101477100157,0.91875,0.18901145222840363,0.004651305583350084
search,1100003,7,31,False,0.0003308637418357633,0.9502180605933026,0.870735911244882,0.001953125,2.0816681711721685e-17,0.1545616573715825,0.4379745993793393,6.926296508357689,3.608729967169765,2.8970657658811634,0.4544326794718289,0.126184570882111,0.16683925254657578,0.004359048724397612,0.09220945066311488,-0.08324251825185976,-0.029997869468779175,0.24089670607882263,0.039385148741613446,0.85,0.16328831874294564,0.001382718828842802
search,1100003,7,32,False,0.004599342348950859,0.9502180605933026,0.870735911244882,8.138020833333333e-05,2.0816681711721685e-17,0.15893205520865905,0.44381769338237786,5.407951319362786,3.5692422688428067,3.189116521671848,0.5424809747826651,0.16610366062510867,0.19585098717144367,0.04078645602198959,0.09106581946073895,-0.07851412450443412,-0.03395622646473328,0.24878025520738017,0.03011762119866481,0.8374999999999999,0.1913494170849359,0.03816991570768457
search,1100003,7,33,False,0.02542582735013473,0.9502180605933026,0.870735911244882,0.0007983010912698413,2.0816681711721685e-17,0.13762578724224406,0.44458779117669006,7.684967909065546,3.7714162699664957,2.9868057008072397,0.6075307571383237,0.1743352771742436,0.19722273250603278,0.010644370061185243,0.09708227926063244,-0.09566202707698984,-0.03128567835011897,0.2789521145899114,0.05858096215100235,0.91875,0.1928616760784686,0.00827873752450993
search,1100003,7,34,True,0.0,0.9502180605933026,0.870735911244882,3.875248015873016e-06,2.0816681711721685e-17,0.1744964279758307,0.4109391357789097,4.025054920009756,3.3029039002092966,3.351890582981846,0.43450318561645634,0.1430594828412704,0.16792312930227468,0.04821879904509793,0.08676554938861927,-0.06487054590180225,-0.025062254359412013,0.2867418145924697,0.01726775002518291,0.76875,0.16411830442339986,0.04507493548471788
search,1100003,7,35,True,0.0,0.9502180605933026,0.870735911244882,0.00030614459325396825,2.7755575615628914e-17,0.15876225487799228,0.43516424915096824,5.912720522237711,3.5562414054858773,3.0175314351070726,0.48852610625834464,0.14132711022831218,0.17932456026924393,0.027321001798196704,0.09232963484575485,-0.07358371874752215,-0.026190724128597114,0.2544008490026126,0.03326781168974739,0.85625,0.1756002954849274,0.024528455316472745
search,1100003,7,36,False,0.00017871283486726292,0.9502180605933026,0.870735911244882,8.525545634920634e-05,2.0816681711721685e-17,0.1602469713437204,0.42814632906316874,5.79259436704169,3.5514507976709737,3.0319213209795963,0.5230192586798701,0.14005329613900952,0.16849414856534434,0.007179514087190678,0.09170977513116935,-0.08893129771036004,-0.03854986018181365,0.2595015228847677,0.033739654854140794,0.85625,0.16435841297909332,0.0032369737907470726
search,1100003,7,37,False,0.0001398245436520397,0.9502180605933026,0.870735911244882,0.00025770399305555556,2.7755575615628914e-17,0.15684636590100992,0.42482786793515104,6.1837206547954064,3.6043732581025245,2.9621384149643744,0.4248547592061273,0.1233420497605778,0.16803779948585917,0.008082525428213033,0.08896045404424191,-0.08402667699015673,-0.03416387986014541,0.2274667671053131,0.03443212868017426,0.83125,0.16434817741524338,0.004819505102680969
search,1100003,7,38,True,0.0,0.9502180605933026,0.870735911244882,0.000598725818452381,2.0816681711721685e-17,0.1572201290790486,0.44430714711740293,5.965282283665061,3.5838675546319783,3.057199889011951,0.47872718982774937,0.15742032924712887,0.18698781102560336,0.028054456244005453,0.09347105173807022,-0.07913260418534646,-0.029997761197416102,0.2645911334145195,0.03550579535224778,0.8625,0.1828427868541701,0.025142682867720922
search,1100003,7,39,True,0.0,0.9502180605933026,0.870735911244882,2.9064360119047617e-05,2.0816681711721685e-17,0.17093318744954417,0.4040165825144929,4.94248472684757,3.4294958494706846,3.0047168607875405,0.273207104023853,0.09960286097717469,0.13853101172677085,0.016341359631697215,0.08480065246351565,-0.06961497798416988,-0.03021658984732908,0.2227536136197247,0.019459249758154492,0.7875,0.135156821827988,0.012935082281238866
search,1100003,7,40,False,0.08137715572096187,0.9502180605933026,0.870735911244882,0.00023251488095238094,2.0816681711721685e-17,0.14811336972516387,0.44579058472180494,6.4345961222986965,3.691883842380488,3.1310081813477626,0.5647205772470159,0.18567401334695827,0.19874679021791025,0.016431026145612336,0.0952913279743057,-0.09623139694040667,-0.04065616413495074,0.28173274707940843,0.04579674439404616,0.88125,0.19381876243673146,0.013157320416771695
search,1100003,7,41,True,0.0,0.9502180605933026,0.870735911244882,0.0006084139384920635,2.0816681711721685e-17,0.15820816946322602,0.4375110820558344,5.706529709135253,3.5767836008847653,2.962379517880184,0.33613342493949927,0.1267771839073415,0.18995323394720237,0.043582891213452574,0.08717679438125311,-0.06820664449359332,-0.025379553762992727,0.2008584270157407,0.027685058962766122,0.825,0.18653856269660452,0.04135504830396899
search,1100003,7,42,False,0.04309117306914137,0.9502180605933026,0.870735911244882,0.00013369605654761906,2.0816681711721685e-17,0.15578211039982537,0.43969699495431225,5.956698501182963,3.60399538181328,3.1708917769524265,0.6796943523337313,0.17864749401096094,0.18480604978737525,0.00756191798686774,0.09501130121641754,-0.09755725114762986,-0.04350318563250846,0.2971718776684603,0.04058478754627483,0.8875,0.17994464069918215,0.0035027989409137823
search,1100003,7,43,False,0.00025241743786147414,0.9502180605933026,0.870735911244882,0.002003503224206349,2.0816681711721685e-17,0.1456681728646651,0.45685648559034286,7.431545145728938,3.7301286294159053,3.0204002946528608,0.5837736059896468,0.16142734257582614,0.1879185994866013,0.01470030045676904,0.10007972564918832,-0.08672154422878825,-0.028071878306427236,0.27195471590193565,0.050400497642216394,0.9125,0.18373140029136276,0.011760984765516716
search,1100003,7,44,True,0.0,0.9502180605933026,0.870735911244882,0.0,2.0816681711721685e-17,0.17535401354450825,0.40859319886882517,3.813987831176094,3.3065841946401027,3.365520811514946,0.47693549190977325,0.14717846093886017,0.16918217524317403,0.03826764324751663,0.08594061934321184,-0.08120933048389214,-0.039661846726368216,0.2790835116710261,0.015294301417084322,0.75625,0.16448375547667202,0.03397538310774415
search,1100003,7,45,True,0.0,0.9502180605933026,0.870735911244882,3.875248015873016e-06,2.0816681711721685e-17,0.16906615021080862,0.4143064904213064,4.918580421894285,3.4565015461378534,3.0810699048313768,0.3979676403179706,0.1248004324943128,0.15858646432361684,0.015218567651735885,0.08750254710596829,-0.08230080462867712,-0.038934566216747964,0.2484484438090881,0.02251759182149145,0.80625,0.15443422534878332,0.010910256847586303
search,1100003,7,46,False,0.005709375020259103,0.9502180605933026,0.870735911244882,0.0007188585069444445,2.7755575615628914e-17,0.14925964891137067,0.4497875142497261,6.747709227817133,3.7030567311877856,3.048437973061051,0.5122176302146728,0.16680043657893365,0.19009580870326562,0.02321767186276217,0.09762006519543884,-0.08146658316507294,-0.02794555519103584,0.273000247451217,0.04476081018487132,0.8875,0.18583788371696663,0.020698017458817275
search,1100003,7,47,False,0.0008123890524299755,0.9502180605933026,0.870735911244882,0.00037589905753968256,2.0816681711721685e-17,0.15970104887296194,0.4264204163278339,6.089806704629414,3.548672859532353,2.996621883952917,0.4782989940510868,0.12931181121801627,0.1586784592554617,-0.0016739270559712003,0.09117619565636437,-0.08676587921586987,-0.036500450692706396,0.25599371118002257,0.0349244133659541,0.85625,0.15480108818265653,-0.005234768778526614
search,1100003,7,48,True,0.0,0.9502180605933026,0.870735911244882,4.456535218253968e-05,2.0816681711721685e-17,0.16407514690121708,0.4313346119106618,5.125211973217838,3.469554169808135,3.0941361745228755,0.4360021548494118,0.1374528457236694,0.18501651881079176,0.03997094262301695,0.08887277169001805,-0.07364812950227004,-0.031022122752747603,0.22728678400035585,0.024772340914118018,0.8312499999999999,0.181136817451234,0.03716692056127455
search,1100003,7,49,False,0.0005793121609328252,0.9502180605933026,0.870735911244882,2.5189112103174602e-05,2.0816681711721685e-17,0.16864510781483397,0.41252311550369297,5.121557656614549,3.4492441774778313,3.0045517325097535,0.35322722478260754,0.11381415632235618,0.14585647520125322,0.000919690902709696,0.08585057085320483,-0.08477882287888798,-0.04359725945425445,0.23231651425142832,0.02256905536309257,0.8312499999999999,0.14165373282479027,-0.0033645332677534855
search,1100003,7,50,True,0.0,0.9502180605933026,0.870735911244882,0.0002906436011904762,2.0816681711721685e-17,0.15621025017540913,0.4413061643235979,5.928876478995116,3.589793642678705,3.0551575662059145,0.521312631670741,0.14667377139010912,0.1877325398087289,0.035820594894746094,0.09192898425805755,-0.07211832882636447,-0.025938545068759384,0.24022987783019847,0.033239703913220384,0.8500000000000001,0.18391914458804742,0.033405587143139674
search,1100003,7,51,True,0.0,0.9502180605933026,0.870735911244882,3.1001984126984125e-05,2.7755575615628914e-17,0.1656848268769831,0.42239793471720816,5.320061328529438,3.4741102013108094,3.108309758242757,0.45609473967130054,0.12778969278959604,0.16742543737376447,0.03425658658161589,0.08971078777301347,-0.06422577528229137,-0.02136449259687391,0.2535025606160515,0.026037887424945956,0.8125,0.1641168676118415,0.031749778662296696
search,1100003,7,52,False,0.015884883803913896,0.9502180605933026,0.870735911244882,0.0010133773561507937,2.0816681711721685e-17,0.14840014917509886,0.4476293906623179,6.880343532943342,3.6777240176722517,3.0649979393984856,0.6136985239560808,0.17122555908513706,0.18805318715596214,0.0044100216668294025,0.09726166850157372,-0.09734608475916753,-0.038093174302419736,0.2851364703724347,0.049532752555284075,0.8937499999999999,0.1835613186162669,0.0009474333730214272
search,1100003,7,53,False,0.00038783260982184093,0.9502180605933026,0.870735911244882,0.0013447110615079365,2.0816681711721685e-17,0.1492995025235016,0.4417335601028879,6.974056321635917,3.707316534915617,2.9952375412429797,0.5467415227246983,0.14793200528798217,0.18106069499312344,0.0034793222900612523,0.09370599793328849,-0.09306049471000398,-0.03458856477365847,0.2581962626071931,0.04657257337214847,0.8812500000000001,0.17698459477973516,0.00019458556273270955
search,1100003,7,54,False,0.006925002302233654,0.9502180605933026,0.870735911244882,0.0,2.7755575615628914e-17,0.1709808365472752,0.4261186093034297,4.3458324955710275,3.331126193073873,3.390846499584188,0.5017932350202984,0.16748949388464218,0.1764914336665052,0.04609435235336695,0.08837045078090854,-0.06812296279032248,-0.02734641064406417,0.3043212470950986,0.02173721555302644,0.8,0.17237676555063144,0.04297443854894187
search,1100003,7,55,True,0.0,0.9502180605933026,0.870735911244882,0.0006781684027777778,2.0816681711721685e-17,0.1472596465439337,0.4450013048114234,6.770078680920327,3.7182414454116084,2.9792248690522443,0.4346271183121225,0.14943968831693738,0.19405618322149204,0.028059927438427883,0.09334598039813807,-0.07754422824487764,-0.02514465943971287,0.24042268370225744,0.04264740216786764,0.85625,0.1901280053994719,0.02597149830864732
search,1100003,7,56,True,0.0,0.9502180605933026,0.870735911244882,3.293960813492063e-05,2.0816681711721685e-17,0.16840553245949147,0.4221243955141423,4.711870598252149,3.450346747463549,3.150206717536868,0.4673608232461097,0.14487014526330194,0.17385138313354903,0.02139945907344086,0.0881231018842435,-0.08978275509359535,-0.044172535719001024,0.2580033883927718,0.02293051584379784,0.80625,0.16919367062782803,0.01693753154503015
search,1100003,7,57,True,0.0,0.9502180605933026,0.870735911244882,0.00022863963293650794,2.0816681711721685e-17,0.16575631381194955,0.4217945827071019,5.125502990566573,3.4920165254711155,3.0230816257292252,0.3609208619137303,0.12385988005514806,0.17393254919905582,0.02536006870496893,0.0869147184280317,-0.08177580101642548,-0.037520112975252956,0.21920038518615298,0.023474673178122733,0.8062499999999999,0.16996099147267973,0.021804766040350712
search,1100003,7,58,False,0.022048509149153652,0.9502180605933026,0.870735911244882,3.681485615079365e-05,2.0816681711721685e-17,0.15771396224640424,0.44086898301918565,5.721897571405385,3.5699469618713433,3.1851034561894895,0.5923457637511795,0.17336386636075596,0.18580207036592133,0.01998326464022812,0.09394810248936694,-0.08973048562471699,-0.03881480348102399,0.28506177303588787,0.036688443536869945,0.8687499999999999,0.18106805682346988,0.016178292169590887
search,1100003,7,59,False,0.0017667426349309125,0.9502180605933026,0.870735911244882,0.0002189515128968254,2.0816681711721685e-17,0.15847138389024057,0.4229327966348132,6.417650578300444,3.5843612124269915,2.9545665474769924,0.4236651965875363,0.11649105231111813,0.14200967034126719,-0.009589093074760434,0.09061355005364033,-0.08369756525925873,-0.03445426123073225,0.2442478215839627,0.035946066525373396,0.8875,0.13841320462301654,-0.013214960710479605
search,1100003,7,60,False,0.0011802327589105002,0.9502180605933026,0.870735911244882,0.0003138950892857143,2.0816681711721685e-17,0.1590026483945962,0.4542411300217404,5.540174141219961,3.5547864219495446,3.1465396013059186,0.5076805244884537,0.16309190642600566,0.19530831421855718,0.05316306437510333,0.09028455019222265,-0.057955555542669165,-0.023012002980627604,0.2347793725147425,0.02795809336885566,0.83125,0.19171444105335667,0.05188518474622916
search,1100003,7,61,True,0.0,0.9502180605933026,0.870735911244882,0.0010637555803571428,2.0816681711721685e-17,0.1550300827985162,0.4471794612105465,6.179906487165271,3.5947868891457846,2.9852515638030273,0.41679970889988127,0.1399251890152468,0.19102702318678308,0.03584578260236,0.0904966635584993,-0.07168849334730507,-0.025095986183078598,0.22656644575198148,0.033611882643329,0.825,0.18733763535856196,0.033710538282362465
search,1100003,7,62,False,0.0006101018672434367,0.9502180605933026,0.870735911244882,0.0,2.0816681711721685e-17,0.1674670849332135,0.41583283984984365,5.200197022667556,3.4298985719604245,3.1377785072625324,0.43852043393673845,0.1365870230759768,0.1451196346006553,0.0005503594675374318,0.09030291779957045,-0.08578953765602053,-0.03835344950815357,0.2964506502204365,0.028459425117804468,0.84375,0.14078175832263845,-0.00378877331149161
search,1100003,7,63,False,0.0016227992538042355,0.9502180605933026,0.870735911244882,0.00022670200892857144,2.0816681711721685e-17,0.15345279099043846,0.4426242665643515,6.221391388165328,3.6367575310943256,3.1271069294069043,0.587477410819357,0.1636255584336505,0.18837163017643976,0.02185042682473777,0.09516896615214329,-0.08415847561303708,-0.03248000154806739,0.2713056836643444,0.04005160192600768,0.88125,0.1840177353311637,0.018483286404265352
search,1100003,7,64,True,0.0,0.9502180605933026,0.870735911244882,7.750496031746031e-05,2.0816681711721685e-17,0.16404051896143645,0.43439735806808616,5.031075586504775,3.484691275318558,3.1592974920395465,0.5201118728460706,0.15551106711079832,0.18552968414322105,0.029995735594590348,0.09013946141701806,-0.08581725778557678,-0.03891466628502456,0.25592940303578465,0.02674067597255412,0.8312499999999999,0.18101685421507413,0.0263325224919833
search,1130011,0,0,True,0.0,0.996259961884662,0.9790548338377681,2.712673611111111e-05,2.0816681711721685e-17,0.1680061452810448,0.42067981804817156,4.1043185245059535,3.4446735767504135,3.3278248979005642,0.5679062743236825,0.13942926841904751,0.2090884625090239,0.07759864615297794,0.08060910433847646,-0.03548644430053583,-0.00888127972652446,0.2619912651037283,0.024571672962825336,0.84375,0.20725115430380442,0.07434637013200093
search,1130011,0,1,False,0.0021139048901437627,0.996259961884662,0.9790548338377681,0.0002712673611111111,2.0816681711721685e-17,0.15851285827469702,0.3992962461549612,4.8466734355918675,3.5168603396811577,3.216444389794381,0.49986597114343345,0.11183696934185679,0.0922021436831103,-0.011896674534771936,0.08977957444169365,-0.08592526970600574,-0.033467236002193326,0.24694890792434546,0.029355772683527993,0.875,0.08420306031494196,-0.018072760884648896
search,1130011,0,2,False,0.00014943140406485563,0.996259961884662,0.9790548338377681,0.0001685732886904762,2.0816681711721685e-17,0.15592554498626937,0.4855422463417753,6.614797220938233,3.5736477100069894,3.130324519598064,0.5272626250706098,0.15192196126909635,0.20655645350590446,0.0653240306105029,0.08636215411092196,-0.012620364218891261,-0.0007632654052960076,0.2657641947636503,0.035871980473925105,0.85625,0.20671771203941197,0.06357976711633051
search,1130011,0,3,True,0.0,0.996259961884662,0.9790548338377681,6.781684027777778e-05,2.0816681711721685e-17,0.16112448823047545,0.3950604084220222,4.228655681036418,3.403275356182406,3.315471831892358,0.6419004294500672,0.12095610730622655,0.11858409965569433,0.024893670835272476,0.08826411818193299,-0.06953293993165469,-0.019095330996062136,0.26644507267078466,0.0294865066904842,0.8999999999999999,0.11297992065082535,0.020286106081932632
search,1130011,0,4,False,0.002395376449878766,0.996259961884662,0.9790548338377681,0.00010463169642857142,2.0816681711721685e-17,0.15913554689133752,0.414928215821778,4.6232988362237055,3.405950910242643,3.312529056869937,0.5539739341977965,0.1644048324876229,0.16737169639326094,0.03735515998673934,0.08776930425254603,-0.06423120907300409,-0.021265715220939813,0.2972157367393089,0.033795439201308924,0.86875,0.16243522485795675,0.03323203166825516
search,1130011,0,5,True,0.0,0.996259961884662,0.9790548338377681,0.000362335689484127,2.7755575615628914e-17,0.15252421136461558,0.40695155309755837,5.116324435999629,3.4994290338857073,3.307509268138638,0.7630983538217496,0.14283478527830862,0.12459226376218027,0.01585739805879975,0.091530828789514,-0.07825610662974128,-0.02183732181509801,0.27623562703017907,0.03669115406444091,0.89375,0.1181084632157755,0.010423792048970756
search,1130011,0,6,True,0.0,0.996259961884662,0.9790548338377681,9.688120039682539e-06,2.0816681711721685e-17,0.16663748005589146,0.3938404022868885,3.7022283166713894,3.3911441087978025,3.4979758669310437,0.7134153670656427,0.14332475586011484,0.16737022564314075,0.04942887829289945,0.08527297671088521,-0.0564697777037874,-0.015391017489021382,0.29509266881290463,0.028274908368564798,0.8687499999999999,0.16359414345648465,0.04577532366038832
search,1130011,0,7,False,0.00011560637777627786,0.996259961884662,0.9790548338377681,7.556733630952381e-05,2.0816681711721685e-17,0.16101063286489867,0.44940219958521826,5.204279106699383,3.5597557269403657,3.1413148414591587,0.4771031007455925,0.12977713898618037,0.19970034856123967,0.07296035187052391,0.08082656580263388,-0.02120253376987528,-0.0016347919451925655,0.2425364011278708,0.02824845015761087,0.84375,0.19944258878386015,0.0711302046269806
search,1130011,0,8,False,0.0034240232683316373,0.996259961884662,0.9790548338377681,6.006634424603174e-05,2.0816681711721685e-17,0.1662442122248753,0.39301684543471016,4.134926616166505,3.4516901548364105,3.2436703210513294,0.46004670494729993,0.11173865235340705,0.09079460764188699,-0.019231365193412817,0.08754775321800576,-0.09079104926209655,-0.04507188355341474,0.2549386202996812,0.0226912800370258,0.8312499999999999,0.0820999286902597,-0.026431449395153368
search,1130011,0,9,True,0.0,0.996259961884662,0.9790548338377681,9.494357638888889e-05,2.0816681711721685e-17,0.1669680649348458,0.40566760525284884,4.055164082262743,3.435435342000594,3.3067297409504937,0.5819031661543104,0.13013508816409092,0.1889027806219371,0.06809629420131662,0.08208139384298549,-0.050075384752344944,-0.015187310354217463,0.24473931024019446,0.02250888467065626,0.8062499999999999,0.18559663930986708,0.06424380117815527
search,1130011,0,10,False,2.0442546888169203e-05,0.996259961884662,0.9790548338377681,8.525545634920634e-05,2.0816681711721685e-17,0.1504575451606403,0.40838065382037625,5.122513189237346,3.4903868511703013,3.2935667038046805,0.7492839442205073,0.16024260988809774,0.1292513171226125,0.012876527774696472,0.09384040397124228,-0.07954948313494964,-0.02210464730848969,0.299569903677842,0.04085898727792829,0.91875,0.12268628801727782,0.0077229477833623186
search,1130011,0,11,False,0.00019525467309387294,0.996259961884662,0.9790548338377681,9.688120039682539e-06,2.0816681711721685e-17,0.16664608285672466,0.389006620730592,3.8580323277428477,3.3573484250180314,3.4118379793583484,0.5868490103504126,0.11629842751509499,0.100294431678417,0.006825586840662465,0.08757378868662377,-0.07717594901291155,-0.02843996536225435,0.2775285777414128,0.025594737119957696,0.8375,0.09350004843419327,0.0011833276842901684
search,1130011,0,12,True,0.0,0.996259961884662,0.9790548338377681,0.00025189112103174606,2.0816681711721685e-17,0.1536298347875281,0.42834295995468064,5.44042211670992,3.492143700554681,3.1550679596628948,0.565583843192144,0.15176613330807612,0.1670115925741312,0.042803625722347555,0.08792764378658904,-0.0538171424754745,-0.01358733531577016,0.2693877981372501,0.035174778335930246,0.85,0.1631957220036143,0.03900217511173981
search,1130011,0,13,False,1.3943676783224767e-06,0.996259961884662,0.9790548338377681,0.0024278428819444445,2.0816681711721685e-17,0.15063406103731067,0.43155695397261923,5.6995855539005555,3.604521582963139,3.155855344669281,0.6555970283450689,0.12604475422219236,0.14024132630002348,0.03474514661739696,0.0881099670743023,-0.05177751753817551,-0.007300946587151162,0.237947395529639,0.03455410737819529,0.8625,0.1364332132567371,0.031614532602179654
search,1130011,0,14,False,5.583168128328675e-05,0.996259961884662,0.9790548338377681,0.0,2.0816681711721685e-17,0.16617267150765191,0.39474896388107494,3.6419006535456435,3.293434001436007,3.600030650195645,0.8108446100950635,0.14419523691880376,0.11747091194102288,0.01062884487495893,0.08796236526088921,-0.0803750892928638,-0.028078383103937798,0.3237587685216854,0.02944111977162197,0.8500000000000001,0.11061551844472406,0.005328020795789386
search,1130011,0,15,False,0.0014339145298269019,0.996259961884662,0.9790548338377681,0.0004379030257936508,2.0816681711721685e-17,0.15007905282619327,0.40742675746874746,5.327324102828527,3.495522305149249,3.1525955900810043,0.5518924550332244,0.13640556612710109,0.10002607531296996,-0.007152232392470326,0.09334116385218122,-0.0865254764446591,-0.02460175783000225,0.2826616727812573,0.04077337690556072,0.91875,0.09228566583902066,-0.012461301221603775
search,1130011,0,16,True,0.0,0.996259961884662,0.9790548338377681,5.8128720238095235e-06,2.0816681711721685e-17,0.17337402637597152,0.39446036257723144,3.334151228734548,3.344385703898308,3.4775345719558564,0.6027350432578977,0.13106895658914852,0.20504714384391365,0.07989545034805373,0.08137338167374294,-0.04569892933023337,-0.01405461645612538,0.256674073901963,0.01919494009792972,0.78125,0.2022135779839028,0.07614407318395598
search,1130011,0,17,True,0.0,0.996259961884662,0.9790548338377681,0.0004650297619047619,2.7755575615628914e-17,0.14868484359085601,0.4059268902068838,5.50028704938509,3.5695808613545736,3.1487033301036216,0.6305925908209414,0.13111311181959956,0.12375201056397014,0.019767684317806608,0.09063316015506864,-0.06977529469642835,-0.014891252593551391,0.2520669185442701,0.03721985124270065,0.8999999999999999,0.11825239533664827,0.015414878677784856
search,1130011,0,18,True,0.0,0.996259961884662,0.9790548338377681,0.0,2.0816681711721685e-17,0.17338787677748763,0.38344375430044686,3.020964977392828,3.2089700168036526,3.6944727501685186,0.7813929058152627,0.13616772001995459,0.13586818947435494,0.03201022478850599,0.08568893733936125,-0.0722821931095537,-0.026714957972954728,0.31195632450291705,0.021813573480520602,0.7875000000000001,0.13005426396092,0.026682737548810637
search,1130011,0,19,False,1.653865364297139e-05,0.996259961884662,0.9790548338377681,0.0006742931547619048,2.0816681711721685e-17,0.15785254395421378,0.4114905852448506,4.834810336339853,3.556130358556934,3.186022240616823,0.5839359179519726,0.1221718220822696,0.15432766790868124,0.048765987217660366,0.08604578278307778,-0.043377657579352163,-0.0055924695826780665,0.24943052890671114,0.03168044059847049,0.8624999999999999,0.15209048788287288,0.046020743313064674
search,1130011,0,20,False,0.0003699173519628565,0.996259961884662,0.9790548338377681,7.556733630952381e-05,2.0816681711721685e-17,0.15675837176659524,0.40504645318631355,4.612802747747319,3.4544198239628554,3.3472614684945805,0.7254722734039467,0.1431501190398775,0.11544861696372394,0.0037485571691676547,0.09153820083479511,-0.08759479583905437,-0.029929928342305057,0.28860668911421283,0.033961657807889706,0.8875,0.10779781557883611,-0.0020096889111163602
search,1130011,0,21,False,0.001772994940269205,0.996259961884662,0.9790548338377681,2.9064360119047617e-05,2.0816681711721685e-17,0.15760342832584703,0.402798680739968,4.65258891050465,3.4529854615523576,3.273071681249009,0.5996635615125344,0.13405498320943454,0.10317066837556318,-0.009632563679682807,0.0911694119108573,-0.09115346512992556,-0.03429035607572968,0.28196512162631,0.032821003749051704,0.8875,0.09489437292455373,-0.01592112381926808
search,1130011,0,22,False,6.268665302045858e-05,0.996259961884662,0.9790548338377681,0.00018988715277777778,2.0816681711721685e-17,0.16493732567799335,0.4260914312161339,4.3743493122746315,3.4579835788063313,3.3593366912029903,0.5900925626903899,0.13815893923681502,0.19677668091483558,0.06906522659506768,0.08360388154346812,-0.03003559743335587,-0.0033128457285724,0.27453101324777507,0.029392004648483256,0.88125,0.19584255573114046,0.0665331726952015
search,1130011,0,23,True,0.0,0.996259961884662,0.9790548338377681,1.3563368055555555e-05,2.0816681711721685e-17,0.16899317549101464,0.3887865582483168,3.5912745689099905,3.319684387823889,3.4708087007181594,0.644372321206693,0.1178731631096497,0.13897158775124388,0.04061352305305081,0.08520144445584923,-0.06674420300667985,-0.022271463262917335,0.2593233500855918,0.02206295968941122,0.79375,0.1338266895303401,0.03599186547340048
search,1130011,0,24,False,0.0032627523395841527,0.996259961884662,0.9790548338377681,0.00020538814484126984,2.0816681711721685e-17,0.14661890356097615,0.42000856698123246,5.966538562844672,3.56355162670006,3.08836548236773,0.5301167401255625,0.16514084564547815,0.1467052717425185,0.021061647237000547,0.09178727902694175,-0.06872944093563774,-0.01752937973142043,0.2872099905248977,0.042448424987068765,0.89375,0.1412986311420309,0.016336109117578896
search,1130011,0,25,True,0.0,0.996259961884662,0.9790548338377681,0.00018601190476190475,2.0816681711721685e-17,0.15839560090475968,0.3997884795986938,4.6750578189560095,3.512941547146701,3.1838327502085537,0.5489799087529019,0.1199024956438329,0.13273482535541345,0.031229650398958364,0.08717537001495368,-0.07033678228208506,-0.020882321989926726,0.2371257142308563,0.02761734375336358,0.85625,0.12713440801803555,0.026363550208710212
search,1130011,0,26,True,0.0,0.996259961884662,0.9790548338377681,5.8128720238095235e-05,2.0816681711721685e-17,0.16397125740329985,0.3956721992044905,3.9764174364976457,3.3529463271687217,3.3574887102420616,0.6344579650608392,0.12870295597152198,0.12150694644368332,0.020644239455580957,0.08827183796327263,-0.07773863496705581,-0.026665461185115633,0.2776280146636172,0.02736162070646664,0.84375,0.1149356540374861,0.015314178239241368
search,1130011,0,27,False,1.2922202450502222e-05,0.996259961884662,0.9790548338377681,0.0009436228918650794,2.0816681711721685e-17,0.14458107152963656,0.41664363250796466,6.021178050417377,3.5773242195053347,3.1599185622487025,0.6944923128341659,0.1603134962973918,0.12631135188498505,0.014480410012209604,0.09370818666272014,-0.07230246861981615,-0.015345568793696168,0.29657127370273606,0.0468418021814652,0.925,0.1203784851771965,0.010245673697400657
search,1130011,0,28,True,0.0,0.996259961884662,0.9790548338377681,0.0,2.7755575615628914e-17,0.17315234202691845,0.38383936115484746,3.146027510658758,3.2861651179354436,3.57733552599554,0.6822630186597185,0.12326885195766384,0.15942354540102954,0.053674841017631855,0.0843781729396848,-0.06493015236750982,-0.023217534612842226,0.26391401597658665,0.018864777198607168,0.78125,0.154527413461847,0.048888949895932475
search,1130011,0,29,True,0.0,0.996259961884662,0.9790548338377681,1.937624007936508e-06,2.0816681711721685e-17,0.17247120711456482,0.3804916579613524,3.3413869222310586,3.2863448293200044,3.407947916233044,0.5758085460802119,0.10590245400001552,0.1397015686579276,0.047524739695730206,0.08451961110991371,-0.061139560432990445,-0.020174667476216653,0.24403502137207153,0.018578473520905327,0.775,0.1351671936790931,0.042910312880031665
search,1130011,0,30,False,0.034035506298213794,0.996259961884662,0.9790548338377681,0.0003332713293650794,2.0816681711721685e-17,0.14422903036290777,0.41384397955579266,5.856439583364574,3.5689361155910584,3.186079946917034,0.6439488362946716,0.1765221065824712,0.12485488895850241,0.00430439844239749,0.09591904969975434,-0.0790909554354275,-0.02028563057610369,0.32069020557455796,0.04982775747378261,0.9375,0.11819145281202839,-0.00033457908066677946
search,1130011,0,31,False,0.0003912404028946557,0.996259961884662,0.9790548338377681,0.0017109219990079365,2.7755575615628914e-17,0.1540313717105198,0.4064703453244116,5.1480343209116,3.4920972401735546,3.2797522628496067,0.6440854315828367,0.11978339577871303,0.09868688221838177,0.0034288182591135693,0.09066664255864085,-0.07850456424104968,-0.02152513046250993,0.25749844778363395,0.03489432134836378,0.90625,0.09155364427057708,-0.0017304909140109042
search,1130011,0,32,True,0.0,0.996259961884662,0.9790548338377681,4.0690104166666664e-05,2.0816681711721685e-17,0.16013360212517547,0.43412276791544024,5.0387635206205434,3.467941515950681,3.1829169735622242,0.52085452658742,0.1491267696245649,0.19219377215095193,0.06085030411911516,0.0835952222823039,-0.044211190595863537,-0.013043631006208723,0.2616934817588328,0.029476895565931874,0.84375,0.1892329576103558,0.05742095726742478
search,1130011,0,33,False,0.0010938816753984953,0.996259961884662,0.9790548338377681,0.00045340401785714287,2.7755575615628914e-17,0.1387292106250822,0.4101263083024678,6.4681941838787615,3.6228691567475986,3.0582957247982434,0.5861295632443058,0.15889606801631495,0.11095637553881892,-0.004348221012879971,0.09552051936282929,-0.08380302156221461,-0.01722810365950884,0.29412274418873585,0.051341960625709865,0.9375,0.10392467399481754,-0.009474686628584332
search,1130011,0,34,True,0.0,0.996259961884662,0.9790548338377681,0.0,2.0816681711721685e-17,0.1747833415693127,0.38459550429668643,3.037725879332185,3.2926568232849007,3.5881942320945255,0.5749897081495288,0.13822870014791067,0.1960191566234763,0.07324515928378247,0.0830101197120674,-0.040769638723489016,-0.008831025136225055,0.3010963462531945,0.02235351225417749,0.83125,0.1938921914230778,0.06946625576310983
search,1130011,0,35,True,0.0,0.996259961884662,0.9790548338377681,0.00022863963293650794,2.7755575615628914e-17,0.15905601664025476,0.4034056160620464,4.5876395027448655,3.507880067161305,3.220730248020273,0.5771776255698902,0.1336121647378776,0.15309019697857032,0.04328135562524428,0.08676000881463528,-0.05238375469896553,-0.010678143855818143,0.27040960686617965,0.03261358809988294,0.8875,0.14978517974590555,0.04013558689679787
search,1130011,0,36,False,6.602246404280436e-05,0.996259961884662,0.9790548338377681,7.16920882936508e-05,2.0816681711721685e-17,0.15994423027391652,0.39977381198106,4.361467826798766,3.386994313342435,3.287785135315055,0.6191131776645094,0.13064373953724978,0.11329763476877212,0.010246628800835272,0.09039559460687742,-0.08332967250709805,-0.028734214299208825,0.27506679547819207,0.030401738265785915,0.875,0.10599870372490773,0.004602588220397959
search,1130011,0,37,False,0.00010945666746679707,0.996259961884662,0.9790548338377681,0.00021507626488095238,2.0816681711721685e-17,0.15641687794615308,0.39739475109124467,4.839894931433648,3.498349290767486,3.22193066991008,0.5246397244303738,0.11516919821177035,0.10390430554838256,0.008879639877930006,0.08953210662225312,-0.07878024068890212,-0.024823062688393002,0.24418326435912763,0.03043298639619555,0.8875,0.09697007672340131,0.003435407616215337
search,1130011,0,38,True,0.0,0.996259961884662,0.9790548338377681,0.0004146515376984127,2.0816681711721685e-17,0.15781994784394024,0.4154006117786505,4.810821553885406,3.484901267199153,3.202238109873056,0.5320719726199254,0.14617979199189762,0.1622334381095792,0.04348882733011359,0.08775836438765042,-0.053871886880857464,-0.012596260474826568,0.2794032704721169,0.03428890347562243,0.8812499999999999,0.15865109514997375,0.03989016860167545
search,1130011,0,39,True,0.0,0.996259961884662,0.9790548338377681,2.5189112103174602e-05,2.0816681711721685e-17,0.17043560796939147,0.38134255904807796,3.6312191279046835,3.32170882960674,3.3702913072317178,0.5586625595561981,0.0979505861095465,0.10538941124553258,0.022687049702901044,0.08550106009896077,-0.06793035029109346,-0.02535102586127539,0.2384206602684612,0.0195004242724722,0.7875000000000001,0.09965783452433982,0.01759598646748526
search,1130011,0,40,False,0.004633517226111386,0.996259961884662,0.9790548338377681,0.00010656932043650794,2.0816681711721685e-17,0.14961099341586032,0.4127092025312401,5.4830067362922925,3.5626483451591584,3.1095179595028526,0.48142556850412777,0.16612629492691156,0.1407808018337824,0.015415490923108848,0.09220483503054652,-0.07785636032091352,-0.023278481557123972,0.29445985816981496,0.04029027593816552,0.8999999999999999,0.13436480830910405,0.010251285263431834
search,1130011,0,41,False,7.885479774132542e-07,0.996259961884662,0.9790548338377681,0.0004359654017857143,2.0816681711721685e-17,0.1588191531908404,0.4268212538241075,4.990684803141328,3.54845606733561,3.1043236220177546,0.5023358603511585,0.11697522499794039,0.17334727835059294,0.06185645640357472,0.08422734577498071,-0.0407553071337937,-0.007474302674197254,0.2167105700420351,0.02570133739502705,0.8374999999999999,0.17096936671713034,0.05883957120652474
search,1130011,0,42,False,0.0009053279696459996,0.996259961884662,0.9790548338377681,7.16920882936508e-05,2.0816681711721685e-17,0.15623138589459726,0.40786694543425894,4.563190077388937,3.4414993044123694,3.3505733367856143,0.721081285285149,0.1624836402370909,0.12812943456322995,0.007985154566292299,0.09201056157564998,-0.08700648177593853,-0.029965929916801082,0.3110681144019125,0.03627539755291144,0.9,0.12066480559082346,0.001972932781308182
search,1130011,0,43,True,0.0,0.996259961884662,0.9790548338377681,0.001571413070436508,2.0816681711721685e-17,0.14631439486764808,0.418092337253241,5.7836889280840955,3.5396290380488926,3.1694428017843173,0.6729259622323711,0.15065868713054442,0.1227957936105046,0.0174632199503435,0.09321993389187161,-0.07072550995962933,-0.013475310425376199,0.28709832832171467,0.04439978697001446,0.925,0.11696274726266265,0.013455867396455734
search,1130011,0,44,False,3.066436173122215e-05,0.996259961884662,0.9790548338377681,0.0,2.0816681711721685e-17,0.17544742483039485,0.38221725113255184,2.850486389575862,3.255842267129368,3.7391212281051454,0.7497364416057333,0.13836449720500316,0.16903210216996653,0.055075381305444676,0.0836502330266807,-0.06668174517212826,-0.025843225776147977,0.290891547705862,0.018600865445203875,0.79375,0.16388102808468064,0.04993861685038987
search,1130011,0,45,True,0.0,0.996259961884662,0.9790548338377681,1.937624007936508e-06,2.0816681711721685e-17,0.16871912815347112,0.3891822534924464,3.643900469250703,3.3223309294416072,3.377407937400205,0.5509114251564786,0.11847530273442794,0.12131644997830113,0.02447824213358721,0.08520743085970559,-0.07703023187174607,-0.03040948826931529,0.2630204466795403,0.02167314743338561,0.8,0.11471247218897351,0.019220139670007054
search,1130011,0,46,True,0.0,0.996259961884662,0.9790548338377681,0.0004417782738095238,2.0816681711721685e-17,0.15013252337707958,0.4227739171271067,5.5354787443076425,3.526234321043623,3.20773894949811,0.609542078453814,0.15494201093810148,0.1490246880109843,0.0322505252213293,0.09123422861324637,-0.05560174263847909,-0.010636932702669846,0.28828070000377726,0.041722712743933035,0.91875,0.14520997975247807,0.028942936189894117
search,1130011,0,47,False,0.0012549788753422363,0.996259961884662,0.9790548338377681,0.0003216455853174603,2.0816681711721685e-17,0.1589949941408657,0.3994355473231335,4.637659521312626,3.4310897484794776,3.3151198817207277,0.6556604080797829,0.122574365112292,0.09568926453081342,-0.0057240233934918346,0.09019119269951734,-0.08468222894235188,-0.030133336700444505,0.27260250620720333,0.031734570056044714,0.88125,0.0878992818792165,-0.01127556496559981
search,1130011,0,48,True,0.0,0.996259961884662,0.9790548338377681,2.712673611111111e-05,2.0816681711721685e-17,0.164550906249173,0.4059238881377374,4.172602307861927,3.464180871421881,3.2694113019037756,0.5682880956445421,0.12693551651503487,0.17994723963182888,0.06301456029491434,0.08392790911959282,-0.04932032661313951,-0.01324317289267886,0.24267534341356622,0.024457236812374782,0.8374999999999999,0.17682061070972166,0.05944485598200176
search,1130011,0,49,False,0.0009340672248911537,0.996259961884662,0.9790548338377681,1.9376240079365078e-05,2.0816681711721685e-17,0.16789766414900195,0.3872391321349914,3.916645407840207,3.398122984715714,3.3009586131061943,0.4670964925727723,0.10822169430546855,0.09505296401807245,-0.0028790703348461344,0.08525568184936518,-0.08423963021784729,-0.039343491257668305,0.2492776144249919,0.02088696085266506,0.8062499999999999,0.0871544676756192,-0.009330747059070943
search,1130011,0,50,False,2.7235012486766895e-07,0.996259961884662,0.9790548338377681,0.0001995752728174603,2.0816681711721685e-17,0.15689255634436183,0.4263257270479067,5.024785233080463,3.505520681227763,3.247963320994239,0.6140609300092057,0.13625243021962805,0.1700207439827109,0.054194384758307526,0.08660502411375015,-0.04273818785620011,-0.007691051923194815,0.2565813474974653,0.03246407181607938,0.8687499999999999,0.16762984663135855,0.051311723098330944
search,1130011,0,51,False,2.1817704145402855e-06,0.996259961884662,0.9790548338377681,1.5500992063492063e-05,2.0816681711721685e-17,0.16583343662655056,0.39508166986260723,3.9188656936328297,3.4316559843686667,3.387856608561674,0.555564562333676,0.12383752358408567,0.1661378099411497,0.05610318854345901,0.08584190957500884,-0.044082610138728065,-0.007125567620360816,0.2701569801340972,0.027623712826941527,0.85625,0.16396942115141036,0.052820717806444956
search,1130011,0,52,False,0.0008013960583205066,0.996259961884662,0.9790548338377681,0.0006471664186507936,2.0816681711721685e-17,0.14883997336009935,0.4141468293112259,5.465257271729202,3.4668446199951823,3.264413109534652,0.6956896671867703,0.15646268825134219,0.11584165502822447,-0.0015607296354579522,0.09488275655864764,-0.08825946363320862,-0.024998378819978375,0.3000278092432029,0.04283223933930308,0.91875,0.10819108335806013,-0.007364735785655006
search,1130011,0,53,False,0.0010813218938182127,0.996259961884662,0.9790548338377681,0.0010153149801587302,2.0816681711721685e-17,0.149254354554977,0.4109393300538497,5.549065957589475,3.521537260077327,3.155506964617489,0.5776549064440306,0.13613888929969892,0.10518901298492238,-0.004236823675231256,0.09310946851103151,-0.08654743141854312,-0.024000590898401102,0.27405700703512925,0.04041067397536329,0.91875,0.09759176140143035,-0.009887112767229837
search,1130011,0,54,True,0.0,0.996259961884662,0.9790548338377681,0.0,2.0816681711721685e-17,0.17146572904517515,0.40746633458052917,3.545011343759249,3.3300340187940014,3.506763654820408,0.5190956920211013,0.15835082357184554,0.20865583388962528,0.07237316069276464,0.08216127782723509,-0.03454814578950807,-0.008273844392575443,0.31759307013037774,0.027625975317683064,0.85625,0.20681938802780703,0.06921249099253277
search,1130011,0,55,True,0.0,0.996259961884662,0.9790548338377681,0.0004437158978174603,2.7755575615628914e-17,0.1481766702905475,0.4232172703961278,5.797168533211986,3.5948977855848483,3.1812838840943094,0.6720297686035003,0.13829199183193058,0.1450172518595145,0.03498962218614307,0.08914713162916024,-0.051731740017503164,-0.008021361058949152,0.2559252287326899,0.038223228784544386,0.88125,0.14152093470094812,0.03233887738822993
search,1130011,0,56,True,0.0,0.996259961884662,0.9790548338377681,1.9376240079365078e-05,2.0816681711721685e-17,0.16842509207826073,0.39424640892173834,3.614543431030515,3.347401506268275,3.400535552569478,0.5655913119528763,0.13312360853850738,0.1418429062715803,0.03254816442850197,0.0853212137885271,-0.08018707112362966,-0.032291912297676646,0.27101449391787824,0.021820808100040424,0.8062499999999999,0.13511593472547456,0.026740719545474103
search,1130011,0,57,True,0.0,0.996259961884662,0.9790548338377681,0.00020732576884920634,2.0816681711721685e-17,0.16573782882214724,0.39439905731790736,4.059475544664201,3.4065774544098613,3.340414222900148,0.5333746906011125,0.11452282881837915,0.1393317375588518,0.039581066017919754,0.08508852910775741,-0.07129467591646807,-0.025053550076127327,0.2336533960939331,0.02168130061068204,0.8062499999999999,0.13358266893236595,0.03441702452726675
search,1130011,0,58,True,0.0,0.996259961884662,0.9790548338377681,1.743861607142857e-05,2.0816681711721685e-17,0.15836130378807195,0.40614237654182717,4.441105099120232,3.416103804052263,3.405197598035924,0.6974613294862945,0.1584656036740198,0.1500304390262278,0.029150732555279887,0.089610009811864,-0.07154681353974404,-0.02245390957779073,0.2988544994870326,0.034232820915949494,0.8875,0.1443798081800908,0.02431121895833948
search,1130011,0,59,False,0.00450606106898662,0.996259961884662,0.9790548338377681,0.0002228267609126984,2.7755575615628914e-17,0.1572481734884841,0.39744581237319787,4.897570388507432,3.514221649028128,3.2178401621525725,0.6129321758430372,0.11214680030686251,0.07809735634742446,-0.024269412388447396,0.09101241023547707,-0.08473399367934714,-0.031887639002617686,0.263052233123916,0.03332044352544307,0.89375,0.06994830391766704,-0.030119362431666845
search,1130011,0,60,False,0.00018418956171792694,0.996259961884662,0.9790548338377681,0.00017438616071428572,2.0816681711721685e-17,0.1602365412742668,0.49165436781341726,6.7224316578054175,3.598489405664302,3.0826234175249843,0.45349276490325907,0.14738310286479325,0.22569135163684967,0.07905671942550553,0.08343676752051149,-0.005735549254111852,3.4414139059022516e-05,0.25026526962921375,0.030807051569525904,0.8375,0.2262644050062213,0.07773173478307474
search,1130011,0,61,False,1.8317552102547203e-06,0.996259961884662,0.9790548338377681,0.0007653614831349206,2.0816681711721685e-17,0.15573588624546414,0.43089334210920627,5.325748577027701,3.5506850298187542,3.2043413539617998,0.6032507879195843,0.12980243497730815,0.16677823243560902,0.05309699653964059,0.08593118651880771,-0.04286183687568983,-0.007198773279273145,0.2424245275083678,0.03144317220359045,0.85,0.16424972626880147,0.05013727686562716
search,1130011,0,62,False,0.0010025050698031425,0.996259961884662,0.9790548338377681,0.0,2.0816681711721685e-17,0.16683631955158845,0.3926703041415839,3.702364874897091,3.309728279990016,3.437688251368776,0.611538094847149,0.13255617899694278,0.10041867958475093,-0.003522480868214722,0.0886992231151,-0.08495726148860086,-0.03356802827679795,0.30981163037566806,0.02755758545251821,0.8500000000000001,0.09273737173315455,-0.009519137434572405
search,1130011,0,63,True,0.0,0.996259961884662,0.9790548338377681,0.0001414465525793651,2.0816681711721685e-17,0.1541554026731871,0.40901971828569894,4.99337195856298,3.509736399823818,3.30136108469139,0.6742617786690605,0.15091487077809337,0.146416504372675,0.0308596037982232,0.0899409514400738,-0.06290523151200744,-0.01580508478736151,0.2859576947903426,0.037260522494237905,0.89375,0.14175150242174483,0.02670447558856716
search,1130011,0,64,True,0.0,0.996259961884662,0.9790548338377681,4.262772817460317e-05,2.7755575615628914e-17,0.16454280802679389,0.40193250329070423,3.9889809014453084,3.3986066874737393,3.4536742595073835,0.6717686135225243,0.14172649493810435,0.16624550939970134,0.04649567521303857,0.08595863727806916,-0.06663276517109296,-0.022172659342461633,0.269278821421516,0.025775867640902443,0.81875,0.16121083734574634,0.04162448652106049
search,1130011,1,0,True,0.0,0.961478151839632,0.8890931165284538,2.9064360119047617e-05,2.0816681711721685e-17,0.16811558470822313,0.4172333844765188,4.113818434954457,3.426022961930826,3.256453335345532,0.46164256649007085,0.14427370003913048,0.19756677489091723,0.06654938147604672,0.08443264560794944,-0.04091569785142907,-0.014576576097612527,0.2624534563581758,0.02251733207990994,0.825,0.19580104229671452,0.06280223038731345
search,1130011,1,1,False,0.001919958933187084,0.961478151839632,0.8890931165284538,0.00030033172123015875,2.7755575615628914e-17,0.15951921774148506,0.4081435870447805,5.058534043862425,3.451503147220355,3.1598218777594846,0.5286315568857314,0.11569040067523752,0.09266859193991246,-0.010633141553659586,0.09263281583412894,-0.08309951543763693,-0.033905773392261335,0.24744532909549158,0.02708125433293744,0.84375,0.08468641786136344,-0.016716315937448267
search,1130011,1,2,False,1.845910715808812e-05,0.961478151839632,0.8890931165284538,0.00023639012896825397,2.0816681711721685e-17,0.15581981033469422,0.4649490965522357,6.338463861235652,3.665927698533536,2.9704513119698417,0.3483003940596766,0.15893506284630327,0.20252300764228215,0.05756498421474891,0.08988639929436615,-0.02017175638438906,-0.00545652746603149,0.26779362952629626,0.03418689585446508,0.85625,0.2033360803488341,0.055311151090924486
search,1130011,1,3,True,0.0,0.961478151839632,0.8890931165284538,8.913070436507936e-05,2.7755575615628914e-17,0.1618214372514545,0.40297613975992963,4.465116997883008,3.4438237640446756,3.2445058422699113,0.4702096783485565,0.12472355661840093,0.10976649299261051,0.022050155600905195,0.09189524738595181,-0.06916671911418508,-0.021666960236423345,0.26545288398709305,0.027309424234244747,0.8562500000000001,0.10355878691161946,0.017083576250239794
search,1130011,1,4,False,0.016908658368896445,0.961478151839632,0.8890931165284538,0.0001433841765873016,2.0816681711721685e-17,0.15930893803933033,0.41797245015177714,4.759489556912096,3.4528702914993565,3.242469109526574,0.5203958235215305,0.17170299674391398,0.15091895714545905,0.03308676060469187,0.09060048633338652,-0.06670738201410346,-0.02353923964893634,0.2979552951121043,0.03250800062167964,0.8875000000000001,0.14594578139538217,0.028240026696990193
search,1130011,1,5,False,4.5619763608398143e-07,0.961478151839632,0.8890931165284538,0.0004146515376984127,2.0816681711721685e-17,0.15314924386915055,0.41847784944001,5.4904035986978705,3.5061525423385085,3.186495269447976,0.6264026428065446,0.14884802169153255,0.11591564613662832,0.014604876935615192,0.09679035047945786,-0.07800872826543781,-0.022341867232910637,0.278617464744539,0.03576637052883734,0.8875,0.1093543897413492,0.008850737216769019
search,1130011,1,6,True,0.0,0.961478151839632,0.8890931165284538,5.8128720238095235e-06,2.0816681711721685e-17,0.16698246031813868,0.40371210265354085,3.835523884577774,3.3642078907870134,3.398256199404681,0.5391919666753898,0.14780485397567428,0.14977775573824453,0.04258024879048775,0.08805507705739346,-0.05906187010900083,-0.01958064583198293,0.2930931003414632,0.026107845408443815,0.83125,0.14556827652975746,0.038300763614741856
search,1130011,1,7,False,2.9536801013707822e-06,0.961478151839632,0.8890931165284538,9.106832837301587e-05,2.0816681711721685e-17,0.16113478052145627,0.4338536862444611,5.1139617590099204,3.5654787549593108,3.0893281371905603,0.39841001846548235,0.1345468101862013,0.19641959323463093,0.06638478271280789,0.08696589904965506,-0.02763299981143531,-0.006982572585858426,0.2448919419637028,0.026418612319357458,0.825,0.1964172152702297,0.06383955337969824
search,1130011,1,8,False,0.0030728900468307008,0.961478151839632,0.8890931165284538,7.36297123015873e-05,2.0816681711721685e-17,0.16717250750203977,0.4002913599530165,4.240016240940151,3.3628192441949114,3.191815105904375,0.4684923193867492,0.11543774980813484,0.08974383958178572,-0.017428687859311183,0.09037221621568602,-0.08742056769797925,-0.045146717285155395,0.2534600536947987,0.020441146726657675,0.825,0.08111650059616765,-0.024578518875950073
search,1130011,1,9,True,0.0,0.961478151839632,0.8890931165284538,0.00011238219246031745,2.0816681711721685e-17,0.16721106197390817,0.4094981466480972,4.14085670703272,3.4065012344015226,3.2541290574841866,0.4472476054919537,0.13491091380811487,0.17846149097481537,0.060771736596591595,0.08561120731031074,-0.0537842311783089,-0.019544010883534513,0.246947699997545,0.020333574554260526,0.80625,0.17508886509442545,0.056586951211552966
search,1130011,1,10,False,0.006426365761725653,0.961478151839632,0.8890931165284538,0.00011819506448412698,2.0816681711721685e-17,0.15091828005175306,0.41934790875075084,5.490143862343827,3.542812928489508,3.1554540938233604,0.6323307675907772,0.16718815216222638,0.11650460414760618,0.010971933885559434,0.09870145487099405,-0.07905242580188776,-0.02279324857894311,0.3004661198221771,0.04059213641144503,0.9125,0.10993236900088929,0.005209523480044094
search,1130011,1,11,False,0.0002123022253199208,0.961478151839632,0.8890931165284538,5.8128720238095235e-06,2.0816681711721685e-17,0.16739400570063367,0.3944290733375525,4.003365231984862,3.349821433432308,3.3272998186861074,0.5007113150514426,0.11965828722318794,0.09357093904142166,0.00647620219267785,0.09015440143557649,-0.07543575409843167,-0.030629379251862057,0.27471330561622564,0.023421473705722704,0.81875,0.08635948852389001,0.0010041922977967596
search,1130011,1,12,True,0.0,0.961478151839632,0.8890931165284538,0.00030614459325396825,2.0816681711721685e-17,0.15380331036390418,0.42470786673207467,5.600250863146505,3.5456372295867284,3.12631845231778,0.5478438651527595,0.15897645606349675,0.15591318339214955,0.04268256690073057,0.09303348645963333,-0.05786536937122375,-0.01584206994842717,0.27256298806275775,0.03458065474621626,0.8875,0.1522312901847206,0.038107855860026504
search,1130011,1,13,True,0.0,0.961478151839632,0.8890931165284538,0.0024317181299603175,2.0816681711721685e-17,0.15111067626056313,0.42651613775015945,6.050891687851662,3.576972297992638,3.065209637500775,0.5223605933908854,0.13124743850179327,0.13886371006155696,0.04087119491885022,0.09548256740708877,-0.05587745145527574,-0.010169980364702555,0.24254939516030927,0.033191528487939714,0.8875,0.13532658423818952,0.03693053620475002
search,1130011,1,14,False,0.00017596432520772566,0.961478151839632,0.8890931165284538,0.0,2.0816681711721685e-17,0.16683060259634797,0.4001249374835868,3.8196990443379932,3.3375461176715513,3.484656567804308,0.6058421085516362,0.1483947252617387,0.10700890740717586,0.007239884588859911,0.09072470266755175,-0.07874092770292815,-0.0300710907967584,0.3203741315715627,0.027585704585935643,0.84375,0.09986691427970888,0.0014673109503313356
search,1130011,1,15,False,0.001473866445194433,0.961478151839632,0.8890931165284538,0.000499906994047619,2.0816681711721685e-17,0.1510348043235465,0.4150295637602246,5.757330612859047,3.4881713125648153,3.1403091741789315,0.5893682885818302,0.14163136952500183,0.09795940121722449,-0.007458716441655004,0.09848826206311342,-0.08390337462406917,-0.024306421364063368,0.28370880902898077,0.03957759573535391,0.89375,0.09037384659297631,-0.013347825238248486
search,1130011,1,16,True,0.0,0.961478151839632,0.8890931165284538,3.875248015873016e-06,2.0816681711721685e-17,0.17353587762031697,0.3982791819118154,3.402295606411542,3.329680861131969,3.4266606982357013,0.48319026198824033,0.1353325579138105,0.18924386265692522,0.0669221324603739,0.08264510656902961,-0.049816785658266034,-0.020031424477513715,0.2565855907896083,0.017096994618024528,0.78125,0.18624584255687687,0.0626577831461424
search,1130011,1,17,True,0.0,0.961478151839632,0.8890931165284538,0.0005405970982142857,2.0816681711721685e-17,0.14935070571912606,0.41607938116833215,5.905405209103263,3.571896337092695,3.1228300299041947,0.625697962424921,0.13661217837174844,0.11684204647381548,0.021537448886509353,0.09711496582374785,-0.07091107500994556,-0.01591242561708823,0.2560813166611877,0.036409075336549246,0.8999999999999999,0.11114793072153348,0.01640328681526792
search,1130011,1,18,True,0.0,0.961478151839632,0.8890931165284538,0.0,2.0816681711721685e-17,0.17384769858506988,0.38721704989329964,3.1379148328241,3.218423435836881,3.597869042098464,0.5047215172818355,0.14004982109456113,0.12007440285119697,0.025087073438903134,0.08567450532693237,-0.07195987997606751,-0.030238703504368275,0.30823135380879135,0.020044422369217302,0.80625,0.11381621706433473,0.019786109530315676
search,1130011,1,19,True,0.0,0.961478151839632,0.8890931165284538,0.0006917317708333334,2.0816681711721685e-17,0.15830650717894035,0.41787866733267875,5.012846561847385,3.5183816115776216,3.1670697769221015,0.4739105222423179,0.12633903319825496,0.142921275978659,0.047845574683447495,0.09225684145703049,-0.047571828075747266,-0.009357599294499294,0.25070379959672595,0.02972311029172018,0.88125,0.1401490465659524,0.04379984765478183
search,1130011,1,20,False,0.00047962498651345497,0.961478151839632,0.8890931165284538,9.494357638888889e-05,2.0816681711721685e-17,0.15749270376004204,0.41495531066005475,4.920893928163274,3.4270284905348705,3.279308539236889,0.6755324660829019,0.14866848017658962,0.10830484980343719,0.0021882998392263662,0.09554139383624416,-0.08513687582921291,-0.03033074404382074,0.28917161758390236,0.032513560795854234,0.88125,0.10066937967008463,-0.004140382843416235
search,1130011,1,21,False,0.0016334359368089814,0.961478151839632,0.8890931165284538,3.681485615079365e-05,2.0816681711721685e-17,0.15849778071235293,0.4108483819516421,4.922666397682026,3.4046704048473435,3.2388184609989197,0.6029554662034764,0.1389775863862226,0.09985577415103755,-0.008643236104104987,0.09458265083033231,-0.08783799105830908,-0.03424212301087039,0.2822487950070416,0.030871966860384105,0.8687499999999999,0.09172987247262268,-0.015481451138599387
search,1130011,1,22,True,0.0,0.961478151839632,0.8890931165284538,0.00023251488095238094,2.0816681711721685e-17,0.16510197837550022,0.42134946154643244,4.3681263772943915,3.4663657808805017,3.268856535415977,0.4839946538619435,0.14266705441625468,0.18276379659940709,0.06074230794043131,0.08659635129345715,-0.03593081873012088,-0.008955573431685054,0.2737806835594393,0.02756008020334889,0.84375,0.1818299986019436,0.05734792618939409
search,1130011,1,23,True,0.0,0.961478151839632,0.8890931165284538,1.5500992063492063e-05,2.0816681711721685e-17,0.16949741885405673,0.39547715707600906,3.747897122164933,3.3302135700754465,3.390642298470926,0.4558609270951297,0.1216220060624749,0.12584257051498499,0.035535438428591026,0.08702564278749392,-0.06699299996147734,-0.025799722625265222,0.2582232923136262,0.01980341286488508,0.79375,0.1201033364494368,0.030490220276744927
search,1130011,1,24,False,0.02216253764945112,0.961478151839632,0.8890931165284538,0.0002693297371031746,2.0816681711721685e-17,0.14672169101389063,0.41978751821028565,6.237249965169793,3.604203730135323,3.0700107452565932,0.6144560755450285,0.1733983788183703,0.1305590499438232,0.02065741855150138,0.09734505973014952,-0.07082872798225001,-0.018379691928706563,0.2901601847674511,0.043508154503453814,0.90625,0.12518634680488744,0.015604199946670665
search,1130011,1,25,True,0.0,0.961478151839632,0.8890931165284538,0.00020345052083333334,2.0816681711721685e-17,0.15901529424026636,0.4109651148962877,4.925123719935064,3.499593881596067,3.2035543040765315,0.5483926874077395,0.1244789455065761,0.12560742575985545,0.029782677659232818,0.09122228174180513,-0.07086415102287996,-0.022807639646333887,0.24051175398030733,0.025531058897140455,0.84375,0.1197049706124155,0.02451693184176023
search,1130011,1,26,True,0.0,0.961478151839632,0.8890931165284538,7.556733630952381e-05,2.0816681711721685e-17,0.16464605348463374,0.4026291455353225,4.179410829147322,3.371008803460187,3.3780566514773254,0.5590424419074257,0.13289128582025536,0.11252334753245002,0.018247510050867072,0.09150730399580838,-0.0764619979287253,-0.028721620883421034,0.27639004697962544,0.02523539494423037,0.84375,0.10559276594687714,0.012434384354702867
search,1130011,1,27,False,0.007080205636514313,0.961478151839632,0.8890931165284538,0.0010172526041666667,2.0816681711721685e-17,0.14502537272124788,0.4230382185596897,6.396352558720242,3.592810617604205,3.078430666127508,0.6291238924058282,0.16753839739848056,0.1150232417545311,0.01331544067644415,0.10074953884740133,-0.07361530425361475,-0.015782851851121237,0.29833195352945263,0.046343185460780284,0.90625,0.10916566001418584,0.008230547783297123
search,1130011,1,28,True,0.0,0.961478151839632,0.8890931165284538,0.0,2.0816681711721685e-17,0.17352088420308287,0.3910480877246182,3.2811612446787115,3.2471397174635865,3.4177402991291066,0.4712630583943804,0.12728142190505276,0.14305194893116968,0.0443552561506813,0.08499602044885628,-0.06577182028736378,-0.02750294999603939,0.26257678255975914,0.0167985113912266,0.78125,0.13768420732512693,0.03944024216723159
search,1130011,1,29,True,0.0,0.961478151839632,0.8890931165284538,1.937624007936508e-06,2.0816681711721685e-17,0.1728817925405002,0.38434797211911287,3.477473090321172,3.296369197310309,3.433709020468919,0.472137148041475,0.10940359613164441,0.12493649830964997,0.04081287521740793,0.08496523771314662,-0.06166065809431047,-0.024736809542254545,0.24294376782255733,0.016302036144949066,0.76875,0.11972021389712767,0.03646060021905744
search,1130011,1,30,False,0.07360343822706632,0.961478151839632,0.8890931165284538,0.0004088386656746032,2.7755575615628914e-17,0.1445584698383174,0.42141180250816834,6.283574672193165,3.574519294968657,3.075429011366314,0.5677044678330323,0.18427596067629812,0.11036012973803441,0.002352300445613636,0.10194981655004667,-0.07915070632035823,-0.020802484464075763,0.3203378024653015,0.050314605166556475,0.925,0.10391862921317402,-0.0030627323200300115
search,1130011,1,31,False,0.0004413098191470746,0.961478151839632,0.8890931165284538,0.001728360615079365,2.0816681711721685e-17,0.1549527431686757,0.41406019630151525,5.498235528882718,3.517510828292191,3.116745179535434,0.47667236792762036,0.12405786363712432,0.09862063889689601,0.0027106854195358965,0.0948944381104877,-0.07701148206109268,-0.02284373780008305,0.25862060001713366,0.03283267541207026,0.8562500000000001,0.09138351294754438,-0.0028021940962628185
search,1130011,1,32,True,0.0,0.961478151839632,0.8890931165284538,4.8440600198412696e-05,2.0816681711721685e-17,0.1601924632195567,0.42715591703848477,5.080152772521519,3.5326733265261145,3.106086694594637,0.438703509381471,0.1558795303951385,0.18356375516701262,0.05547967548419283,0.08801091544105508,-0.04907180592460504,-0.016720165847939873,0.26477825863397814,0.02788185966618109,0.84375,0.18080450849893104,0.05177524032333962
search,1130011,1,33,False,0.00663607678215184,0.961478151839632,0.8890931165284538,0.0005483475942460317,2.7755575615628914e-17,0.1392862485926166,0.417486875327595,7.006270922549936,3.6580834638351147,3.0323369402954894,0.6039302167155807,0.16617881260557615,0.1005426123065907,-0.004911112237191513,0.10276463740563095,-0.08278604821758262,-0.016536679813312638,0.29679118422982276,0.05299777997588556,0.9249999999999999,0.09369461480725391,-0.010800188465531158
search,1130011,1,34,True,0.0,0.961478151839632,0.8890931165284538,1.937624007936508e-06,2.0816681711721685e-17,0.17493358868356498,0.3899423123953689,3.1129306958474476,3.2808343520232954,3.5366490166521105,0.4960461365837664,0.14187434520885767,0.17374930492938095,0.05963900404081299,0.08316812173239918,-0.04521719449952186,-0.015104408336504794,0.29763002603365557,0.020491517831767937,0.8,0.17126086391152578,0.056066121400112835
search,1130011,1,35,True,0.0,0.961478151839632,0.8890931165284538,0.0002693297371031746,2.0816681711721685e-17,0.1595219322804822,0.4118615698691387,4.737625675502921,3.4608702878793296,3.2724458517734747,0.515663359218715,0.1382503156713851,0.14000303388551216,0.04137219555361983,0.09132062716235435,-0.055725864134089115,-0.014239660821053985,0.27080042158310835,0.030469042138398676,0.88125,0.13619225034063345,0.03743226136768958
search,1130011,1,36,False,0.00013354783835461216,0.961478151839632,0.8890931165284538,8.525545634920634e-05,2.0816681711721685e-17,0.16072026544739917,0.40795012343596543,4.613177240864184,3.4092736685874225,3.3048142501843185,0.5730862375115249,0.13520762925420202,0.10706212841153159,0.008239570355302324,0.093853824113024,-0.08120754054235266,-0.029662990404318773,0.2748479592140067,0.02833272273636572,0.85625,0.0996023605077568,0.0019345692562857048
search,1130011,1,37,False,0.00022008001417071597,0.961478151839632,0.8890931165284538,0.0002189515128968254,2.0816681711721685e-17,0.15730064611511044,0.40786733555932614,5.108441626821428,3.4884344520179114,3.1405372935659757,0.5215185876447554,0.11923574959531266,0.10114553144444773,0.0063214700064139154,0.09276227709405299,-0.0771948803480863,-0.02606019009430824,0.2458066961981754,0.028198704343246558,0.84375,0.09394904453479336,0.0009173687440361946
search,1130011,1,38,True,0.0,0.961478151839632,0.8890931165284538,0.00048053075396825394,2.0816681711721685e-17,0.158173701076127,0.41850877120838903,4.9844244224736,3.469317784723146,3.206797374361317,0.4920556596506608,0.1520516730184777,0.14879981570183148,0.042294237032269935,0.09273226386342523,-0.05756542568773701,-0.01556604456247601,0.2803345096209092,0.03283724696832792,0.8875,0.14502703574699816,0.03796969356380445
search,1130011,1,39,True,0.0,0.961478151839632,0.8890931165284538,4.262772817460317e-05,2.0816681711721685e-17,0.17100982694699424,0.3862395953133291,3.761767643995437,3.317742398322666,3.2968887193911716,0.4236659481067192,0.10116164454327056,0.09618548240665,0.020516770393924626,0.0875616514340194,-0.06699772529219547,-0.028668795823861976,0.23677145752450451,0.017290593872356343,0.79375,0.08983831028609371,0.015327528877736956
search,1130011,1,40,False,0.024992416992073194,0.961478151839632,0.8890931165284538,0.0001433841765873016,2.0816681711721685e-17,0.14980152196406643,0.4206686327996053,5.778152558297171,3.5793735980546755,3.0846166016737895,0.5548441800843595,0.17422342089820328,0.12489058746295194,0.012630613242278373,0.09660630724533421,-0.07822397259338387,-0.023686223370043506,0.29696981444942394,0.04116127049340571,0.90625,0.11853736350577901,0.0072560641988265034
search,1130011,1,41,True,0.0,0.961478151839632,0.8890931165284538,0.0005095951140873016,2.0816681711721685e-17,0.15912905375943964,0.4222318531845143,5.1673709750839345,3.4905282292992066,3.0568093515934125,0.441746540672661,0.12156470615446396,0.17221455947251424,0.06058421399398117,0.09058710164561332,-0.04527515506218674,-0.011408220530525908,0.22165580657933348,0.024160649442824735,0.8374999999999999,0.1701183350542128,0.05693199136868039
search,1130011,1,42,False,0.010818985533466318,0.961478151839632,0.8890931165284538,9.688120039682539e-05,2.0816681711721685e-17,0.15674276001872012,0.41940292948476754,4.884897475608354,3.4667412615390747,3.2565711437122324,0.6364928687682886,0.16920884003349315,0.1163820015444244,0.004063282920532414,0.09569335390867503,-0.08507252363101238,-0.030354353808901155,0.31110393701379846,0.03544718312970103,0.8812500000000001,0.10901584146888121,-0.0019868796646984105
search,1130011,1,43,False,1.7681909499043103e-06,0.961478151839632,0.8890931165284538,0.0016353546626984127,2.0816681711721685e-17,0.14687960007996986,0.42540804012180794,6.2225724583208555,3.5684421607362964,3.151098073635965,0.6743318101606535,0.15707088481587886,0.11528241649898088,0.018285097892714517,0.10013297334130962,-0.07197591247190897,-0.01423896505467354,0.2889692643228986,0.04351782557407822,0.8999999999999999,0.10951241169380696,0.013325939791757464
search,1130011,1,44,False,2.369640573802821e-06,0.961478151839632,0.8890931165284538,0.0,2.0816681711721685e-17,0.17575897936081564,0.38913845886654796,2.9584371803374427,3.196983382247203,3.650305220599095,0.5388404218365278,0.14274256721096787,0.15038152066153007,0.043844931316961905,0.08359917688808188,-0.06780334165486267,-0.0301203882445781,0.28855665356954696,0.0166019446193384,0.7625,0.14487208182237005,0.03876052288343813
search,1130011,1,45,True,0.0,0.961478151839632,0.8890931165284538,1.937624007936508e-06,2.0816681711721685e-17,0.16934852839834838,0.39494231469566765,3.787659636815075,3.3188322266650454,3.3686613892583015,0.43276778537521804,0.12233027334646485,0.11182624199207977,0.020146162546987003,0.08770725696922496,-0.07577283369919363,-0.0326337989222197,0.26186307931468733,0.01944193180348016,0.79375,0.10482877240899163,0.014275663310928936
search,1130011,1,46,False,0.00033927424563485304,0.961478151839632,0.8890931165284538,0.0005192832341269841,2.0816681711721685e-17,0.1504791349681732,0.4230163324373031,5.761558888700296,3.5140655763354043,3.11250597672045,0.558060897223158,0.1616577458760746,0.13543587160707607,0.03315901006858593,0.09771794616481214,-0.059370249214678136,-0.012513413170089319,0.2893680500661805,0.04104869445854124,0.90625,0.1314817324380363,0.028873520052212463
search,1130011,1,47,False,0.0011367734078419653,0.961478151839632,0.8890931165284538,0.00038752480158730157,2.0816681711721685e-17,0.1599460406302547,0.40747101401550034,4.865735644499344,3.43423976366695,3.213454778200249,0.5309373599136202,0.12661508438087135,0.09426737012786113,-0.0047239012241168075,0.09358924627364554,-0.08213811930042293,-0.031041404349621316,0.27184101937367283,0.029462956340628458,0.8625,0.086428328441181,-0.01083742143036509
search,1130011,1,48,True,0.0,0.961478151839632,0.8890931165284538,3.1001984126984125e-05,2.0816681711721685e-17,0.16484596448466057,0.41005134278382427,4.307652369027231,3.427846354512794,3.2685461868955192,0.50532051571502,0.1315223079888846,0.1697101979381268,0.05873518571661576,0.08756538081720994,-0.05289168825995934,-0.0174944008829414,0.24468990839184623,0.02242503844059616,0.83125,0.16649211095839167,0.054669216064108045
search,1130011,1,49,False,0.0009413038219127223,0.961478151839632,0.8890931165284538,1.9376240079365078e-05,2.0816681711721685e-17,0.16871535495220955,0.39436013143148974,4.030455772781531,3.3585286442490783,3.2623925678583463,0.41665856278787466,0.11175894145925509,0.09194550552296507,-0.0029481949079588903,0.08814440926335114,-0.08169289302164909,-0.04048837694513707,0.24804211511542343,0.018640686268313805,0.8,0.08388579435107038,-0.009257608578888195
search,1130011,1,50,True,0.0,0.961478151839632,0.8890931165284538,0.000244140625,2.7755575615628914e-17,0.15720150917945858,0.42301964949302684,5.112686539352181,3.5355504309670924,3.1667797784672693,0.5337651228219658,0.1416753430882841,0.16109564211213345,0.05248136134043227,0.0923687026588117,-0.04749608702015669,-0.01088020982457229,0.2586578996344169,0.03081524844921911,0.875,0.15873016893828176,0.04857386320001114
search,1130011,1,51,True,0.0,0.961478151839632,0.8890931165284538,1.9376240079365078e-05,2.0816681711721685e-17,0.16618191247395514,0.4016412958295028,4.058791838134625,3.3970999292202664,3.3178312809684183,0.49679996869038634,0.12737964372102767,0.14856020152096877,0.05036505327914841,0.08698430194542578,-0.047722030517428946,-0.012222729832803463,0.2686947998409229,0.02550108979752016,0.85625,0.14570031936376238,0.047089447690162996
search,1130011,1,52,False,0.0023545717660764867,0.961478151839632,0.8890931165284538,0.000724671378968254,2.0816681711721685e-17,0.1494833850745388,0.42461702724534744,5.918120983117767,3.5347844432223625,3.1553384409445417,0.6551223387239622,0.16334015732043627,0.10706574869253115,-0.003063012351433773,0.10048807552461855,-0.08603314734604059,-0.024719364999885904,0.30150810573958475,0.04295884333552062,0.9125,0.09964250523025636,-0.009384950639241036
search,1130011,1,53,False,0.0010824527117677114,0.961478151839632,0.8890931165284538,0.0010521298363095238,2.0816681711721685e-17,0.15012288587210898,0.42205607771555653,5.977312578521657,3.5270009462897143,3.127569454625614,0.5786753412454593,0.1417555912741262,0.10183948641319535,-0.00424687972853535,0.0984505684725887,-0.08416980730892651,-0.023681112541046552,0.276466974350401,0.039477308808358494,0.8999999999999999,0.0943906400367041,-0.010335475811266061
search,1130011,1,54,False,0.0010707742143369503,0.961478151839632,0.8890931165284538,0.0,2.0816681711721685e-17,0.1715526981773307,0.40768822247511327,3.533106164357842,3.335478184357444,3.460214428274055,0.49413016644336133,0.16294504178852004,0.1879355405844836,0.0590634333827657,0.08285868210909336,-0.04041393474941773,-0.0140576509623243,0.3145069807970689,0.025639537045437717,0.84375,0.18603839628191116,0.055583213018599795
search,1130011,1,55,True,0.0,0.961478151839632,0.8890931165284538,0.0005173456101190476,2.0816681711721685e-17,0.14861116716996392,0.418950330248694,6.03893104215166,3.5488047909879326,3.131649443985101,0.5926699238552778,0.14434321088239987,0.13704558294535135,0.03902116339945796,0.09752399154973997,-0.05598122015231402,-0.009790541965517876,0.2596393477043344,0.037574361271462665,0.8937499999999999,0.13353965183922833,0.034746233359659824
search,1130011,1,56,True,0.0,0.961478151839632,0.8890931165284538,2.1313864087301586e-05,2.0816681711721685e-17,0.16894623442951223,0.4056913662331565,3.782256621283466,3.307009385933438,3.362036924247966,0.4577024600731505,0.13786804368519917,0.12997322660913643,0.025361374943295087,0.08798344239710382,-0.07916092453386755,-0.034366168384614704,0.27099729556174335,0.019681692899361825,0.8,0.12303854146476986,0.019190550051064327
search,1130011,1,57,True,0.0,0.961478151839632,0.8890931165284538,0.00020732576884920634,2.0816681711721685e-17,0.16628998424298252,0.4050354971262467,4.234878310323908,3.3621757349097194,3.262250497001585,0.43538102531393535,0.11869344386827982,0.13005302118028192,0.0346235171600326,0.08837861824366969,-0.0712724518416537,-0.02796325203124106,0.2356750829699161,0.019272281724061556,0.8125,0.12392224109192398,0.029499034809510515
search,1130011,1,58,False,0.0029890002464117923,0.961478151839632,0.8890931165284538,1.5500992063492063e-05,2.0816681711721685e-17,0.15872088998817563,0.4159407511735721,4.6675221131401,3.4237256582222644,3.289451473047857,0.5967885943911139,0.16492045749864132,0.1352487811414276,0.025571910962830027,0.09328823475137674,-0.07247417365693995,-0.02432539535428447,0.2989934367058811,0.03292281485316763,0.89375,0.12948671460449246,0.020324307930087916
search,1130011,1,59,False,0.003897203722015218,0.961478151839632,0.8890931165284538,0.0002247643849206349,2.0816681711721685e-17,0.15839232456237995,0.40535980576669484,5.0638176570560685,3.4980733855075563,3.093833373260618,0.4632465125041445,0.11550462948077037,0.08076705838402631,-0.021520138879345164,0.0935860591433692,-0.08182142664688885,-0.03222534096809179,0.2613178500980461,0.030791267105319813,0.8625,0.07260229268964888,-0.02775556167703333
search,1130011,1,60,False,1.650474631006149e-05,0.961478151839632,0.8890931165284538,0.00022670200892857144,2.0816681711721685e-17,0.1600198164772315,0.47464011485042534,6.380181278265148,3.6266546438167895,2.9861904838240525,0.33190352097869147,0.15403517386524695,0.22579394041201356,0.06708087246184354,0.08576470613860579,-0.013324634005958779,-0.005594938792710383,0.2533648653789802,0.028404294701399983,0.83125,0.2270415310298074,0.06504282234998214
search,1130011,1,61,True,0.0,0.961478151839632,0.8890931165284538,0.0008079892113095238,2.7755575615628914e-17,0.15606964493255016,0.4256732691942443,5.453161633875579,3.528998650857882,3.128237905750643,0.5145775663564599,0.13515161203725456,0.16156943717363528,0.05394575533244317,0.09296665949689703,-0.04767905648042199,-0.010580686708618312,0.24606233832061736,0.029981200840186458,0.8937499999999999,0.1591704797198042,0.050237408997464164
search,1130011,1,62,False,0.0010369908865368288,0.961478151839632,0.8890931165284538,0.0,2.0816681711721685e-17,0.16761579881709895,0.39829785465668904,3.850824232972975,3.3300500568534783,3.455361707489611,0.5783826851439886,0.1363459951940298,0.09396488696889888,-0.003838370580946381,0.09099626745797743,-0.08238587521998068,-0.03471085433564825,0.3061104561382835,0.02578085562214613,0.825,0.08610225030448074,-0.00997532737645027
search,1130011,1,63,True,0.0,0.961478151839632,0.8890931165284538,0.0001685732886904762,2.0816681711721685e-17,0.15457052606627358,0.41658688513971165,5.176249478752046,3.4841657340458236,3.2278490486231552,0.5990735568068832,0.15719815957306194,0.1335056305925506,0.030459746951509614,0.09492679466947065,-0.06533020522186705,-0.01789240014110552,0.28717298398453694,0.0357897814684892,0.8999999999999999,0.12862695987052664,0.025836226735061016
search,1130011,1,64,True,0.0,0.961478151839632,0.8890931165284538,5.425347222222222e-05,2.0816681711721685e-17,0.16488523289816193,0.41193042538879654,4.17037328845108,3.388897551573173,3.269881174232234,0.500200768073947,0.14711569134152305,0.15271721327320847,0.0424966725725706,0.08928479247762862,-0.06813565956158137,-0.02511953943534395,0.2702700389114867,0.02397784559944545,0.825,0.1475478423017838,0.03731444925962031
search,1130011,2,0,True,0.0,0.908480562565556,0.964496868646665,3.8752480158730157e-05,2.0816681711721685e-17,0.16887729339061847,0.42423087563394785,4.122967304257797,3.4535411232742286,3.3535225017611863,0.48395958222153224,0.14021825119132092,0.2217194823744556,0.08567785957573353,0.08451909925472775,-0.03478274055536455,-0.01038180406957219,0.2614756441181306,0.02156074883154976,0.80625,0.21958293961707484,0.08310610711696678
search,1130011,2,1,False,0.00038885869101353254,0.908480562565556,0.964496868646665,0.0002925812251984127,2.0816681711721685e-17,0.15990091824624564,0.40391229034150977,4.770861159535334,3.4430699088721046,3.2581813380806484,0.4943756320689211,0.11243400707497442,0.10709596787859299,0.0034640923403441637,0.09283836908259044,-0.08528567857602483,-0.0348722127448365,0.24424154069642856,0.024241363712202296,0.83125,0.09883331953696685,-0.0024166372756295497
search,1130011,2,2,False,8.027637212187033e-05,0.908480562565556,0.964496868646665,0.0001995752728174603,2.0816681711721685e-17,0.15678083435979484,0.48727323665722455,6.668203685852976,3.633404489947125,3.1477745121328304,0.5470332571459577,0.15317357993265862,0.21784864395259426,0.07147505449052692,0.09089641676414136,-0.012415010787677929,-0.002695852709499937,0.2663606058014619,0.03330365711219891,0.84375,0.21776994500673372,0.06988743538915268
search,1130011,2,3,True,0.0,0.908480562565556,0.964496868646665,7.750496031746031e-05,2.0816681711721685e-17,0.16239305119618938,0.3985442073203703,4.2252218403374435,3.4294266489848035,3.3450175937584037,0.5292962567558803,0.12169973343494364,0.12967218783770867,0.036702960220682,0.0923105561880565,-0.06874092803726675,-0.02061858652019239,0.2636534224416829,0.025060110636447648,0.8187500000000001,0.12355122658602342,0.03178067434997804
search,1130011,2,4,False,0.0046997634259166345,0.908480562565556,0.964496868646665,0.00013563368055555556,2.0816681711721685e-17,0.15990080341415625,0.4185126730686828,4.607137750420461,3.3518281213365873,3.323358659575957,0.565495096826254,0.16616993385296186,0.17530075124205208,0.044084018336001285,0.09078189218218977,-0.0643665482734586,-0.021964010484989676,0.29793846813726044,0.03147215832225544,0.85,0.1701678975997758,0.04005791423956745
search,1130011,2,5,True,0.0,0.908480562565556,0.964496868646665,0.000370086185515873,2.7755575615628914e-17,0.15366672232985806,0.41045003811266345,5.056062921422136,3.5365142087539043,3.2114007151718162,0.5663839154389083,0.14412584977593879,0.13648984556835753,0.026925008140379174,0.09580215882609555,-0.07846175095612873,-0.022950235659736237,0.2764319584718371,0.032562568141222895,0.85625,0.12981893351879506,0.021686548407956547
search,1130011,2,6,True,0.0,0.908480562565556,0.964496868646665,1.3563368055555555e-05,2.0816681711721685e-17,0.16758523053971533,0.4001132851065036,3.7095246699335425,3.3299759079907725,3.5009263201528373,0.5505129415056049,0.1443286913019592,0.17595779241990436,0.058437504211580435,0.08950157531733055,-0.05587239165731848,-0.016383670990314236,0.29352415351448224,0.025019224066926353,0.8374999999999999,0.17185156216944977,0.054802378117605556
search,1130011,2,7,False,6.130969781997451e-05,0.908480562565556,0.964496868646665,8.331783234126984e-05,2.0816681711721685e-17,0.16208292061410126,0.4524065918733075,5.233971444146269,3.6407623670292053,3.2126017436633307,0.5129454060807664,0.1303073571511586,0.2165676750819827,0.08387256438829849,0.0864180890450997,-0.020613489150922523,-0.0033646098398538724,0.24246586924942554,0.024687373996716375,0.8374999999999999,0.21595634993537838,0.08173029709811311
search,1130011,2,8,False,0.0011915784363018616,0.908480562565556,0.964496868646665,6.781684027777778e-05,2.0816681711721685e-17,0.16747414407400457,0.3965184452081254,4.065935511190977,3.3626636826389786,3.3285268867777202,0.4912743581004805,0.11259647513372964,0.10270136468462293,-0.00519375968866136,0.09090030898830906,-0.08979614286323406,-0.04570436056270591,0.2512444348749412,0.01850659146962865,0.79375,0.09376841237363184,-0.01238122590397591
search,1130011,2,9,True,0.0,0.908480562565556,0.964496868646665,0.00010269407242063492,2.0816681711721685e-17,0.16793983800135734,0.4094983208106272,4.045411059606817,3.421361990618217,3.326643536525832,0.4245455932591651,0.1308906412750041,0.20431424153525563,0.0797635767278811,0.08527349489675681,-0.04931366046731522,-0.01602453615539394,0.2444145199104174,0.018948349654140183,0.78125,0.2007675318305009,0.07631985775295147
search,1130011,2,10,False,0.0005339303605424628,0.908480562565556,0.964496868646665,9.688120039682539e-05,2.0816681711721685e-17,0.15141533925613643,0.4103320655632914,5.103144805788176,3.5374604425819456,3.2256224386162184,0.5991706568562647,0.1620796239853382,0.13713062228701767,0.021290452193092117,0.09794887202378914,-0.07960068957422006,-0.022767345242912435,0.29999314439525726,0.03806662546018648,0.8875,0.13039704167219734,0.015920680979962257
search,1130011,2,11,True,0.0,0.908480562565556,0.964496868646665,1.3563368055555555e-05,2.0816681711721685e-17,0.16784689174729772,0.39174731680515296,3.8473938586672785,3.359471416719883,3.406404824634376,0.49457416170860047,0.11729593857672496,0.10869102682714407,0.01984682841091935,0.08976881619239038,-0.0761265200034914,-0.02952305498069492,0.2735200107665464,0.02171953965886487,0.79375,0.10141166524333109,0.014276549680175417
search,1130011,2,12,True,0.0,0.908480562565556,0.964496868646665,0.0002828931051587302,2.0816681711721685e-17,0.1545521193264658,0.4313439295542585,5.443681932019031,3.5037977922707775,3.160177240259343,0.4965561705921532,0.15327768552117618,0.1791165118398102,0.053262598588141065,0.09208065537740534,-0.05386347852447157,-0.01469210162533198,0.27017763795760463,0.032377797485035026,0.84375,0.17512979127667838,0.04964441493546977
search,1130011,2,13,True,0.0,0.908480562565556,0.964496868646665,0.0023522755456349205,2.0816681711721685e-17,0.151914950100101,0.4313888692234298,5.74633194480665,3.6089523931875505,3.1625867789867366,0.5782913900660682,0.12671733423801135,0.16151778707600756,0.05260941900289733,0.09353032877514711,-0.05202471866705076,-0.009535330453781883,0.23803206999662951,0.030223012179515195,0.83125,0.15755026684534035,0.04912072510626338
search,1130011,2,14,True,0.0,0.908480562565556,0.964496868646665,0.0,2.0816681711721685e-17,0.16720017097576373,0.39552789671282496,3.634086239690339,3.3166158651492736,3.5169097510128102,0.5363207928974789,0.14550486118851114,0.1239006358708129,0.020683543863257083,0.09138333501761829,-0.08001648813874253,-0.028891814191056416,0.3216815863994138,0.02602527537392134,0.8125,0.11667971866015064,0.015345925553860116
search,1130011,2,15,False,0.0003634397427961715,0.908480562565556,0.964496868646665,0.0004475911458333333,2.0816681711721685e-17,0.1513812326336732,0.4107228914190514,5.262239133709919,3.504828095956907,3.246280144385125,0.6233373012131269,0.13750038920548702,0.1120296005866836,0.0038475040471462277,0.09814785145525727,-0.08668083929047898,-0.02619465547774315,0.28182430750272136,0.035870809945094805,0.875,0.10404104997085956,-0.001833988266205721
search,1130011,2,16,True,0.0,0.908480562565556,0.964496868646665,1.3563368055555555e-05,2.0816681711721685e-17,0.17421216019679037,0.39659743748859044,3.3433903826575255,3.302455163195284,3.4747930726457654,0.44701538907019334,0.13199794532489906,0.21670877912778747,0.08816427300029356,0.08321790360553674,-0.044562863967948105,-0.014965804148172952,0.2555534830482851,0.01624495617836876,0.78125,0.2135901246503193,0.08446886703026327
search,1130011,2,17,True,0.0,0.908480562565556,0.964496868646665,0.00047859312996031744,2.0816681711721685e-17,0.14997479805758746,0.4090446566688143,5.423256723117732,3.583462867885689,3.2066968998511585,0.6007356698762694,0.1319419550355737,0.13887880671329525,0.03354346253382559,0.0965939088429818,-0.07003242198152951,-0.016533540036586473,0.2519687309905545,0.03275718605155575,0.8500000000000001,0.13315745811985075,0.028751611988332308
search,1130011,2,18,True,0.0,0.908480562565556,0.964496868646665,0.0,2.0816681711721685e-17,0.17428518148078875,0.3863283101860213,3.014477636455374,3.226612235288727,3.7143188088327066,0.5117882621432942,0.1374975869196685,0.14115008236191995,0.04158704707586723,0.08643702096246705,-0.0713867615561295,-0.02740302678269102,0.309190765013338,0.018938311865920394,0.7875,0.13497457127328907,0.03683353504153811
search,1130011,2,19,False,1.461260023070997e-06,0.908480562565556,0.964496868646665,0.0006704179067460317,2.0816681711721685e-17,0.15913014473322004,0.41756003613374754,4.807109050816982,3.5540347302046817,3.276909136747063,0.6103524037363061,0.12272039212794433,0.16819373788751918,0.061861193924329254,0.09157111689455838,-0.04282630934736236,-0.007284375075388263,0.2481274828114259,0.027289032567807243,0.8499999999999999,0.16554944717625147,0.058874277248346776
search,1130011,2,20,False,2.0565563536319915e-06,0.908480562565556,0.964496868646665,8.719308035714286e-05,2.0816681711721685e-17,0.15788667279562668,0.40839891193413136,4.5728003165463,3.444613786570743,3.301794969746077,0.5659952767544909,0.1444037061952872,0.1263830101170562,0.014161069133884258,0.09567522284316177,-0.08753827479309861,-0.030911323294902763,0.2880459824513995,0.029905879065843535,0.8500000000000001,0.11853143626388676,0.008328602742376472
search,1130011,2,21,False,0.00044334015501175047,0.908480562565556,0.964496868646665,4.0690104166666664e-05,2.0816681711721685e-17,0.15882653900405574,0.4061462771611024,4.60417173052283,3.443723986450247,3.316888842689057,0.5624989687562322,0.13509611334594504,0.11557232252348135,0.0026824481105661145,0.09515037661302676,-0.09104311074403668,-0.03554615078711707,0.2808048250390027,0.02814957441935269,0.8312499999999999,0.10711118583641324,-0.0033971091269688726
search,1130011,2,22,False,2.3516603397827864e-05,0.908480562565556,0.964496868646665,0.00021313864087301587,2.0816681711721685e-17,0.16591078207517113,0.42934395146207993,4.394065706692511,3.480544212949106,3.3795310312879385,0.5461032191166328,0.13894295723419897,0.20819723531040582,0.07848344107992039,0.0873650547192393,-0.029299628864503352,-0.0051291598976577705,0.2734148986483394,0.02614911398031157,0.86875,0.2069442626102601,0.07622980145213634
search,1130011,2,23,True,0.0,0.908480562565556,0.964496868646665,1.9376240079365078e-05,2.0816681711721685e-17,0.17008586283091842,0.39146508556380405,3.57773780991114,3.3215076427842063,3.438970697633795,0.4961283402099029,0.118838547684959,0.14886577885915037,0.05200113928629156,0.0877942200309112,-0.06549129806983778,-0.023045338882464173,0.2565065674328898,0.01851691842382653,0.7625,0.14328174787427822,0.04715975228405129
search,1130011,2,24,False,0.006771760616306438,0.908480562565556,0.964496868646665,0.00024026537698412697,2.0816681711721685e-17,0.1474051765041367,0.41973427526712814,5.985210877171598,3.5575962738363023,3.0584986720723504,0.4535561429934237,0.16740616371626243,0.1546777474974242,0.029579006227160004,0.09613229289999227,-0.06911478623766079,-0.018462823332660982,0.2885425360680618,0.04016830919333366,0.875,0.1491269542200973,0.02507709844045118
search,1130011,2,25,True,0.0,0.908480562565556,0.964496868646665,0.00019182477678571428,2.0816681711721685e-17,0.15965548801842688,0.4024794582311787,4.624030237303817,3.4976114275244856,3.235041304406449,0.48204458185832105,0.12048033361348029,0.1499075900952463,0.04651522115950788,0.09173114083627643,-0.06988083982642027,-0.022117142081213553,0.23635120491230666,0.02294983073776862,0.81875,0.14409681902152244,0.041528439430537106
search,1130011,2,26,True,0.0,0.908480562565556,0.964496868646665,7.16920882936508e-05,2.7755575615628914e-17,0.1651234060608901,0.400887031958149,3.9526070323341695,3.3582027608227563,3.354883560779007,0.4642089282373957,0.1296574686974259,0.13179265800831463,0.031414735074826755,0.09187089412562321,-0.07703665431896059,-0.027397786037133318,0.2752242936206645,0.023286146663966875,0.8062499999999999,0.12484714222305407,0.026332199787615966
search,1130011,2,27,False,0.0007238552691404131,0.908480562565556,0.964496868646665,0.0009552486359126984,2.0816681711721685e-17,0.1455699579530289,0.417430468875827,5.965489634993013,3.593599399150338,3.1895877549675578,0.6506604723638407,0.16242141026677376,0.13447028474936457,0.022417546114575478,0.0984519297317116,-0.07289892272393961,-0.016325911078782673,0.297764864477082,0.04360781832234795,0.89375,0.12833190396369057,0.017952401801725592
search,1130011,2,28,True,0.0,0.908480562565556,0.964496868646665,0.0,2.0816681711721685e-17,0.17408826898684915,0.3872166344591362,3.134191244916617,3.2670709388405443,3.4965924836047346,0.4279197405627433,0.12439313136728898,0.1685675826982626,0.06263527142885802,0.08606464789397275,-0.06348631353325343,-0.023721858102906564,0.2613210453432096,0.015834641947260773,0.74375,0.16333087770214433,0.05801003589002722
search,1130011,2,29,True,0.0,0.908480562565556,0.964496868646665,5.8128720238095235e-06,2.0816681711721685e-17,0.1735219180404666,0.3840708986937642,3.3372816920432475,3.3184836476133475,3.5085812662060882,0.5453188163897202,0.1071219685648914,0.14814750884332478,0.059691472164091736,0.08528197791875339,-0.059232896199884824,-0.020789877724957995,0.2406018051847859,0.015334321107752841,0.73125,0.14311469206787347,0.055359127831629266
search,1130011,2,30,False,0.045162851453640775,0.908480562565556,0.964496868646665,0.000370086185515873,2.0816681711721685e-17,0.145023166377969,0.4149193526513635,5.839009677878046,3.561989429110007,3.189643107478409,0.6174345108962551,0.1791092056270703,0.12993218087059796,0.010811950972773533,0.10054683709497403,-0.07957868830908013,-0.020889435055653143,0.32187376669560425,0.04759628942784186,0.90625,0.12316143138776314,0.005881687216954095
search,1130011,2,31,True,0.0,0.908480562565556,0.964496868646665,0.0016702318948412698,2.0816681711721685e-17,0.15542610361140302,0.4121103310319283,5.136508708770807,3.5093997743955034,3.208775449854132,0.5120570362080643,0.1205341730507738,0.1131795357575022,0.016313537709881188,0.09440523528033566,-0.07833452982759515,-0.02389078964173555,0.2555778768140985,0.029901926867889825,0.84375,0.10562105527704249,0.010937664671898356
search,1130011,2,32,True,0.0,0.908480562565556,0.964496868646665,5.8128720238095235e-05,2.0816681711721685e-17,0.16097913001893738,0.4386448299005996,5.054417218804112,3.5290249110264735,3.2449850183671574,0.5338279555588404,0.1503304778553765,0.20513799565226604,0.0694603720131329,0.08666676434131591,-0.04404776565781117,-0.014323416873820265,0.2624547008356046,0.026679660015655894,0.8187500000000001,0.201944275037529,0.06629267791352582
search,1130011,2,33,False,0.0005496498040295505,0.908480562565556,0.964496868646665,0.0004592168898809524,2.0816681711721685e-17,0.1397440556151306,0.4104872327034238,6.405187385898174,3.670816388703428,3.1242303910943137,0.6507403441833725,0.1611910024947784,0.11867320101662732,0.0036956858972423384,0.10010610876545181,-0.08470234427122313,-0.017723762607347995,0.2954454007331567,0.048230549161825204,0.90625,0.11148718768965046,-0.0016719306743187103
search,1130011,2,34,True,0.0,0.908480562565556,0.964496868646665,0.0,2.0816681711721685e-17,0.17557427734486658,0.38759803137008125,3.0668224660778662,3.259802163487169,3.6372979567694093,0.5153124134701019,0.13932420477519056,0.20213555616472267,0.08128964957219509,0.08371649034019421,-0.03974629440031528,-0.01017334847254079,0.29899044998737556,0.019579239080725463,0.8125,0.19968315462402017,0.07802199439273638
search,1130011,2,35,True,0.0,0.908480562565556,0.964496868646665,0.0002499534970238095,2.0816681711721685e-17,0.16022043874452216,0.4099377519856023,4.55942109416816,3.4784364244544044,3.3598226931073563,0.6565938687799259,0.1343764727252279,0.1653866103959616,0.054090365646538005,0.09147483791920341,-0.05209258304969931,-0.012519396759749599,0.2693884637114675,0.028275365384174092,0.8625,0.16172310114527344,0.0506017416761284
search,1130011,2,36,True,0.0,0.908480562565556,0.964496868646665,8.331783234126984e-05,2.0816681711721685e-17,0.16115214325343524,0.4049699268040283,4.323988853116295,3.3981265521791286,3.32809448815102,0.5761440403470126,0.13157173178871806,0.1248246506892817,0.02131437742169188,0.09431367988390157,-0.08286979559265012,-0.029798607211567893,0.2731810627412285,0.025932735500286137,0.8125,0.1172203354198784,0.015500045389315913
search,1130011,2,37,True,0.0,0.908480562565556,0.964496868646665,0.00021313864087301587,2.0816681711721685e-17,0.15780425239107643,0.40296545254851956,4.778105568420384,3.467592413756603,3.2883156976342423,0.559631775799844,0.11569275823643108,0.11954382031702203,0.0228012866187717,0.0935277817542197,-0.07826547353336427,-0.02662187607233757,0.24214595139871903,0.02531231790613414,0.83125,0.11225754407347315,0.017203303773886496
search,1130011,2,38,True,0.0,0.908480562565556,0.964496868646665,0.00043402777777777775,2.0816681711721685e-17,0.158848764681417,0.4184666998041463,4.776206073259946,3.4413543530961,3.4196288292095907,0.6954202311391929,0.1473766697999505,0.17331127743587338,0.053706598405205946,0.0917915982872873,-0.053741197690271525,-0.014087735943384711,0.2792345301167895,0.030799282997520883,0.86875,0.1694838730302574,0.049885072513810004
search,1130011,2,39,True,0.0,0.908480562565556,0.964496868646665,3.8752480158730157e-05,2.0816681711721685e-17,0.17160190371365808,0.3845923137816656,3.621676811951705,3.346394839610654,3.4919882551494563,0.5904513585643479,0.09916442015130587,0.11375612409040002,0.03732653443543601,0.08643392621830737,-0.06593397333490449,-0.025981834035802363,0.23378148885243633,0.01599064897944162,0.7374999999999999,0.10746853279866525,0.03228967767499826
search,1130011,2,40,False,0.00864489742919934,0.908480562565556,0.964496868646665,0.00011819506448412698,2.7755575615628914e-17,0.150395027385016,0.41599192334504753,5.468597219414255,3.535891469590378,3.1579050388234258,0.512033642544508,0.16836801464963552,0.14806075233053154,0.023227906906750837,0.09561798047610019,-0.07816410223080747,-0.0240020038786017,0.29591660246548324,0.03804259342959357,0.8875,0.1414939256258752,0.01827140417978367
search,1130011,2,41,True,0.0,0.908480562565556,0.964496868646665,0.0004359654017857143,2.0816681711721685e-17,0.16003718504093423,0.4307400436490605,4.976078792985348,3.5599629143122375,3.223201991397573,0.5483179152793103,0.11742357475399365,0.1948883874511425,0.07890947783262253,0.08898622527797809,-0.039853823371241694,-0.008980859972699389,0.21668797021272784,0.021511796414384825,0.81875,0.19237397155190522,0.075710970205906
search,1130011,2,42,False,0.002318953684070008,0.908480562565556,0.964496868646665,8.913070436507936e-05,2.0816681711721685e-17,0.15714112194931412,0.41150440298046986,4.5368703440533755,3.464171170421503,3.2910355059961987,0.5623925424376119,0.16433399640527852,0.1359170902241033,0.015547757688029708,0.09547790998918415,-0.08710689129264526,-0.030611918271763648,0.31156206424541893,0.03334278114703812,0.8625,0.1283070255373232,0.009858767343495885
search,1130011,2,43,True,0.0,0.908480562565556,0.964496868646665,0.0015268477182539683,2.0816681711721685e-17,0.14743128506677755,0.4184667231223771,5.772971303182354,3.5981456528613984,3.2240846321727874,0.6959698378132289,0.15229303219918366,0.13340219684139493,0.026473302344920104,0.09832170145813454,-0.0710687074287087,-0.014911906419199275,0.2875636021809327,0.04068818180160361,0.89375,0.12731968368217655,0.022008885132828657
search,1130011,2,44,False,3.4392830440323236e-05,0.908480562565556,0.964496868646665,0.0,2.0816681711721685e-17,0.17624423048406723,0.3849907872755122,2.841657417631909,3.193895681226663,3.6510549700767827,0.4487963199014623,0.1396374681433185,0.17635473946776498,0.06276620509497619,0.08438296034160324,-0.06567528707039946,-0.026319632462122832,0.28884727711099034,0.015867694114162945,0.75625,0.17092159065303603,0.05805968153457794
search,1130011,2,45,True,0.0,0.908480562565556,0.964496868646665,5.8128720238095235e-06,2.0816681711721685e-17,0.1698330231921546,0.3919320388067512,3.6153686977848283,3.3161733245422513,3.357016351502743,0.43674530195775924,0.11946535567335648,0.13134258743999175,0.03538810210820467,0.08823734866375157,-0.0759299548985494,-0.030803772736478684,0.26009652846984577,0.01802449452765654,0.7625,0.12436898131538626,0.029877394275330732
search,1130011,2,46,True,0.0,0.908480562565556,0.964496868646665,0.0004650297619047619,2.0816681711721685e-17,0.15114767011980607,0.4243220583110152,5.499596833758296,3.512623343387256,3.3106659554088638,0.6753001739984296,0.1565074448352248,0.15866863535599723,0.04182369224868185,0.0962973164989632,-0.055672706574737385,-0.011859107619308192,0.2885179751871022,0.03871646277977554,0.8812500000000001,0.15464326616102073,0.038239006430612614
search,1130011,2,47,False,0.0001881133588695178,0.908480562565556,0.964496868646665,0.00035070994543650794,2.0816681711721685e-17,0.16031730834722493,0.40464247564028477,4.5855229407593505,3.431106926794734,3.314455255162813,0.5188702086522816,0.12340826278285083,0.10781756243584636,0.006976466224965415,0.09391295453255794,-0.0842348710408697,-0.03177157962947155,0.2700399317973596,0.026748613788055896,0.8374999999999999,0.09969860391311589,0.0011695675886365855
search,1130011,2,48,True,0.0,0.908480562565556,0.964496868646665,4.0690104166666664e-05,2.0816681711721685e-17,0.16560730174665253,0.41076742131980987,4.173597541199497,3.472281237666497,3.348923990099882,0.492865607010072,0.12760194031158262,0.1957867920229714,0.07609549255035314,0.08728506689942435,-0.04842592262043376,-0.014391139471908726,0.24192688664348574,0.020648550140106237,0.7875000000000001,0.19242597395063182,0.07277951357475651
search,1130011,2,49,False,4.0182392595995524e-05,0.908480562565556,0.964496868646665,2.712673611111111e-05,2.0816681711721685e-17,0.16910936232159263,0.39161056480667317,3.8687628565660206,3.3433344472978925,3.3826525083430004,0.4838450423952444,0.10913654424847719,0.10653688350614687,0.011291709382186373,0.08842689048926504,-0.08298354427671195,-0.040031531095806476,0.2454998575607475,0.01696115476426588,0.7625,0.09831757297076499,0.004877454791548568
search,1130011,2,50,True,0.0,0.908480562565556,0.964496868646665,0.0002228267609126984,2.0816681711721685e-17,0.15800467910714133,0.4315397680623995,5.021842555690888,3.548220543150088,3.286728865356284,0.5493140780493282,0.13705639071121498,0.18529735936908004,0.06589603972222674,0.09168611761650694,-0.04227850355540536,-0.009448501913313673,0.25619165402841476,0.028646141607087235,0.8375,0.18267231931273165,0.06268835817577098
search,1130011,2,51,True,0.0,0.908480562565556,0.964496868646665,2.5189112103174602e-05,2.0816681711721685e-17,0.16694270169600622,0.4001628928965567,3.9445158906289306,3.431969432374182,3.4646407816387783,0.6306012921525277,0.12458379320752823,0.1754352956970865,0.06869775871023884,0.08810565882759458,-0.043178295425251575,-0.008659323822774694,0.2679651785294519,0.023966727649468007,0.8374999999999999,0.1727795730566276,0.06546050059548843
search,1130011,2,52,False,0.00015000711358151256,0.908480562565556,0.964496868646665,0.0006587921626984127,2.0816681711721685e-17,0.14988009573360966,0.4165369869658939,5.400693237668298,3.5409091420125405,3.18667902250189,0.5665521502680917,0.15841173323690746,0.12387449045640764,0.007835072614085113,0.0989284048611852,-0.08854123905463192,-0.025882050332306512,0.3006797140199241,0.039406252754833324,0.8812500000000001,0.11607085998649826,0.0018956328322113948
search,1130011,2,53,False,0.000166488680258833,0.908480562565556,0.964496868646665,0.0009862506200396825,2.0816681711721685e-17,0.15052325752589643,0.41388987709514313,5.4830626185868,3.5386237575727297,3.194158406316844,0.5734624056112582,0.1373223745940756,0.1172798831391115,0.007451716181702021,0.09744495908384246,-0.08671395662448766,-0.02544302276122763,0.2737674863931557,0.035813284694425844,0.875,0.10942645968209422,0.001626528760178188
search,1130011,2,54,True,0.0,0.908480562565556,0.964496868646665,0.0,2.0816681711721685e-17,0.17217640064079745,0.40762534917157434,3.5626299450635575,3.338843202110593,3.5620710738344803,0.4832323645129131,0.15940686562524936,0.2148727843937639,0.07863969366726115,0.08423884057788689,-0.03430467515465618,-0.009790554300748364,0.31664086088710197,0.024873402781686784,0.85625,0.21276246719718722,0.07569432053098747
search,1130011,2,55,True,0.0,0.908480562565556,0.964496868646665,0.00045146639384920637,2.0816681711721685e-17,0.14937250939857402,0.42657957696042986,5.737737302662328,3.595845897104086,3.156354072188119,0.5981633551693509,0.1392960798272644,0.1601323362276903,0.04947380818744424,0.09576480352222441,-0.05195887428397893,-0.009884879932755317,0.25620727861184167,0.034399845188263556,0.84375,0.15644931599034595,0.04584701010388324
search,1130011,2,56,True,0.0,0.908480562565556,0.964496868646665,2.9064360119047617e-05,2.0816681711721685e-17,0.16941861339307593,0.3982786707506174,3.5763454238152934,3.332802117481325,3.4145263394328733,0.4879740348635003,0.13419555022009805,0.1525120558283159,0.04189224406624628,0.0887669327688472,-0.07944040213936031,-0.032611251330744835,0.26957004876460217,0.018287804902106297,0.76875,0.14556517403533725,0.03659506856384405
search,1130011,2,57,True,0.0,0.908480562565556,0.964496868646665,0.0001957000248015873,2.0816681711721685e-17,0.16690099264751931,0.3989315297208503,4.002943700198546,3.4203347245496563,3.3498136934029836,0.5157315877091302,0.11528862337298793,0.15418377184330967,0.05290807793249133,0.0883668711894149,-0.07015640360791772,-0.025912552152228756,0.23203917061259305,0.017484327955309346,0.775,0.1481686508408499,0.04781395789140847
search,1130011,2,58,False,1.0868141300526983e-09,0.908480562565556,0.964496868646665,2.5189112103174602e-05,2.7755575615628914e-17,0.15925704410673439,0.40815225327791876,4.4245496781615765,3.3851490589390485,3.364311586478876,0.6039401751017832,0.160002967017771,0.15873713965834707,0.03658734645809293,0.09315752353357211,-0.0715139333588625,-0.02335501338611706,0.29896126599551065,0.03128658293544355,0.86875,0.15289184599229355,0.03195872810729983
search,1130011,2,59,False,0.0018659441705355826,0.908480562565556,0.964496868646665,0.00021507626488095238,2.0816681711721685e-17,0.15869760923358364,0.4022869892983336,4.846894258714343,3.4695569593503786,3.265562354866816,0.538092822092062,0.11274190664306079,0.0916557191856133,-0.01026999690861753,0.09373982390585911,-0.08416196813527774,-0.03405646589292524,0.2591258045944764,0.028371227349468644,0.85625,0.08311309051889329,-0.016171041388453284
search,1130011,2,60,False,9.914075321714545e-05,0.908480562565556,0.964496868646665,0.00019376240079365078,2.0816681711721685e-17,0.1610302020151711,0.4936131060707507,6.79727405764028,3.5914958666420853,3.0703723436821018,0.46498531911816693,0.14843967056455318,0.23779648057527888,0.08401576921707908,0.087052753983382,-0.005414479445504895,-0.002105488575336064,0.2512037872477282,0.027950395662115296,0.83125,0.2381500416183732,0.08308917401973255
search,1130011,2,61,True,0.0,0.908480562565556,0.964496868646665,0.0007634238591269841,2.0816681711721685e-17,0.15691221320011384,0.43521972037773293,5.289411324275208,3.5717752055253422,3.232307518162499,0.5397288628340424,0.1305321265207295,0.18402594405048256,0.06744683589578848,0.0908817143806564,-0.04252241929759855,-0.009029455177642877,0.24245218051282616,0.027339641092523202,0.825,0.18126731811871713,0.06438562889463081
search,1130011,2,62,False,0.0001639932476958469,0.908480562565556,0.964496868646665,0.0,2.0816681711721685e-17,0.16794330883292996,0.3936912864669066,3.685578931465377,3.3071256222172716,3.4603976797376417,0.5166867924646656,0.1337742814882011,0.10745844775906235,0.0075084988692044365,0.09147534630826323,-0.08431508098190292,-0.034324209024026976,0.3065241383450121,0.024063119795273195,0.79375,0.09939486313902504,0.001554885462862982
search,1130011,2,63,True,0.0,0.908480562565556,0.964496868646665,0.00015694754464285715,2.7755575615628914e-17,0.1551841664150097,0.4126675247907054,4.952506926703183,3.489437036326997,3.316636530096403,0.6716303147100036,0.15229589275584565,0.15739419537666743,0.04088076094133565,0.09421352168275743,-0.06308687659832277,-0.017206365599337886,0.2862231534405967,0.03379778606920529,0.8625,0.1525085135166091,0.03654182116808588
search,1130011,2,64,True,0.0,0.908480562565556,0.964496868646665,6.006634424603174e-05,2.0816681711721685e-17,0.1654906557205894,0.40544044979304483,3.9743206950768593,3.370229949024488,3.3502842037852414,0.5035639834807555,0.14274981615081309,0.17820459151919762,0.05679134713002854,0.08907078244506689,-0.06603194263421844,-0.02301635298642586,0.2686389776201787,0.0225100477800805,0.8125,0.17297731258682147,0.05248046050491802
search,1130011,3,0,True,0.0,0.9980844715070453,0.917470984604414,2.5189112103174602e-05,2.0816681711721685e-17,0.16768972027761142,0.4185132185069984,4.072083043503766,3.4441016568123777,3.2897065938765446,0.5693784437755719,0.14286216279372912,0.19820765982770172,0.06484109815764336,0.08168606719811952,-0.04006056890700373,-0.013690174848720461,0.2618752401642412,0.024474698038493465,0.8312499999999999,0.19646484394411715,0.06122306236315549
search,1130011,3,1,False,0.0027796162262480736,0.9980844715070453,0.917470984604414,0.00030226934523809525,2.0816681711721685e-17,0.15874180153286951,0.40560401707367616,4.992813982186394,3.5341107400373484,3.0733790258672533,0.46761894745037075,0.11465026987090346,0.08805444315881533,-0.015842408515350206,0.0898834391620553,-0.08396300641118104,-0.03375510253435883,0.24858451287453498,0.029473202320275893,0.8625,0.08010680680772994,-0.021961000326024764
search,1130011,3,2,False,3.4057624386237364e-05,0.9980844715070453,0.917470984604414,0.00021120101686507937,2.0816681711721685e-17,0.15543394573828104,0.47227182892358505,6.3556359077596305,3.633543570866993,3.078501930581928,0.5241108282118426,0.15715564194443826,0.20208424040017314,0.054913387793289685,0.08721139497523372,-0.01835053881291785,-0.004545152496433701,0.26678406242845143,0.03568752859933998,0.85625,0.2027696825880639,0.05305917555792026
search,1130011,3,3,True,0.0,0.9980844715070453,0.917470984604414,7.750496031746031e-05,2.0816681711721685e-17,0.16113697858297768,0.4021222497175744,4.372597870974765,3.442773070629391,3.2463465506768143,0.5527363853093524,0.12361903597728834,0.10857575573786539,0.018280047271423086,0.0887422571512575,-0.06954808720060815,-0.021090847456962766,0.26668553648675875,0.029400986319271665,0.875,0.10267508182554963,0.013397040863468122
search,1130011,3,4,False,0.010722054253091442,0.9980844715070453,0.917470984604414,0.0001240079365079365,2.0816681711721685e-17,0.15889332810402532,0.4149213451696595,4.7026206311207766,3.4291762134282644,3.2725353713087246,0.6132991692807414,0.16931926174383147,0.15414393832272305,0.030572875914533202,0.08862924962482693,-0.06651046137914167,-0.02325840071659656,0.29757317248584414,0.03358634310897726,0.86875,0.14916896116608286,0.02580107160395292
search,1130011,3,5,False,3.859714004639016e-05,0.9980844715070453,0.917470984604414,0.0004185267857142857,2.0816681711721685e-17,0.15250835432734047,0.414561672509968,5.379497249515743,3.5222850901896554,3.2073228231839277,0.5999779958868094,0.14708674881376443,0.11579638998100758,0.011365594099116628,0.0929900796015106,-0.07829502049458317,-0.02235762971799565,0.27825706334857814,0.037240909574138586,0.8999999999999999,0.10931668907454409,0.005976173908809064
search,1130011,3,6,True,0.0,0.9980844715070453,0.917470984604414,1.937624007936508e-06,2.0816681711721685e-17,0.16647904768644947,0.40088536867337443,3.7605196805873407,3.3731560078897505,3.4979547427651605,0.6900638062217304,0.14631432102417238,0.15223556053366605,0.04063600557914148,0.08509216573957946,-0.05892322066076018,-0.01888579888390582,0.2936386114795612,0.027978899779017213,0.8687499999999999,0.14821656989765186,0.036142319682715064
search,1130011,3,7,False,1.1444211646243153e-05,0.9980844715070453,0.917470984604414,7.944258432539683e-05,2.0816681711721685e-17,0.1606292509213064,0.43559216662481237,5.069686984025832,3.6143983576510976,3.092970539855659,0.539849485603525,0.1334778832197262,0.19375834985081622,0.0619833559207316,0.08294106937613119,-0.02619134025700693,-0.005997305767125456,0.24385738377403246,0.028293995498724637,0.8625,0.19379811089260657,0.05961561084594076
search,1130011,3,8,False,0.004117938168143062,0.9980844715070453,0.917470984604414,6.200396825396825e-05,2.0816681711721685e-17,0.1664783305064442,0.3982131792453433,4.205550725124897,3.439412562961672,3.1352710643492108,0.41954569523485885,0.11424809667126085,0.08634132445512638,-0.022540130388595602,0.08770704411010988,-0.08859640926443751,-0.045064626138775925,0.25538830730492246,0.022615109616962954,0.8375,0.07770729688786301,-0.02970407062066121
search,1130011,3,9,True,0.0,0.9980844715070453,0.917470984604414,0.00010269407242063492,2.0816681711721685e-17,0.16672309764999577,0.4061952098672825,4.08587351914599,3.448579740687862,3.213167555800183,0.5013257343166749,0.13354001110557745,0.17790523447603826,0.05735653454960178,0.08276513107201988,-0.05338809794670283,-0.01886305679609889,0.24609897147523394,0.02224872021527761,0.81875,0.1745910775924338,0.052972166282816514
search,1130011,3,10,False,0.0031833878938255324,0.9980844715070453,0.917470984604414,9.88188244047619e-05,2.0816681711721685e-17,0.1503695934832796,0.41485023618608363,5.369103989466769,3.5371864255315915,3.1867489080299642,0.6053105847918113,0.1649934854003815,0.11885616064013822,0.009005373471773746,0.09522198417345806,-0.07945448659040931,-0.02260582760460062,0.3004720563802483,0.041296877669185474,0.90625,0.1123601224420041,0.00353596251206016
search,1130011,3,11,False,0.0005441530752762899,0.9980844715070453,0.917470984604414,7.750496031746031e-06,2.0816681711721685e-17,0.16673465607864704,0.3922062231623351,3.937291745137615,3.347366248717668,3.3357006089985313,0.5113424795685553,0.11849330277126566,0.09221212412914354,0.0013536530094523727,0.08695762447946777,-0.07619512018184246,-0.030097124263156617,0.27691367802270106,0.02554311922223914,0.8500000000000001,0.08521875591586675,-0.00427001914601695
search,1130011,3,12,True,0.0,0.9980844715070453,0.917470984604414,0.0003158327132936508,2.0816681711721685e-17,0.15332761413877563,0.4235787616163247,5.533279366362141,3.541312242489793,3.1423140129944933,0.6154366039688273,0.1569223850506881,0.1573852126242319,0.038808871062061524,0.09059003225413975,-0.057131458547797775,-0.015383966952754848,0.27162866765824767,0.03565397256479304,0.86875,0.15370889514895203,0.03439059144372256
search,1130011,3,13,True,0.0,0.9980844715070453,0.917470984604414,0.002476283482142857,2.0816681711721685e-17,0.1504558571380713,0.4281168055103964,5.866594496822168,3.6354778076204357,3.127566058882511,0.668659344294209,0.13016060052311695,0.1348611757621892,0.03271686312959901,0.09027641241739286,-0.05491327240771091,-0.00943584286009356,0.2414031832624276,0.03496154160565343,0.875,0.1314932138971546,0.02929602324649432
search,1130011,3,14,False,0.0003454509519022429,0.9980844715070453,0.917470984604414,0.0,2.0816681711721685e-17,0.16624009214728236,0.39773561454433365,3.7512998867895053,3.308901091348445,3.479787889059084,0.5842045120064168,0.14678628430979412,0.10777060064204992,0.004127008138752927,0.08794366848887179,-0.07949623998901982,-0.02986448002850507,0.3217454059534047,0.02935428102376208,0.85,0.10074178323591745,-0.001589547676386591
search,1130011,3,15,False,0.0017977693574748289,0.9980844715070453,0.917470984604414,0.00047471788194444444,2.0816681711721685e-17,0.15027514001172626,0.4133567926651014,5.635918691460862,3.5492537974295475,3.111069417899386,0.6061426093006343,0.14011593461086774,0.09594729161373826,-0.009804064553250606,0.09465614094344524,-0.08464917042612505,-0.024265422531692747,0.28414896462369454,0.04143327702065011,0.9125,0.08841121762286545,-0.015305527021256874
search,1130011,3,16,True,0.0,0.9980844715070453,0.917470984604414,1.937624007936508e-06,2.0816681711721685e-17,0.17312006550383974,0.39641918545962596,3.3528331866306536,3.337990917492866,3.453764792593165,0.5707578759520379,0.13399758281192603,0.19095104286733838,0.06630863756843619,0.07974308622865862,-0.0494886017363848,-0.019053376185309556,0.2563241410485564,0.019028017925831198,0.80625,0.18805829823652315,0.06171841657512457
search,1130011,3,17,True,0.0,0.9980844715070453,0.917470984604414,0.0005250961061507936,2.0816681711721685e-17,0.1486485148457405,0.4108852732214318,5.7768124195994215,3.601823699715472,3.098737377535074,0.5920782540536824,0.1353134705051474,0.1152037983262765,0.01687329263267702,0.09239565186098798,-0.0706982960454011,-0.015449679352107098,0.2553884811253849,0.03817958233796025,0.8999999999999999,0.1097163147161308,0.012189052599937689
search,1130011,3,18,True,0.0,0.9980844715070453,0.917470984604414,0.0,2.0816681711721685e-17,0.17335512317857377,0.38640969798501457,3.088220787746654,3.2003687942064465,3.595297645865024,0.6321975347440658,0.13855551358064477,0.12222720450266113,0.022241011898696414,0.08418084540166301,-0.07258594936480672,-0.02970086863893014,0.3097235708781657,0.021738418888021915,0.8125,0.11614419090510328,0.016617948768419186
search,1130011,3,19,True,0.0,0.9980844715070453,0.917470984604414,0.0007014198908730159,2.0816681711721685e-17,0.1576622238507821,0.41438214828167175,4.898714218714913,3.5285465385767596,3.2652204682924992,0.6900551095690111,0.12539954157767302,0.14250843767049615,0.042345356925480075,0.08739379614444934,-0.04673633837342211,-0.008802044673345983,0.2506692858117068,0.031740709131660834,0.89375,0.14012052776699396,0.039402915199618666
search,1130011,3,20,False,0.0007307019503901643,0.9980844715070453,0.917470984604414,8.331783234126984e-05,2.0816681711721685e-17,0.15684094356118605,0.41245537537422317,4.826125739505491,3.4645274813920586,3.258691619551948,0.6430039400635421,0.14689263885962345,0.10777719234668465,-0.000813427047046884,0.09239009239336336,-0.08600151150879329,-0.030433884946777005,0.28946113717126004,0.034062490381061426,0.89375,0.10017023032668823,-0.006688577560734533
search,1130011,3,21,False,0.0023454260974782393,0.9980844715070453,0.917470984604414,2.712673611111111e-05,2.0816681711721685e-17,0.1577869447689384,0.4086490452093556,4.837949552866023,3.481722313614748,3.157243570298763,0.5012624580770053,0.13742941226555724,0.09757941651934776,-0.013331315645580075,0.09183820458636187,-0.088845567733485,-0.03435509880486219,0.2828760746466577,0.03278432718698699,0.8875,0.08941459342188894,-0.019567434070563463
search,1130011,3,22,False,4.155497485638107e-08,0.9980844715070453,0.917470984604414,0.00020732576884920634,2.0816681711721685e-17,0.1646257173322958,0.42280697199851575,4.322747690762059,3.4887207220231566,3.303062970836209,0.6333785338603382,0.14141175230103828,0.1841380359185718,0.05768321526617522,0.08355781425246311,-0.03487518147864674,-0.007879320578771413,0.27369982684093386,0.029517213054015317,0.86875,0.18331363702921288,0.05496503677917505
search,1130011,3,23,True,0.0,0.9980844715070453,0.917470984604414,9.688120039682539e-06,2.0816681711721685e-17,0.1689228248196274,0.393463948408473,3.6801679100969364,3.342010212456177,3.3619556669433566,0.5470749142827455,0.12041691886019534,0.12591253263458077,0.0308247521613727,0.08429724579264536,-0.06746826930077407,-0.02520212224641238,0.25930660660716176,0.02187863027360488,0.825,0.12043884330892743,0.025816310187854755
search,1130011,3,24,False,0.014810627014790812,0.9980844715070453,0.917470984604414,0.00025382874503968256,2.0816681711721685e-17,0.1462992209655236,0.4183962568677683,6.161880987325567,3.5475580172538415,3.1281057303429236,0.6390297918694607,0.17095290275770791,0.13408355988168477,0.017169003511150797,0.09500758840515766,-0.0705444806488284,-0.01835552931077008,0.28950996504402815,0.043659266018734814,0.90625,0.1287927437497085,0.011805127978531548
search,1130011,3,25,True,0.0,0.9980844715070453,0.917470984604414,0.00018407428075396825,2.0816681711721685e-17,0.1583473013336314,0.4076471538787745,4.841025303358773,3.527459783240565,3.151078212054509,0.5167871111430786,0.12332728802944887,0.12309652893031997,0.024881464072351887,0.0882133030280961,-0.0710161909783561,-0.02273871709078986,0.24000744847002814,0.027629853189472375,0.85625,0.11736397369628862,0.019886254051039255
search,1130011,3,26,False,1.636189348027219e-06,0.9980844715070453,0.917470984604414,7.16920882936508e-05,2.0816681711721685e-17,0.1640092988470983,0.40210935511825097,4.106540947635506,3.3903187972954454,3.3115267735035934,0.5456136404726286,0.13152001939003638,0.1119553568806351,0.014251705339035073,0.08862212109788259,-0.07715474159048874,-0.02844789816130725,0.2774982812650181,0.027137777308851734,0.85,0.1051882878469022,0.008157000687457689
search,1130011,3,27,False,0.003574460394600437,0.9980844715070453,0.917470984604414,0.0010133773561507937,2.0816681711721685e-17,0.14446106158936456,0.4198265839703128,6.2605707991982165,3.619268905758153,3.0815373469951184,0.6357285868409133,0.1653511826704744,0.1160913875138387,0.011334707557105157,0.09673069454300301,-0.07327837598987882,-0.0158149302026921,0.29795233025773943,0.0472967706134616,0.90625,0.11028116360749357,0.006474113489397209
search,1130011,3,28,True,0.0,0.9980844715070453,0.917470984604414,0.0,2.0816681711721685e-17,0.17303365914059315,0.389635630932787,3.2262263634947423,3.281366892305405,3.467357217010365,0.5301377738922226,0.12592525666863036,0.1445816483111813,0.04200037834804301,0.08261965846062129,-0.06626705825980397,-0.02697542722866271,0.263449480342849,0.0186374712544145,0.79375,0.13941905952566971,0.03674978500291019
search,1130011,3,29,True,0.0,0.9980844715070453,0.917470984604414,1.937624007936508e-06,2.0816681711721685e-17,0.17235021804753148,0.38373666409687157,3.4140461661823953,3.3099211747226116,3.398493654038424,0.5270430277245381,0.1082351998269393,0.125333355708317,0.03665810621493697,0.08317443347645656,-0.06218760281655061,-0.02394536361856632,0.24430123456792707,0.01848042529736054,0.80625,0.12045215173141664,0.031840171953221426
search,1130011,3,30,False,0.058932494564341416,0.9980844715070453,0.917470984604414,0.0003991505456349206,2.0816681711721685e-17,0.14409238455734663,0.41728920177276185,6.171822656899162,3.603024134787904,3.1370761070962807,0.5933035717002515,0.18173932532768824,0.1138712605311232,0.0008262134090025082,0.09804132255225548,-0.07941547681532167,-0.020867769194782063,0.3206162638041661,0.05059863903642768,0.91875,0.10744254760022134,-0.004394363985662423
search,1130011,3,31,False,0.0007375828138569901,0.9980844715070453,0.917470984604414,0.0017477368551587302,2.0816681711721685e-17,0.15418000418517952,0.4130838476526423,5.363916640202564,3.5624344761555715,3.069595840181763,0.5293723454873255,0.1229398456572398,0.09428753634269715,-0.0008877084084586749,0.0917502945673169,-0.07729972713751512,-0.022398445943941372,0.2592972033268264,0.03518029664134897,0.9125,0.08720135601202589,-0.006278804318324999
search,1130011,3,32,True,0.0,0.9980844715070453,0.917470984604414,4.8440600198412696e-05,2.0816681711721685e-17,0.15977267473386547,0.4295041199109242,5.033551134214488,3.55404079216755,3.1847192686913104,0.5745378781643447,0.15392602396055238,0.18383888373060758,0.052269682664266154,0.0852793398249039,-0.04818410361127781,-0.01603860444201019,0.26359762598420006,0.02936253211172083,0.85625,0.1810306164820016,0.0486470538230154
search,1130011,3,33,False,0.003512791013106887,0.9980844715070453,0.917470984604414,0.0005192832341269841,2.0816681711721685e-17,0.13868734448299685,0.41475115796003564,6.857447767684372,3.6403413392157935,2.957988787800145,0.5802481138926712,0.16407290521397994,0.10109562671774994,-0.007389693526112889,0.09853745956014423,-0.0829624357575319,-0.01654046963763824,0.29636993811600043,0.05353998802874488,0.9375,0.09427908055428674,-0.012612098229906936
search,1130011,3,34,True,0.0,0.9980844715070453,0.917470984604414,0.0,2.0816681711721685e-17,0.17453724009785382,0.38819998296936775,3.059096797840021,3.2807802376547794,3.593809976365853,0.6190625106673504,0.14060767406174346,0.1778820185227692,0.05916423296053699,0.08208230501578605,-0.04474768918560035,-0.014231663895856478,0.2983317656952314,0.022397296280260978,0.83125,0.17561179605074717,0.05521532127353615
search,1130011,3,35,True,0.0,0.9980844715070453,0.917470984604414,0.0002460782490079365,2.0816681711721685e-17,0.15891118399308943,0.4077229548209803,4.657050128712772,3.5133289547193085,3.3646106059906242,0.7539332548756399,0.13697906599126908,0.1406870536729705,0.03768069539537489,0.08775010074398173,-0.05520676308053576,-0.013763437379717436,0.27086953103597555,0.032495867311303994,0.8999999999999999,0.1371450083712073,0.033873889286251166
search,1130011,3,36,False,0.00031194165543230396,0.9980844715070453,0.917470984604414,7.36297123015873e-05,2.0816681711721685e-17,0.1600403643677081,0.4067015304803204,4.531759450578768,3.452772671279925,3.2384635994294206,0.5677471210015239,0.13377919578361638,0.1057892842110731,0.00466780599144982,0.09097448520818469,-0.08201907335932368,-0.02976944816344792,0.275679676295793,0.03022053000027343,0.86875,0.09843290367170704,-0.0014585421811035915
search,1130011,3,37,False,0.000455959823844176,0.9980844715070453,0.917470984604414,0.00021313864087301587,2.0816681711721685e-17,0.15653936567048343,0.40683542723711974,5.024749407447209,3.5414741690313862,3.0571032054512104,0.4677528228187672,0.118221862030843,0.09740391329853723,0.002508368772851436,0.09002895053808903,-0.07776221858774537,-0.02587470994979598,0.24636388969397666,0.030569632775790778,0.8875,0.09037506733943915,-0.002980244276216412
search,1130011,3,38,True,0.0,0.9980844715070453,0.917470984604414,0.00046696738591269843,2.0816681711721685e-17,0.15763151587998525,0.4159199452872277,4.900505564117913,3.5212942237218945,3.2903608685812795,0.6418247584977448,0.1503182293991236,0.15052834918162866,0.038754999309109056,0.08924091856033636,-0.05703632825758145,-0.015127453821547301,0.28003338567255165,0.03436629671511118,0.88125,0.1468733279646644,0.03470264316864435
search,1130011,3,39,False,1.0104431340331761e-07,0.9980844715070453,0.917470984604414,2.9064360119047617e-05,2.0816681711721685e-17,0.17040945411686148,0.3833986076680207,3.7021031982765438,3.324620597318742,3.2561772474872157,0.42184748820599216,0.10006430792836046,0.09484304427439787,0.01481404331107903,0.0858152200555731,-0.06773856245997505,-0.02792389786169467,0.23900325940476297,0.01951316425634916,0.8,0.08883077370774664,0.009536415520244639
search,1130011,3,40,False,0.017013824995161613,0.9980844715070453,0.917470984604414,0.00011819506448412698,2.7755575615628914e-17,0.14936175345967956,0.4166387072013371,5.684303346455602,3.5503995162492243,3.1500767317080998,0.6267033779961173,0.17171253873278147,0.12785379188516738,0.009847263031417296,0.0941688259831342,-0.0783553417966589,-0.023879227401878908,0.29640645516588815,0.04133996768448996,0.90625,0.12151544103081605,0.0042048468442859805
search,1130011,3,41,True,0.0,0.9980844715070453,0.917470984604414,0.000484406001984127,2.0816681711721685e-17,0.15853975425455216,0.4193668471347767,5.070850193475837,3.5708669929428933,3.1635624501831563,0.5742241929008847,0.12060256082207484,0.16830045436845478,0.05428248238388317,0.08574960141325405,-0.04444193511284202,-0.010675346770066428,0.2202310482270709,0.026029635065986403,0.84375,0.16623250658894162,0.05123356926749195
search,1130011,3,42,False,0.006309503884278966,0.9980844715070453,0.917470984604414,8.138020833333333e-05,2.0816681711721685e-17,0.1562072525533894,0.415311779503331,4.784401498468798,3.464285585077289,3.2324492711239743,0.5969446538935976,0.16689741044825285,0.11831461230543183,0.002782920904552632,0.09280726211179299,-0.08588887217845659,-0.030531341392285156,0.31120131921149585,0.03644442688074788,0.89375,0.11093214381649813,-0.00333896253535086
search,1130011,3,43,False,9.713791452670504e-09,0.9980844715070453,0.917470984604414,0.0016004774305555555,2.0816681711721685e-17,0.14624758482344166,0.4218352555844426,6.044293171153267,3.589734815541529,3.0379172270771084,0.546311514743532,0.15521859577693733,0.11511977098799736,0.014942343237344695,0.09601724929850157,-0.07167822191102363,-0.014087284320272049,0.288654017264493,0.044706589507781336,0.8999999999999999,0.10946809048793169,0.010241457762844694
search,1130011,3,44,False,1.018897663857061e-05,0.9980844715070453,0.917470984604414,0.0,2.0816681711721685e-17,0.17533278454121864,0.3881376828994151,2.9138155236163845,3.2110253317126527,3.5795806943415904,0.5759739189795996,0.1411619088417454,0.15334589654207084,0.04253244552783951,0.08165198182238961,-0.06824013517459898,-0.029671418220168402,0.2892907093483418,0.01838186116150805,0.81875,0.14796570548930904,0.037129790909502525
search,1130011,3,45,True,0.0,0.9980844715070453,0.917470984604414,1.937624007936508e-06,2.0816681711721685e-17,0.16874423426255053,0.392994927703024,3.729654174596141,3.3412084002551072,3.3164312593726084,0.4963815022170612,0.12105628971042423,0.1109496560342543,0.0161714151380571,0.08511598867192223,-0.07658031653449662,-0.032504667957824196,0.2631405854075379,0.021458573202141517,0.81875,0.10410395738848068,0.01035185569661047
search,1130011,3,46,True,0.0,0.9980844715070453,0.917470984604414,0.0005057198660714286,2.0816681711721685e-17,0.14993562483276907,0.42192148932964807,5.65574245464415,3.568571877204155,3.1844958685309726,0.6472379734662882,0.1597109960712158,0.13805310620066746,0.029604298096395185,0.09370542238777736,-0.05873236722571973,-0.012214730437601221,0.28913345205519125,0.042018091067470904,0.8937499999999999,0.13423955262221998,0.025370137674927656
search,1130011,3,47,False,0.0017446897096711868,0.9980844715070453,0.917470984604414,0.0003429594494047619,2.0816681711721685e-17,0.15919412932643284,0.40471370673026974,4.7949063421824,3.4727755073762627,3.1413219310369285,0.5085453299289379,0.12537184140634827,0.09135382928996383,-0.00943514755208615,0.09078460121400739,-0.08295085065304245,-0.03077601206120939,0.2731822803949958,0.03175583687103423,0.875,0.0835850660581994,-0.01555636436935488
search,1130011,3,48,True,0.0,0.9980844715070453,0.917470984604414,2.9064360119047617e-05,2.0816681711721685e-17,0.16431657111777226,0.4065872746972635,4.22945404234974,3.4606574536686847,3.2170569325675777,0.5445789894306341,0.1302804693817291,0.16907944111096654,0.05435072272666498,0.08448253839818039,-0.052481945046940336,-0.01677916744810439,0.24411631781975468,0.02427154872369014,0.8500000000000001,0.1659537901228193,0.05008226213387633
search,1130011,3,49,False,0.001569033623068776,0.9980844715070453,0.917470984604414,1.3563368055555555e-05,2.7755575615628914e-17,0.1680482915280607,0.39168922314017235,3.98513305019969,3.403131825009935,3.215836664467986,0.4341644389102284,0.11060410407106923,0.08878382946678605,-0.008172451999188859,0.08543718798002486,-0.08275302925776454,-0.04043887928367444,0.2498953930967525,0.02078499356373853,0.80625,0.08079159417874643,-0.014594594989896743
search,1130011,3,50,True,0.0,0.9980844715070453,0.917470984604414,0.00021701388888888888,2.0816681711721685e-17,0.1566398863510055,0.4230023995855334,5.040653860067693,3.56283699893872,3.2547583229614623,0.6682514843494807,0.14029967947044256,0.16104089142531222,0.04828283065408278,0.08806633207059855,-0.046599143275838376,-0.010617372666879411,0.2580924039511318,0.03247842693789238,0.88125,0.15875156657571265,0.04463081862050235
search,1130011,3,51,True,0.0,0.9980844715070453,0.917470984604414,1.1625744047619047e-05,2.0816681711721685e-17,0.1656216332308092,0.3986973748923086,3.9668642869210062,3.40606800246101,3.432058309172886,0.6634237949902188,0.12637569943369176,0.15010346809996192,0.04619806317115967,0.08438462236615846,-0.04722441007402513,-0.01131976842797777,0.26938794161638346,0.027691712799784628,0.8687499999999999,0.14764036160339086,0.04315440192312903
search,1130011,3,52,False,0.0012855853117943476,0.9980844715070453,0.917470984604414,0.0006936693948412699,2.0816681711721685e-17,0.14887204527678383,0.4213954232907552,5.789775255985013,3.5060353766875214,3.15974059959332,0.6652371976904492,0.16116567869227932,0.10778032781054409,-0.004558881497999393,0.09679639750230311,-0.0867027345272888,-0.02468326616255824,0.3014264838722339,0.04382451804343103,0.90625,0.10034550512771857,-0.010558531209062007
search,1130011,3,53,False,0.001455395033874531,0.9980844715070453,0.917470984604414,0.0010075644841269842,2.7755575615628914e-17,0.1493915486563936,0.41927646076174035,5.848757790888548,3.546215291020878,3.0571009098041433,0.5755965784895491,0.14019846460491345,0.09949011332289728,-0.00731753941337869,0.09519567839419701,-0.0846043530959289,-0.02349291407021134,0.27637878814151506,0.041178689757922285,0.8999999999999999,0.09205155738468626,-0.013125432652011382
search,1130011,3,54,False,0.0002372382498921778,0.9980844715070453,0.917470984604414,0.0,2.0816681711721685e-17,0.17119032010172605,0.4060187240710218,3.5049114775543657,3.3473490861669486,3.5112176778102784,0.6121488089799041,0.16138622863342475,0.19208353169374143,0.05812587747732138,0.08119310881059244,-0.03945890479251074,-0.013187195686110542,0.3146124018373678,0.027524857335885188,0.84375,0.19024768634316053,0.05437016115025205
search,1130011,3,55,True,0.0,0.9980844715070453,0.917470984604414,0.0005076574900793651,2.0816681711721685e-17,0.14798325436791915,0.41941217114160007,5.922530492782784,3.629773312273164,3.1402629630645027,0.5838897047970885,0.14289842097077832,0.13707091101610458,0.03341278688989893,0.09217467021280074,-0.055053134511238666,-0.009638561995836459,0.2587570327958347,0.03894568273697581,0.88125,0.13372494576322216,0.029654900271656313
search,1130011,3,56,True,0.0,0.9980844715070453,0.917470984604414,1.3563368055555555e-05,2.0816681711721685e-17,0.1684003287462746,0.4024144130105808,3.7242855925530343,3.350143280509385,3.31682671283843,0.49797923287479184,0.13629059841550456,0.13043894166043124,0.023732530751514595,0.08546704520065415,-0.07996545262957835,-0.03439683516476484,0.27136736319666244,0.021513499546783763,0.825,0.123561178067672,0.01743031864929109
search,1130011,3,57,True,0.0,0.9980844715070453,0.917470984604414,0.0001976376488095238,2.0816681711721685e-17,0.16568068006328357,0.4018429711419529,4.177863949045074,3.4049596962272486,3.2424993594146554,0.48079093979424387,0.1175036089803784,0.12835526532318117,0.030711344090080694,0.08560607464207437,-0.07180515021407843,-0.027844698435778605,0.23568169375491257,0.02137833681933364,0.8125,0.12239496238502565,0.025066318593778517
search,1130011,3,58,False,0.0009661068189690238,0.9980844715070453,0.917470984604414,7.750496031746031e-06,2.0816681711721685e-17,0.15822228046400438,0.41153560829709246,4.578409006787176,3.4674366258443445,3.2887338459443294,0.5861348874474401,0.16279740330193004,0.13782873268389523,0.023310553562349866,0.0903921982744064,-0.07265489097946953,-0.02418240298947704,0.2989630501656455,0.03406702610355045,0.8875,0.13210870191980803,0.018085715377239256
search,1130011,3,59,False,0.005156061047786023,0.9980844715070453,0.917470984604414,0.00022863963293650794,2.0816681711721685e-17,0.15756525488073703,0.402635696125074,4.998005439689095,3.5492790519261166,3.0696947638987977,0.49128460795747736,0.11454962500810009,0.07626534061713752,-0.02700634466456908,0.09093277135278179,-0.08258003835710694,-0.03198787241586403,0.2635414458400056,0.03344238199652411,0.9,0.06821871318652817,-0.03311444466004841
search,1130011,3,60,False,3.2188328794282115e-05,0.9980844715070453,0.917470984604414,0.00020345052083333334,2.0816681711721685e-17,0.15968218627358513,0.4793349179577183,6.440552348890831,3.602733637449915,3.013100731708456,0.3912180644890335,0.15235656557806448,0.2243651565122155,0.0647075826044691,0.08515321874416616,-0.011486284200704668,-0.0046413022668660275,0.251803990748632,0.030061476576913097,0.8375,0.2255155375706066,0.06273642516864825
search,1130011,3,61,True,0.0,0.9980844715070453,0.917470984604414,0.0008060515873015873,2.0816681711721685e-17,0.15548105938981144,0.42680004780839526,5.362791293722873,3.6066042327514793,3.185877930272267,0.6241387449749065,0.13389890751901945,0.15930370398799007,0.0478027833691104,0.08789456220889397,-0.04656268972511699,-0.010049871531417056,0.24501678205367383,0.03171468971287096,0.8625,0.15694672614418406,0.04419434735652294
search,1130011,3,62,False,0.0015227720167662775,0.9980844715070453,0.917470984604414,0.0,2.0816681711721685e-17,0.1669805688456663,0.3958660228889807,3.7934852933796384,3.324016664743696,3.4058928981697605,0.5540744116899268,0.13489988003448222,0.09349892309408278,-0.007828286257138078,0.0884501466086241,-0.08332189473202706,-0.03467195488105765,0.30818283907757815,0.02760274906227934,0.85,0.0857478777210563,-0.014023988713980091
search,1130011,3,63,True,0.0,0.9980844715070453,0.917470984604414,0.00015694754464285715,2.0816681711721685e-17,0.15400890691331046,0.4114496235058119,5.093742889993829,3.568072660834911,3.240981757910334,0.6535373505468899,0.1553134386475766,0.13498553823280904,0.0269635891518154,0.09140217627487032,-0.06500921221666961,-0.017678101243652832,0.28687426026054547,0.037195059560217236,0.8875,0.13022431991968875,0.02248376867639626
search,1130011,3,64,True,0.0,0.9980844715070453,0.917470984604414,5.0378224206349204e-05,2.0816681711721685e-17,0.1643816422228006,0.4072310826576043,4.0967348022435495,3.4340906319536906,3.3394109045880014,0.616785674478235,0.14541688212711168,0.1539850764704907,0.03921536016235905,0.08622842884345511,-0.06828986300094661,-0.024899513089193196,0.2700301555990632,0.025567699398663914,0.8374999999999999,0.14886904390674688,0.033993450118756416
search,1130011,4,0,True,0.0,0.9752872523565135,0.9434033752788245,3.681485615079365e-05,2.0816681711721685e-17,0.16800066754698206,0.4222262950313958,4.1178308812489375,3.440125733970413,3.28588190892346,0.43071671711890214,0.14147379230760299,0.20849087389904147,0.0732230483567691,0.08296521793717629,-0.03842011322073855,-0.011807882140648,0.26199621010049234,0.023218517815486134,0.84375,0.20648149264986887,0.06985037685579845
search,1130011,4,1,False,0.0015513857321761797,0.9752872523565135,0.9434033752788245,0.00030614459325396825,2.0816681711721685e-17,0.15891728677172995,0.40360927748584585,4.952042555284546,3.4552393029897353,3.1446409684328556,0.5094952202755905,0.11368406126027361,0.09569605446147247,-0.008041766038956153,0.09180912624959223,-0.08536390325154726,-0.034000090391002505,0.24737762900132254,0.027648141324521737,0.8375000000000001,0.08757068585777518,-0.014240727221113962
search,1130011,4,2,False,6.63712202496709e-05,0.9752872523565135,0.9434033752788245,0.00020732576884920634,2.0816681711721685e-17,0.1558161319055501,0.47944494453024816,6.5152196491373795,3.599563359566197,3.0866461575860473,0.43256350041377234,0.15514388181681943,0.20891079983639033,0.06203723302425794,0.08929922145106947,-0.01610830876748097,-0.0031770627897949304,0.26701989261125225,0.03473473879616876,0.84375,0.20912633492733312,0.05967577223486948
search,1130011,4,3,True,0.0,0.9752872523565135,0.9434033752788245,8.719308035714286e-05,2.0816681711721685e-17,0.1613966094161434,0.4011317925822563,4.339733340186477,3.4359161180661655,3.3117759097102755,0.6127486417019042,0.12272866882878714,0.11729164210904709,0.025731846064866025,0.0904348099140952,-0.07008406128940027,-0.020479028831266788,0.2657834724088137,0.02792555723185164,0.85625,0.11123607013087589,0.020834752721319155
search,1130011,4,4,False,0.007118615953532802,0.9752872523565135,0.9434033752788245,0.00013175843253968253,2.0816681711721685e-17,0.15913717875207373,0.4154724304392169,4.680362666858368,3.4015420367190137,3.3287668905784673,0.5408790177350646,0.16759347017006163,0.1636236064773259,0.03542264491008371,0.08966580365435087,-0.06601389928980539,-0.02248434065887813,0.2981449554784358,0.03269589816750164,0.8625,0.1585184464122826,0.030798349525240167
search,1130011,4,5,True,0.0,0.9752872523565135,0.9434033752788245,0.0004107762896825397,2.0816681711721685e-17,0.1527313857925948,0.4124210562591517,5.264583667873778,3.5266410478051906,3.193325925949604,0.6038143687030971,0.14562048465109634,0.12445674757935551,0.017448493294012227,0.0940603261121297,-0.07901039046617428,-0.022263686352817925,0.27800881704130476,0.035565072246084906,0.88125,0.11784769719212626,0.011739781462451488
search,1130011,4,6,True,0.0,0.9752872523565135,0.9434033752788245,9.688120039682539e-06,2.0816681711721685e-17,0.16674382515972686,0.400256104517552,3.7630648702636007,3.3599910096691117,3.523100284181909,0.7063489283690929,0.1452704125677072,0.1627933956692697,0.047219274983629385,0.08704767301006339,-0.05832477749166223,-0.017522616206292488,0.2938332057811207,0.026805661120021293,0.8312499999999999,0.15867492582332943,0.04276359403706842
search,1130011,4,7,False,3.8444561766991344e-05,0.9752872523565135,0.9434033752788245,9.106832837301587e-05,2.7755575615628914e-17,0.16101429378533316,0.44179225293366275,5.165663924738189,3.592924106884155,3.1314368910860537,0.4630012891476192,0.13191423031045024,0.20322647979863084,0.07214388021889437,0.08450096771822085,-0.024393488054156986,-0.0043293822188755675,0.24362640491423318,0.027052966702854876,0.825,0.2028532204479071,0.06984818995427501
search,1130011,4,8,False,0.0028727246212122033,0.9752872523565135,0.9434033752788245,7.16920882936508e-05,2.0816681711721685e-17,0.16662626157109994,0.39647811731295807,4.19560824817883,3.388180103646601,3.3027381046962416,0.5820334276348622,0.11355536872175509,0.09310684229311966,-0.016354715490566104,0.08972100773043352,-0.08989621556812796,-0.04513738341895994,0.2543026282164674,0.021219460206272314,0.81875,0.08432830634115035,-0.023773662719816235
search,1130011,4,9,True,0.0,0.9752872523565135,0.9434033752788245,0.00011238219246031745,2.0816681711721685e-17,0.16701851296784537,0.4077187852889902,4.097104859178863,3.4053604839143943,3.2973783742377827,0.50838797078087,0.1321910240125883,0.18905839413794595,0.06615077423871168,0.08403516063683229,-0.052353244082530025,-0.01736785026051048,0.24579322840517895,0.020956430970931084,0.81875,0.18555655570021945,0.062259819818763565
search,1130011,4,10,False,0.0015011379273966656,0.9752872523565135,0.9434033752788245,0.00010269407242063492,2.0816681711721685e-17,0.15058213373972978,0.4115518413857769,5.269690843399297,3.528601933224817,3.2206583119371612,0.6660797095596378,0.16346498863139558,0.12695490148906116,0.012456921237953143,0.09639480247137641,-0.08006847646921768,-0.022254887472933742,0.3008170483120685,0.04008851042243493,0.89375,0.12030709464903,0.007071651640368765
search,1130011,4,11,False,0.0001197684782784342,0.9752872523565135,0.9434033752788245,7.750496031746031e-06,2.0816681711721685e-17,0.1669581643111222,0.38998418529086654,3.938760221420797,3.3416807830687123,3.3447965000750037,0.5260263333134351,0.11794375712092633,0.0994686045771091,0.008597831033248408,0.08867924010298904,-0.07704368985773109,-0.029849447953415924,0.27575928463896593,0.024148846002239887,0.81875,0.09231647391237918,0.002795395648791286
search,1130011,4,12,True,0.0,0.9752872523565135,0.9434033752788245,0.00030420696924603175,2.0816681711721685e-17,0.15362433115136565,0.42681488137407814,5.513640109625337,3.5157550530824193,3.225889508092264,0.6067653041056089,0.15506549914257445,0.16673503428077924,0.04390679028143396,0.09123172849216632,-0.056242210536385714,-0.014608477059301144,0.27153879121932073,0.034325017385962414,0.84375,0.16284693159646668,0.039443931252227366
search,1130011,4,13,True,0.0,0.9752872523565135,0.9434033752788245,0.002456907242063492,2.0816681711721685e-17,0.15077443413455466,0.42772639227325754,5.842816870485809,3.6071502828304225,3.094950694980284,0.5333753783582584,0.12854008214924467,0.14559880225909122,0.039968878444329635,0.09232178310446273,-0.05437738628266626,-0.008909661591927534,0.24054115615131516,0.03327234869694431,0.88125,0.1418645678687594,0.036283885386103304
search,1130011,4,14,False,8.626813799106109e-05,0.9752872523565135,0.9434033752788245,0.0,2.0816681711721685e-17,0.16642904887921028,0.39765033705433683,3.726953037989767,3.295958076540151,3.5840401379628384,0.7656466514619344,0.14608554375951519,0.11509610224454642,0.009566482398667427,0.08958798386751302,-0.08040839832483568,-0.029318725010652275,0.32183859990039676,0.02809603429797242,0.84375,0.1079403995366509,0.004150425339532545
search,1130011,4,15,False,0.0011769644182967527,0.9752872523565135,0.9434033752788245,0.0004940941220238095,2.0816681711721685e-17,0.1504433108113132,0.4116020003071028,5.512972466033403,3.4880490339660533,3.1993795070868964,0.6472208774846941,0.13887355266447401,0.10265724454858335,-0.00506954528761442,0.09612989460955793,-0.08622915002889536,-0.024773039357259788,0.2836742893623352,0.039597513371494704,0.8875,0.09488585497800149,-0.010643048652564786
search,1130011,4,16,True,0.0,0.9752872523565135,0.9434033752788245,5.8128720238095235e-06,2.0816681711721685e-17,0.17339914563215436,0.39833000646877414,3.3761279606941264,3.326958329940876,3.4370984805793476,0.5114985353746241,0.13291189573262988,0.20236701245771893,0.07552140718607345,0.08173827326522219,-0.04814215514218473,-0.01714357186593958,0.25623896855195094,0.017863254404236077,0.79375,0.19929805071041376,0.07128462821703667
search,1130011,4,17,True,0.0,0.9752872523565135,0.9434033752788245,0.0005192832341269841,2.0816681711721685e-17,0.14890181234438118,0.4090539451500593,5.657615827195348,3.556166018215499,3.1802279663689283,0.6232511026805602,0.13372062206147817,0.12498384783564215,0.023118968834037003,0.09441380886193684,-0.0711734066295457,-0.015511342925150499,0.2545376046280155,0.03624500859914158,0.89375,0.11933912964433706,0.0184423686572727
search,1130011,4,18,True,0.0,0.9752872523565135,0.9434033752788245,1.937624007936508e-06,2.0816681711721685e-17,0.17356281054053335,0.38689062578842,3.0833179280675242,3.201818897292234,3.587311686388528,0.5391085308546187,0.13795326856476142,0.130958295261839,0.029930952558846872,0.08547906884194331,-0.0728551589869012,-0.02862641372053306,0.30958114652269236,0.02058260639240667,0.80625,0.12479248216398345,0.024653522709066268
search,1130011,4,19,False,9.72487378425383e-08,0.9752872523565135,0.9434033752788245,0.0007188585069444445,2.0816681711721685e-17,0.1580129600250595,0.4132977895655903,4.896299840957981,3.505435820437299,3.2510729003593015,0.5944347165435752,0.12415615901533744,0.1532573784662818,0.051246974546818855,0.08972206228984117,-0.045912398545111706,-0.007815386399040463,0.2500132705609898,0.030232210489275206,0.88125,0.15065198991030118,0.04810462650682268
search,1130011,4,20,False,0.0003270293360484573,0.9752872523565135,0.9434033752788245,9.300595238095238e-05,2.0816681711721685e-17,0.15702132978258987,0.41054151512857207,4.745313067698389,3.4326389843143703,3.312378287837662,0.6851245714547121,0.14563678491692228,0.11558045181857199,0.0044208878194253315,0.0939520723723154,-0.08728973735080961,-0.030197825233116697,0.28933283244941027,0.03276715690786231,0.875,0.10782534708863331,-0.0017169897137526771
search,1130011,4,21,False,0.0014442678593187457,0.9752872523565135,0.9434033752788245,3.487723214285714e-05,2.0816681711721685e-17,0.15794491669186955,0.4078869027992674,4.775290093955103,3.435856403385336,3.237244314415298,0.598297662244198,0.1363009877527973,0.10499241198262062,-0.007232061716254696,0.09357710304044743,-0.09044183103456424,-0.0343840784652182,0.2824789512113378,0.03140490302423708,0.8625,0.09666981029499788,-0.01358432282221429
search,1130011,4,22,False,8.94823460734968e-06,0.9752872523565135,0.9434033752788245,0.00021701388888888888,2.0816681711721685e-17,0.164968170438159,0.42564168750178394,4.377918792385296,3.443826558918218,3.346846425942199,0.5761917146235029,0.1401644719459393,0.19469907837532316,0.06610164175067315,0.08517642896241466,-0.03312136069376121,-0.006229114884180739,0.27384823528987684,0.028223719580376436,0.85,0.1935851511265281,0.0634059978690064
search,1130011,4,23,True,0.0,0.9752872523565135,0.9434033752788245,1.5500992063492063e-05,2.0816681711721685e-17,0.1691850878116236,0.3934178231866324,3.669805341996678,3.321433002704648,3.441592588511858,0.5307453620676944,0.1196432485263994,0.13583344713193618,0.04020756306831631,0.0861555313081068,-0.06753038931747216,-0.024230288679077387,0.25844895097354814,0.02055297105739109,0.79375,0.1302641891460119,0.0351774413119389
search,1130011,4,24,False,0.010203516754703134,0.9752872523565135,0.9434033752788245,0.00025382874503968256,2.0816681711721685e-17,0.14656134967461448,0.417294441120753,6.103289385245079,3.526935713422202,3.1105080779101586,0.6176151214771135,0.169091121257199,0.14359500498296363,0.021066031233944797,0.09554569515560606,-0.0703958827540028,-0.017803144537448686,0.2896757025915785,0.04228755936969568,0.9,0.1381648929288721,0.016030477032645044
search,1130011,4,25,True,0.0,0.9752872523565135,0.9434033752788245,0.00020732576884920634,2.0816681711721685e-17,0.15860804147876856,0.4055420811175531,4.790705127927336,3.4852626899191432,3.2212174142471386,0.5411874487835455,0.1219929105438377,0.13372780922537097,0.033428335940127514,0.08988601152543568,-0.07132613116657378,-0.022200717252185122,0.23903044127923104,0.025991829218066673,0.84375,0.12789814712437725,0.028282475652299154
search,1130011,4,26,True,0.0,0.9752872523565135,0.9434033752788245,8.138020833333333e-05,2.0816681711721685e-17,0.16422959827477818,0.402414782846257,4.071905587072623,3.356524619023669,3.319344327687153,0.5449981573944496,0.13062716420632986,0.12027609443697038,0.021164991751980944,0.09038773444142786,-0.07790408485830745,-0.027912931075701492,0.2769334494524599,0.025797467665430687,0.84375,0.1133845786519357,0.015579801492399134
search,1130011,4,27,False,0.0018030930330176088,0.9752872523565135,0.9434033752788245,0.0010230654761904762,2.7755575615628914e-17,0.14469979751626014,0.41632788594972686,6.159220868205436,3.5723603324350477,3.1480128105876926,0.6707623514079415,0.16381952284258272,0.12419680581828119,0.014170165529922065,0.09724050665225588,-0.0735887981029204,-0.015301516056567054,0.2984328065080093,0.04601791513378305,0.90625,0.11818249065830838,0.009193592619220885
search,1130011,4,28,True,0.0,0.9752872523565135,0.9434033752788245,0.0,2.0816681711721685e-17,0.17328004391638785,0.38887142551473347,3.2140807400643623,3.269347726334063,3.4890495199123364,0.5093804859741914,0.1251267978405989,0.1550925825307266,0.05050682287912104,0.08460023370841105,-0.06597177532356444,-0.025432597428199318,0.26284042991273276,0.01749502574508463,0.775,0.1498397089406487,0.04572848509742632
search,1130011,4,29,True,0.0,0.9752872523565135,0.9434033752788245,3.875248015873016e-06,2.0816681711721685e-17,0.17263446123647863,0.3828184918804445,3.416856479888529,3.3111901262284973,3.4400429386475766,0.52430296292121,0.10763860114617438,0.1354372821978955,0.0463335370565383,0.08447234908160386,-0.06196037727408789,-0.02264008278276395,0.24296249928572744,0.017095595078177598,0.7749999999999999,0.13043952727539282,0.04194065490417191
search,1130011,4,30,False,0.05117759929589919,0.9752872523565135,0.9434033752788245,0.0004107762896825397,2.0816681711721685e-17,0.14429705768450415,0.4154448107612443,6.040953140387143,3.5494120715849364,3.132601231035549,0.6317145005943289,0.18028319571638043,0.12144535814487867,0.003499360181967011,0.09948755818802157,-0.07992090401588632,-0.020184671035226736,0.32173859316569087,0.049443276043048726,0.91875,0.11483862768903326,-0.001553138641476149
search,1130011,4,31,False,0.0002701631317457772,0.9752872523565135,0.9434033752788245,0.0017787388392857143,2.0816681711721685e-17,0.15439297099153879,0.4118951009892776,5.315389515095271,3.5076243278970853,3.1627553522525345,0.5517662442663603,0.12186885906843087,0.10167283371329597,0.005384565648827996,0.09306488639784465,-0.07857783663142608,-0.022599463764980284,0.2582779093936947,0.0333460609331495,0.875,0.09432109235171046,0.0001971386541475646
search,1130011,4,32,True,0.0,0.9752872523565135,0.9434033752788245,5.425347222222222e-05,2.0816681711721685e-17,0.1600807245722992,0.43438941014219573,5.06661640300713,3.504329033934561,3.307774900159811,0.5949272951733948,0.1520483610751331,0.19291972614590114,0.05878192057726457,0.08618098890292719,-0.046886722532405584,-0.014839292665369114,0.2635351372711816,0.02829119435442802,0.8312499999999999,0.18984833442142546,0.054869676528738275
search,1130011,4,33,False,0.0018959194476097202,0.9752872523565135,0.9434033752788245,0.0005076574900793651,2.0816681711721685e-17,0.13887890824630716,0.41156055274821934,6.686529448905171,3.6067478329738387,3.116945455576711,0.6017856511976523,0.16257696182175868,0.1091080986771255,-0.004190104121834782,0.09887497252846952,-0.08422142835786006,-0.01653251713190425,0.2965733605728226,0.051585587115329457,0.91875,0.1021361038981456,-0.009805431680826503
search,1130011,4,34,True,0.0,0.9752872523565135,0.9434033752788245,1.937624007936508e-06,2.0816681711721685e-17,0.17481558010976886,0.3867306502700767,3.0821805908235373,3.2579980876331076,3.6406362988344014,0.5869678184623878,0.1398300802805741,0.1892848160378682,0.06851703010040987,0.08325566183270697,-0.043363503505753666,-0.012097824423403557,0.2986074728611756,0.021213698014102344,0.81875,0.1868652383770371,0.06471992169662119
search,1130011,4,35,True,0.0,0.9752872523565135,0.9434033752788245,0.0002673921130952381,2.0816681711721685e-17,0.159216508428897,0.40769808527147106,4.644522238233715,3.4675802455543048,3.313763823501629,0.6157048689658562,0.13572739071263018,0.1509696880083367,0.045170775915138614,0.0894352276669539,-0.054545401792625584,-0.01256304924442094,0.27062506813554654,0.031149875104057877,0.88125,0.14729936439213373,0.04142422276348262
search,1130011,4,36,False,3.83038274591984e-05,0.9752872523565135,0.9434033752788245,8.913070436507936e-05,2.0816681711721685e-17,0.1602379550046879,0.40655010196965896,4.475690600141894,3.380009268149237,3.239733856399282,0.5750027907075222,0.13273062782975537,0.1135858262499314,0.011379429968606577,0.09267172750855668,-0.08313588529610555,-0.029376641913424734,0.2751097834496687,0.028907147110616538,0.8625,0.10607688184242936,0.005287794115589873
search,1130011,4,37,False,6.264995030144945e-05,0.9752872523565135,0.9434033752788245,0.00022863963293650794,2.0816681711721685e-17,0.15675788765769746,0.40492615811152305,4.97078033535421,3.4641377280314636,3.1925366175329293,0.5735054320661446,0.11708388713129825,0.10606439103947818,0.010369624287175657,0.09176635600437175,-0.07882472058494058,-0.025785269957168892,0.24515913733048228,0.028710925734528527,0.8500000000000001,0.09887027540459717,0.004958167785704836
search,1130011,4,38,True,0.0,0.9752872523565135,0.9434033752788245,0.00047278025793650794,2.7755575615628914e-17,0.15792051981199046,0.4177800284167744,4.871392961955384,3.454084233737447,3.359334733364147,0.6671994979819599,0.14885628883298763,0.16045954049601951,0.04478880811859964,0.09045096762161738,-0.05626352332892813,-0.014183852389250356,0.28014764060375513,0.033187510681218384,0.875,0.1566534245271205,0.04076019936652387
search,1130011,4,39,True,0.0,0.9752872523565135,0.9434033752788245,3.1001984126984125e-05,2.0816681711721685e-17,0.17068299055152297,0.38127293921746674,3.707029070055241,3.3382149316163288,3.2923048943043103,0.4692217075812112,0.09960118617597633,0.10316744200470077,0.024807452917465878,0.08650222436374151,-0.06806107064099332,-0.027230259586258937,0.23706437828276467,0.01812455766263476,0.8,0.09699242887279715,0.01933219589220271
search,1130011,4,40,False,0.012114480882187228,0.9752872523565135,0.9434033752788245,0.00012788318452380953,2.0816681711721685e-17,0.14959628913798023,0.41378999986539056,5.611849168197487,3.5120195287897222,3.180256835897336,0.5851218467762151,0.16990451585396896,0.1370814600224124,0.013915048080695023,0.0948556647380954,-0.07870578597015832,-0.023320392691222165,0.29672658854308553,0.040089329154781785,0.90625,0.1306109438511716,0.008578931601279493
search,1130011,4,41,True,0.0,0.9752872523565135,0.9434033752788245,0.00048828125,2.0816681711721685e-17,0.15889575841781328,0.4233998935383688,5.057844001179173,3.520396017743882,3.1471046906832294,0.504882446633432,0.11908284900491777,0.1787903180602788,0.06425342204966618,0.08778231537938004,-0.043376040380613594,-0.009553973607678935,0.21922195044261936,0.024430443676597007,0.8375,0.17638057204428423,0.06126220625774141
search,1130011,4,42,False,0.0038875289540151467,0.9752872523565135,0.9434033752788245,8.525545634920634e-05,2.0816681711721685e-17,0.15638751942932938,0.4127733143703777,4.695998008019938,3.4757155911094317,3.289898923520363,0.6467625267999548,0.16547324903099997,0.12614632803906137,0.006953300401740397,0.09397406550713627,-0.08693357019466136,-0.030187102169693586,0.3117714441945311,0.03526265548184679,0.875,0.11861432799567959,0.001166065652391139
search,1130011,4,43,True,0.0,0.9752872523565135,0.9434033752788245,0.0016043526785714285,2.0816681711721685e-17,0.14648959083548635,0.4184931958656154,5.940772582147134,3.580864603239104,3.1836014900478733,0.6912179404420755,0.15375978470719776,0.12271120131840701,0.01792683142172261,0.09660924292800903,-0.07198488033140349,-0.01384444187829342,0.28876772826910746,0.04324526347370328,0.8999999999999999,0.11680222346623169,0.01312452006853479
search,1130011,4,44,False,1.2014686262342486e-05,0.9752872523565135,0.9434033752788245,0.0,2.0816681711721685e-17,0.17554490667938305,0.387209294305121,2.9064120398488797,3.203855214606059,3.6498931587387378,0.5995502802521979,0.1402992646917733,0.16368204498635858,0.05120365117563071,0.08294919321948027,-0.06790291315499677,-0.028125753495934623,0.2892796105073207,0.01733371729500367,0.8,0.15822553992738622,0.04596803048945133
search,1130011,4,45,True,0.0,0.9752872523565135,0.9434033752788245,3.875248015873016e-06,2.0816681711721685e-17,0.1689666600767864,0.39220710224203736,3.719884146520588,3.3045887710275297,3.4044178327079746,0.5459514033846044,0.12030337361842823,0.119719173225509,0.024427395639614068,0.0870130373570434,-0.07713967852082251,-0.03158124887963789,0.26224525827196615,0.020181762894790893,0.8,0.11278668749809606,0.01867428482195419
search,1130011,4,46,True,0.0,0.9752872523565135,0.9434033752788245,0.0004902188740079365,2.0816681711721685e-17,0.1502198591372144,0.42270955993396975,5.611714099313032,3.486074554968999,3.212679780431566,0.6285494286978653,0.15810913367438464,0.14730164236032883,0.03432649294557948,0.09525029174825847,-0.05800020481799028,-0.011563450853144147,0.2894232479395336,0.04092600341044822,0.8999999999999999,0.14333350596408606,0.030254574780308643
search,1130011,4,47,False,0.0009025535345190934,0.9752872523565135,0.9434033752788245,0.0003603980654761905,2.0816681711721685e-17,0.15938019083959715,0.40377824231446513,4.7486044439002235,3.4179049549137077,3.200918765286431,0.5148481674819694,0.12448725380237682,0.0980925375937743,-0.0025748793267776583,0.0925426541445679,-0.08427841668394351,-0.030916591588372688,0.27229955634030284,0.03011249963419426,0.86875,0.09012683472352603,-0.008690247833804517
search,1130011,4,48,True,0.0,0.9752872523565135,0.9434033752788245,3.487723214285714e-05,2.0816681711721685e-17,0.1646257742572519,0.4076166285053336,4.230944344594391,3.4167305134374213,3.242539297053802,0.5021868684540056,0.12895569785514494,0.180198242850156,0.06317490861408101,0.08584676742408487,-0.05152337124673223,-0.015279519385448076,0.24362721477135196,0.02305024161546993,0.8374999999999999,0.17688000656815334,0.05925278602763139
search,1130011,4,49,False,0.0006974893526548658,0.9752872523565135,0.9434033752788245,2.1313864087301586e-05,2.0816681711721685e-17,0.16823720444824045,0.3905981414999402,3.981293896742984,3.3525144283108093,3.381607810432654,0.5765806417142796,0.10997405245880976,0.09631365621862198,-0.0004498638735851478,0.08740366036280395,-0.08370405363397368,-0.040155465846405745,0.24858238276813344,0.019431238401425407,0.8,0.08821248011127104,-0.007003970711996365
search,1130011,4,50,True,0.0,0.9752872523565135,0.9434033752788245,0.00022863963293650794,2.0816681711721685e-17,0.15696964651019663,0.42579805587383673,5.056675130689173,3.5012947098442337,3.2378749134306117,0.6197189680340021,0.13872841859455237,0.17090583821690428,0.05554801901342049,0.090010971685622,-0.04538685881894428,-0.009308236455097877,0.2577747973516449,0.03129308703300302,0.84375,0.16836667083934634,0.05227040041904264
search,1130011,4,51,True,0.0,0.9752872523565135,0.9434033752788245,2.1313864087301586e-05,2.0816681711721685e-17,0.16595582680892418,0.39909165449830164,3.981551189607281,3.3985090366913817,3.453924459327607,0.5809905895618113,0.12547903291677265,0.16140035863234473,0.055803113585262104,0.0857107858753434,-0.04632718882221527,-0.010165312205523707,0.2689947673717641,0.026295083532560905,0.85625,0.1587821077358606,0.052334727182778394
search,1130011,4,52,False,0.000753382069496147,0.9752872523565135,0.9434033752788245,0.0007227337549603175,2.0816681711721685e-17,0.14905106389026612,0.4176765222468779,5.656582195339201,3.5020866246448175,3.2281269504465513,0.6953383109275034,0.15973987260517286,0.11490344854897963,-0.0010569666728594451,0.09781560541278664,-0.08806955410782713,-0.024771174668984628,0.3016706780775948,0.04237210221124693,0.89375,0.10726010697081184,-0.007131703937659117
search,1130011,4,53,False,0.000936130774860739,0.9752872523565135,0.9434033752788245,0.0010269407242063492,2.0816681711721685e-17,0.14956828855770993,0.4161444755151087,5.734513366119058,3.5207752823158573,3.1929808308937173,0.614784243969005,0.13882951755489178,0.10649500347823401,-0.0028988087432297127,0.09640541890111771,-0.08620759384414932,-0.02377624121078754,0.2758792272388275,0.03950894214764003,0.89375,0.09881850811732565,-0.008610845450215867
search,1130011,4,54,False,5.798125167880143e-06,0.9752872523565135,0.9434033752788245,0.0,2.0816681711721685e-17,0.17145602066716192,0.40983271705435853,3.5482830043846763,3.363551963873868,3.5917907858458076,0.6401615364064008,0.1602167136679119,0.20284453705500338,0.06647037033456445,0.08236761197569278,-0.03773527229275275,-0.011469882446470974,0.31547904635478774,0.02645571261936913,0.85,0.2008154449508165,0.06329843352281522
search,1130011,4,55,True,0.0,0.9752872523565135,0.9434033752788245,0.000492156498015873,2.0816681711721685e-17,0.1482944887103656,0.42057297993220866,5.866654699309817,3.5903112739182728,3.1618941497206174,0.6615100270946964,0.14116159019506994,0.14685738696223088,0.038624797627294566,0.09397168335446587,-0.05439067729897226,-0.0090054686678715,0.25823441449144025,0.03730506928763921,0.88125,0.14328447446345471,0.03483948147424462
search,1130011,4,56,True,0.0,0.9752872523565135,0.9434033752788245,2.712673611111111e-05,2.0816681711721685e-17,0.16860577285289796,0.40038645597742173,3.693101633151378,3.3101667271997206,3.3513660269724053,0.5236935948187201,0.1352315560757483,0.13981756504412624,0.030725910855089585,0.08723381605783906,-0.08047173083938003,-0.03352164061878154,0.2710491694674645,0.020267955739195695,0.8125,0.13286650384769208,0.024583488108824353
search,1130011,4,57,True,0.0,0.9752872523565135,0.9434033752788245,0.0002208891369047619,2.0816681711721685e-17,0.16593655666823837,0.3996290179817269,4.150493401670442,3.3567050843447985,3.275824195731725,0.49500821733253825,0.11645800042259896,0.13883338632069,0.04009564230770902,0.08748428204796926,-0.07197777784245388,-0.026566802997475727,0.23468337255123972,0.02003312075781323,0.8,0.13279132382243447,0.03473070166018838
search,1130011,4,58,False,0.00020837782689992761,0.9752872523565135,0.9434033752788245,2.5189112103174602e-05,2.0816681711721685e-17,0.15845127300397605,0.4095312458506659,4.533676607100363,3.433194325055248,3.351908418279337,0.5878997583192264,0.16129917681548334,0.14702625069041364,0.027291427031536128,0.09169487927135216,-0.07270619691211729,-0.023577137090019882,0.29938776598789785,0.03305157998353771,0.8625,0.1411960589073154,0.02220243240483996
search,1130011,4,59,False,0.003650999751168039,0.9752872523565135,0.9434033752788245,0.00025189112103174606,2.0816681711721685e-17,0.15772799896365974,0.40134349171668315,4.996608758692039,3.497659422516156,3.161990295739569,0.478375413142322,0.11378369938210875,0.08242526327884586,-0.020347749431095078,0.09263201352111927,-0.08409505672574397,-0.03246510629938956,0.2621544038634492,0.03166274342636712,0.875,0.07412030807405036,-0.026606805848581196
search,1130011,4,60,False,7.349069142046039e-05,0.9752872523565135,0.9434033752788245,0.00020926339285714285,2.0816681711721685e-17,0.1600743049041473,0.486006204853006,6.629659408091211,3.563843260683217,3.0235638665292295,0.4069176214985557,0.15033914284853495,0.2299536969176505,0.07329503147402622,0.08524842333328617,-0.009204070666781403,-0.00292497865246064,0.25188161649692353,0.029283591374812463,0.81875,0.2306247108094172,0.07145263745497875
search,1130011,4,61,True,0.0,0.9752872523565135,0.9434033752788245,0.0008196149553571429,2.0816681711721685e-17,0.15582275128066936,0.42892972726085277,5.3697855417484615,3.5325009472892726,3.151011396863632,0.5235572516505931,0.13229397694267236,0.16929751419861172,0.055930011323403736,0.08986702248177053,-0.045565597285399176,-0.009087893675558359,0.24445070562426946,0.030347153776245212,0.85,0.16663205464927466,0.052841790941450015
search,1130011,4,62,False,0.0008700463791595543,0.9752872523565135,0.9434033752788245,0.0,2.0816681711721685e-17,0.16715544414929673,0.39473698809428087,3.7799543793133408,3.298057404307959,3.386885206024589,0.5417338699666592,0.13434488590921642,0.0997772320500922,-0.0022554809294866784,0.09023727156726297,-0.08450459510033007,-0.03456854048971061,0.3076858667183596,0.026282296637022626,0.84375,0.09184898121639301,-0.008299879412738985
search,1130011,4,63,True,0.0,0.9752872523565135,0.9434033752788245,0.00016276041666666666,2.0816681711721685e-17,0.15427319555495272,0.41044654348286397,5.056717808261096,3.478695485126884,3.258760672525888,0.6271078734786535,0.15377382258158684,0.14453333222691145,0.031870902818346716,0.09296262675167788,-0.06468720880081422,-0.01677369965063486,0.2870594091167543,0.036023985538943114,0.88125,0.1396599242478376,0.027305284115875933
search,1130011,4,64,True,0.0,0.9752872523565135,0.9434033752788245,5.619109623015873e-05,2.0816681711721685e-17,0.1646304398590966,0.4055625771119354,4.068098882897375,3.3824903450425534,3.3987874779047282,0.6528330707357146,0.14404474792434985,0.16424752867151504,0.045445758280341475,0.08762411015598678,-0.06801634423211189,-0.02364580440019829,0.26990161709719884,0.02436749614385974,0.8374999999999999,0.15901786542309188,0.04045788379689051
search,1130011,5,0,False,1.567266438947206e-06,0.9254114855173486,0.995880688104827,3.1001984126984125e-05,2.0816681711721685e-17,0.16928385376211974,0.42067010975528496,4.096497938332162,3.432262151239433,3.3682244553360743,0.4968816740476839,0.13820814293264705,0.2212341815256943,0.09188914263983011,0.08342987694444419,-0.031156766652365508,-0.007258872166722101,0.261824389116979,0.02110316399212952,0.825,0.21954435564882283,0.08887607169461331
search,1130011,5,1,False,0.0004035219924561623,0.9254114855173486,0.995880688104827,0.00026351686507936506,2.0816681711721685e-17,0.15988071546400384,0.399553107529522,4.686805610801054,3.422672971538739,3.235784247084604,0.5281598461630193,0.11016002568227316,0.10491141023335601,0.003248603748136559,0.09219516311787487,-0.08609678005782953,-0.03488891936195716,0.24167891365745067,0.024732587832740613,0.8250000000000001,0.09688911610776754,-0.0030306362556829797
search,1130011,5,2,False,0.00018048862779762275,0.9254114855173486,0.995880688104827,0.0001666356646825397,2.0816681711721685e-17,0.1573276772422803,0.4863032676425145,6.74147706646504,3.5404628950966477,3.1497674926065438,0.5283685891097393,0.1495443517704431,0.21368738991828257,0.0774623476334277,0.08743495836153356,-0.008564031457692967,-4.6713481052877096e-05,0.2643220119514316,0.0330775372432633,0.84375,0.21405475293944598,0.07640026934731789
search,1130011,5,3,True,0.0,0.9254114855173486,0.995880688104827,6.394159226190477e-05,2.7755575615628914e-17,0.16251911063016203,0.39468986142503715,4.146219612685352,3.4453735721752388,3.3940579020014336,0.6143045030681429,0.1196232979756933,0.13202885313414214,0.03626775819109527,0.09133970285707749,-0.06835580829534207,-0.01923418362526529,0.26302486655286283,0.02544458322355407,0.84375,0.12652784968657135,0.03163660434414433
search,1130011,5,4,False,0.0009373944435746988,0.9254114855173486,0.995880688104827,9.106832837301587e-05,2.0816681711721685e-17,0.16030033802858135,0.41603026749935457,4.5585434088586245,3.4656725837047926,3.380665588961716,0.6037692546874354,0.16275552082063538,0.1775255459556699,0.05065189757455041,0.08853714884003339,-0.06158137425207397,-0.020849527892655755,0.2955779633722832,0.03141625878800505,0.85625,0.17296303833159987,0.04680044914302744
search,1130011,5,5,True,0.0,0.9254114855173486,0.995880688104827,0.00031001984126984125,2.0816681711721685e-17,0.15390621043242259,0.40654674765368876,4.935903515511769,3.523764771962755,3.37214504312019,0.7787808430751221,0.1407865891279071,0.1356319650001852,0.027824033336338372,0.0936921025719303,-0.0774634797398048,-0.02328502613723417,0.2721523689129557,0.03262621857029254,0.88125,0.1293819796806214,0.02308036081138116
search,1130011,5,6,True,0.0,0.9254114855173486,0.995880688104827,1.1625744047619047e-05,2.0816681711721685e-17,0.16785827356931737,0.39591085180377866,3.669589234779524,3.3558533445952605,3.4134527617942254,0.4997803303758059,0.14228553047780346,0.1809339074072611,0.0617312995461421,0.08856189443254309,-0.05363583855391901,-0.014096778853014576,0.2948524861569538,0.0247242552294838,0.85625,0.17739109970150607,0.0576933657663444
search,1130011,5,7,False,0.0001610630764571362,0.9254114855173486,0.995880688104827,7.16920882936508e-05,2.0816681711721685e-17,0.16254028746422006,0.4492827338727037,5.248795233219992,3.5586020387315593,3.227444473744005,0.5309375883438643,0.12801311690771464,0.2115504696916302,0.08777821530253968,0.08404170731552493,-0.017232967041610793,-0.0004868907882639045,0.24115296586246665,0.024628197155824764,0.83125,0.21139577996884532,0.08606711308634496
search,1130011,5,8,False,0.0012527134284102289,0.9254114855173486,0.995880688104827,5.0378224206349204e-05,2.0816681711721685e-17,0.167411497374422,0.39364522024818094,4.015410563093202,3.3460004271519894,3.3051318242967387,0.4921181450282709,0.11040023494833784,0.1016734945454578,-0.005705309778839113,0.08993278446908426,-0.09086183551796008,-0.045715815013695454,0.25014618148805834,0.018811293418348255,0.7999999999999999,0.09294030095069952,-0.012489377110776167
search,1130011,5,9,True,0.0,0.9254114855173486,0.995880688104827,8.719308035714286e-05,2.0816681711721685e-17,0.16830639661795596,0.4072851983254193,3.9952917019784207,3.4326895543758944,3.3232229885978546,0.5247195266585899,0.12876341677847303,0.2038555665904328,0.08391956087708605,0.08485862744865483,-0.04633931141690818,-0.013446686190478674,0.24286304976821416,0.018934668048727468,0.8,0.2007857333353228,0.08052546571567919
search,1130011,5,10,True,0.0,0.9254114855173486,0.995880688104827,7.556733630952381e-05,2.0816681711721685e-17,0.15171666681125634,0.40770876164105274,4.9777639880734625,3.510173526977331,3.296765243312069,0.7273544582631365,0.15824810167729997,0.13739286991183017,0.022460922686246044,0.09552167496581718,-0.07849038516794615,-0.02304959731446919,0.296121077223508,0.03781834335008498,0.8999999999999999,0.13103728707891626,0.017677284353957115
search,1130011,5,11,True,0.0,0.9254114855173486,0.995880688104827,9.688120039682539e-06,2.0816681711721685e-17,0.16786309880740552,0.38874757027850004,3.7931846520660946,3.3261055260989973,3.5034196395520847,0.6008960164655053,0.11542051647114165,0.11144424122788496,0.019591767691278242,0.0891306710602828,-0.07651459178523452,-0.02820465494698137,0.27428716587861335,0.02208610485442204,0.8125,0.10463227932873613,0.013881706905785678
search,1130011,5,12,True,0.0,0.9254114855173486,0.995880688104827,0.0002208891369047619,2.0816681711721685e-17,0.15501973464288044,0.43225736138437776,5.402323175736338,3.5440254836759832,3.247596182244056,0.5808523691645546,0.14949085644429466,0.17663973294845609,0.056254870174775734,0.08922284430791728,-0.050600044582614266,-0.01392996331968327,0.2657916000523398,0.032218493063581544,0.8500000000000001,0.17320670347608225,0.05273992816620355
search,1130011,5,13,True,0.0,0.9254114855173486,0.995880688104827,0.0022340804811507935,2.0816681711721685e-17,0.15227061844183468,0.4349200941599928,5.6775357457304825,3.6441557611800715,3.1954010104794968,0.6065131636133483,0.12359692806760364,0.15576675154317915,0.05013847122614719,0.09071295032239322,-0.04949938515617792,-0.008703890392788235,0.23291147784797536,0.030676392404738337,0.85,0.15221638332826504,0.04705782792295651
search,1130011,5,14,True,0.0,0.9254114855173486,0.995880688104827,0.0,2.0816681711721685e-17,0.1672779243869522,0.392221699653938,3.5728760846422865,3.327694466249583,3.543661830314643,0.6071786361505349,0.14341070760202637,0.12805407973525856,0.02148031422443603,0.09072809337781888,-0.07996896793178455,-0.027628538135084976,0.3233796506250276,0.026031679657411405,0.8374999999999999,0.1213368291640524,0.015828218230903805
search,1130011,5,15,False,0.00045126083477758136,0.9254114855173486,0.995880688104827,0.0003681485615079365,2.0816681711721685e-17,0.1514328264739238,0.40624664176101855,5.109126583877662,3.5119267231866083,3.2885336429686425,0.6290710322946378,0.1343959384210437,0.10887553591974815,0.0025729030267822497,0.09655847807616175,-0.08711759649889657,-0.026829582947525746,0.2781959554105291,0.03606062803222371,0.90625,0.10113826778624264,-0.0028898964659360496
search,1130011,5,16,True,0.0,0.9254114855173486,0.995880688104827,7.750496031746031e-06,2.0816681711721685e-17,0.1745451206840202,0.3935587170601056,3.296890049988474,3.313935136292171,3.4976010056837783,0.4897923108023541,0.13023437560714105,0.21895168261475736,0.09590398565555386,0.08269070883696664,-0.041395221606869495,-0.01152817235537312,0.2565909229263616,0.01597559410585636,0.75,0.2162719568647084,0.09201069783402797
search,1130011,5,17,True,0.0,0.9254114855173486,0.995880688104827,0.0003952752976190476,2.0816681711721685e-17,0.15025281811051408,0.4057502004177949,5.291354663833748,3.60852589298993,3.20028720015043,0.5871980229182352,0.12870843239260765,0.13571957771992516,0.03338174888762892,0.09388864969704654,-0.06849959180447271,-0.016729683982586584,0.24656099837471343,0.032979238641945935,0.85625,0.13036313425621696,0.02913300509268193
search,1130011,5,18,False,1.3848493525034194e-06,0.9254114855173486,0.995880688104827,0.0,2.0816681711721685e-17,0.1744118589155042,0.382454306565761,2.9682265019556393,3.2286389620982394,3.737196968859945,0.6005175271507607,0.13564201733069253,0.14766997476063404,0.04474041544038171,0.08674791005454116,-0.07063074433280662,-0.02530089006423831,0.31188733001728586,0.01892290916031139,0.775,0.14199178697247683,0.03975186406429743
search,1130011,5,19,False,2.118604791093442e-05,0.9254114855173486,0.995880688104827,0.0005948505704365079,2.0816681711721685e-17,0.1594252993518835,0.41441909738774546,4.768249521694068,3.5958101444060633,3.2077374319758993,0.5866454965366763,0.12039927161815533,0.1678147359881132,0.06249087277080486,0.0895325620402945,-0.040357234133763624,-0.005275124389066958,0.24638515218172313,0.027366778945997976,0.8624999999999999,0.16582279168275538,0.0597005758654887
search,1130011,5,20,False,1.4248305517465624e-06,0.9254114855173486,0.995880688104827,7.16920882936508e-05,2.0816681711721685e-17,0.15802965566530333,0.4035635144602067,4.456477394295248,3.460851735792052,3.376109507457102,0.6758995383333877,0.1414740442937688,0.12637189454476022,0.01430170734246201,0.09418892834942584,-0.08768244493008183,-0.031064192423570905,0.2853007005188727,0.029915551966172953,0.8625,0.11886550887179068,0.00881159434523526
search,1130011,5,21,False,0.00048387705736058754,0.9254114855173486,0.995880688104827,3.1001984126984125e-05,2.0816681711721685e-17,0.15887537717639888,0.4022143021473352,4.49685283968179,3.4302029394257474,3.362834189497266,0.6303245813303924,0.13239284217974928,0.11432483515805245,0.002131634682088517,0.09400827250236736,-0.09179809978583112,-0.03576609973863973,0.2783028035524663,0.02836731239424517,0.84375,0.1061283310361894,-0.0039737890457299556
search,1130011,5,22,False,0.00010791264623999364,0.9254114855173486,0.995880688104827,0.0001685732886904762,2.0816681711721685e-17,0.1662916997218286,0.42770029384296626,4.401358825176394,3.478941628786516,3.318435328401648,0.4680567009420329,0.13687483844324316,0.20886761588009362,0.08258237243667953,0.08605322861433679,-0.0259912809792343,-0.0018502440981894967,0.27450350529195544,0.025770949079277045,0.85625,0.20802488387847715,0.08009670266491442
search,1130011,5,23,True,0.0,0.9254114855173486,0.995880688104827,1.9376240079365078e-05,2.0816681711721685e-17,0.1702517441776793,0.3864491619394941,3.5182113351134015,3.3093082353270216,3.412013934934283,0.5487695883835397,0.11692137775976619,0.15337285592394767,0.0537507929689005,0.08761801538186095,-0.06461549888805034,-0.02076053788394176,0.2567678511781473,0.01869618374525778,0.76875,0.1483623717307255,0.049047052141524564
search,1130011,5,24,False,0.0008448251652619752,0.9254114855173486,0.995880688104827,0.00018988715277777778,2.7755575615628914e-17,0.147920420215448,0.4240928943232507,5.878227196369615,3.6029895982027687,3.1054106434211874,0.513477722049585,0.16261592886727105,0.15346272993210192,0.031814125755828676,0.09248873158701766,-0.06650995096366952,-0.018057449749809242,0.282806486419899,0.04006844560906426,0.8875,0.1483211222622722,0.027541423786867903
search,1130011,5,25,True,0.0,0.9254114855173486,0.995880688104827,0.00016276041666666666,2.0816681711721685e-17,0.15989964205507345,0.40050502473975247,4.529241284193768,3.487420634487426,3.318212085141647,0.6437396209811986,0.11804836703064542,0.149246490649376,0.04687598511017251,0.09078668205211164,-0.0687266615550936,-0.02116439879483082,0.23242536544412323,0.023452803339614775,0.8250000000000001,0.14388384200380236,0.042077380484104754
search,1130011,5,26,True,0.0,0.9254114855173486,0.995880688104827,5.8128720238095235e-05,2.0816681711721685e-17,0.1652404027388132,0.394922800701591,3.8773948680469386,3.3461807279261304,3.471183028330751,0.6313428468848097,0.12743890939201635,0.13419366820488274,0.03219516308168606,0.0911384595470472,-0.0768142028875874,-0.026292697341433437,0.2747553804252765,0.02349266263838634,0.8125,0.12776503123650007,0.026788510182720538
search,1130011,5,27,True,0.0,0.9254114855173486,0.995880688104827,0.0008254278273809524,2.0816681711721685e-17,0.14588136367754864,0.41480607832308924,5.827176816182554,3.6033147989651964,3.1399950895240947,0.5848089256779643,0.15803915958907117,0.13345471306102646,0.023361731703061443,0.0947793672544914,-0.07091971350783123,-0.017230385363294725,0.29282249084290557,0.043425946222950956,0.8999999999999999,0.1277389134842155,0.019466880378369612
search,1130011,5,28,True,0.0,0.9254114855173486,0.995880688104827,0.0,2.0816681711721685e-17,0.17429468774024653,0.3815627180409982,3.0755729088858184,3.242607849868525,3.6220332438745317,0.5424005953854976,0.12247006242263155,0.17386744800289317,0.06761545752470041,0.08575768023505553,-0.06205758680758196,-0.02109277885558528,0.26224328442962686,0.015866936847056194,0.71875,0.16913787051437412,0.06282376952121306
search,1130011,5,29,True,0.0,0.9254114855173486,0.995880688104827,5.8128720238095235e-06,2.0816681711721685e-17,0.17368475681718717,0.3810093280959259,3.2830136845781404,3.3131795927843664,3.5156843387338297,0.556496706399593,0.10536870867937081,0.15378448730253597,0.06268177144496465,0.08548371304421698,-0.058381003779503476,-0.018122577161782723,0.2412411883568501,0.015571271108585234,0.71875,0.14929914697678437,0.05799979558708859
search,1130011,5,30,False,0.025884095087671432,0.9254114855173486,0.995880688104827,0.0002732049851190476,2.0816681711721685e-17,0.14534225820257596,0.4124497451771804,5.71024040487107,3.5532767945033683,3.291361260277782,0.6429396727944827,0.17447365544227877,0.12987282947247478,0.01228498844992181,0.0968545158562413,-0.07807266183696249,-0.02117245072096941,0.31785562385818805,0.04790714037860934,0.9312499999999999,0.12342710002108617,0.008145314678451266
search,1130011,5,31,True,0.0,0.9254114855173486,0.995880688104827,0.001614040798611111,2.0816681711721685e-17,0.15547438449255557,0.4064132946151654,4.999525526097168,3.481955131616189,3.2223119234315236,0.4957928420532643,0.11787345944034006,0.11103254663207007,0.015304942951992005,0.09324342362303978,-0.07855118779987998,-0.023532909642183686,0.2524088739829918,0.030234920699143304,0.8625,0.1039085273234127,0.009884227633696223
search,1130011,5,32,True,0.0,0.9254114855173486,0.995880688104827,3.8752480158730157e-05,2.0816681711721685e-17,0.16147713366736433,0.4358904636395865,5.019621484560214,3.4828814442379805,3.2940413744388186,0.6313221922606322,0.1472268164404115,0.20273669721564452,0.07565139372453078,0.08441243036184423,-0.040362063709629914,-0.012277253363935125,0.25937519632758477,0.02646387184777398,0.8125,0.2001279117101793,0.07283040052852616
search,1130011,5,33,False,0.0002476464150503699,0.9254114855173486,0.995880688104827,0.00037589905753968256,2.0816681711721685e-17,0.1400542825352466,0.40973184576905874,6.208995345687811,3.652406058872483,3.149714716921767,0.5421251523456376,0.1564359764825772,0.11700484617921512,0.005793980534964483,0.09681820426755447,-0.08396611715934141,-0.019443824395294445,0.2892516481350652,0.047596335362432976,0.9375,0.10991908711336121,0.001459340313033121
search,1130011,5,34,False,7.443164047612964e-06,0.9254114855173486,0.995880688104827,0.0,2.0816681711721685e-17,0.17586742778883088,0.3864777947004534,3.030172004673092,3.256236367156556,3.5702341988219946,0.43270517769143646,0.1378862053401128,0.20875323651164307,0.08712266921782105,0.08436955236662302,-0.03678302493758821,-0.006384895964718486,0.30299686343989574,0.019253119454496696,0.8125,0.2067068308633146,0.083716197246188
search,1130011,5,35,True,0.0,0.9254114855173486,0.995880688104827,0.00020926339285714285,2.0816681711721685e-17,0.16049722712399364,0.4061867293694627,4.542325367708825,3.5277229344412486,3.3043378624583837,0.6076792328984497,0.13192758824130804,0.16720053534961776,0.05594609733545473,0.08996172142211792,-0.04981575688260684,-0.010766733873393598,0.2681773245879419,0.028524979775712413,0.8624999999999999,0.16419254185768178,0.052484611428206415
search,1130011,5,36,True,0.0,0.9254114855173486,0.995880688104827,6.394159226190477e-05,2.0816681711721685e-17,0.16125326282169572,0.3997145524205952,4.227834977162081,3.3760704668426733,3.4069873198472242,0.6763569468157287,0.12908952761381237,0.12521542864508517,0.021353575817508644,0.09319395112635259,-0.08302467054224906,-0.02934797267881737,0.2713838768131319,0.02613850561706415,0.8375,0.1180258157377563,0.015773435407581284
search,1130011,5,37,True,0.0,0.9254114855173486,0.995880688104827,0.00018794952876984128,2.0816681711721685e-17,0.15788896706865263,0.3987697780084265,4.676875255495804,3.4640039035568817,3.320272556139461,0.605726955711774,0.1133472721634887,0.11833965332411896,0.022774868937083668,0.09250661282081749,-0.07840195815496852,-0.026098413661218095,0.23894276329350012,0.02587590720138216,0.8250000000000001,0.1114625197642361,0.017420200460192607
search,1130011,5,38,True,0.0,0.9254114855173486,0.995880688104827,0.00034877232142857144,2.0816681711721685e-17,0.1591790776292678,0.41592740701489905,4.7440032977734585,3.495652606521232,3.297509833634959,0.632936285723123,0.14431426857758606,0.17388852316751968,0.05584429756631309,0.08985973375133319,-0.05085550301406587,-0.012612745696174217,0.2771864984002044,0.030674443573183365,0.8625,0.170650252208173,0.05199065900316133
search,1130011,5,39,True,0.0,0.9254114855173486,0.995880688104827,3.293960813492063e-05,2.0816681711721685e-17,0.171665716155464,0.3833191766124698,3.568201777572153,3.3228045173811473,3.515196347773829,0.6744155772642713,0.09744811372576616,0.11783578777002512,0.03887458376116089,0.08579124729839416,-0.06604916688206389,-0.024126986522055634,0.2340357618309632,0.016321921891928586,0.7374999999999999,0.11203009464322107,0.03370738127971526
search,1130011,5,40,False,0.0019072178775990684,0.9254114855173486,0.995880688104827,8.913070436507936e-05,2.0816681711721685e-17,0.15084866027307373,0.4144724810309406,5.342138558939008,3.5591435294997074,3.1253656242507892,0.47332245691060426,0.16393045351181673,0.14846567404965347,0.026269914546408507,0.09286889702222809,-0.07642320666980101,-0.02373577046565511,0.2906511095940826,0.037861682138079014,0.8999999999999999,0.14229892988032944,0.021525911509651774
search,1130011,5,41,False,4.6902048626810785e-06,0.9254114855173486,0.995880688104827,0.00038171192956349206,2.0816681711721685e-17,0.16045453374331162,0.4295445636925186,4.904125746058251,3.5533605493570017,3.2007734157531265,0.5508820249428699,0.11512153902599315,0.18739294373334542,0.07919960126094024,0.08736463704831904,-0.036915203183652524,-0.006717912656253615,0.21278859677387274,0.021914672390992658,0.8374999999999999,0.1852997288011956,0.07635052619927293
search,1130011,5,42,False,0.00011675574955816326,0.9254114855173486,0.995880688104827,7.16920882936508e-05,2.0816681711721685e-17,0.15737599895267274,0.40672913260227594,4.42033156943873,3.4709924343572744,3.4851099120367857,0.7803428575399707,0.16097248217023302,0.1372553532849145,0.017396391727996022,0.09336388630870886,-0.08666549464990472,-0.030525188246570883,0.3089771979150696,0.033371523685109275,0.8875000000000001,0.1300136067573412,0.012042836367797502
search,1130011,5,43,True,0.0,0.9254114855173486,0.995880688104827,0.0014086526537698413,2.7755575615628914e-17,0.14769660690634245,0.41469793228517715,5.635807080840698,3.6101285779050567,3.182599901943197,0.681492193324233,0.14834204511099236,0.13209864095120188,0.026849030280654662,0.0943505664912491,-0.06945647527697514,-0.015439616956556108,0.2829273590024086,0.04056701280992493,0.89375,0.1264778167076236,0.022997434493489892
search,1130011,5,44,False,6.038966837297724e-05,0.9254114855173486,0.995880688104827,0.0,2.0816681711721685e-17,0.17645693860824338,0.38019680289278773,2.79018086778394,3.1993300867460004,3.750017478506276,0.6073063522373873,0.13769763572344046,0.18249892683473284,0.06902181397188108,0.08423331779017718,-0.06385998613163693,-0.023638693018217864,0.29092571435558956,0.015770020789448908,0.75,0.17754714002448546,0.06382898892586969
search,1130011,5,45,True,0.0,0.9254114855173486,0.995880688104827,3.875248015873016e-06,2.0816681711721685e-17,0.16992830387860958,0.3877514829485482,3.560076651824149,3.284814862392542,3.447330305443163,0.5768577048028797,0.11740664058750153,0.13460861056209195,0.03698800361299483,0.08795901656744803,-0.07576415534119949,-0.029298943937344425,0.25992045375090644,0.018355771168630533,0.76875,0.12813123042458133,0.031376854752256544
search,1130011,5,46,True,0.0,0.9254114855173486,0.995880688104827,0.000362335689484127,2.0816681711721685e-17,0.15149931120516485,0.42551822971635417,5.4711727822746585,3.5426074748658465,3.2613001737220753,0.6588041806416812,0.15267470590253318,0.15755328191026757,0.042505686783972985,0.09307132771208182,-0.05266607273819053,-0.011599223023911958,0.2851292458420459,0.0385249128088404,0.875,0.15409832720947608,0.03935000511429961
search,1130011,5,47,False,0.00023174279977210502,0.9254114855173486,0.995880688104827,0.0003158327132936508,2.0816681711721685e-17,0.16030592472899538,0.3996268789869002,4.504774994444549,3.390528630215679,3.3429270218677947,0.5701455443294787,0.12107185321966675,0.10662086111246133,0.00609448599731556,0.09302651297733851,-0.08486519988199429,-0.031427216910930526,0.2685592237543099,0.02738537595823206,0.84375,0.09884966785861471,7.796492436264006e-05
search,1130011,5,48,True,0.0,0.9254114855173486,0.995880688104827,3.1001984126984125e-05,2.0816681711721685e-17,0.16596717432984825,0.4073497402274335,4.1177565602273,3.4611503090655953,3.3013405133145715,0.5603882090093568,0.12545290987233645,0.19475667508032607,0.07920558927249098,0.08691079330334435,-0.04569313047497585,-0.011876001669714125,0.2402096702670543,0.020685024743795737,0.8125,0.19187899186170831,0.07579705676076884
search,1130011,5,49,False,3.105590700282933e-05,0.9254114855173486,0.995880688104827,2.3251488095238094e-05,2.0816681711721685e-17,0.1690876742726574,0.3887002099585365,3.8190038313109085,3.3165896233266823,3.38117996989527,0.5565711390716863,0.10708910699928309,0.10717443476428419,0.011739922121475736,0.08751045635030832,-0.08366951904666715,-0.03929261932007098,0.24472654494556337,0.017351220547154416,0.78125,0.09928956558790342,0.005509218417745468
search,1130011,5,50,False,5.164648184326733e-07,0.9254114855173486,0.995880688104827,0.00017632378472222222,2.0816681711721685e-17,0.15839531544016772,0.42837819725308623,5.018437696431515,3.5474531432685863,3.3074543614684115,0.5826184843249573,0.13421194548712867,0.18237499510241223,0.06671188414993753,0.08884220541333399,-0.039261500973410045,-0.007574556318501275,0.2535946662297339,0.02870467956816293,0.8625,0.1802915358764008,0.06403534236708175
search,1130011,5,51,False,1.5018034290339981e-05,0.9254114855173486,0.995880688104827,2.5189112103174602e-05,2.0816681711721685e-17,0.16721957251255032,0.3989744861405035,3.908714408371537,3.450230126344028,3.3478374439473075,0.5019440054793705,0.12286188455309698,0.18035145269077923,0.06993365120810359,0.087644694841243,-0.041037279152850215,-0.005705815968687405,0.2692196061531893,0.02387617332403883,0.8375,0.1782948253792117,0.06681131774997304
search,1130011,5,52,False,0.00010252071467411236,0.9254114855173486,0.995880688104827,0.0005483475942460317,2.0816681711721685e-17,0.15008304577691328,0.41243953421153623,5.217671112156049,3.533969839727563,3.3110424745496023,0.7208126271310109,0.1544063024055817,0.12273783856865308,0.009076727966795033,0.09650634286998597,-0.08833444488445884,-0.02690538861973201,0.29611122595168904,0.03896991206198164,0.8999999999999999,0.11516636468851185,0.003585740918697424
search,1130011,5,53,False,0.00016238031657889315,0.9254114855173486,0.995880688104827,0.0008951822916666666,2.0816681711721685e-17,0.15064389761700392,0.410947940872603,5.2699730371965545,3.5768084678003276,3.2876160221668647,0.621810265850785,0.13393465727720577,0.11527090757009466,0.007545430673659832,0.09572173446380894,-0.08699461063688661,-0.026246688935633075,0.2689872835593573,0.03554855870671961,0.875,0.10766159165878059,0.0020947764630754075
search,1130011,5,54,False,6.987096040146535e-06,0.9254114855173486,0.995880688104827,0.0,2.0816681711721685e-17,0.1725304924226232,0.40950036776957066,3.55339691443376,3.326746080157187,3.444076957855316,0.4518710398185968,0.15774808204666219,0.22013275189480486,0.08578891264706043,0.083897256973432,-0.030546275379183654,-0.006435159552346018,0.320474903251473,0.024382152122233925,0.8374999999999999,0.21839071009307753,0.08283981843460778
search,1130011,5,55,True,0.0,0.9254114855173486,0.995880688104827,0.0003681485615079365,2.0816681711721685e-17,0.14975620650577764,0.42779824009748535,5.710209604021715,3.6393419412826296,3.1582524292971494,0.6317522041951863,0.13576795819277426,0.15482999983909473,0.04797965536900518,0.09133698923916782,-0.04897836457867816,-0.009426245884796954,0.2512537313978495,0.034509610007068627,0.85625,0.1516313351971087,0.04522445967041522
search,1130011,5,56,True,0.0,0.9254114855173486,0.995880688104827,2.712673611111111e-05,2.0816681711721685e-17,0.1696021223031196,0.3933413099758149,3.5042010145102975,3.302780266546272,3.489289853766545,0.585400654059023,0.13186045390293358,0.15532657769361852,0.0453806590452117,0.08810607380790639,-0.07874608778137246,-0.03121250652460835,0.2685160788039367,0.01843208261737664,0.7625,0.148826774804814,0.039605397003505835
search,1130011,5,57,True,0.0,0.9254114855173486,0.995880688104827,0.00017438616071428572,2.0816681711721685e-17,0.16710313895471096,0.3940326361950295,3.9284909817561404,3.3767511574547533,3.384127794829883,0.5958563564332761,0.11312892176552157,0.15570216949007806,0.055299584067616966,0.0880976749675424,-0.0692234608748434,-0.02439039759750368,0.2296075724743772,0.01793564403111403,0.775,0.15016207081064953,0.050449751760501406
search,1130011,5,58,True,0.0,0.9254114855173486,0.995880688104827,2.3251488095238094e-05,2.0816681711721685e-17,0.15957399608825634,0.40565653730489337,4.355429790314745,3.432889898906623,3.4119720647694685,0.7099810338086381,0.15686554963963992,0.16086266917696473,0.04093389779850856,0.09127219221985332,-0.06965063482022019,-0.02245632104930378,0.29692049918138363,0.0312950765262852,0.8625,0.15554800724322781,0.036339373743389074
search,1130011,5,59,False,0.00210969481599522,0.9254114855173486,0.995880688104827,0.00019182477678571428,2.0816681711721685e-17,0.15856919287346818,0.39898005689805294,4.788577956123655,3.4500039782588345,3.223389305019989,0.5393814426340322,0.1106632054840413,0.08875166044842167,-0.01186987734255525,0.09326262652658707,-0.08528351401532396,-0.03407780173752708,0.25801861670237586,0.028829505071714254,0.8625,0.08043560603902654,-0.01792465390639879
search,1130011,5,60,False,0.00024323379198609875,0.9254114855173486,0.995880688104827,0.00016276041666666666,2.0816681711721685e-17,0.16162540642856854,0.4926395731790669,6.80005136495854,3.515536708887945,3.089707484209777,0.42289740981756907,0.14531884357091462,0.23179255867603524,0.09351418437472034,0.08378120030132014,-0.0014517149020001705,0.0012328049732795768,0.2494116138497331,0.028015117721015698,0.83125,0.2324536012456489,0.09270068387659858
search,1130011,5,61,False,1.3872838609352408e-06,0.9254114855173486,0.995880688104827,0.0006762307787698413,2.0816681711721685e-17,0.15730711166655284,0.43191857261105354,5.241173964337531,3.5728843060269657,3.232450829451748,0.5687670390399443,0.1276252865617406,0.17930815446899295,0.06779376674277562,0.08833817159522425,-0.03937213155075832,-0.007302724551530166,0.2387327753362636,0.027406828120146966,0.85,0.177082818295014,0.06518681052744728
search,1130011,5,62,False,0.00017035424241052552,0.9254114855173486,0.995880688104827,0.0,2.0816681711721685e-17,0.16794056027568466,0.3905542809154888,3.6290312575205017,3.303159427262487,3.4982494150964736,0.575030040281364,0.13172659791564667,0.10981466784662536,0.00736459034439264,0.09087761360726068,-0.08492445430184326,-0.03329707806286744,0.3079230210387315,0.024146401256280953,0.8187500000000001,0.10214099493941443,0.001204878997329687
search,1130011,5,63,True,0.0,0.9254114855173486,0.995880688104827,0.00012982080853174603,2.0816681711721685e-17,0.15550583523574774,0.41008058978240475,4.9235022668453325,3.524533912737956,3.3137245079561133,0.7151904847937174,0.14894837662813687,0.1581163058227542,0.04294572313384683,0.09188725217036425,-0.060797910877965745,-0.016565095824645076,0.2832568492137776,0.03392848126209789,0.875,0.15381775056157124,0.03891160661370871
search,1130011,5,64,True,0.0,0.9254114855173486,0.995880688104827,4.262772817460317e-05,2.0816681711721685e-17,0.1658129257205985,0.40371925717645096,3.899837311114575,3.382769289556281,3.383489611060593,0.5882388962568189,0.1402603997429201,0.17969720445738419,0.061222863399652376,0.08854167324964873,-0.06392613050852144,-0.02121081280573524,0.2668938362148397,0.02240077786268075,0.81875,0.17494685114274489,0.05682886639875435
search,1130011,6,0,True,0.0,0.940254844907642,0.896133439469057,2.9064360119047617e-05,2.0816681711721685e-17,0.1683320983671054,0.4194841352458326,4.1218402082012915,3.413001238263406,3.269708834345833,0.46102113688149526,0.14400912407981675,0.2024104105263464,0.07002615313481245,0.08488603363909539,-0.039991325609710776,-0.013980468490001714,0.2624444227972647,0.022082795983460086,0.83125,0.20058750152950428,0.0664622765195777
search,1130011,6,1,False,0.0013967411478535412,0.940254844907642,0.896133439469057,0.00030420696924603175,2.0816681711721685e-17,0.1597705996025437,0.40777488559826325,5.00896328101431,3.4533772598056647,3.183944131063457,0.5124369833077955,0.11543756393808527,0.09639086755173779,-0.00686320514755735,0.09300478634623771,-0.08314741486966606,-0.03409611438626544,0.24682339588116362,0.026036496810289834,0.8375000000000001,0.08833382454486714,-0.01289517271031861
search,1130011,6,2,False,2.3974246146558978e-05,0.940254844907642,0.896133439469057,0.00023832775297619047,2.0816681711721685e-17,0.15605015424487673,0.4686879575563411,6.396761804937869,3.6476700332612753,3.0107384918411366,0.3862922910423612,0.15856365807632417,0.2066318144451522,0.06103662975854769,0.09100393294784274,-0.01910285602410859,-0.005101360629276618,0.2679859444815157,0.033691372062847766,0.8500000000000001,0.20734401257073737,0.05866426647198776
search,1130011,6,3,True,0.0,0.940254844907642,0.896133439469057,8.719308035714286e-05,2.0816681711721685e-17,0.16207792714906585,0.4040965212304509,4.434261233292191,3.4435362944251255,3.29240431073792,0.4904355194696952,0.12454011602138837,0.11359191239709444,0.026073131734335744,0.09230607709831172,-0.06888583650630813,-0.021767310495860552,0.26498335940921386,0.026322662705593174,0.8562500000000001,0.10731502151029387,0.020951067565375486
search,1130011,6,4,False,0.016260496787735897,0.940254844907642,0.896133439469057,0.00015307229662698413,2.0816681711721685e-17,0.15948441087078236,0.4178353602627637,4.742280977546638,3.4401017036005506,3.2683159310663354,0.5424976654829652,0.17147649876838145,0.15479260964159927,0.03508844715087107,0.09100789426258424,-0.06642650733006955,-0.023385385741309772,0.29829689447451097,0.032126117291253635,0.86875,0.14978764463819774,0.03019555021072945
search,1130011,6,5,True,0.0,0.940254844907642,0.896133439469057,0.0004185267857142857,2.0816681711721685e-17,0.15337254310637208,0.4184735120390849,5.42854599748599,3.510196087927496,3.254856437424272,0.6514439514410876,0.1485931295741168,0.11981502242198884,0.017450596140848474,0.09728639787696239,-0.07808214168846578,-0.02260402627466586,0.2786599458086741,0.03481096999613104,0.8875,0.11320444380099468,0.011790965318679845
search,1130011,6,6,True,0.0,0.940254844907642,0.896133439469057,1.1625744047619047e-05,2.0816681711721685e-17,0.1671933841347023,0.40325186329322427,3.8220949524656804,3.3487429050738893,3.370111340244434,0.5019152813700025,0.1476579849731795,0.1538797518506646,0.04595900965155781,0.08867614631399112,-0.05851255959947876,-0.019103506903944814,0.29307271909693755,0.025658468960629746,0.825,0.14964547148180052,0.04182131091600946
search,1130011,6,7,False,5.116803390591128e-06,0.940254844907642,0.896133439469057,9.688120039682539e-05,2.0816681711721685e-17,0.16140089958017184,0.4359075819155689,5.141603156843469,3.587218735690043,3.0997725077228315,0.39145110507293274,0.13418685210101722,0.20175382992870888,0.07100449572858189,0.08778248226295589,-0.02656841803642978,-0.006660875142684548,0.24480877495208453,0.025610620358918625,0.825,0.2016545461159668,0.06843512156033911
search,1130011,6,8,False,0.002473721906085217,0.940254844907642,0.896133439469057,6.781684027777778e-05,2.0816681711721685e-17,0.16739221619046737,0.4002914456277453,4.207784338327034,3.3658478014819813,3.246231646955053,0.48792688174947046,0.11528396066220299,0.09291334130538427,-0.014095867048603541,0.09084394493638337,-0.0874288459589325,-0.04504935963342526,0.25275953409196483,0.019676899482223092,0.80625,0.08421780608220567,-0.0212502146778143
search,1130011,6,9,True,0.0,0.940254844907642,0.896133439469057,0.00011431981646825397,2.0816681711721685e-17,0.16743776536236138,0.4084082937397283,4.129506005693662,3.3911395436186194,3.2745930705292947,0.43284233335686595,0.13462497940871201,0.18369383826201663,0.06482695334617558,0.08607866890171931,-0.053053454160650396,-0.019189124368461357,0.24679534169450937,0.01975343590840014,0.78125,0.18028488538670007,0.06059676859029513
search,1130011,6,10,False,0.006068045691468456,0.940254844907642,0.896133439469057,0.0001240079365079365,2.0816681711721685e-17,0.15110934383006203,0.41885354036323197,5.447201804559768,3.5176703059297987,3.1883634207176015,0.6790798298012766,0.16700367500924546,0.11979192749084683,0.012947538507406306,0.09951827573797703,-0.0791347820829793,-0.022760376235645273,0.30074747744458485,0.03993844426652471,0.9,0.11317244942511188,0.007506823022013743
search,1130011,6,11,False,7.283322044687516e-05,0.940254844907642,0.896133439469057,9.688120039682539e-06,2.0816681711721685e-17,0.16762957553094757,0.39574563236614246,3.9817612280947885,3.3421787356655974,3.3458721151460984,0.49098102387155695,0.11958079662532461,0.09645912386471284,0.010007470694384273,0.09043961723342794,-0.075217000962155,-0.030604632174263006,0.2740730340621535,0.022585180993782324,0.8,0.08917271983078406,0.0044924642915309555
search,1130011,6,12,True,0.0,0.940254844907642,0.896133439469057,0.0002964564732142857,2.0816681711721685e-17,0.1540165568269333,0.4247550916459527,5.584558870397002,3.5331930233788387,3.1200206425554016,0.5416997853556529,0.15865514442497292,0.16041366011995623,0.04564184625260497,0.09356385225411898,-0.05739327037898169,-0.015756728078232172,0.27269310449126494,0.033908665031794974,0.8875,0.15669672935422743,0.04103618397464988
search,1130011,6,13,True,0.0,0.940254844907642,0.896133439469057,0.0024123418898809525,2.0816681711721685e-17,0.15138793384163352,0.4265476271717106,6.025478437404236,3.5700083993107343,3.0378589861441987,0.46373848236506104,0.1308535149287663,0.14457726074352595,0.045082308340871,0.0962200134718326,-0.05537241203534749,-0.01016712121077118,0.24232237123001016,0.03226132794497536,0.88125,0.14097450359657038,0.04094063098048918
search,1130011,6,14,False,5.728581522386667e-05,0.940254844907642,0.896133439469057,0.0,2.0816681711721685e-17,0.16702771499982427,0.40041958375162556,3.7958821472310422,3.3293669026360164,3.501022973741005,0.5732816072832956,0.14836541324026667,0.10963699270141636,0.010572287485056446,0.09118902189723463,-0.07872055734123175,-0.029839536235589,0.3203449854709277,0.0270215714667102,0.83125,0.1024341724414229,0.004739138603317708
search,1130011,6,15,False,0.0011569943550733739,0.940254844907642,0.896133439469057,0.0004979693700396825,2.0816681711721685e-17,0.1512652703479608,0.4143681861247728,5.689177379042208,3.499203156959388,3.2612545301011826,0.6798309143663919,0.141407858434393,0.10111675446718466,-0.0048985525394432995,0.09895727134526391,-0.08420473968108383,-0.024721422135435784,0.2836193179340734,0.03843828690698557,0.8875,0.09343322990059028,-0.01093593527664272
search,1130011,6,16,True,0.0,0.940254844907642,0.896133439469057,5.8128720238095235e-06,2.0816681711721685e-17,0.17373994206135682,0.39757432105757934,3.397055930446079,3.326923628668001,3.4139690769601803,0.46691427858695406,0.1351422251497313,0.19415676410318755,0.07068026489985427,0.08327905903360262,-0.04893585287133869,-0.019462818730749714,0.2564270232185385,0.016639496855514854,0.7625,0.19112331861185483,0.06667360023585005
search,1130011,6,17,True,0.0,0.940254844907642,0.896133439469057,0.0005289713541666666,2.0816681711721685e-17,0.14960758035079036,0.4156676160483911,5.83971449719752,3.5745620034347967,3.1537969194956306,0.6428034319683681,0.13624566022917767,0.12148840485455242,0.025159746310005778,0.09783661747814908,-0.07081413037389,-0.016127853047905573,0.25589278951162,0.035418886869254027,0.8875,0.11574399410118477,0.020124841963107452
search,1130011,6,18,True,0.0,0.940254844907642,0.896133439469057,0.0,2.0816681711721685e-17,0.17403444797516177,0.38768046971525394,3.1207844555978435,3.2254407009469395,3.6607072139198804,0.5532110978960495,0.14002777117344486,0.12309483954762228,0.028649499438085244,0.0862695496854849,-0.07163748091615516,-0.029962917870509812,0.3080234024186519,0.019534245281502813,0.7875,0.1167976942001085,0.023724694677991078
search,1130011,6,19,True,0.0,0.940254844907642,0.896133439469057,0.0007033575148809524,2.0816681711721685e-17,0.15859166285821608,0.418146151866186,4.993408032125435,3.51588972737363,3.188692706620111,0.4457986008495003,0.12604543754515685,0.1479111298779453,0.052135666926069496,0.09291874540836427,-0.04682469422424059,-0.009157489127575386,0.2504114741587408,0.028771969579316724,0.8625,0.14509273630855096,0.048647197345427134
search,1130011,6,20,False,0.00031045773989102446,0.940254844907642,0.896133439469057,9.88188244047619e-05,2.0816681711721685e-17,0.15770211318360122,0.4149060103882575,4.874900904182122,3.4288871206372296,3.366490198473528,0.7274942078896813,0.1484717361876732,0.11169255758333058,0.004692410561425828,0.09604927788672035,-0.08535225553707845,-0.030426388091847327,0.28918125454096333,0.031712048339414795,0.875,0.10399058894346054,-0.0016041446919942042
search,1130011,6,21,False,0.0012375195649915382,0.940254844907642,0.896133439469057,3.8752480158730157e-05,2.0816681711721685e-17,0.15871551847911,0.41042450782308737,4.879870472538246,3.410915733102427,3.2558905748945173,0.5748616300723839,0.13877310872789786,0.10324484306500063,-0.005579361825120555,0.09510841263880959,-0.08811565730769874,-0.034366243512916006,0.2820982257718412,0.029949809929702472,0.85625,0.09504318172220277,-0.012394876436694013
search,1130011,6,22,True,0.0,0.940254844907642,0.896133439469057,0.0002208891369047619,2.0816681711721685e-17,0.16534000973540453,0.4217028864425742,4.373772157844826,3.455715269360844,3.2899194076527714,0.4872872947525206,0.14244015609521443,0.1876743410482446,0.06432395793670087,0.0874782357340467,-0.03490750679251377,-0.008508598027720133,0.2737529223795817,0.027002160395030582,0.85,0.18668681213093877,0.06119166356799438
search,1130011,6,23,True,0.0,0.940254844907642,0.896133439469057,2.1313864087301586e-05,2.7755575615628914e-17,0.1697306692478384,0.3956329767411597,3.7252191917115756,3.325493334259929,3.362170626333467,0.44798763202363356,0.12148455534896113,0.12986553668425058,0.03983765944686389,0.0874683546905489,-0.06651019859031286,-0.02538952093041525,0.25771437000745745,0.019192067954012314,0.78125,0.12408407933180907,0.03500217191157015
search,1130011,6,24,False,0.021366214671681694,0.940254844907642,0.896133439469057,0.0002712673611111111,2.0816681711721685e-17,0.1469019942278971,0.419763743167913,6.211660061548301,3.590732595427869,3.060834700430697,0.5888165188675565,0.1731554680205845,0.13444810874305674,0.022700244264756586,0.0977620395161449,-0.07073556965498767,-0.018569896922922553,0.290453649968619,0.042911945290395985,0.90625,0.12904599977713208,0.017730375699853897
search,1130011,6,25,True,0.0,0.940254844907642,0.896133439469057,0.00020345052083333334,2.0816681711721685e-17,0.15927331081320142,0.4111815715683862,4.878782070236615,3.4803725691519647,3.236290086166319,0.5514598361462042,0.12414117356865251,0.13079141064966499,0.034022865186627886,0.0917783012943637,-0.07060134724070341,-0.02287968040725398,0.24013087968555558,0.024591583327626253,0.85,0.12485737611794905,0.028689456667589215
search,1130011,6,26,True,0.0,0.940254844907642,0.896133439469057,8.138020833333333e-05,2.0816681711721685e-17,0.1648731975981134,0.4025528476717044,4.147780563253713,3.3765327245371464,3.3606591226255373,0.48418125834928877,0.13273857074008238,0.11603505629735453,0.02150155515617776,0.09196955157089548,-0.07632703408180169,-0.02855117680265786,0.2760580172935194,0.024488145057645388,0.83125,0.10904471454863743,0.015669047185273437
search,1130011,6,27,False,0.006863186389035194,0.940254844907642,0.896133439469057,0.0010269407242063492,2.0816681711721685e-17,0.1452236802653039,0.42173763065136066,6.349629833881922,3.585265072309404,3.12781537242247,0.6400061546720973,0.16737900530914407,0.11830106888091044,0.014995877055050868,0.1011874290083904,-0.07365138024578433,-0.015983673058981827,0.298730606027059,0.04564430644610415,0.90625,0.11238356170267041,0.010024436641488946
search,1130011,6,28,True,0.0,0.940254844907642,0.896133439469057,0.0,2.0816681711721685e-17,0.17372792659694378,0.3910096615019062,3.261062517704284,3.2579274487846077,3.41219029269977,0.44428718834757347,0.12716173718343646,0.14720714820537312,0.04843514906215619,0.08564260085759395,-0.0651869402025855,-0.02707213980208389,0.2621566780344164,0.016337318980078105,0.76875,0.14181126552782658,0.043524931668376884
search,1130011,6,29,True,0.0,0.940254844907642,0.896133439469057,1.937624007936508e-06,2.0816681711721685e-17,0.17311694232521743,0.3856173551103492,3.458586951104653,3.3014832651025827,3.4647034664158314,0.501420215483919,0.10932380381885676,0.1289253477909511,0.04506473875181065,0.08534580834290229,-0.06095079177864077,-0.024166134777156404,0.24222172549868398,0.015735943588875725,0.7562500000000001,0.12366303089191044,0.04078113803031173
search,1130011,6,30,False,0.07345965301781095,0.940254844907642,0.896133439469057,0.0004088386656746032,2.0816681711721685e-17,0.144717625840078,0.42086089131590493,6.235845144149271,3.5755997792818968,3.1189420945791455,0.6022561155321556,0.1842065113049156,0.11323750321731793,0.003776880604505515,0.10274125675686892,-0.07932640387414733,-0.02085593237808379,0.320940579625173,0.049693590943277265,0.91875,0.1067504051155632,-0.0015100255367095534
search,1130011,6,31,False,0.000193562468494413,0.940254844907642,0.896133439469057,0.0017109219990079365,2.0816681711721685e-17,0.15521429614650184,0.4140030662243156,5.450879546335087,3.5088953317374347,3.167461335176834,0.5292245777607838,0.12381321063179382,0.10231279924780257,0.006861086326757084,0.09532446276260098,-0.07705087215701657,-0.02311418666771426,0.25818918202461805,0.03178974080246438,0.8562500000000001,0.0949645677862819,0.0014853103955882975
search,1130011,6,32,True,0.0,0.940254844907642,0.896133439469057,5.0378224206349204e-05,2.0816681711721685e-17,0.16040159283176864,0.4297591172710628,5.087902931133836,3.537160801812669,3.1023669075070135,0.399262369890661,0.15552808969972548,0.1881479366438713,0.05876809598626116,0.08832087817856304,-0.04840652564602065,-0.01640750947268616,0.26487807445535716,0.027419583284308286,0.83125,0.18532651599002847,0.05503977678135159
search,1130011,6,33,False,0.006499199876276255,0.940254844907642,0.896133439469057,0.0005405970982142857,2.0816681711721685e-17,0.1394758802892849,0.41719361487716106,6.9349632607304335,3.652246051613263,3.052822627371328,0.6078718882276336,0.16603282529138524,0.10374660610412209,-0.003276838172936023,0.10320920728222577,-0.08316007917040967,-0.016765416560409505,0.2971444506334545,0.05214980591922565,0.9125,0.0968320871622807,-0.009089837836558319
search,1130011,6,34,True,0.0,0.940254844907642,0.896133439469057,1.937624007936508e-06,2.0816681711721685e-17,0.1751285463515186,0.3893381490118123,3.110621947040771,3.274647455096299,3.5865100108929586,0.4693392322888786,0.1418018721247095,0.17797199247179166,0.06352134639822896,0.08324518383601681,-0.044303047560740466,-0.014528362915686047,0.29755550509864653,0.020043686819957513,0.79375,0.1754517711673185,0.06028164377395767
search,1130011,6,35,True,0.0,0.940254844907642,0.896133439469057,0.0002751426091269841,2.0816681711721685e-17,0.15977437212505874,0.41147337654059785,4.710792363396301,3.4575613467559263,3.314343780493327,0.5319122003706308,0.13800185730091535,0.14458813273380566,0.04505133665669149,0.09234518965987046,-0.05515937378310693,-0.014035702114996565,0.27068622843950263,0.02959620362245553,0.8812500000000001,0.1407448231065903,0.04111115911868016
search,1130011,6,36,False,4.113484471845513e-05,0.940254844907642,0.896133439469057,8.913070436507936e-05,2.0816681711721685e-17,0.16094864242223295,0.40741264396581733,4.5727244457766565,3.4158423246639726,3.319039788775349,0.6151799022730232,0.1350105938498014,0.11055313229105163,0.011248017559506267,0.09433290564226689,-0.08125407174296184,-0.029779663322771727,0.27456889410739393,0.02749861821822464,0.8625,0.1030223089959488,0.005284125957122964
search,1130011,6,37,False,4.79967948367551e-05,0.940254844907642,0.896133439469057,0.00023251488095238094,2.7755575615628914e-17,0.1575646149272453,0.4079931862170287,5.055939170503466,3.4965558116885065,3.2389990271783056,0.5856822034166289,0.11893896012021986,0.10544221245104071,0.010947136430496517,0.09313029131652545,-0.07714404498996813,-0.026226853950701644,0.24526858508818708,0.02717345212057362,0.84375,0.0981736754943549,0.005406702620158573
search,1130011,6,38,True,0.0,0.940254844907642,0.896133439469057,0.00048053075396825394,2.0816681711721685e-17,0.15840078622988113,0.41831726628126553,4.958867952012963,3.4540594835274216,3.2222519588634455,0.47613931859313363,0.15181164693833155,0.15314827868132388,0.04531321581996739,0.0931700838655784,-0.05706038816596011,-0.01550855862508594,0.2804323538020437,0.032194138324391997,0.88125,0.1493523843473812,0.04086585353712662
search,1130011,6,39,True,0.0,0.940254844907642,0.896133439469057,3.681485615079365e-05,2.0816681711721685e-17,0.17125814538255632,0.38793798055390327,3.742425875600145,3.321035363042895,3.3219144074328364,0.4421539496265886,0.10110625135991497,0.09956246075355163,0.025039436735462765,0.08771870724995583,-0.06642015766909094,-0.028216304852450254,0.23578576702026913,0.01665855517325745,0.7875,0.09314796655919681,0.019993799319821155
search,1130011,6,40,False,0.024200740609766153,0.940254844907642,0.896133439469057,0.0001433841765873016,2.0816681711721685e-17,0.14997386212082225,0.41972133188853167,5.746037535063917,3.569079444135407,3.130839112542601,0.658661872466361,0.1740008863813965,0.1285626904361871,0.014776767407096554,0.09699159215637546,-0.07828471595359775,-0.023699358259175053,0.29732569224021455,0.04057084215452397,0.90625,0.12216453663714408,0.009366719443841081
search,1130011,6,41,True,0.0,0.940254844907642,0.896133439469057,0.000499906994047619,2.0816681711721685e-17,0.15941049718226133,0.4235942142504563,5.146476194625537,3.500086830701215,3.0613287605071475,0.39489617219666306,0.12116186982541242,0.1782604303107902,0.06560336652914517,0.09129899102459138,-0.04439014814345922,-0.011372905186137736,0.22130981968674063,0.02319589423019317,0.81875,0.17610012182165752,0.061959396390489405
search,1130011,6,42,False,0.010374450306552973,0.940254844907642,0.896133439469057,9.688120039682539e-05,2.0816681711721685e-17,0.1569179297012299,0.41875323957400096,4.84360176459278,3.4458420413612396,3.292220647830344,0.6460104446843884,0.16906536474317835,0.1194829925629027,0.0061537661261859425,0.09618029696274571,-0.08529966812446874,-0.03035985821967218,0.3114573314561207,0.03486026515327753,0.8875,0.11206314342894777,0.0003890006477944002
search,1130011,6,43,False,2.5154752462317922e-05,0.940254844907642,0.896133439469057,0.001590789310515873,2.0816681711721685e-17,0.14710043890521385,0.42443219118243064,6.174155722662777,3.5552441446127157,3.140085864879415,0.6454834030532537,0.156868912570273,0.11885395694756332,0.020305847308092182,0.1005015451371743,-0.07196557270982788,-0.014646602329908564,0.28917726369875685,0.04272004763780006,0.8999999999999999,0.11301966272143574,0.01551164566540111
search,1130011,6,44,False,4.546775659626533e-06,0.940254844907642,0.896133439469057,0.0,2.0816681711721685e-17,0.17593527342232884,0.3884557978576125,2.9424274418158465,3.187031250254019,3.5803401134561743,0.50811722879672,0.14264932911083833,0.15426930187151677,0.04759650611745066,0.08421586413083033,-0.06731531298298256,-0.0296992744836014,0.2883984960208625,0.016213507696123605,0.7562500000000001,0.14873641771239593,0.04274122495192928
search,1130011,6,45,True,0.0,0.940254844907642,0.896133439469057,1.937624007936508e-06,2.0816681711721685e-17,0.16957257353828606,0.39488552231275464,3.7615665436637764,3.313549971950386,3.3627317958961176,0.445020278245942,0.12219631792531999,0.11541953579036668,0.023953259711531446,0.08813282320725169,-0.0755068490462279,-0.03243383511222575,0.26133499052874487,0.01881436116672973,0.78125,0.10837446435428039,0.018325211878043007
search,1130011,6,46,False,0.00025165171568710407,0.940254844907642,0.896133439469057,0.0005289713541666666,2.0816681711721685e-17,0.15069993866117454,0.423020997202876,5.7380086451639585,3.5105327528882935,3.0992336744221234,0.5413077497437504,0.16142771807338338,0.1394286627213323,0.03580276478292976,0.09869344134816513,-0.05896138584865408,-0.012525561200939487,0.289601918398976,0.04046561917806704,0.90625,0.13545514417094545,0.03138974601971244
search,1130011,6,47,False,0.0008059087862052699,0.940254844907642,0.896133439469057,0.00037977430555555556,2.0816681711721685e-17,0.1601870290427467,0.40790184602196833,4.820456466463433,3.4402854843033888,3.2700027550235444,0.5427260323702208,0.1264362085034127,0.09736918780319578,-0.0016072916021577233,0.09403336417451083,-0.08220419763371486,-0.031366461879900664,0.27140808900951335,0.028432898715218355,0.8562500000000001,0.08944572256443853,-0.007727828133094275
search,1130011,6,48,True,0.0,0.940254844907642,0.896133439469057,3.1001984126984125e-05,2.0816681711721685e-17,0.16508890214926827,0.40913825456080244,4.295646372650579,3.417059697448251,3.2224408237698388,0.4613620498789135,0.1312254482226889,0.17504949292017735,0.06299239614840946,0.08826654351061333,-0.052146529214160214,-0.01717892241968638,0.24445215917689567,0.0217128065743505,0.81875,0.1717956447892413,0.05899440176166766
search,1130011,6,49,False,0.0005798668968176045,0.940254844907642,0.896133439469057,2.1313864087301586e-05,2.0816681711721685e-17,0.16894489605789909,0.3948841213629461,4.003728587749611,3.33936216094468,3.299381059767903,0.4688999527036597,0.11162730448657374,0.09526694511092806,0.0009129510271524677,0.08849890293009754,-0.08152237019134978,-0.04025692622940373,0.24726966681259244,0.01781751595525484,0.8062499999999999,0.08714679827515776,-0.005462397658114598
search,1130011,6,50,True,0.0,0.940254844907642,0.896133439469057,0.00023251488095238094,2.0816681711721685e-17,0.15745445025590138,0.4238670731671875,5.102510174655066,3.5435729432028453,3.1936054065615798,0.5214970029073447,0.14134355776288504,0.1662395614048022,0.05632053482111099,0.09339146595631838,-0.046729640215718876,-0.010975932377297975,0.25857144504310736,0.030029094835897767,0.86875,0.16383595950457797,0.05239298418262451
search,1130011,6,51,True,0.0,0.940254844907642,0.896133439469057,2.1313864087301586e-05,2.0816681711721685e-17,0.1664375384105983,0.4027565908319013,4.050204962591393,3.4163958638928813,3.3241372497098345,0.4740898951676879,0.1272112094080254,0.1531229586469988,0.05451481237688627,0.08781907087945638,-0.046909410265448495,-0.011716627657472913,0.2683980465330829,0.02469033764360232,0.8500000000000001,0.15022066666332007,0.05136192349933577
search,1130011,6,52,False,0.0021008700995822555,0.940254844907642,0.896133439469057,0.0007130456349206349,2.0816681711721685e-17,0.14967541100648823,0.42369956079730464,5.858913587183725,3.524388261889455,3.194183006533615,0.7145096276534001,0.16318450803288537,0.10989990687577184,-0.0010820772879795576,0.1009651074928162,-0.0863580182960832,-0.024913653645062858,0.3017898407201627,0.04216587753680911,0.90625,0.10239387236291965,-0.007097537440556127
search,1130011,6,53,False,0.0007916946523548365,0.940254844907642,0.896133439469057,0.0010405040922619048,2.0816681711721685e-17,0.15035213691317623,0.4217247092382882,5.917351158369133,3.527849533586787,3.167251676540738,0.6282760563576711,0.14149599580571381,0.10520602342487259,-0.0014601853696164032,0.09891151690665274,-0.08448255604790117,-0.023937904241336544,0.27639020343372417,0.038449451930460135,0.89375,0.09766196790829584,-0.0074772876569403485
search,1130011,6,54,False,0.0009753076694294681,0.940254844907642,0.896133439469057,0.0,2.0816681711721685e-17,0.17173174805716018,0.4074355080409817,3.5397052078680837,3.332111903698872,3.4908046426366393,0.4955827823370112,0.16281069246314475,0.19206210539775562,0.062102386683253116,0.08348681633019553,-0.03956327255420583,-0.013655523035502914,0.31474337483917536,0.025297330483198543,0.85,0.19012663849491634,0.058826846346465206
search,1130011,6,55,True,0.0,0.940254844907642,0.896133439469057,0.0005057198660714286,2.0816681711721685e-17,0.14886878239776233,0.4204988406554764,6.0024444276676885,3.561725471091269,3.123076087748354,0.614718891166193,0.1439755642141868,0.1420266964656935,0.04259505422093525,0.09842414699867082,-0.055517943712332755,-0.00992329575786299,0.25959620088017044,0.036760445927490414,0.88125,0.13848802225082787,0.038438118128750816
search,1130011,6,56,True,0.0,0.940254844907642,0.896133439469057,2.1313864087301586e-05,2.0816681711721685e-17,0.16914777010981524,0.40458421924634547,3.7529151572033785,3.310680939447832,3.3584302964609085,0.446936997802755,0.13768571140951963,0.1338667039480142,0.028531307659963603,0.08847958064083215,-0.07900151116373119,-0.03404505395716799,0.27078167177524004,0.019115690652460174,0.7875,0.12689936910628236,0.022892162952082955
search,1130011,6,57,True,0.0,0.940254844907642,0.896133439469057,0.00020538814484126984,2.0816681711721685e-17,0.16653334064983522,0.4049713271293354,4.195460783949229,3.3758732368568802,3.2653974500117617,0.45733405108843284,0.11844606952015392,0.134870154052097,0.03966580119239876,0.08878133381010594,-0.070873637236429,-0.027737901177891027,0.2351708804343988,0.018455378281077538,0.8,0.12871065107665894,0.034213588200234304
search,1130011,6,58,False,0.0027540095702494887,0.940254844907642,0.896133439469057,2.1313864087301586e-05,2.0816681711721685e-17,0.158910474885137,0.4152789024068564,4.6407370154350875,3.407336308770948,3.296074000384618,0.6205004817847145,0.1647230792412388,0.1389694517245098,0.02795758760323638,0.09396220868498797,-0.07232962587925565,-0.024215215909060485,0.299240823924281,0.03239625109395133,0.8812500000000001,0.1331755828896197,0.022946601267923236
search,1130011,6,59,False,0.0032547935457511164,0.940254844907642,0.896133439469057,0.0002228267609126984,2.0816681711721685e-17,0.1586470999382748,0.40530911202983544,5.025306639320439,3.4850422438355837,3.128575452074936,0.45927948787378253,0.11531874435937375,0.08384519667845966,-0.01837471679572241,0.0938595770047989,-0.08187748297419753,-0.032842781102813565,0.260608755099919,0.02974148957425948,0.86875,0.07557741925052314,-0.024051693781533913
search,1130011,6,60,False,2.055282048293538e-05,0.940254844907642,0.896133439469057,0.00022670200892857144,2.7755575615628914e-17,0.16024743616746195,0.47760066073617335,6.450232711870424,3.614651493014736,2.9836472750792695,0.33459691135101743,0.15363460912590335,0.22951439659781017,0.07045238871912518,0.08647825532862287,-0.012210617593376839,-0.00531615505706245,0.2535085881083662,0.027926656610710435,0.81875,0.23064564387219896,0.0684299016266881
search,1130011,6,61,True,0.0,0.940254844907642,0.896133439469057,0.0008060515873015873,2.0816681711721685e-17,0.1563369453987587,0.4275323634008767,5.443552110735007,3.5553402512659926,3.1445844984253806,0.5057350822466089,0.1347826769342858,0.1667536107072623,0.058352396363594426,0.09362710627094067,-0.04693507497363889,-0.01049225929810831,0.2459143192341244,0.029144157793414192,0.8625,0.16429458002362074,0.054543676969694005
search,1130011,6,62,False,0.0007100386868837731,0.940254844907642,0.896133439469057,0.0,2.0816681711721685e-17,0.16782095879721898,0.3992311962803022,3.827329445999327,3.321473247306366,3.4609350916706942,0.5956420355746292,0.13631724808376566,0.0963212773888551,-0.000588232408416268,0.09144590176593304,-0.08238891848072565,-0.03482352474010565,0.3057880704739697,0.025105971990457672,0.8187500000000001,0.08838146734288932,-0.006758002811380991
search,1130011,6,63,True,0.0,0.940254844907642,0.896133439469057,0.0001705109126984127,2.0816681711721685e-17,0.15478799227944723,0.41596034944161364,5.1452345742487715,3.4861525630281625,3.255405595933646,0.5891476354171781,0.15696067895985738,0.13767293319374457,0.03350259254185753,0.09572630296945184,-0.06504850451320758,-0.017635617920203836,0.28735847166352346,0.03514301609976998,0.89375,0.13276898119842445,0.02862694930991741
search,1130011,6,64,True,0.0,0.940254844907642,0.896133439469057,6.006634424603174e-05,2.0816681711721685e-17,0.16509279297547716,0.4110970324472577,4.147452295768936,3.3719372134719174,3.254828150305594,0.5016074620032,0.1468666880899236,0.15721397230228346,0.04597054934579025,0.08976051681718919,-0.06775230307686017,-0.0247941705471376,0.27020525450108285,0.023432666209460242,0.81875,0.1520196321170679,0.04092487165631143
search,1130011,7,0,True,0.0,0.9502180605933026,0.870735911244882,2.9064360119047617e-05,2.0816681711721685e-17,0.16826449134766922,0.41705652055534365,4.1160175334444205,3.4250727421834166,3.2570138268699385,0.4340781863679075,0.14514118910651694,0.19338675988839127,0.06493178846667343,0.08496590048400851,-0.041311168005156024,-0.015254041121077186,0.2626084691437374,0.022251774984780853,0.8187500000000001,0.19168435175336954,0.061135147002490106
search,1130011,7,1,False,0.001815412087726134,0.9502180605933026,0.870735911244882,0.00030420696924603175,2.0816681711721685e-17,0.15985107834831253,0.4094204129406105,5.072318024157481,3.4570825877856266,3.188711545747751,0.558188319284102,0.11627217126300751,0.09208539103488221,-0.009925476960774015,0.09295306736667387,-0.08210309517503991,-0.03387623852385349,0.24707793354811772,0.026597507358068977,0.84375,0.08416490383536702,-0.0159716929741634
search,1130011,7,2,False,1.2713407958261562e-05,0.9502180605933026,0.870735911244882,0.00023445250496031747,2.0816681711721685e-17,0.15594518717045863,0.46214495258154475,6.285030585690658,3.628911117319459,2.962093868399786,0.30097777353978955,0.16000567377577152,0.1994556439847931,0.058423802357416496,0.09011058143412884,-0.021299484833466446,-0.005889502674280169,0.2679130682521599,0.03409863615169732,0.86875,0.20042145368992076,0.0559955981718737
search,1130011,7,3,True,0.0,0.9502180605933026,0.870735911244882,8.525545634920634e-05,2.0816681711721685e-17,0.16209091525329689,0.403334133878203,4.497530041838514,3.463273897033079,3.286817219873643,0.4858333439368679,0.12532503070117051,0.10781760867185751,0.022489130806404363,0.09245522041630738,-0.06850972990119263,-0.02201913926772516,0.2651364578442603,0.02685328128278093,0.8562500000000001,0.10157885495667751,0.01738953159162511
search,1130011,7,4,False,0.02091183912225729,0.9502180605933026,0.870735911244882,0.00015113467261904762,2.0816681711721685e-17,0.15947541200352383,0.4204360359017809,4.7829614551851005,3.437644598978954,3.227539652411359,0.5263109780835231,0.17301483372503407,0.14664158029401203,0.03347657804619009,0.09113454504495436,-0.06658559929556439,-0.02376742362143846,0.2977507596523198,0.032532448903699246,0.8875000000000001,0.14172609358419636,0.028790207978917348
search,1130011,7,5,True,0.0,0.9502180605933026,0.870735911244882,0.0004185267857142857,2.0816681711721685e-17,0.15342035482140426,0.41990324509673027,5.545126744827635,3.4927387174315037,3.1848366221446716,0.6144463027407167,0.14983186201245446,0.11340780148472042,0.015605882615893754,0.09755881987163187,-0.07738556879081376,-0.022442185223114985,0.278524326720328,0.03556828110851706,0.8875,0.10687010585749014,0.010043074240470738
search,1130011,7,6,True,0.0,0.9502180605933026,0.870735911244882,1.1625744047619047e-05,2.0816681711721685e-17,0.16717129710248965,0.40591543181715617,3.859923912465648,3.378524196913745,3.3812418088498184,0.5066672669638449,0.1486243157335381,0.14558939176876534,0.04242852815590312,0.08855205376901384,-0.05886664142113418,-0.019861800602948638,0.2928735660056683,0.025850439286551355,0.825,0.14135283934174947,0.0382108476244654
search,1130011,7,7,False,1.2594420561893358e-06,0.9502180605933026,0.870735911244882,9.300595238095238e-05,2.0816681711721685e-17,0.16130485135390768,0.4326941539636299,5.1085999211293345,3.5550666249826337,3.099450453827817,0.4050385589041098,0.13527841450817776,0.1934260319410592,0.06598057615782657,0.08790699960601801,-0.028378475194940085,-0.007335628792932491,0.2452078593385673,0.026057516156951115,0.83125,0.19350113874737634,0.06317587960451766
search,1130011,7,8,False,0.002934680924458141,0.9502180605933026,0.870735911244882,6.781684027777778e-05,2.0816681711721685e-17,0.16746760298585733,0.40148113133625596,4.242213962440132,3.3535127142543724,3.2121359408198997,0.46821230023491367,0.11600260227713896,0.08899069994031344,-0.01669102679580905,0.09064186848002694,-0.08636899298547834,-0.0448390585088365,0.252808415964508,0.02002066421364279,0.80625,0.08043088391847222,-0.0236527342498108
search,1130011,7,9,True,0.0,0.9502180605933026,0.870735911244882,0.00011044456845238095,2.0816681711721685e-17,0.16739224720971338,0.41261826228908716,4.156426207729448,3.4254109412130624,3.2492486233336537,0.45846244654003904,0.1357510908299348,0.17483036921860792,0.060426435822043184,0.08619050381242634,-0.053822838687616205,-0.019985380749810423,0.2472247676400206,0.020076747723939532,0.8,0.17149504757973213,0.056003963264200006
search,1130011,7,10,False,0.008641303788775622,0.9502180605933026,0.870735911244882,0.00011625744047619047,2.0816681711721685e-17,0.1511536398363219,0.4204379046602482,5.5517700718557474,3.542125362778355,3.107172132534392,0.601280688512374,0.16834977310785146,0.1131206742579374,0.01158610905762716,0.09934198654311291,-0.07842871121899166,-0.022788046214006173,0.30008689687262147,0.04080091432392108,0.9125,0.10657672239067514,0.006036889478584613
search,1130011,7,11,False,0.00018336608627922893,0.9502180605933026,0.870735911244882,7.750496031746031e-06,2.0816681711721685e-17,0.16765331742134998,0.3955733104096172,4.0157102966808065,3.348578563069497,3.369027181571533,0.49571521414926756,0.12019413589329817,0.09198454944450402,0.007078355039708664,0.09076190959396116,-0.07460648968627374,-0.030877311237695316,0.2741641325684625,0.02299268025992926,0.8125,0.08477275302383916,0.0016010923675103253
search,1130011,7,12,False,2.748603060829988e-06,0.9502180605933026,0.870735911244882,0.00030420696924603175,2.7755575615628914e-17,0.15399236861053955,0.42464852122006813,5.616465377550312,3.527141484156142,3.1301752155335887,0.5613527694715506,0.16014921020338008,0.15217392195894708,0.04359358754260845,0.09375092149771602,-0.05804153823199354,-0.016152302705941923,0.27265444225457525,0.034693994136615336,0.8937499999999999,0.14854520414405598,0.03907955219816183
search,1130011,7,13,True,0.0,0.9502180605933026,0.870735911244882,0.002418154761904762,2.0816681711721685e-17,0.15137224188214374,0.42760728508206386,6.1001601836319015,3.5675374983589454,3.053406588051216,0.48411102059393646,0.13197838831481756,0.13700030117048106,0.04282700964966474,0.09652213450522054,-0.05591969785980642,-0.010481916031173735,0.24291123272399734,0.03290759778769292,0.88125,0.1334325015473289,0.03860934883502772
search,1130011,7,14,False,0.00014241363067753356,0.9502180605933026,0.870735911244882,0.0,2.0816681711721685e-17,0.16706889895785987,0.401639371880966,3.843315648170461,3.342360198930743,3.4912473578563357,0.5634658834333183,0.14918290833938305,0.10440841898467293,0.008018774838280968,0.09114451351302696,-0.07789128772113325,-0.029986670081241364,0.3198974386275019,0.0273113322523732,0.825,0.09729658005683792,0.0020880302133470495
search,1130011,7,15,False,0.0013715919401383165,0.9502180605933026,0.870735911244882,0.0005037822420634921,2.0816681711721685e-17,0.15136502026071452,0.41733626440100186,5.811687628002909,3.5012902918348985,3.17860652314842,0.6011408893828529,0.14246522115237734,0.09652849535932786,-0.006665480648114763,0.09928158187021058,-0.08293017363519933,-0.024333567629481894,0.28339053396620667,0.03918779668465641,0.8999999999999999,0.08900923713079469,-0.012960074197306928
search,1130011,7,16,True,0.0,0.9502180605933026,0.870735911244882,3.875248015873016e-06,2.0816681711721685e-17,0.17368377688703746,0.40072107211706454,3.411238712901822,3.340020143008334,3.4146076538727383,0.4685695165576339,0.13610112287631154,0.18470282346467426,0.06514896462113914,0.0830916780499916,-0.04988155811585827,-0.02055550254182143,0.2567311256434358,0.01675043145052566,0.76875,0.1817206781605645,0.061252845613597826
search,1130011,7,17,True,0.0,0.9502180605933026,0.870735911244882,0.0005328466021825396,2.0816681711721685e-17,0.1496483583174445,0.41831230074895975,5.971586746225421,3.557902901013321,3.094856948589938,0.5520555499150188,0.1374278093228063,0.1148158847130451,0.023316866797938006,0.09798825007064466,-0.07051108211802362,-0.016175936439328548,0.25623649564915846,0.0361296097036826,0.8999999999999999,0.10910729291428567,0.018407586029508975
search,1130011,7,18,True,0.0,0.9502180605933026,0.870735911244882,0.0,2.0816681711721685e-17,0.17403693140746615,0.387999407482167,3.1507798241179086,3.2283448847870857,3.646068879419152,0.5463643031549001,0.14075729918967955,0.1167454238037886,0.02484555652560183,0.08606737145008858,-0.07128931910036174,-0.030484074329401173,0.30784166784809036,0.019736710889515532,0.8,0.1104836850291025,0.019737993026030666
search,1130011,7,19,True,0.0,0.9502180605933026,0.870735911244882,0.0006975446428571429,2.0816681711721685e-17,0.15854235099738617,0.4177163723685236,5.0593009140398415,3.5283990146851867,3.166236412263882,0.42047869341850375,0.12693055559179323,0.14000484605623525,0.047754643107712005,0.09309118074807153,-0.047694753494432904,-0.009788274575419363,0.2507436031881106,0.029246579156771507,0.8625,0.13713859690791988,0.04406729884027413
search,1130011,7,20,False,0.00044453881995475494,0.9502180605933026,0.870735911244882,9.88188244047619e-05,2.0816681711721685e-17,0.1577720014045607,0.4162475730554346,4.965431215229369,3.4342483209033654,3.260868543060073,0.6370721057288138,0.14963954694242287,0.10607499888469119,0.0026658077824684434,0.09616382584810856,-0.08417924360381628,-0.03027437817580216,0.2888755976586258,0.03226140093195024,0.88125,0.09850166574430355,-0.0034817552902599866
search,1130011,7,21,False,0.001575547909159764,0.9502180605933026,0.870735911244882,3.293960813492063e-05,2.0816681711721685e-17,0.15880571966103396,0.41324035400406506,4.956224733225169,3.4274534135849986,3.2971160582157144,0.6446090175668763,0.13982699337428317,0.09832080325806503,-0.00822050566228479,0.09514366486981979,-0.0867620702322281,-0.034039563763371285,0.2818961589993837,0.030484235129467307,0.8687499999999999,0.09027594264143363,-0.014644596723604422
search,1130011,7,22,True,0.0,0.9502180605933026,0.870735911244882,0.00023251488095238094,2.0816681711721685e-17,0.16526240423266744,0.42196777478288394,4.373664741439825,3.4787246415084736,3.3043646871337415,0.5060440112161781,0.14340340982831315,0.1784029189879065,0.05988571858874499,0.08732392083141353,-0.03640500040397826,-0.009340944649156134,0.27376750994660115,0.027227762342833587,0.85625,0.17747973402958744,0.05668991322343524
search,1130011,7,23,True,0.0,0.9502180605933026,0.870735911244882,1.9376240079365078e-05,2.0816681711721685e-17,0.16971526820360414,0.3952994942352276,3.7668981973325657,3.3485782968878706,3.3895145554525947,0.4723218175146165,0.12223581236938322,0.12309185946818557,0.035391335687243446,0.08749953963156909,-0.06640711437802946,-0.026164053522214993,0.2580049130750759,0.019435075827017333,0.79375,0.11731904023096235,0.03040801919091878
search,1130011,7,24,False,0.026655080490399382,0.9502180605933026,0.870735911244882,0.0002751426091269841,2.0816681711721685e-17,0.1469054609367181,0.42261201198743314,6.261986109010984,3.591385772135169,3.06320879496847,0.5847365889823284,0.1746937453350817,0.1264941682116682,0.0217190296901489,0.0979470666287966,-0.0706840123701166,-0.01853848596986342,0.29002153293294264,0.043824372025834,0.90625,0.12114333360059691,0.01691134826126357
search,1130011,7,25,True,0.0,0.9502180605933026,0.870735911244882,0.00020151289682539681,2.0816681711721685e-17,0.1592878937777108,0.4133950424189136,4.955154319357176,3.493620589902744,3.165497602457645,0.5177735925308462,0.12520595824070768,0.12353031087125792,0.030421301805439963,0.09190718238992515,-0.07033074750623941,-0.0230539973972066,0.2406973313118854,0.02517287192586243,0.8500000000000001,0.11761497020004927,0.025072289988928468
search,1130011,7,26,True,0.0,0.9502180605933026,0.870735911244882,7.556733630952381e-05,2.0816681711721685e-17,0.1649027323075795,0.4038544963254341,4.205389098216304,3.3986500004444045,3.363927958963785,0.511202275457043,0.13360988413013536,0.11029963707244822,0.018957137230202672,0.09202053291255442,-0.07565632351720049,-0.028783616378577334,0.27603736127589334,0.024912106433380383,0.83125,0.1033779494451587,0.013091584930873635
search,1130011,7,27,False,0.009538327357492533,0.9502180605933026,0.870735911244882,0.0010269407242063492,2.0816681711721685e-17,0.14526469132730463,0.42441581686528185,6.461949622184646,3.5969426245245497,3.103903458633962,0.6194992266133927,0.1686572851739553,0.112098353475935,0.014000525091879788,0.10168076306279752,-0.07332748541475778,-0.015956354630531744,0.29800894802981137,0.04647331778108779,0.9125,0.10627953372400173,0.009080770773804595
search,1130011,7,28,True,0.0,0.9502180605933026,0.870735911244882,0.0,2.0816681711721685e-17,0.17370378022499372,0.3918454818469652,3.2978492772440275,3.2565029182757357,3.4245304100607896,0.46024514568417696,0.1279670899716043,0.13948165380755917,0.043553684787179685,0.08542218390274829,-0.06525782064952967,-0.027874154134408365,0.2624212318359052,0.016477592950554145,0.76875,0.13409546942424758,0.03875378227161681
search,1130011,7,29,True,0.0,0.9502180605933026,0.870735911244882,1.937624007936508e-06,2.0816681711721685e-17,0.1730723841157451,0.3858888216109665,3.491252551138764,3.3090920399277626,3.449114687004353,0.4761516815209266,0.10994495982046942,0.1221417587617483,0.04011248857917601,0.08539116383788407,-0.06112138320812162,-0.02520657708544596,0.24277463949380107,0.01593457972354912,0.76875,0.11687145697278031,0.035484572873371645
search,1130011,7,30,False,0.0814378631021963,0.9502180605933026,0.870735911244882,0.0004127139136904762,2.0816681711721685e-17,0.14476164303049105,0.4231043168678339,6.337743682903563,3.5717742127768766,3.072183148150379,0.556243894994997,0.18551320592150944,0.10671484917181116,0.002900436223490222,0.1025477996187246,-0.0785926556788897,-0.020808462757907195,0.3196207140238271,0.05055624235397109,0.925,0.10030186006145239,-0.0025485304702986267
search,1130011,7,31,False,0.00038018385497422366,0.9502180605933026,0.870735911244882,0.001716734871031746,2.0816681711721685e-17,0.15527649275350508,0.4158145084468056,5.542020302979006,3.5193543449838476,3.1585035743452776,0.5032468882926568,0.12468065801307487,0.09799408075354069,0.003593492218537977,0.09563751438781626,-0.07622508725956056,-0.022929231666716537,0.25838186242229955,0.03243416027514593,0.86875,0.09079855589245153,-0.0018736116993359098
search,1130011,7,32,True,0.0,0.9502180605933026,0.870735911244882,4.456535218253968e-05,2.0816681711721685e-17,0.16035108522889363,0.42665863673680926,5.081269840424304,3.50138433254178,3.1023423881965764,0.429024619042837,0.1570594262646543,0.1799694893594686,0.055874919491462186,0.08864508321930789,-0.049454533898923805,-0.01707783753193985,0.2650306451633462,0.02787843877745013,0.85,0.1773076079649282,0.05224613767625837
search,1130011,7,33,False,0.008909995566354344,0.9502180605933026,0.870735911244882,0.0005560980902777778,2.0816681711721685e-17,0.13956061515216833,0.4194505066279296,7.0894734746992905,3.660873769488245,3.023136481381715,0.6045850230693381,0.16723763945388337,0.09819266575716173,-0.004032461016835815,0.10372080236224918,-0.0821724902478075,-0.016682857314688868,0.29651107167628804,0.05324492482922641,0.9312499999999999,0.09139935237454475,-0.00990713605363004
search,1130011,7,34,True,0.0,0.9502180605933026,0.870735911244882,1.937624007936508e-06,2.0816681711721685e-17,0.1750674755333895,0.39253306666598253,3.1246521447684223,3.3047700626065186,3.5156165031378777,0.4517713629723553,0.14254339878053301,0.16865595316538007,0.058250825879433,0.08321089417394573,-0.04532766815500652,-0.015847375341907142,0.2975112469127844,0.020127413920671182,0.8,0.16613667130814835,0.054908520558252495
search,1130011,7,35,True,0.0,0.9502180605933026,0.870735911244882,0.0002732049851190476,2.0816681711721685e-17,0.1597520045657515,0.4139837298498786,4.767590419078708,3.4668118966388586,3.291711317038119,0.5147285015921449,0.138997423019103,0.13662969698046146,0.04118701777275613,0.092081114030388,-0.05567733980800066,-0.014421992469920935,0.27071630232696087,0.030073498445875008,0.86875,0.13275324370704455,0.03734228057610397
search,1130011,7,36,False,0.00011602166924127323,0.9502180605933026,0.870735911244882,8.719308035714286e-05,2.0816681711721685e-17,0.16100460662956675,0.4101291726458496,4.64627560146706,3.431088918801578,3.31404572377149,0.5807216970965604,0.13598540976488782,0.10520001382197149,0.008698768711109334,0.09443292136886751,-0.08029230956317526,-0.02975020223235552,0.27451751058426216,0.02802188146536637,0.85625,0.09777725671662149,0.002595034506946845
search,1130011,7,37,False,0.00016970068770305849,0.9502180605933026,0.870735911244882,0.00021507626488095238,2.0816681711721685e-17,0.15761954567516162,0.4087170384918579,5.1344402113939696,3.5040316992250258,3.1764412140178395,0.5399815078968733,0.11985393597814765,0.10010309985484218,0.007379250834125349,0.09336008678692786,-0.0763558407898782,-0.02607321317571111,0.24566202086535993,0.0278117752695062,0.8500000000000001,0.0929265964256227,0.0017756604520810923
search,1130011,7,38,True,0.0,0.9502180605933026,0.870735911244882,0.000484406001984127,2.0816681711721685e-17,0.15838102456124478,0.41957481382887246,5.0187189659406535,3.463629065613603,3.173617786508644,0.4927159269249326,0.15301527043656676,0.1449929157622255,0.04283141800959123,0.09344364917980008,-0.05759085401819107,-0.015986958382185924,0.2802416201159611,0.03260249323340925,0.88125,0.14121001795815802,0.03848209616415022
search,1130011,7,39,True,0.0,0.9502180605933026,0.870735911244882,3.487723214285714e-05,2.0816681711721685e-17,0.17123022825829917,0.38748775776453176,3.771727386720312,3.315105973543463,3.308678434574721,0.45061283683445497,0.10163319468326396,0.09455551299736142,0.02025250319264476,0.0879633075028416,-0.06627542064380312,-0.028872033206601408,0.23638689001114965,0.016905799369849227,0.7875000000000001,0.08816691241569102,0.015196776418521745
search,1130011,7,40,False,0.029905003569734055,0.9502180605933026,0.870735911244882,0.00013757130456349206,2.0816681711721685e-17,0.14999309696492458,0.42326072299525536,5.823344990068202,3.5662754573466744,3.0923678670569603,0.5374350572943725,0.17556109635685824,0.12110949308481835,0.0131295230705883,0.09718921936942347,-0.07780385121838647,-0.02378401477933725,0.2967650621183896,0.04145704027169136,0.925,0.11481657368376502,0.008098725031872044
search,1130011,7,41,True,0.0,0.9502180605933026,0.870735911244882,0.0005018446180555555,2.0816681711721685e-17,0.15934780887056116,0.42139841738361306,5.2025533054309925,3.5122114687962016,3.0850982953111137,0.4415947192221007,0.12224242955510273,0.16978886550125005,0.06106130706028743,0.09150030257275946,-0.04549824723834182,-0.011907647509567696,0.22221766895848222,0.02383048724832009,0.84375,0.16773613845702337,0.05725300895756718
search,1130011,7,42,False,0.013762364646704288,0.9502180605933026,0.870735911244882,0.00010075644841269841,2.0816681711721685e-17,0.15697274546036416,0.421329050323359,4.935278874915637,3.454752228866158,3.2106557022826734,0.5749820539140821,0.17043545710549618,0.11313229915395423,0.004566763688055149,0.09621573778857107,-0.0841998009669643,-0.03021751542118426,0.3106969685598819,0.035468181458348576,0.89375,0.10583749446862217,-0.0011073136422551939
search,1130011,7,43,False,0.00011296869885316098,0.9502180605933026,0.870735911244882,0.0016586061507936508,2.7755575615628914e-17,0.14714595312706416,0.4265532163365366,6.306485172779455,3.573831692635854,3.0915750745915593,0.6024822350868682,0.15805053297317284,0.11285489506201045,0.01924885517517777,0.10106286734286628,-0.07160943807519014,-0.014441608236862894,0.2887401726710071,0.04350833902658714,0.9125,0.10709572239388238,0.014277412678843627
search,1130011,7,44,False,1.135356684829925e-06,0.9502180605933026,0.870735911244882,0.0,2.0816681711721685e-17,0.17592196603420107,0.390796457254608,2.9712306582758483,3.205969937802535,3.631497561712088,0.5699404275128388,0.1435571661363722,0.1461767243283017,0.04307579924975917,0.08398811648117893,-0.06732718296013997,-0.030392180030631776,0.2883794071315259,0.016289784598520395,0.76875,0.14067168131155428,0.037896268344408485
search,1130011,7,45,True,0.0,0.9502180605933026,0.870735911244882,1.937624007936508e-06,2.0816681711721685e-17,0.16958773210875572,0.39602192535447567,3.801729311924258,3.3372296094870335,3.3954083094735346,0.47783687103786626,0.12296425605262937,0.10968081187375806,0.02032017078981079,0.08800862538150132,-0.07497648651145089,-0.032838530252033614,0.26153878607402714,0.019092705431855417,0.8062499999999999,0.10268997824288156,0.014619339502486615
search,1130011,7,46,False,0.0009038287550641495,0.9502180605933026,0.870735911244882,0.0005212208581349206,2.0816681711721685e-17,0.1506944560007389,0.4244758355573278,5.810349190376865,3.5069135330810157,3.107117691211004,0.5211014458277818,0.16270573703748528,0.1316770917639305,0.034668996145447294,0.09846940358428868,-0.0594602299319941,-0.012858976312650636,0.2891214944037002,0.041071981957408264,0.90625,0.1277042243524919,0.030115146222185616
search,1130011,7,47,False,0.0010725125475534011,0.9502180605933026,0.870735911244882,0.00037589905753968256,2.0816681711721685e-17,0.16026032842990634,0.4087871343745384,4.885589050692341,3.4516549376374517,3.204424976200463,0.5408439181817943,0.12726600309213518,0.09318943427688993,-0.0041583038546334425,0.09413229579225948,-0.08117731691111552,-0.030990857010783947,0.2713981855413621,0.02899016093531953,0.8500000000000001,0.0854046016879958,-0.01021950917999118
search,1130011,7,48,True,0.0,0.9502180605933026,0.870735911244882,2.9064360119047617e-05,2.0816681711721685e-17,0.16504326527109342,0.4123300450461075,4.333845707685227,3.4417536045320665,3.247764365641178,0.44790431431280275,0.13229350488120498,0.16614345018026658,0.05865337127551605,0.0883293179025563,-0.052895125001738555,-0.017765455947474293,0.244898355656925,0.022094826324158618,0.825,0.16293145863622271,0.054680784728268164
search,1130011,7,49,False,0.0008843345614968156,0.9502180605933026,0.870735911244882,1.9376240079365078e-05,2.0816681711721685e-17,0.16898785152988746,0.39517229910107476,4.036181102502477,3.3517455812143107,3.2641957183506065,0.42510542175229304,0.11229591728415134,0.0909691289107189,-0.002396591485352748,0.0886126317151432,-0.08074586946835575,-0.04034436166491151,0.24751954498493772,0.018134376576757857,0.8,0.08294516834353846,-0.008683505944791298
search,1130011,7,50,True,0.0,0.9502180605933026,0.870735911244882,0.000248015873015873,2.0816681711721685e-17,0.1574113067675697,0.42313332604283327,5.134252560470942,3.535086689593596,3.1636284097245406,0.4820253558511954,0.14252114302669094,0.15754814077026452,0.05295701265993739,0.093164967171415,-0.04776564359454494,-0.011449786834908023,0.2587552571758378,0.03052196640930379,0.86875,0.1551920567406152,0.049082632150350816
search,1130011,7,51,True,0.0,0.9502180605933026,0.870735911244882,1.9376240079365078e-05,2.0816681711721685e-17,0.1663784662292258,0.4035167531035146,4.086514638443128,3.411852379076575,3.3099206550025677,0.4654167728533064,0.12794644479984535,0.14476003210063626,0.04958674576783349,0.08764784255977173,-0.04771754230088869,-0.012641960854396977,0.2685674917350326,0.02502844558894745,0.8375,0.1418061414958276,0.046243755128314516
search,1130011,7,52,False,0.003437858605551925,0.9502180605933026,0.870735911244882,0.000720796130952381,2.0816681711721685e-17,0.1497527820174567,0.42600991601440596,5.986922069237046,3.5317399564345884,3.1306588633967616,0.59027034278078,0.1644548114173107,0.10456810559916378,-0.0019159393763304253,0.1012315564912193,-0.08516896359038731,-0.024873764031056324,0.30114160163033943,0.04311688191225757,0.9125,0.09723198337588543,-0.008045556117132572
search,1130011,7,53,False,0.000926206407529578,0.9502180605933026,0.870735911244882,0.0010153149801587302,2.0816681711721685e-17,0.1504443256317184,0.4232115178484779,6.034142895166061,3.5314514829720345,3.1131806751077415,0.5336577266860887,0.14261870871914,0.10045307826140525,-0.0028036790528477504,0.0993715964845674,-0.08329337113498862,-0.023678142118746533,0.2762947280069775,0.039131282576792464,0.90625,0.09308374763504162,-0.008853319417804446
search,1130011,7,54,False,0.0018245667501622393,0.9502180605933026,0.870735911244882,0.0,2.0816681711721685e-17,0.17167790709407996,0.4083646612573527,3.533012854661169,3.3398191867956024,3.3962272230290216,0.4208297128220464,0.16384434528578198,0.18267523853395667,0.0574822380391041,0.08324737852008482,-0.04084753402663687,-0.014522350951103944,0.31442962882706393,0.025312928247070043,0.85625,0.1808128145513791,0.05432140947177769
search,1130011,7,55,True,0.0,0.9502180605933026,0.870735911244882,0.0005173456101190476,2.0816681711721685e-17,0.1488632294681368,0.4201344656896352,6.093910109402968,3.543358777310396,3.0860183917898985,0.5780643966312703,0.14523337821425275,0.13407688756316932,0.04043388201086247,0.09848957063285277,-0.056164146634654744,-0.010034993443179908,0.2598039549802243,0.037521372398145236,0.90625,0.13055367744567714,0.03621989913679075
search,1130011,7,56,True,0.0,0.9502180605933026,0.870735911244882,2.1313864087301586e-05,2.0816681711721685e-17,0.169168656389234,0.4068582928033282,3.8028649214428185,3.3215888426625773,3.359770772276364,0.4264343937261245,0.13872452588045014,0.1269870592964239,0.02546852922883218,0.08840297725671421,-0.07837298890603325,-0.0343302669702516,0.27083285519670863,0.019389700501415617,0.8,0.12008524077813802,0.01941894785032474
search,1130011,7,57,True,0.0,0.9502180605933026,0.870735911244882,0.00020538814484126984,2.0816681711721685e-17,0.16653093651903625,0.4068789689062094,4.249681009274091,3.3747140193101917,3.2428354148787983,0.48056213761794614,0.11936446919909087,0.12774698247548083,0.035027031035790454,0.08870197313530283,-0.07063291437199738,-0.02817752502619466,0.23573999029038287,0.01885579858311588,0.80625,0.12160739723702951,0.02978430140449127
search,1130011,7,58,False,0.004575404799856433,0.9502180605933026,0.870735911244882,1.5500992063492063e-05,2.0816681711721685e-17,0.15892509891679185,0.41803041525234275,4.705846498449695,3.413178059157258,3.23506680309041,0.5472852249995733,0.16608775647335183,0.13129854448354916,0.026351201105488668,0.09382883231396602,-0.07205322009398736,-0.02459113179517715,0.29871704098484086,0.032828245146275484,0.8875000000000001,0.12556557056923112,0.021266518362216616
search,1130011,7,59,False,0.0037927771477658085,0.9502180605933026,0.870735911244882,0.0002189515128968254,2.0816681711721685e-17,0.15874299259499036,0.40603265183231585,5.069361436575749,3.4927732957461126,3.090895676492476,0.4534451122167873,0.11600359752604346,0.08041208604349467,-0.021027533351509836,0.09425116734225007,-0.0808613057685314,-0.032338690508948026,0.26067066455085824,0.030180727267773846,0.86875,0.07229712795956553,-0.027004263760950484
search,1130011,7,60,False,9.485698185695835e-06,0.9502180605933026,0.870735911244882,0.0002247643849206349,2.0816681711721685e-17,0.16012329262675706,0.4715805576749764,6.296373277411967,3.600975385317705,2.998285630230356,0.29814250537642917,0.15509852854408013,0.22342230036313596,0.06737679032492172,0.08587983216532363,-0.014516907000631364,-0.00617670744833647,0.25375361780996497,0.028269352292511284,0.83125,0.22482829786016806,0.06535666286551335
search,1130011,7,61,True,0.0,0.9502180605933026,0.870735911244882,0.0007983010912698413,2.0816681711721685e-17,0.1562905342960226,0.4251757036389099,5.488123751413143,3.5360071020323756,3.12118738298041,0.5000702558696732,0.1359462033157194,0.1588251291392594,0.055067594135934275,0.09392953958382116,-0.04799715664948333,-0.011008836229685678,0.24636137312931583,0.029676006071947644,0.875,0.1564651309461988,0.05129761548570017
search,1130011,7,62,False,0.0009159906314466624,0.9502180605933026,0.870735911244882,0.0,2.0816681711721685e-17,0.1678748237129026,0.39935040069100847,3.8657287334953803,3.3362014977127177,3.4762519183059246,0.6064700661099813,0.13701133667727028,0.09211641548092755,-0.00270522221964,0.09137812490144037,-0.08142939996165996,-0.03477562577756023,0.30548810835502427,0.02546647176089131,0.8187500000000001,0.08429456542560598,-0.009076719878159535
search,1130011,7,63,True,0.0,0.9502180605933026,0.870735911244882,0.0001685732886904762,2.0816681711721685e-17,0.1547948816903459,0.41724042549594953,5.218122238743856,3.479397726201588,3.1669881487027687,0.5684419818398867,0.1582487607982812,0.12996298650316318,0.03156676432938544,0.09564258368340287,-0.06517106341596426,-0.018092978705421595,0.2870099477810991,0.035628878369908405,0.8999999999999999,0.1250772503330175,0.02685172329685597
search,1130011,7,64,True,0.0,0.9502180605933026,0.870735911244882,5.231584821428571e-05,2.0816681711721685e-17,0.16508531410397445,0.41479580456928145,4.1996397149091855,3.3899836139884005,3.3128591692630964,0.5191940950839934,0.14809789741320922,0.14893236571426982,0.042461009400932975,0.08982969516310964,-0.06777121375377196,-0.02534317344419267,0.27025748574004355,0.02376602424291656,0.81875,0.14378635483076396,0.03748882809754461
search,1170007,0,0,True,0.0,0.996259961884662,0.9790548338377681,0.00014919704861111112,2.0816681711721685e-17,0.16071670808444785,0.42043328105927075,5.402675241227737,3.505747909988429,3.053315197986437,0.3850133490268569,0.13559562033567468,0.23071856835830873,0.0644994154925494,0.0922975322109855,-0.07632972842772529,-0.02903549884856473,0.28262727947406796,0.033952392461608624,0.8687499999999999,0.22763858769771855,0.05988354009890687
search,1170007,0,1,False,0.0010989460254979013,0.996259961884662,0.9790548338377681,0.0006103515625,2.0816681711721685e-17,0.15284073806998288,0.42146644597394045,6.871086577547286,3.5669892402596393,2.9079768266940507,0.35605527474544807,0.11250455515611624,0.1589319136266551,-0.004392957576811723,0.09665145181352103,-0.09147245205568974,-0.044229206049807596,0.26054289802097524,0.04070008280538028,0.8875,0.1545414366931051,-0.009506695576223445
search,1170007,0,2,True,0.0,0.996259961884662,0.9790548338377681,0.0007382347470238095,2.0816681711721685e-17,0.14670803483028583,0.43751278558780493,7.030120310970111,3.660778949954766,2.8903780173493985,0.3050860456512312,0.14675655870132043,0.23886347405624164,0.061277141048464025,0.09596557874600906,-0.06840816920673284,-0.022754825744543204,0.2934672667293865,0.0470281110988811,0.88125,0.23658657851361808,0.0578211165311949
search,1170007,0,3,True,0.0,0.996259961884662,0.9790548338377681,0.0001995752728174603,2.0816681711721685e-17,0.15415833875722873,0.4180770361102259,6.573443205179387,3.556590440052777,2.9907675244561047,0.402051208778374,0.11830655891918547,0.17980152803939803,0.02285997575768249,0.09664870216777353,-0.0845340685660998,-0.030871682269033078,0.28792307403112266,0.044538892064845986,0.8875,0.17621008308357353,0.01825179779489079
search,1170007,0,4,False,0.00019729155150273174,0.996259961884662,0.9790548338377681,0.000499906994047619,2.7755575615628914e-17,0.15061299839846737,0.42429074980325293,6.53670583967792,3.620556518634554,2.9468949262392217,0.32817284779729794,0.16126414459899654,0.22242012327570665,0.03784579443735301,0.09657536731978113,-0.09685511020004012,-0.041040418483531335,0.325693113296293,0.04704034692663547,0.91875,0.2184786421033657,0.03282861967723848
search,1170007,0,5,False,1.9499984221288573e-05,0.996259961884662,0.9790548338377681,0.0010405040922619048,2.0816681711721685e-17,0.14464887246809893,0.4228145969870125,7.573405661784808,3.6372738495785217,2.853326824219107,0.30807805232929164,0.13975185473325996,0.19391728191254187,0.012416710991752861,0.0991012473189365,-0.09715215095367757,-0.039142263455674925,0.297552815726042,0.05041521992681847,0.89375,0.18975909849920441,0.0076950260218344585
search,1170007,0,6,True,0.0,0.996259961884662,0.9790548338377681,6.006634424603174e-05,2.0816681711721685e-17,0.1592570452632811,0.41765711946182427,5.654922918115722,3.4802844637110306,3.0329169650489796,0.320547359303583,0.1384690258016113,0.21083381175598515,0.04658892373225962,0.09388094477417519,-0.08462855003912917,-0.031547104395460254,0.3171783976944962,0.04097578921228518,0.8875,0.20734483839698875,0.04202170186123897
search,1170007,0,7,True,0.0,0.996259961884662,0.9790548338377681,0.0002732049851190476,2.0816681711721685e-17,0.1529671679128206,0.42559577994596504,6.380474889652336,3.5779018973063064,2.9056820262807,0.28165398152652565,0.12515578433973296,0.2261586865820177,0.06171876465804273,0.09538730177679898,-0.06667809822081373,-0.021294975790905717,0.261985842888289,0.039005959508012764,0.875,0.2237300752365356,0.05808022427670867
search,1170007,0,8,False,0.002264265877426132,0.996259961884662,0.9790548338377681,0.0001472594246031746,2.7755575615628914e-17,0.16150385693852187,0.41739275830448413,5.754739001414327,3.4629444591383507,3.070894257136624,0.4518624788096121,0.11275821262651545,0.15139199736261916,-0.012836817165440413,0.0922887429194571,-0.09362059119592353,-0.05270083442099435,0.26788640967884664,0.033675304638583065,0.8812500000000001,0.1464974540585183,-0.018494640964312217
search,1170007,0,9,True,0.0,0.996259961884662,0.9790548338377681,0.00031001984126984125,2.0816681711721685e-17,0.15996514415894086,0.41718562565275197,5.612698493223938,3.507342135569494,3.015239904624298,0.32776252596764155,0.1280548179831386,0.21556919609056802,0.049956359683724916,0.09275094575575596,-0.08201172160200257,-0.03447331742804167,0.2652630712119891,0.03204519349189812,0.84375,0.21213625507376363,0.04460906054358508
search,1170007,0,10,False,1.9750672623712672e-06,0.996259961884662,0.9790548338377681,0.0004165891617063492,2.0816681711721685e-17,0.1418422311863949,0.4219352009448649,7.623361357114675,3.7346773679819405,2.841508521030024,0.3005131728217759,0.15585638686472997,0.20068726963493327,0.01417785804518623,0.09956115124976003,-0.10091673328938225,-0.040268343449363496,0.32455018680437514,0.056308667836171736,0.9125,0.19635280272112948,0.00962184000199244
search,1170007,0,11,False,7.346635155055088e-05,0.996259961884662,0.9790548338377681,2.712673611111111e-05,2.0816681711721685e-17,0.16075478451765907,0.4128271791872369,5.868187890100606,3.4656894484549783,3.048836082415133,0.39507297901435445,0.11371308766807763,0.16139290351857205,0.00998581789726507,0.09372974303024835,-0.084988785487629,-0.03585967846737911,0.29845437339113795,0.04084944232781869,0.8875,0.15740645566414818,0.004674614635118696
search,1170007,0,12,True,0.0,0.996259961884662,0.9790548338377681,0.0009300595238095238,2.0816681711721685e-17,0.14479146834855275,0.4225044281270389,7.255881796124427,3.6776880737861415,2.902135197240714,0.36884282636281185,0.1478931753844282,0.21596931872564235,0.035237438657990644,0.09756301582421756,-0.08993093564030417,-0.03496139525898902,0.2963197463049724,0.048416479090317294,0.89375,0.21255156821407373,0.03071283755864656
search,1170007,0,13,True,0.0,0.996259961884662,0.9790548338377681,0.005092075892857143,2.0816681711721685e-17,0.14274086803448108,0.44087728119513836,8.248052218443593,3.59533319138702,2.815904470967025,0.3334760343316982,0.12133156999597461,0.20425126516086078,0.03241507685901541,0.09692601096817294,-0.08317953298161683,-0.02664985597214444,0.26039341083662193,0.04757567517064924,0.8875000000000001,0.20129335914653246,0.028616397180303677
search,1170007,0,14,True,0.0,0.996259961884662,0.9790548338377681,1.937624007936508e-06,2.0816681711721685e-17,0.15936419976196053,0.41788113529073234,5.766162596922486,3.4734676031993574,3.0482491325049397,0.3952260240730515,0.1392526636237577,0.18582604153464005,0.016901668616390104,0.09422528785773043,-0.09245251095995073,-0.03856466722142131,0.3452281331946654,0.045366935780074544,0.89375,0.1816536893515912,0.011821376127367098
search,1170007,0,15,False,0.0006317877905777953,0.996259961884662,0.9790548338377681,0.0011548239087301587,2.0816681711721685e-17,0.1428719146242315,0.42513008190473256,7.96885557891685,3.6605578688185982,2.8212675394812523,0.31840462666054425,0.1338951957789696,0.1822801672050277,0.00029579731401644695,0.0997301518374146,-0.09729056029746293,-0.03832543565779199,0.30132367978910785,0.054661145061737325,0.9125,0.1780019932022857,-0.004419326391236638
search,1170007,0,16,True,0.0,0.996259961884662,0.9790548338377681,3.8752480158730157e-05,2.0816681711721685e-17,0.16713089400690634,0.4120033777264078,4.668376037864584,3.36569928142174,3.0958647354078535,0.31644118812415944,0.12795695547056124,0.21951227364670864,0.061530926779342715,0.08941248778626676,-0.07845172255880638,-0.03226674464884591,0.27561068034666714,0.026889502368972112,0.83125,0.2160380770209566,0.05670788653725134
search,1170007,0,17,True,0.0,0.996259961884662,0.9790548338377681,0.0013078962053571428,2.0816681711721685e-17,0.14074622852910418,0.41935666206785827,7.88683141506574,3.637767751921248,2.826539005859006,0.30828915390953826,0.12792385865805547,0.18700274282957136,0.015286467316944455,0.0988053878962771,-0.0910345635265794,-0.03366720034698977,0.2717992468692334,0.049683576124890806,0.9,0.18315450157814805,0.011031164526228206
search,1170007,0,18,True,0.0,0.996259961884662,0.9790548338377681,7.750496031746031e-06,2.0816681711721685e-17,0.16747895645776914,0.40926178190875556,4.735600567816839,3.359571981718367,3.110992270908434,0.3723650082749653,0.1315962670458295,0.1840536881541136,0.02918273071795941,0.08983271329216522,-0.0873437316963626,-0.03837500187753028,0.33266125023355675,0.03399031644134633,0.85,0.17995596601359423,0.024151492938517344
search,1170007,0,19,True,0.0,0.996259961884662,0.9790548338377681,0.0016876705109126985,2.7755575615628914e-17,0.15003447695499467,0.4228240897680552,7.254654166383123,3.566225856469698,2.8633961705751583,0.31449075769940293,0.11766747819411497,0.20546181905266972,0.046277024535256894,0.09692535718148498,-0.07544827643480423,-0.021893149168759677,0.2708759556087565,0.04506488847331393,0.8999999999999999,0.20280533695617164,0.04222316722348926
search,1170007,0,20,False,0.0002159638200190644,0.996259961884662,0.9790548338377681,0.0002925812251984127,2.0816681711721685e-17,0.14951909734276747,0.42358868431143837,6.909350563190463,3.636995775570998,2.870249361800526,0.30581514206343563,0.14103677948761412,0.1882442261015956,0.006403011090735064,0.097983274589421,-0.09991106493096048,-0.044508969792499756,0.3079901048744389,0.047908925221711834,0.91875,0.18370160390458506,0.0012655694961871463
search,1170007,0,21,False,0.0009487674995725014,0.996259961884662,0.9790548338377681,0.0001240079365079365,2.0816681711721685e-17,0.1510624752675928,0.42310772663877394,6.733817300310644,3.6166171030371896,2.902029525368283,0.3476026730685484,0.13288756884537653,0.1765233359748165,-0.003019210791297142,0.09752227718103595,-0.0989893873319079,-0.04674501277563873,0.29763014879461913,0.04572474224775272,0.90625,0.17185889266519105,-0.008324009897708486
search,1170007,0,22,True,0.0,0.996259961884662,0.9790548338377681,0.0005967881944444445,2.0816681711721685e-17,0.15720055311407855,0.42389186414324903,6.108530520960915,3.539932578733277,3.003828200369748,0.34006618357235663,0.1323949897552097,0.22600760774827167,0.06309447696791505,0.09427733035652738,-0.07212125855992703,-0.02167848741544373,0.2948197549664707,0.04132875471189854,0.88125,0.2233897959232179,0.05918391019238865
search,1170007,0,23,True,0.0,0.996259961884662,0.9790548338377681,5.231584821428571e-05,2.0816681711721685e-17,0.1628297086206226,0.4131232658606132,5.477490579816897,3.4387745483722965,3.0952741036584506,0.4230669024057364,0.11564599811337418,0.1812455276947959,0.02890052499932037,0.09208580995090555,-0.08314589216514215,-0.034860892420575364,0.2797766417866419,0.03415748780937708,0.875,0.17747575193668727,0.02383719274919537
search,1170007,0,24,True,0.0,0.996259961884662,0.9790548338377681,0.0009184337797619048,2.7755575615628914e-17,0.13730804482026962,0.41957901448733065,7.996280868063286,3.779234917421853,2.8372022135620965,0.3670536775068246,0.1598670055302066,0.20309481922793857,0.01565104109805452,0.09965074921521132,-0.09896897382809672,-0.03945955041840325,0.3133497019226157,0.0566019679247671,0.90625,0.19896233178684677,0.011251121874734793
search,1170007,0,25,True,0.0,0.996259961884662,0.9790548338377681,0.0004572792658730159,2.0816681711721685e-17,0.15136177041692858,0.41598962197557865,6.716853954815864,3.587814403166939,2.9208558297807894,0.3503565666104296,0.11899985373120114,0.18278455207874286,0.02135714328173031,0.09633033847468482,-0.08836909220188528,-0.03783000023571932,0.2552544396734042,0.03885544253750881,0.875,0.17888609515383883,0.016746980637306345
search,1170007,0,26,True,0.0,0.996259961884662,0.9790548338377681,0.00019376240079365078,2.0816681711721685e-17,0.15732403787885324,0.4202705070110289,6.140112051696267,3.5214750892806075,2.9916833132875222,0.38191483522888275,0.1265487460164007,0.18334205917067153,0.01794164042815716,0.09503609804058523,-0.09099500746891417,-0.03881717247949557,0.2990010242617925,0.04130179897794769,0.8875,0.17926123899141114,0.012754492861948529
search,1170007,0,27,False,0.00033353445307436147,0.996259961884662,0.9790548338377681,0.002743675595238095,2.7755575615628914e-17,0.13563339679429162,0.4319291400385119,8.921834687882063,3.7650200007375885,2.7923381205678806,0.3090581526671664,0.15389217371027875,0.20508562831994182,0.013911003502846322,0.10181678053138918,-0.09852294981595018,-0.034353574253540034,0.3235058255531758,0.06194624015915098,0.91875,0.20114372996968116,0.009599698540748687
search,1170007,0,28,True,0.0,0.996259961884662,0.9790548338377681,0.0,2.0816681711721685e-17,0.1673335186875694,0.4101028724646933,4.774540488466273,3.364725942459496,3.123705871488761,0.3656082066229219,0.12106519431079583,0.1911961698621486,0.03922149160829534,0.08971872517024754,-0.08419941732121779,-0.03722600107889459,0.2847327681478176,0.02876587423350832,0.84375,0.18724901784060216,0.03401362323575149
search,1170007,0,29,True,0.0,0.996259961884662,0.9790548338377681,1.1625744047619047e-05,2.0816681711721685e-17,0.166949450174621,0.40605378737789455,5.082566209155525,3.405423385849708,3.087684111935041,0.3867528860112608,0.10386841836841493,0.1697591593778482,0.030346067622972168,0.08965267473348357,-0.07643363809227646,-0.03173655094542314,0.2636389369203798,0.02982519003476932,0.85,0.16618052704706934,0.02563686794637368
search,1170007,0,30,False,0.01402754513533423,0.996259961884662,0.9790548338377681,0.0013447110615079365,2.0816681711721685e-17,0.13482334284473763,0.4269221146877745,8.753633699846894,3.823864698897233,2.7469030177539873,0.34111061042147506,0.1700054122147061,0.2072654145739085,0.010112103387789279,0.10399835798582986,-0.10351872628799275,-0.038560145351150536,0.34999959321006785,0.06644502826980342,0.94375,0.20289424996346317,0.005942769294771319
search,1170007,0,31,False,7.168012317428283e-05,0.996259961884662,0.9790548338377681,0.0036562965029761905,2.0816681711721685e-17,0.14744500510518857,0.4384335498045979,7.859622631576569,3.571654209125202,2.8439752450572446,0.33084583537040035,0.11774237704582549,0.1786502153215564,0.010047149290224978,0.09682620663404752,-0.0899883822232804,-0.03375931458119994,0.27793627601139836,0.04941850492582474,0.90625,0.17475240218534435,0.005316629453405868
search,1170007,0,32,True,0.0,0.996259961884662,0.9790548338377681,0.00021701388888888888,2.0816681711721685e-17,0.15177147213403996,0.4224507057080367,6.2283808108463745,3.6129573707806335,2.956417084587282,0.36128945769120313,0.14638188881485026,0.2270802157329915,0.04901335117163198,0.095582805088285,-0.08448342423391572,-0.03489543949874053,0.28748060719445057,0.04043804774709381,0.88125,0.22376821051227636,0.04414749782896479
search,1170007,0,33,False,0.0018601630429872507,0.996259961884662,0.9790548338377681,0.001460968501984127,2.0816681711721685e-17,0.13021062515408766,0.42044589432315027,9.048808635955726,3.828706115864736,2.7994156731621467,0.4235241443772898,0.1523016113877086,0.18547055879957197,-0.008653346173425266,0.10150109913889013,-0.1018789397212402,-0.0375971940694784,0.3119955849708609,0.06407848995588135,0.925,0.18086827128626268,-0.012796382742002498
search,1170007,0,34,True,0.0,0.996259961884662,0.9790548338377681,1.3563368055555555e-05,2.0816681711721685e-17,0.16850379306764357,0.4086888341349726,4.54503986105338,3.347486052686893,3.153473551276781,0.3252245009291434,0.13157443018294887,0.21281112067727642,0.061998527023164926,0.0889184284203525,-0.073476025124531,-0.025222376216400624,0.31698678454941764,0.031825539623383144,0.85,0.20970175311383138,0.0578448773757925
search,1170007,0,35,True,0.0,0.996259961884662,0.9790548338377681,0.0006374782986111111,2.0816681711721685e-17,0.15108158264467322,0.4192552337059865,6.880999284872021,3.57512656546555,2.912677850221471,0.3236641855923734,0.12917225055235942,0.2060700474299847,0.041322208945629234,0.09730059753580894,-0.08211623369288751,-0.027266138483052448,0.2931791085880687,0.04620502806467455,0.8875,0.2029936416469958,0.03743915695055269
search,1170007,0,36,False,6.401338486248404e-05,0.996259961884662,0.9790548338377681,0.00023251488095238094,2.0816681711721685e-17,0.1531695130995962,0.42225412414791297,6.5862705729667095,3.5905978886047425,2.943612377382054,0.35432598139594235,0.12917102467783786,0.18145127942686595,0.01031951064155001,0.09660533493706625,-0.09465013700253831,-0.04142818416062591,0.29503331352531087,0.04407346308566975,0.9,0.17713779948247033,0.0053554084874794395
search,1170007,0,37,False,0.00012941801833624806,0.996259961884662,0.9790548338377681,0.0004611545138888889,2.0816681711721685e-17,0.14985901857816744,0.41879244024911516,7.045415770535076,3.597281255471006,2.873509009735864,0.3407775835740964,0.1147855003522433,0.1689672932726546,0.008344920637203303,0.09762394822250386,-0.08927785947911263,-0.03800666363057539,0.26139079599935433,0.04275277852667772,0.9,0.16489232109327395,0.00393356094097146
search,1170007,0,38,True,0.0,0.996259961884662,0.9790548338377681,0.0012536427331349207,2.7755575615628914e-17,0.14948372519939596,0.424128702866459,7.072392560173103,3.5855243611697105,2.9275515044135165,0.35530144827685306,0.14168637115840815,0.21739387017162487,0.0426189713577346,0.09749786346100608,-0.08723167542937528,-0.03092248606022951,0.30560369865233694,0.04783973618476472,0.9125000000000001,0.21412471030158298,0.03846568176055395
search,1170007,0,39,True,0.0,0.996259961884662,0.9790548338377681,6.781684027777778e-05,2.0816681711721685e-17,0.1652393358827568,0.40679251831350977,5.4684294241914415,3.455474572263017,3.065239308849973,0.46207180904171874,0.09671787191118153,0.14801834902536334,0.015262533155449313,0.09030712035553848,-0.07633177053440626,-0.03271401982729186,0.259356882312057,0.03299920418451194,0.85625,0.1443197884359172,0.010204681413720497
search,1170007,0,40,False,0.0004778408515853001,0.996259961884662,0.9790548338377681,0.0004863436259920635,2.0816681711721685e-17,0.1407187426261183,0.4212737184689163,7.5719933397353945,3.7606040738893403,2.8604563064681536,0.3619549976842592,0.1619076794657493,0.20191381504409522,0.0118741152375647,0.09879343231724438,-0.10294918077954104,-0.04389593441463218,0.31901951804040896,0.054688103397575814,0.9,0.19743256880527021,0.006855509087940945
search,1170007,0,41,True,0.0,0.996259961884662,0.9790548338377681,0.0011296347966269842,2.0816681711721685e-17,0.15125663044039966,0.41861563912698596,6.764688530702342,3.589688774951766,2.9025950197458803,0.3170512515028676,0.1146530101639478,0.20707461636684063,0.047170119144741174,0.09505982064587121,-0.07473654091617336,-0.027291493010965447,0.23592331288053242,0.03622316416465065,0.85625,0.20429420675125795,0.04295746717405715
search,1170007,0,42,False,1.1809245144344082e-05,0.996259961884662,0.9790548338377681,0.0003410218253968254,2.0816681711721685e-17,0.14822582032526316,0.4248474592622131,6.964426956347502,3.653805881456127,2.8900691780552137,0.29981549535017127,0.1592167852531265,0.2030212344043398,0.012989671937338795,0.0982004040057252,-0.10426065824162058,-0.046198690565491245,0.33455487479907076,0.05166057413796259,0.93125,0.1984111009627617,0.007776520923145914
search,1170007,0,43,False,3.107985751803703e-05,0.996259961884662,0.9790548338377681,0.003863622271825397,2.0816681711721685e-17,0.13783301636304685,0.44014735811946093,8.842113018105712,3.7077580395653063,2.7869722933895757,0.31147031912188583,0.1444834382173838,0.20400419467191971,0.01805794953400746,0.10055749311671121,-0.0957295605622206,-0.03148071743794871,0.3133629012489386,0.06000080244943466,0.9,0.20029461647697214,0.014030341436719248
search,1170007,0,44,True,0.0,0.996259961884662,0.9790548338377681,0.0,2.0816681711721685e-17,0.16967331812949016,0.4077625717879465,4.315730472675325,3.3140517398616955,3.168773826350006,0.3835669137873115,0.13519135881133043,0.20184850452854547,0.04513572607483636,0.08832678327714676,-0.08820159641764554,-0.040497983409783375,0.31206964861678665,0.02716684431663529,0.825,0.197636462458691,0.03945722115728663
search,1170007,0,45,True,0.0,0.996259961884662,0.9790548338377681,1.1625744047619047e-05,2.0816681711721685e-17,0.1628770457856688,0.41314799293676185,5.457836319793762,3.4376609799142357,3.079013925338215,0.41007850667308443,0.11706204445002247,0.17255162190338266,0.01558842100816377,0.09224404836029926,-0.08813635819978723,-0.041234446717776346,0.2830444626360346,0.0338981820121074,0.875,0.16830275814615658,0.010058309258304598
search,1170007,0,46,True,0.0,0.996259961884662,0.9790548338377681,0.001449342757936508,2.0816681711721685e-17,0.14097408324066774,0.42571503896406265,8.025123246941131,3.6751826650040464,2.831076171867286,0.34779307031890316,0.14904850831017255,0.2145403575676454,0.034857336154921786,0.09925498167662791,-0.08994151470135262,-0.029546480159837126,0.31726766936014594,0.05669554329957252,0.91875,0.21121993404145478,0.03076198428364478
search,1170007,0,47,False,0.00046890742296798644,0.996259961884662,0.9790548338377681,0.0007672991071428571,2.7755575615628914e-17,0.15270093003385363,0.42324121019832045,6.960312639836578,3.5556644709975203,2.922489317613352,0.3827159486379702,0.12122020190508709,0.17058868649218017,0.0023322518644701834,0.09766507126515019,-0.09243645103159918,-0.04020865532276044,0.29128978506441117,0.04579702327895903,0.9125,0.1663804703407101,-0.0028036390684664306
search,1170007,0,48,True,0.0,0.996259961884662,0.9790548338377681,0.00013563368055555556,2.0816681711721685e-17,0.15730721545858029,0.4160928100272109,5.857650777289436,3.531230137221656,2.9711872603615506,0.31481744147612123,0.12453094129566367,0.20986849323879836,0.047844669007006235,0.09414344262673263,-0.08054923898999462,-0.0318422573105851,0.26320571630712397,0.03482938873792,0.8624999999999999,0.20656896276790765,0.043323998196653515
search,1170007,0,49,False,0.0009316384453127806,0.996259961884662,0.9790548338377681,4.650297619047619e-05,2.0816681711721685e-17,0.1628749970291569,0.4129517106523587,5.603389031353142,3.467170174083627,3.09580219648994,0.44144671618651876,0.10827896269244167,0.1514794072844781,-0.0028558104533836937,0.09214920822870068,-0.08879958019370711,-0.04721800324866415,0.26582355954119735,0.03267888208048143,0.8812499999999999,0.1468657458951111,-0.008710980197898559
search,1170007,0,50,True,0.0,0.996259961884662,0.9790548338377681,0.0006471664186507936,2.0816681711721685e-17,0.14852130409396963,0.4187079831807349,6.93935687428446,3.60076616040133,2.90340914631268,0.3194640275051198,0.13205996856650035,0.21483353132819047,0.04688974350967587,0.09726959409838187,-0.08001111188018063,-0.027022604486662417,0.28050916191053116,0.044980020856646055,0.8875,0.21192737435521575,0.04306055488246805
search,1170007,0,51,True,0.0,0.996259961884662,0.9790548338377681,6.975446428571428e-05,2.0816681711721685e-17,0.15862844605939186,0.4141474285869413,5.9671397781174385,3.4897778328095694,3.028212030591585,0.37173274892599645,0.1185934371991515,0.19995265236236598,0.04812715981892162,0.09422951416006821,-0.07306000480678371,-0.021944650614356423,0.2883936660626175,0.04096294724602287,0.875,0.1971523025596611,0.04421967718912899
search,1170007,0,52,False,0.0005125056797365224,0.996259961884662,0.9790548338377681,0.001968625992063492,2.0816681711721685e-17,0.14089970544154198,0.4327422203477088,8.21616744897048,3.70692962163915,2.821465516909485,0.3179763365373275,0.1523312685406582,0.19597461112660064,0.0017564258507066395,0.09989493543383549,-0.10374623318764513,-0.04230751153797789,0.3218189327680874,0.057760452973496315,0.91875,0.19142336037034452,-0.0032460716796025094
search,1170007,0,53,False,0.0007120475495656738,0.996259961884662,0.9790548338377681,0.002484033978174603,2.0816681711721685e-17,0.14215523071535663,0.43328841642841065,8.166105232953832,3.649350946548579,2.818946951636435,0.3150873765079263,0.13360665561044494,0.18419037826896045,-0.0006102681799549075,0.09834070226729309,-0.09834763228793103,-0.03981772926581784,0.29134092219592095,0.05312530592831209,0.90625,0.17980421052905252,-0.005475251678695135
search,1170007,0,54,True,0.0,0.996259961884662,0.9790548338377681,3.875248015873016e-06,2.0816681711721685e-17,0.16421829375129662,0.4180502741815254,4.866090230951664,3.4057489875385087,3.1756056260100625,0.36972061213006446,0.15121163351081518,0.23226894034207027,0.06820475109439314,0.09071667954159876,-0.07635375078841077,-0.02687572678161653,0.33668905832718277,0.037113341029618725,0.85625,0.22908102255254564,0.06377554513135097
search,1170007,0,55,True,0.0,0.996259961884662,0.9790548338377681,0.001315646701388889,2.7755575615628914e-17,0.13935838613446203,0.41724201943787464,7.9727550465817725,3.6425857753199464,2.8883393320144646,0.3667134822351657,0.13326964104814948,0.20339253957335102,0.029791651162427393,0.09916149126503436,-0.08520795409491758,-0.028052049063150217,0.2802367845485914,0.05153591323395663,0.9,0.20023251851832036,0.02583883734240323
search,1170007,0,56,True,0.0,0.996259961884662,0.9790548338377681,7.750496031746031e-05,2.0816681711721685e-17,0.1622035961747321,0.41691746471497537,5.339723691982938,3.46089737485529,3.049439196297885,0.37619331982235726,0.13214066686738365,0.19073338855062227,0.02252890427966191,0.09226978011514317,-0.09524794193275331,-0.046636010721916865,0.29109561761958763,0.032725371906434556,0.8687499999999999,0.18621576830097103,0.017039644984373957
search,1170007,0,57,True,0.0,0.996259961884662,0.9790548338377681,0.0004398406498015873,2.0816681711721685e-17,0.15953411688436236,0.41776169070859814,5.9312608070799975,3.483766282220741,3.0048744078615472,0.3472317213367099,0.11438285723695951,0.18114111488349613,0.02387547182621815,0.0931855110600186,-0.08713850301549153,-0.04033668878511412,0.2522119679995508,0.03204961835535923,0.85625,0.1771304555978282,0.018966097971340325
search,1170007,0,58,True,0.0,0.996259961884662,0.9790548338377681,0.00013175843253968253,2.0816681711721685e-17,0.15006357016235689,0.4212556294259935,6.557920707230679,3.6269982767953417,2.8804694267999817,0.2860516688343021,0.15483424651394262,0.21113736520567095,0.03037204423110166,0.09768885670881099,-0.09727419024183756,-0.04034130971750037,0.3248323387616743,0.04830503152639948,0.9125000000000001,0.20702980113429903,0.025528168586419132
search,1170007,0,59,False,0.0012601895158612286,0.996259961884662,0.9790548338377681,0.0004611545138888889,2.0816681711721685e-17,0.1516102135285749,0.4201291664054172,7.092355362825525,3.5726611046367047,2.9529705981238754,0.42192689162938946,0.11167623847051483,0.15414818346642095,-0.005767001638792468,0.09791144489492712,-0.08863469843532626,-0.038454612247045966,0.2802624538698959,0.04730292494916084,0.91875,0.14997689681877183,-0.010939167120818289
search,1170007,0,60,True,0.0,0.996259961884662,0.9790548338377681,0.0006897941468253969,2.7755575615628914e-17,0.1516731337267222,0.44037767168151715,6.418648744793959,3.6234759727366015,2.890883633473554,0.2981009021627431,0.1434490541594376,0.2472438773121826,0.0687746525428263,0.09341259049555863,-0.06300589717998639,-0.02308960123863708,0.27435109102586164,0.03968001399938724,0.8687499999999999,0.24507439724492236,0.06488886125245782
search,1170007,0,61,True,0.0,0.996259961884662,0.9790548338377681,0.0020306299603174605,2.0816681711721685e-17,0.14760285712738624,0.4273691601355778,7.325559975123311,3.556936719432368,2.8747219060212013,0.301423540537078,0.12584500977087476,0.21463251761170643,0.044171915910559426,0.0966872408667514,-0.07925001095913511,-0.026818158199000276,0.265495664274922,0.043486512353022665,0.875,0.21178875503533057,0.040413580062508794
search,1170007,0,62,False,0.0002017217092065981,0.996259961884662,0.9790548338377681,0.0,2.0816681711721685e-17,0.16077158024346885,0.41653874369224664,5.708416077073714,3.44400220156321,3.012639395456448,0.38165754652910533,0.12903418366167438,0.17062174837927074,0.006691317075900174,0.09352710058599473,-0.092018892035029,-0.04096015283636566,0.331388724655349,0.043266602892770484,0.89375,0.16626016640331817,0.0014788142471666432
search,1170007,0,63,True,0.0,0.996259961884662,0.9790548338377681,0.0005192832341269841,2.0816681711721685e-17,0.14551477584541844,0.4200011750927758,7.2500510851941895,3.6537810931527948,2.8564878585918345,0.28864752531818455,0.1464679277176742,0.20887337924055477,0.031058783120512364,0.09901292013262386,-0.09202034585826066,-0.03407746567772587,0.3120179177111618,0.05140981727640948,0.91875,0.20525751345830837,0.026861423113276373
search,1170007,0,64,True,0.0,0.996259961884662,0.9790548338377681,0.0002189515128968254,2.0816681711721685e-17,0.15725874409966906,0.4188614323356943,5.831998449690016,3.5356034536420324,3.010864350290649,0.3771619276409996,0.13970956397894688,0.20950560653842276,0.037716366918971095,0.09437403526574867,-0.09232132395509259,-0.04037443675788255,0.29204723663540777,0.03726090990601339,0.875,0.2055233734936932,0.032650269862434245
search,1170007,1,0,True,0.0,0.961478151839632,0.8890931165284538,5.425347222222222e-05,2.0816681711721685e-17,0.16384474532486026,0.4240709179280897,4.703093365729064,3.4832017972135567,3.0647756958096677,0.38665904087748804,0.13215231611820338,0.19821733818113763,0.04474180197086812,0.08843866487870582,-0.062401439989868863,-0.023535082115070185,0.2799397701076931,0.030480963880164993,0.8375,0.19479918716524347,0.0404759616293362
search,1170007,1,1,False,0.001785244503836177,0.961478151839632,0.8890931165284538,0.00042046440972222225,2.0816681711721685e-17,0.15594022217115638,0.4209245629962386,6.020176565122995,3.630941005876596,2.9330260389322933,0.41047165385858847,0.10848799912682684,0.13984908216897152,-0.00971750999444191,0.08981674852680815,-0.08135272400512003,-0.03966176115604084,0.2615083535305289,0.03820058563483467,0.90625,0.13540217829148327,-0.01446833168920317
search,1170007,1,2,True,0.0,0.961478151839632,0.8890931165284538,0.0005560980902777778,2.0816681711721685e-17,0.1508033827298266,0.44517316647875826,6.263546028446942,3.6797304421088572,2.948941132759817,0.4384658062998025,0.14722791345773883,0.19889084422419565,0.04317443888076697,0.09207832469887156,-0.05305832102976576,-0.015025909401081564,0.29262760449089564,0.04275891390173615,0.8687499999999999,0.19577087838651014,0.03964786123606664
search,1170007,1,3,True,0.0,0.961478151839632,0.8890931165284538,0.00010075644841269841,2.0816681711721685e-17,0.15729592062815181,0.4174013912047786,5.763175262862903,3.5901103745092855,3.0228963884677658,0.4248099223955384,0.11427363256204306,0.15966549555905693,0.018171100383324097,0.08996796172840033,-0.07331883622801641,-0.026164184019964527,0.2870837456917287,0.04144500193988051,0.89375,0.15612965807525678,0.014179471848844463
search,1170007,1,4,False,0.000820501897664112,0.961478151839632,0.8890931165284538,0.00034877232142857144,2.0816681711721685e-17,0.15452255755762184,0.4288615723922591,5.545821234791374,3.6391101318973793,3.018378559344553,0.47715881144995,0.1625779963869407,0.1921745130360723,0.026400367712996597,0.09280238469555976,-0.08105351255211637,-0.03353219490169152,0.329822398308321,0.04208088755513745,0.8687499999999999,0.1875988876768575,0.021427065736052305
search,1170007,1,5,False,0.0001232472059445301,0.961478151839632,0.8890931165284538,0.0008525545634920635,2.0816681711721685e-17,0.14862052631028366,0.42700223952179406,6.3599493141031695,3.7569942770793983,2.882066264869458,0.37007254657389965,0.13930698228942107,0.16899434700119798,0.008505519647087473,0.09293881209381791,-0.08359298564761383,-0.031838988289092957,0.30294843449982223,0.04627901990518447,0.89375,0.16446766804501792,0.003803917190266702
search,1170007,1,6,True,0.0,0.961478151839632,0.8890931165284538,1.5500992063492063e-05,2.0816681711721685e-17,0.16232326436650374,0.4189037359859119,4.905808768591969,3.5070006834843768,3.131922186167935,0.4461492191376837,0.1353771291869618,0.1847536811479614,0.03221423578441161,0.08904546786599384,-0.0714857535603868,-0.026090955475476005,0.3157200170738454,0.03691982692434091,0.8625,0.18115187335173005,0.02791711630879081
search,1170007,1,7,True,0.0,0.961478151839632,0.8890931165284538,0.00013757130456349206,2.0816681711721685e-17,0.15649882975070212,0.42865176530079535,5.664927641493248,3.545071696705747,2.8907681950874284,0.2662089973200494,0.12174527965751686,0.19341073456338914,0.04476577412315608,0.08978903553077419,-0.05338955234961188,-0.016016591600180357,0.2593484629822297,0.036141566600818964,0.8375,0.19056257685968558,0.04127043281945792
search,1170007,1,8,False,0.0036205273845633687,0.961478151839632,0.8890931165284538,6.781684027777778e-05,2.0816681711721685e-17,0.16406437635484328,0.41658535189579016,5.121464928047693,3.522440159967878,3.0065792703409255,0.4070652029931032,0.10893664080308443,0.13186699638578547,-0.020199928752515944,0.08714898778807934,-0.08457882844758026,-0.04864477783167109,0.26795477674129153,0.031445802967486974,0.875,0.12694552357401984,-0.025511720725153866
search,1170007,1,9,True,0.0,0.961478151839632,0.8890931165284538,0.00015888516865079366,2.0816681711721685e-17,0.1631465360337713,0.41879945583759853,4.854643338924689,3.5233340643115865,3.0112101554014656,0.35534274634774954,0.12443491473755774,0.18833120911696058,0.03538965916393859,0.08852479020973628,-0.06881990218811132,-0.029300151668196096,0.2641016325715688,0.029159114377197447,0.81875,0.184585487080939,0.0310116972102698
search,1170007,1,10,False,5.358313835982527e-05,0.961478151839632,0.8890931165284538,0.000248015873015873,2.0816681711721685e-17,0.14610280635751238,0.4250971225739332,6.450168421143115,3.734296607925679,2.983274812522865,0.4794831463946575,0.15794693398456766,0.17270999584273242,0.010717770495969278,0.0945707098158862,-0.08619665520026229,-0.03154746071333143,0.3311780018723861,0.05153285063940159,0.90625,0.16786280814617555,0.0062199161824402025
search,1170007,1,11,False,0.00034589282417459304,0.961478151839632,0.8890931165284538,5.8128720238095235e-06,2.0816681711721685e-17,0.16325183287872894,0.4132680060071525,5.227605501390002,3.4898328054829486,3.0819808650268397,0.40542646063742005,0.10983308018736254,0.1421044909713695,0.004120056445314154,0.08804796169762465,-0.0757607904321416,-0.032047708909074324,0.29740366931671885,0.037995825706989936,0.88125,0.138279351959321,-9.911025133851024e-05
search,1170007,1,12,True,0.0,0.961478151839632,0.8890931165284538,0.0007498604910714286,2.0816681711721685e-17,0.1490538736490029,0.4276464034094462,6.1732078400622346,3.698212368904436,2.9074495528222863,0.39474376995402527,0.14900197935578066,0.18764568196799725,0.025397150286783972,0.09298722308058757,-0.07465484387120822,-0.02678007575255993,0.30098841355377,0.04424503181363333,0.88125,0.18355579763524,0.02134930737665746
search,1170007,1,13,True,0.0,0.961478151839632,0.8890931165284538,0.004466223338293651,2.0816681711721685e-17,0.1467657342505001,0.4446109539392389,7.042922504538446,3.7172357918622736,2.8254986847471186,0.35720182454927757,0.1199096166412183,0.1838408364872819,0.027412246211607094,0.09066496310043595,-0.06954923496739966,-0.020260952831605516,0.2631116054191004,0.04382469805836969,0.8875,0.18040217105553258,0.02273812201904055
search,1170007,1,14,False,2.799834010181898e-05,0.961478151839632,0.8890931165284538,0.0,2.7755575615628914e-17,0.16218257053700946,0.41614625355644297,5.046478137010939,3.501670751441,3.1454653459240127,0.42893280634038067,0.13671427666834368,0.16385117914357228,0.011904562722110977,0.0890424830820627,-0.0816275336133194,-0.033357503225013414,0.3457711016550221,0.04133890142087526,0.875,0.15968985272347286,0.007355935671927256
search,1170007,1,15,False,0.0006291237676212546,0.961478151839632,0.8890931165284538,0.0009571862599206349,2.0816681711721685e-17,0.14668664874869652,0.42756703183847156,6.7396777888339106,3.7606504982046145,2.8401574712918745,0.3568663137071292,0.1325756859341395,0.15860252744062947,0.00032683124290516785,0.0931387074611321,-0.08497191147151507,-0.031485383251270475,0.306162853220476,0.05060402546823437,0.9125,0.15397664231956248,-0.004003411317409027
search,1170007,1,16,True,0.0,0.961478151839632,0.8890931165284538,7.750496031746031e-06,2.0816681711721685e-17,0.1697650529093373,0.41043434463332784,4.057346242344407,3.3883988784363135,3.2330176064332843,0.40296793847637136,0.1239470980107239,0.19021880938779973,0.04294471643914864,0.08616407775077164,-0.06573286743201073,-0.02835028186725523,0.27220726493819253,0.02411272499923874,0.8062499999999999,0.18660679246514084,0.03889017069409614
search,1170007,1,17,False,5.6887272119442416e-05,0.961478151839632,0.8890931165284538,0.0010676308283730158,2.0816681711721685e-17,0.1449275917365498,0.4234966988540664,6.691908955355498,3.751338832982458,2.8227392728784446,0.3550810725811886,0.12659067208500094,0.1642571550212343,0.010587716384787104,0.09172478725397888,-0.07794950932150328,-0.026609560856990632,0.2764080982761571,0.04601719426123933,0.89375,0.16020614644313202,0.006374665576578221
search,1170007,1,18,True,0.0,0.961478151839632,0.8890931165284538,3.875248015873016e-06,2.0816681711721685e-17,0.16978575958001757,0.4043972928599686,4.146826671474813,3.370430226554026,3.2396337586820323,0.42933789832329516,0.12835465838777985,0.16049930193764433,0.01965205796616246,0.08580812396791836,-0.0768934296627706,-0.034618826653480955,0.3311767849337356,0.03073356370350256,0.83125,0.15652459982794698,0.015538009760252644
search,1170007,1,19,True,0.0,0.961478151839632,0.8890931165284538,0.0013214595734126985,2.7755575615628914e-17,0.15352792378119762,0.42815611091377365,6.295651615593593,3.600642212124126,2.9255469579754694,0.37359700305020155,0.11407178436389219,0.18187048039864268,0.03740215135416264,0.09119564310025316,-0.062119939641725415,-0.016502173224805305,0.26924200628491474,0.04205521331011039,0.875,0.17905052284884587,0.03379564871213346
search,1170007,1,20,False,0.00045957131631463777,0.961478151839632,0.8890931165284538,0.0001433841765873016,2.0816681711721685e-17,0.15314893587973002,0.42532402204914765,5.887496882422242,3.7054120593591326,2.9106020434802535,0.3356533498047069,0.139634636220737,0.1638729010650554,0.0024589955057109994,0.09194639087019513,-0.0875826860316062,-0.03766558884678866,0.3125736763107727,0.04400713185867699,0.90625,0.15903201224794516,-0.0024071513740804244
search,1170007,1,21,False,0.0013945068780128753,0.961478151839632,0.8890931165284538,5.231584821428571e-05,2.0816681711721685e-17,0.1544543432844388,0.42368729125204624,5.8301642289397755,3.6757447505220506,2.9354679156242325,0.3538096016270706,0.1305461212630057,0.1545199221865908,-0.006845711623290191,0.09093584625423083,-0.08782288945371583,-0.04080894049382184,0.3016257044581696,0.04244671647173545,0.90625,0.1496083509593224,-0.011639766075812076
search,1170007,1,22,True,0.0,0.961478151839632,0.8890931165284538,0.00043209015376984125,2.0816681711721685e-17,0.1603713354259928,0.42799353871972845,5.3524686672173285,3.483152077948035,3.0353299338883737,0.38239950914169807,0.1288583678543376,0.19291030674121212,0.04397415061050471,0.08966996947984374,-0.0578128001139678,-0.01638693423654097,0.2911588261627215,0.03744775828506653,0.8625,0.19003328385395213,0.04032327194549945
search,1170007,1,23,True,0.0,0.961478151839632,0.8890931165284538,1.743861607142857e-05,2.0816681711721685e-17,0.16546680380514273,0.4103012599417191,4.830683228850274,3.4635908639066963,3.0565951917325758,0.3505853079814574,0.11145795533887176,0.15973701891985836,0.018858131788685263,0.08771816078495467,-0.07236044654793143,-0.030760438682665134,0.2776518047397153,0.03151088317609838,0.8500000000000001,0.15605930316825944,0.014708360790927725
search,1170007,1,24,False,0.002173004016548327,0.961478151839632,0.8890931165284538,0.0007614862351190476,2.0816681711721685e-17,0.1419307470046718,0.42598026524176485,6.7800271119657145,3.685189913298988,2.9437156072684347,0.4047834466699616,0.1641748131741559,0.17323480304262878,0.012302167228858917,0.09433798793020226,-0.08335769474080018,-0.03007424836921031,0.3221685953799892,0.05231963324531637,0.90625,0.1684763366184554,0.008401243008954219
search,1170007,1,25,False,6.215509612108078e-06,0.961478151839632,0.8890931165284538,0.0003138950892857143,2.0816681711721685e-17,0.15491390037459485,0.4176760244173518,5.815927072388917,3.634854003940405,2.8826456432560272,0.36307859998831254,0.11537298919175064,0.1626353986185487,0.013541540958064407,0.08976855843331064,-0.07630492207548048,-0.0324324143380012,0.25662485974670124,0.03588766468028404,0.8812500000000001,0.158620237236645,0.009313265150042192
search,1170007,1,26,False,3.220197750559411e-05,0.961478151839632,0.8890931165284538,9.88188244047619e-05,2.0816681711721685e-17,0.16037430979717301,0.4194946748713309,5.322719625573928,3.5720287007635028,3.026376148362561,0.3779284120462218,0.1230084918802505,0.16151879867156538,0.011680313003933662,0.08916149548156321,-0.07965117894851825,-0.033429479854540735,0.29902212361672564,0.03791740748306939,0.89375,0.1573903155848298,0.007220337985255662
search,1170007,1,27,False,2.5862690490962568e-05,0.961478151839632,0.8890931165284538,0.002418154761904762,2.0816681711721685e-17,0.14009591508992564,0.4391242889188673,7.411445893215648,3.7701387032771203,2.9086729537479363,0.4292237864820741,0.15789167009102564,0.17823881637542854,0.012024960629963081,0.09569391717161049,-0.08377912058227897,-0.025319949685492105,0.3312465485176653,0.0569982762699999,0.90625,0.17372985220608547,0.007979683596533178
search,1170007,1,28,True,0.0,0.961478151839632,0.8890931165284538,0.0,2.0816681711721685e-17,0.16980158693130948,0.4065560245271267,4.176914063954522,3.3830858388461293,3.1543220331428854,0.377562193069093,0.1170503760180012,0.1672353849029865,0.02575173647226699,0.08595462971587078,-0.07298602345697901,-0.03349858150532668,0.28200946174269004,0.02610362646957517,0.8,0.16334287186016283,0.02171644542153503
search,1170007,1,29,True,0.0,0.961478151839632,0.8890931165284538,3.875248015873016e-06,2.0816681711721685e-17,0.1691572587830621,0.40275746585486605,4.555962635112314,3.392664290873964,3.100151201767776,0.3681799605858596,0.09959696454527162,0.14792397984533226,0.019518286273150137,0.08587507674968844,-0.06663600117057375,-0.028871634947967153,0.26042314328888017,0.0276658724902825,0.8125,0.1445886980884334,0.01542734017543393
search,1170007,1,30,False,0.031958094769538384,0.961478151839632,0.8890931165284538,0.0011238219246031745,2.0816681711721685e-17,0.13945289559400437,0.43259542679606666,7.346896316250269,3.778455523407966,2.9413167853349877,0.46936019959497244,0.17607720854150127,0.17520037709021702,0.01097244796025633,0.09688795266485842,-0.08786211385321542,-0.028961814435549203,0.35772793312548334,0.06085538255148438,0.94375,0.17018080574557504,0.00714542815032161
search,1170007,1,31,False,8.600240072838875e-05,0.961478151839632,0.8890931165284538,0.0031137617807539685,2.0816681711721685e-17,0.1508662697622432,0.4358072322199467,6.721618066904972,3.6835228113324856,2.877287999857149,0.37847303684303085,0.1147447098808238,0.1586627765471883,0.009574857459082495,0.09079921716425143,-0.0787007828971122,-0.028477832089997216,0.2796109353321688,0.04589375370072599,0.90625,0.1546498528190839,0.005159173379157493
search,1170007,1,32,True,0.0,0.961478151839632,0.8890931165284538,8.525545634920634e-05,2.0816681711721685e-17,0.15564669360683586,0.42743034625331805,5.367510008626622,3.653501996049055,2.9848471633477156,0.45997301011389474,0.1458384923273269,0.19623586760581424,0.035275868048595865,0.09066014354374742,-0.06978229007655139,-0.027682096028983152,0.2899352277045112,0.036853117285567505,0.84375,0.1922687824580841,0.030518210912731183
search,1170007,1,33,False,0.001299046955712783,0.961478151839632,0.8890931165284538,0.0012594556051587302,2.0816681711721685e-17,0.13476036944844189,0.42490720016227806,7.5988867412686645,3.7776128713556387,2.837610377668556,0.3934933711076998,0.15619899404963966,0.15299304752058468,-0.006084741981319265,0.09405648450215842,-0.08800332511862212,-0.028191144980030187,0.3223895260740157,0.05972288447427074,0.9125,0.14789667450016375,-0.010028777758602194
search,1170007,1,34,True,0.0,0.961478151839632,0.8890931165284538,3.875248015873016e-06,2.0816681711721685e-17,0.17079455082425335,0.40558615271806653,3.996310133915352,3.298340130898901,3.268647905405948,0.45622429707838325,0.12775216188510452,0.18208531352682378,0.042475387242552384,0.08543721991537555,-0.061499831010160134,-0.022121659385357057,0.3129757226403228,0.028576302349044416,0.8125,0.17910845752538385,0.038874688753095896
search,1170007,1,35,True,0.0,0.961478151839632,0.8890931165284538,0.00045146639384920637,2.0816681711721685e-17,0.154603790135179,0.4239182183272757,5.9524816628955985,3.630210167189582,2.923502929570534,0.34843131039465103,0.1262932425732532,0.18175163843896508,0.031143820789337168,0.09151613592747433,-0.06843220768689076,-0.021262364535030175,0.2928773725783429,0.04254089323650165,0.8562500000000001,0.17841965398169482,0.027632379829911034
search,1170007,1,36,False,0.000267869687049662,0.961478151839632,0.8890931165284538,0.00011044456845238095,2.0816681711721685e-17,0.15651295530376869,0.42230123741650794,5.672464501644788,3.6486646915397634,2.955243007554077,0.43487455344436743,0.12606871278592688,0.15958399321631575,0.005425465878144745,0.09005309117870225,-0.08314555047949462,-0.035716888503975544,0.29675228843993895,0.04054775110374839,0.90625,0.15512822242038005,0.0008019944958695246
search,1170007,1,37,False,0.0003296864048892987,0.961478151839632,0.8890931165284538,0.00032939608134920637,2.0816681711721685e-17,0.1532827962145193,0.4189879375210219,6.1376760643389145,3.6511640878072766,2.871555038269589,0.35762635210942084,0.1108364505631885,0.15006846474523958,0.0043779978387669186,0.09048187537840154,-0.07827188630180673,-0.033176357746450794,0.26242204009351383,0.03993858685611669,0.89375,0.14595530489215136,-8.212953810163987e-05
search,1170007,1,38,True,0.0,0.961478151839632,0.8890931165284538,0.0010346912202380952,2.7755575615628914e-17,0.1532904518490389,0.4303795110971572,5.995044764681532,3.6774644675587744,2.9631744808268587,0.4232127330805694,0.14074683120914439,0.1895290631262358,0.030137889297860338,0.09225715758991129,-0.07239545471939884,-0.02398555418227117,0.30697357916189705,0.04341985321264531,0.8812500000000001,0.18581264876385734,0.026127007966756488
search,1170007,1,39,False,0.00019095369844939424,0.961478151839632,0.8890931165284538,2.5189112103174602e-05,2.0816681711721685e-17,0.16733711463911727,0.4059019443840225,4.956728857408009,3.4378654987820365,3.066741861875455,0.41650366249117804,0.09251768032434515,0.12865654067991938,0.006916119158977914,0.08592299514212923,-0.06771332768769397,-0.030087895790442742,0.2566640559617678,0.030823552756942995,0.8500000000000001,0.12526833672079735,0.00299049504089376
search,1170007,1,40,False,0.00400489476758008,0.961478151839632,0.8890931165284538,0.00034489707341269843,2.7755575615628914e-17,0.14509524020920955,0.4249005398722993,6.391304420634031,3.673958035399287,2.974435576555182,0.4205513355297378,0.16563871647529074,0.17152708012984186,0.009781653093471548,0.0944275754665886,-0.08742015348126209,-0.03445009346757215,0.32812083883026494,0.05028100027644901,0.8999999999999999,0.1664297326230042,0.005275169306701317
search,1170007,1,41,True,0.0,0.961478151839632,0.8890931165284538,0.0009281218998015873,2.0816681711721685e-17,0.15495457086010478,0.4237913461554824,5.874241099202143,3.6017846873202193,2.904836154190957,0.36713949116328143,0.1108345807598787,0.1841387991786561,0.03593955431763278,0.08917510269448078,-0.061468926063680915,-0.022084460622127978,0.23485607687339816,0.03344459478901348,0.8562500000000001,0.18100985210225623,0.031994465510109024
search,1170007,1,42,False,0.00014296646584104772,0.961478151839632,0.8890931165284538,0.0001705109126984127,2.7755575615628914e-17,0.15207612196622078,0.42845450426833587,5.875472000989298,3.712859924374614,2.9864710146134836,0.4096280744248845,0.16041528428271218,0.17509966128527657,0.00854707662962441,0.09376679490131543,-0.09025865440586434,-0.03843504552114167,0.3406904019239222,0.046746074356810635,0.90625,0.1700218058098496,0.003638455227897643
search,1170007,1,43,True,0.0,0.961478151839632,0.8890931165284538,0.003410218253968254,2.0816681711721685e-17,0.14211210829735205,0.44531751309599266,7.440003659539721,3.8178144181057823,2.8800558359056465,0.41742265336788587,0.14661419029055334,0.17972709749734683,0.015332698212471584,0.09430933367183361,-0.08136087850682439,-0.023339421027057466,0.31972755916100803,0.055187396098992425,0.91875,0.175442489519383,0.010923607629091388
search,1170007,1,44,True,0.0,0.961478151839632,0.8890931165284538,0.0,2.0816681711721685e-17,0.17206369808979446,0.40436446085280375,3.7294886098060847,3.3372742497168555,3.3116331827702052,0.4536828273217171,0.13183455376722353,0.1757525077263572,0.029775276753656828,0.08481241785565584,-0.07649399491286579,-0.03666085952456099,0.3099119425450864,0.023905535252102917,0.79375,0.17153788428540118,0.025373695082056655
search,1170007,1,45,False,0.00015167552472568439,0.961478151839632,0.8890931165284538,3.875248015873016e-06,2.7755575615628914e-17,0.16549284230837788,0.41313472245560967,4.815636918811785,3.4804189919869195,3.057338721894709,0.3617600750931628,0.11314336748320221,0.15213597745079954,0.007795337867099711,0.08775044132418094,-0.07797087837569168,-0.03711697836822891,0.28190566443619036,0.03133664204548494,0.85625,0.14795682803480903,0.0031137794105395075
search,1170007,1,46,True,0.0,0.961478151839632,0.8890931165284538,0.0012536427331349207,2.0816681711721685e-17,0.14532795241988156,0.4332448164956262,6.79100693353757,3.775895362499536,2.9473195018206053,0.44919441827483797,0.15087338968961184,0.1857862850452494,0.025704058439449798,0.09456314184850403,-0.07454409300437312,-0.02154918496995331,0.32108602367216554,0.05171109493830173,0.89375,0.1819094433010729,0.022059868099820197
search,1170007,1,47,False,0.0007397188376224398,0.961478151839632,0.8890931165284538,0.0005619109623015873,2.0816681711721685e-17,0.15581520174019942,0.42283307253617436,6.040405033248458,3.6291915760123894,2.971514504729592,0.40268618317800303,0.11778497938640382,0.15051555265953265,-0.0009106970056418154,0.09087028522357306,-0.08171948688390498,-0.03509760567007046,0.2924881848863813,0.04274905593347804,0.9,0.14621456086842607,-0.005534300585168873
search,1170007,1,48,True,0.0,0.961478151839632,0.8890931165284538,5.231584821428571e-05,2.0816681711721685e-17,0.16063377285803515,0.41853655974958154,5.109634821769206,3.5623503971133186,2.9842318628437687,0.33666361404420486,0.12070386996012583,0.18514693601814297,0.03429998960916535,0.08916454200869972,-0.06740463021851406,-0.026568838913615986,0.26182123935290524,0.031846378326925114,0.8500000000000001,0.18158273316425488,0.03003701787186876
search,1170007,1,49,False,0.001931681812935564,0.961478151839632,0.8890931165284538,1.1625744047619047e-05,2.0816681711721685e-17,0.1653068338522527,0.412758600274432,5.022590734609743,3.4697735722912113,3.0197367916726088,0.3902362087480831,0.104306265626643,0.13296445857215858,-0.010711277845176682,0.0873098146962195,-0.0799727609532709,-0.04353674176340316,0.264856459215781,0.03057657854895648,0.86875,0.12844541621778405,-0.0157868401752603
search,1170007,1,50,True,0.0,0.961478151839632,0.8890931165284538,0.0004630921378968254,2.0816681711721685e-17,0.15241422205474675,0.4269947537224948,6.015878682996155,3.6482601281079394,2.91070605530063,0.39339216496230145,0.12995823866986234,0.1884472755639314,0.03542536136579679,0.09134220688674995,-0.06533751438588731,-0.020553494106903877,0.2806706953048393,0.041340619813995005,0.8625,0.18504465038258577,0.03150674544949319
search,1170007,1,51,True,0.0,0.961478151839632,0.8890931165284538,3.1001984126984125e-05,2.0816681711721685e-17,0.1614794312284808,0.4133982684952292,5.3105502357569385,3.4873041817512016,3.0562089287376404,0.36824925146756665,0.11431092120683817,0.17485066680393674,0.03498113165767087,0.08913975837419347,-0.06113659330327529,-0.017771753020490777,0.2854247597674322,0.03792567427200633,0.8625,0.17210392378755296,0.031449916763036566
search,1170007,1,52,False,0.00060412585605306,0.961478151839632,0.8890931165284538,0.0017070467509920635,2.0816681711721685e-17,0.14502246100789262,0.43672465976988284,6.825539133366051,3.7619263504735834,2.9002311306654107,0.3915035624054247,0.1543052062314429,0.16787832293105648,0.0006213014814358663,0.09408291866653586,-0.0900172717111452,-0.03366688735051902,0.32956295762776655,0.05302223509222931,0.91875,0.16283683816021435,-0.004175786839210344
search,1170007,1,53,False,0.0008182483868407267,0.961478151839632,0.8890931165284538,0.0020848834325396825,2.0816681711721685e-17,0.14603580421911566,0.4354984060131326,6.8639502379300446,3.7826632337366313,2.8269420758548307,0.36982369362775624,0.13271706323424196,0.1596696914312435,-0.001733949150949628,0.09213652985412817,-0.08613196251194795,-0.03296276880966362,0.2972485098644899,0.04937671888027921,0.91875,0.15497520595934927,-0.006717586483840552
search,1170007,1,54,True,0.0,0.961478151839632,0.8890931165284538,1.937624007936508e-06,2.0816681711721685e-17,0.1669599591670861,0.42073050313072036,4.275957755699042,3.3462930095227845,3.2481838154860476,0.4551916563298483,0.14834578854159874,0.19789500406622418,0.04748727825000422,0.08702312786123093,-0.06267232673891851,-0.022313890318090595,0.3330614980824759,0.03252008758074897,0.8625,0.19467534925617802,0.04351647346430723
search,1170007,1,55,True,0.0,0.961478151839632,0.8890931165284538,0.001094757564484127,2.0816681711721685e-17,0.1437570074808025,0.4249562085694234,6.815072181733994,3.7608891946141703,2.8621756811460184,0.4234785363024186,0.13331708078472135,0.1782507769509137,0.02263791011864524,0.09281890958163797,-0.07101665304348655,-0.02063299285598457,0.28426825904659325,0.047566911575264714,0.89375,0.17466919914125134,0.01921192602209168
search,1170007,1,56,False,1.4570547525344024e-05,0.961478151839632,0.8890931165284538,2.9064360119047617e-05,2.0816681711721685e-17,0.1651285234605817,0.41840972249504127,4.600915925724854,3.52320397483024,3.0917203264793427,0.4011894977492766,0.12893485777346356,0.16748794979295958,0.012766973885763791,0.08786675543520928,-0.083472877925553,-0.041442179617428535,0.2917540902658509,0.02953500032853272,0.84375,0.1628159125298652,0.0077982476364021405
search,1170007,1,57,False,4.325784636016896e-07,0.961478151839632,0.8890931165284538,0.0002945188492063492,2.0816681711721685e-17,0.16253090626640404,0.4163821138214503,5.169368190222648,3.5426759145178472,3.0137554552544534,0.3678204857261483,0.11012900734753912,0.16000591810584075,0.0146152414202307,0.08836717874730676,-0.07569653598274648,-0.035795412985837854,0.25124771763253106,0.02953147996937274,0.83125,0.15594505862697583,0.009784158557665545
search,1170007,1,58,True,0.0,0.961478151839632,0.8890931165284538,4.0690104166666664e-05,2.0816681711721685e-17,0.15391206515288744,0.42525928476747415,5.585101469701813,3.7171377010438724,3.0390278186443243,0.4332193682998029,0.15512161729789786,0.1844976813236928,0.021364353829670515,0.0929216804021344,-0.0828056135749072,-0.032875735696323426,0.3287377332520879,0.04362188393149552,0.89375,0.17996079970504508,0.01660610270232303
search,1170007,1,59,False,0.0016102803481792462,0.961478151839632,0.8890931165284538,0.00028095548115079363,2.0816681711721685e-17,0.15455576733351395,0.4214037971389593,6.287725908862146,3.614697066955607,2.9785308792940857,0.4455184589911332,0.1077413361825468,0.13629457370216275,-0.008475054678437758,0.09062496300913214,-0.07939132118390577,-0.03405284868314916,0.2807262114519936,0.04491195527072025,0.9125,0.13213131300001077,-0.012929803459990225
search,1170007,1,60,True,0.0,0.961478151839632,0.8890931165284538,0.0005134703621031746,2.0816681711721685e-17,0.15549335215680993,0.4450586687823732,5.724285552225454,3.615742378367973,2.992509111508502,0.4381343347123711,0.14257155691020595,0.20490873802945642,0.04825652583592775,0.0891597469890752,-0.048592442486355525,-0.016286366498901677,0.2724074109364989,0.03591322942686626,0.8374999999999999,0.2018310382585919,0.04411740785930679
search,1170007,1,61,True,0.0,0.961478151839632,0.8890931165284538,0.0016992962549603175,2.0816681711721685e-17,0.15149480006978,0.43345713908938843,6.298581408660556,3.659819996977602,2.8951105473897973,0.34907225794798646,0.12374402146988792,0.18918793760209146,0.034589243501845404,0.09067288379022206,-0.06542815915244374,-0.02072382057616659,0.2661651036880299,0.04025864986110211,0.8812500000000001,0.1859501977288217,0.03051440415163307
search,1170007,1,62,False,0.0005098071139430205,0.961478151839632,0.8890931165284538,0.0,2.0816681711721685e-17,0.16338091647149708,0.4148766974762829,5.028481775661236,3.498129021933692,3.1638633288331657,0.44078353027259853,0.1259365336356547,0.14994948715429307,0.0017913384641308119,0.0880709010844876,-0.08237218709375196,-0.03637672438539458,0.3315873408204184,0.03987174335742808,0.88125,0.14563119769369073,-0.002876713488548871
search,1170007,1,63,True,0.0,0.961478151839632,0.8890931165284538,0.00037396143353174606,2.7755575615628914e-17,0.1495542582224307,0.4249445997130692,6.226321676221497,3.7329135712445494,2.9354556000218848,0.4201117602216813,0.14679878158028703,0.18295098008379057,0.022960409062938242,0.09411838815282889,-0.07728455846142229,-0.026562864459431255,0.3158904960565233,0.0471708989835716,0.8875,0.17884502559930154,0.018860410382268204
search,1170007,1,64,True,0.0,0.961478151839632,0.8890931165284538,9.300595238095238e-05,2.0816681711721685e-17,0.16066715574740992,0.42264284084010806,4.964085551435737,3.5938123443505576,3.042989285677754,0.4278950498475221,0.1371936009842851,0.18360523929721245,0.02545898315391907,0.08899920595652103,-0.07865081833960999,-0.03419945128245915,0.2932284446579892,0.03354771573285894,0.8375,0.17930047591600892,0.020566494338558262
search,1170007,2,0,True,0.0,0.908480562565556,0.964496868646665,8.525545634920634e-05,2.0816681711721685e-17,0.16203946582413922,0.4196140157772841,5.011502332671534,3.4822762217329397,3.15602315982414,0.4201425701456105,0.13262569581913256,0.2255062844000001,0.06351562928164042,0.08845237900673855,-0.07088634646703207,-0.02677891412995334,0.28284528433565426,0.032374986566720984,0.85625,0.2227297558241232,0.059609833796578096
search,1170007,2,1,False,0.0011609141039603955,0.908480562565556,0.964496868646665,0.00043015252976190475,2.0816681711721685e-17,0.15431608607517172,0.42130759518964533,6.300171561529041,3.565746891464527,2.920146810025688,0.3301709875860819,0.10833513026972041,0.15118882544861612,-0.004932230914472325,0.09065547458106579,-0.08733394778594578,-0.04242014041254382,0.26305206649923635,0.03950547365204338,0.875,0.1472831974235138,-0.008990805941285039
search,1170007,2,2,True,0.0,0.908480562565556,0.964496868646665,0.000621977306547619,2.0816681711721685e-17,0.14823691101811715,0.43994566164858057,6.5891030379533095,3.657763015688295,2.930941288945043,0.33633420889766213,0.14453892287640024,0.2333466634708567,0.05760047949153478,0.0919485355376304,-0.06269872942284832,-0.020782485113068003,0.2938897759587328,0.044929062177645404,0.9,0.23124683521905823,0.05448428462096756
search,1170007,2,3,True,0.0,0.908480562565556,0.964496868646665,0.00012594556051587303,2.0816681711721685e-17,0.15553655023983032,0.41663833903144476,6.089994936350978,3.5506454579493254,3.0554507805086173,0.41312379965665613,0.11457519216262975,0.1716361164226408,0.027371526882973833,0.09060327422201493,-0.08017152152086404,-0.029523021995020448,0.29001941791310343,0.042941250350338044,0.8875,0.16855757943740077,0.02393253569095569
search,1170007,2,4,True,0.0,0.908480562565556,0.964496868646665,0.00042240203373015875,2.0816681711721685e-17,0.15194990732417102,0.4215266580380249,6.1564243030614065,3.613603576516426,2.9915492993734203,0.3324111245440246,0.15950810671408894,0.21776399724342593,0.03682981531683259,0.093554161985099,-0.09276839840719894,-0.039163766878926906,0.328477080495421,0.044995991091355214,0.89375,0.213906407046117,0.03205725759560363
search,1170007,2,5,False,1.1157065367401038e-05,0.908480562565556,0.964496868646665,0.0009009951636904762,2.0816681711721685e-17,0.14617962210164887,0.42241407878811005,6.998161505478272,3.6704116983553576,2.8899327813027167,0.2848597928242018,0.13698359027984455,0.18838130889583543,0.013045971674883186,0.09356163534901965,-0.09316427152559015,-0.037325799485064294,0.30102341350850603,0.04839089784336591,0.90625,0.18449036252091694,0.009052912911916776
search,1170007,2,6,True,0.0,0.908480562565556,0.964496868646665,2.712673611111111e-05,2.0816681711721685e-17,0.16050302928582075,0.41664062280117925,5.249942232272641,3.4631793343779584,3.1218743270812244,0.3885557533390982,0.1356347707889829,0.20422204826437262,0.049182597220167504,0.08965248393593783,-0.08015996556373133,-0.02961345328204993,0.3189635600012387,0.03906381936065075,0.8625,0.2010815900570442,0.04562260337545132
search,1170007,2,7,True,0.0,0.908480562565556,0.964496868646665,0.00018794952876984128,2.0816681711721685e-17,0.15449726115440207,0.42363444958922464,5.924865772698059,3.585089346312412,3.055465050085658,0.410601304480973,0.12188797309028213,0.2218614537679324,0.058746917715871934,0.09012295089314176,-0.0608959379170001,-0.019345842969946576,0.2617238382289666,0.03757969726375229,0.8625,0.2198764966784253,0.05599359702928949
search,1170007,2,8,False,0.0023966723054853903,0.908480562565556,0.964496868646665,6.975446428571428e-05,2.0816681711721685e-17,0.16278141649784897,0.4165412660150587,5.325368600675082,3.433179341264879,3.0554592996597965,0.3732580132074522,0.10893819602298593,0.14284307090467066,-0.013639154661839053,0.08739945362744833,-0.08969063526045867,-0.05096593001553845,0.2708135160112406,0.03234239581995807,0.8500000000000001,0.13836789451462891,-0.01844533597148567
search,1170007,2,9,True,0.0,0.908480562565556,0.964496868646665,0.00022670200892857144,2.0816681711721685e-17,0.16136198647427094,0.4190213076034227,5.189603745288587,3.495664156025184,3.0258985214068037,0.31340981226168874,0.12478205315989871,0.21118663839849527,0.05039459935467834,0.08875630609984586,-0.07683881033700606,-0.032169714334370395,0.26591900096795074,0.030721233706001813,0.85625,0.2080903225622353,0.045969949285728874
search,1170007,2,10,True,0.0,0.908480562565556,0.964496868646665,0.0003216455853174603,2.0816681711721685e-17,0.14331442310311018,0.4209580155794218,7.222630908981849,3.7367857441973236,2.900708416572656,0.2954933528225054,0.15399228612737687,0.19507580306175284,0.015136739037995032,0.09607934864522079,-0.09737726636321448,-0.038387972471421505,0.3286016832505716,0.0542755087475805,0.9375,0.1908878608613577,0.01060152859001752
search,1170007,2,11,False,2.3768301218260086e-08,0.908480562565556,0.964496868646665,7.750496031746031e-06,2.0816681711721685e-17,0.16190656423619737,0.41332903732799386,5.424708288877008,3.4389434018204756,3.1152264257913433,0.3739623946304702,0.11021690362980492,0.15203925929924866,0.014909810716354884,0.08838881813438283,-0.08096782295279185,-0.034561639665398054,0.30160851260808963,0.039134557597685145,0.875,0.14855225814554135,0.011031631567785468
search,1170007,2,12,True,0.0,0.908480562565556,0.964496868646665,0.0008021763392857143,2.0816681711721685e-17,0.14634915754113587,0.4223185109384535,6.755053971774148,3.668815371668274,2.961296608855264,0.33186423078166954,0.14561788617873075,0.21216801092858362,0.03446922264765076,0.09363004920223394,-0.08528941953200175,-0.0329034308947168,0.29887329908452137,0.04619793094821724,0.9125,0.20893076861379262,0.030322195853009277
search,1170007,2,13,True,0.0,0.908480562565556,0.964496868646665,0.004580543154761905,2.0816681711721685e-17,0.14441606485268518,0.44049162558477284,7.588353459359082,3.6453420924601723,2.9009956797574077,0.3757177274429926,0.11796137313667249,0.19982959369553915,0.031899384308800814,0.09246982436133255,-0.0777817650964035,-0.024481751228528116,0.2621771496263702,0.045858195780414286,0.9125000000000001,0.19734824619898622,0.028553053499033976
search,1170007,2,14,True,0.0,0.908480562565556,0.964496868646665,1.937624007936508e-06,2.0816681711721685e-17,0.16049428774354155,0.4168553507168713,5.375978626340914,3.485955654251224,3.167952334723366,0.4515309722119494,0.13669937744034144,0.17790411756663732,0.023329338233825457,0.08978464801126743,-0.0890420748851377,-0.03721093406164809,0.3491876959951806,0.04346823322622044,0.8875,0.1740990475238474,0.019401960354649674
search,1170007,2,15,False,0.0004791360531745518,0.908480562565556,0.964496868646665,0.000984312996031746,2.0816681711721685e-17,0.1443804692823414,0.42447639313093427,7.36097552023455,3.7186807637815735,2.8853582861123632,0.3718523986446066,0.1307708805588241,0.1751782930404421,0.0021948316763245566,0.09438441136999348,-0.09359629917036627,-0.03676930206466997,0.305211712857141,0.05304564481530003,0.925,0.17123190664925003,-0.0014694382598108013
search,1170007,2,16,True,0.0,0.908480562565556,0.964496868646665,9.688120039682539e-06,2.0816681711721685e-17,0.1683254844093696,0.41251628648479954,4.2973599418080175,3.3966963832427908,3.1520020272429807,0.3092668077483589,0.12494643866878388,0.21377977482760047,0.0626825000890879,0.08560022606875836,-0.07310430618650876,-0.030195003092018616,0.2761005894644383,0.025636009706353144,0.7875,0.21066965759247358,0.05873771648877564
search,1170007,2,17,False,2.233993239397068e-09,0.908480562565556,0.964496868646665,0.001114133804563492,2.0816681711721685e-17,0.1424680148151125,0.4195365451120166,7.292652175773686,3.686700485045164,2.846633068943923,0.3362264929718974,0.12455141972513442,0.18192022739051505,0.01497234989446037,0.09340379467407553,-0.08659797579940429,-0.03128982984060773,0.27460298627663315,0.0479349776256739,0.9,0.1784709035417349,0.011275028711831846
search,1170007,2,18,True,0.0,0.908480562565556,0.964496868646665,1.937624007936508e-06,2.0816681711721685e-17,0.16848489499316804,0.407309039673661,4.371971954610614,3.352756857119986,3.2943075476210533,0.4246568059331211,0.12896929019953218,0.17571826902695872,0.035806431172974044,0.08572597344247414,-0.08338843108509149,-0.036719676142256914,0.33592361254454833,0.032351412337174326,0.83125,0.17201084439729733,0.03182781380140791
search,1170007,2,19,True,0.0,0.908480562565556,0.964496868646665,0.0014125279017857143,2.0816681711721685e-17,0.151540523790615,0.42543095669940756,6.636433041933904,3.573056232524121,3.082365057713935,0.4192011289213024,0.11409808597198229,0.1992872244648783,0.04587061154992907,0.09135660095411224,-0.06976310668582457,-0.02009725057848313,0.271523617048959,0.04347520456556145,0.88125,0.19719044937561997,0.04362012916243306
search,1170007,2,20,False,0.00016775935531387413,0.908480562565556,0.964496868646665,0.00020538814484126984,2.0816681711721685e-17,0.15094992656710654,0.4225846084301489,6.461420595603998,3.660398841009917,2.9414456996758997,0.3197483440325004,0.13819365812683057,0.18208634131520254,0.00742296592509374,0.09267018542494136,-0.09658047299633679,-0.0428549660244467,0.31175720853167405,0.04621519259911016,0.9125000000000001,0.17782990416137257,0.002811353061612152
search,1170007,2,21,False,0.0008259052718262502,0.908480562565556,0.964496868646665,6.394159226190477e-05,2.0816681711721685e-17,0.1524866283187018,0.42110651439235247,6.3023942615073185,3.6370323134627434,2.9480579687447968,0.3763221111866153,0.1296838536008441,0.16995191933955606,-0.0018120620879991545,0.09215376380008311,-0.09563073003979353,-0.04522693640615084,0.3015163179434667,0.04432455962587116,0.9125000000000001,0.16563467083023242,-0.006596774363574424
search,1170007,2,22,True,0.0,0.908480562565556,0.964496868646665,0.0004902188740079365,2.7755575615628914e-17,0.1585311174200495,0.4241736696857295,5.630445629819391,3.487386074064658,3.1781144253725477,0.4266252502255269,0.12935861611185284,0.21909098083508136,0.06288949207606383,0.08961026151826029,-0.06637190071036443,-0.019675156105182078,0.2948970567438108,0.0393713248734399,0.875,0.2168371746516015,0.05988758143413808
search,1170007,2,23,True,0.0,0.908480562565556,0.964496868646665,2.1313864087301586e-05,2.0816681711721685e-17,0.16405381646394626,0.4121802553197093,5.0545426108445835,3.440562251637895,3.0664239457344875,0.3147066105376247,0.11216196283130797,0.17325358653258,0.03344106049990846,0.08770541838707281,-0.07846984815097205,-0.03305252269633918,0.2816382069633299,0.032718000435295706,0.83125,0.1699723658211621,0.029611678360074955
search,1170007,2,24,True,0.0,0.908480562565556,0.964496868646665,0.0008176773313492064,2.0816681711721685e-17,0.1388107302375113,0.42021719658662005,7.542588792852587,3.756955467777181,2.8519918104732387,0.3657987156898088,0.15854077955520912,0.19790491271438854,0.015202483765423231,0.09679747775438349,-0.09516471110727871,-0.03735460031364113,0.3177884891365239,0.05431703608346542,0.9375,0.1938541670176092,0.010778980936590262
search,1170007,2,25,True,0.0,0.908480562565556,0.964496868646665,0.00034683469742063494,2.0816681711721685e-17,0.15296608936979825,0.4164588438363725,6.2020885428636525,3.5852657096705745,2.912992253277804,0.3212423176261594,0.11512498632374929,0.17769441981241363,0.021114370700078718,0.09107894768281351,-0.0836965036430039,-0.03568407009340614,0.2568650505814376,0.03751983248514722,0.875,0.17424929768732855,0.017422710701102267
search,1170007,2,26,True,0.0,0.908480562565556,0.964496868646665,0.00012594556051587303,2.7755575615628914e-17,0.15863632370237668,0.4185058381997929,5.684253683551033,3.5202228516536653,3.0648062550256596,0.40008689730874336,0.12314597142203865,0.17557796589009392,0.02208107610955819,0.0900822945173041,-0.08695103533015888,-0.03723005312496661,0.3016849255956259,0.03960961508269986,0.875,0.1719024437958554,0.017940337698522088
search,1170007,2,27,False,2.1989828804960413e-06,0.908480562565556,0.964496868646665,0.0025014725942460315,2.0816681711721685e-17,0.1370875011345412,0.43068798217802345,8.416656354957949,3.7763376485830014,2.781453461714501,0.34107323600298695,0.15259589454554162,0.2000009170945029,0.014132505379683679,0.09928823236997972,-0.09480035897332029,-0.03263894385035053,0.32817367892854354,0.06005704687774538,0.94375,0.19626596204369162,0.01046024374789125
search,1170007,2,28,True,0.0,0.908480562565556,0.964496868646665,0.0,2.0816681711721685e-17,0.16848352888743032,0.4083363017778452,4.394376825084343,3.382060534445924,3.20634425294348,0.3496689328321846,0.11788260847403192,0.18365031496088396,0.04275450626212158,0.08551244255357672,-0.07943034986671055,-0.03521395536788327,0.2863556543706883,0.02745761429665581,0.8125,0.1801255931187713,0.03880015479299306
search,1170007,2,29,True,0.0,0.908480562565556,0.964496868646665,1.937624007936508e-06,2.0816681711721685e-17,0.16806131325702267,0.40590303919994397,4.674134888338295,3.3809064322946023,3.1371424984123646,0.33175028040334853,0.10044452737787442,0.1606745334833958,0.03660070096388638,0.08517544457685049,-0.0712826047586517,-0.029642774028222733,0.26516466361230095,0.028392945722984363,0.81875,0.15765502150737537,0.03295696749037775
search,1170007,2,30,False,0.011528956637428102,0.908480562565556,0.964496868646665,0.001193576388888889,2.0816681711721685e-17,0.13618594618853525,0.42825677518584715,8.241984436743204,3.8071829945902165,2.8288985935172697,0.32478952039428477,0.16958058992553415,0.20206444837675436,0.01129457298809092,0.10125308042478143,-0.10029928078028708,-0.037206901142871465,0.35477235865864787,0.06380398441504381,0.95,0.19777003028796156,0.007902465846404628
search,1170007,2,31,False,4.322642095201197e-05,0.908480562565556,0.964496868646665,0.0032028924851190475,2.7755575615628914e-17,0.14891211447223568,0.4359855447252119,7.225856961626427,3.6217595941078615,2.922806981591636,0.37869161886964303,0.11392477914962235,0.17138397251189247,0.011153812028735166,0.09201525214860913,-0.08579355333574164,-0.032198535419981474,0.280392976951417,0.04782287438660113,0.9187500000000001,0.16801073102810654,0.007756543635487558
search,1170007,2,32,True,0.0,0.908480562565556,0.964496868646665,0.0001414465525793651,2.0816681711721685e-17,0.1532526720750904,0.42299924640935105,5.831922865613736,3.608240527628393,3.02488377008384,0.38227492958274767,0.14387666234398303,0.22355182447579036,0.047276969613626575,0.09171865372809057,-0.07973488887017824,-0.032713982621209024,0.28902135817879815,0.03883590796779619,0.8875,0.22042642614140764,0.04290681521699104
search,1170007,2,33,False,0.0013042941226771776,0.908480562565556,0.964496868646665,0.0012768942212301587,2.0816681711721685e-17,0.13173491682344554,0.41966964489113334,8.545425232879778,3.827048636629164,2.7106569198004964,0.34864049158486055,0.15092548891400165,0.1794740567600005,-0.006127282270400922,0.0996326578015379,-0.09880509734068622,-0.03540881524190561,0.31777829108888667,0.0619107486990257,0.93125,0.1750127813894181,-0.010017193217290093
search,1170007,2,34,True,0.0,0.908480562565556,0.964496868646665,3.875248015873016e-06,2.0816681711721685e-17,0.16952272011927919,0.4099750922023133,4.187914776117806,3.2943489342150176,3.285471075381092,0.36268565218964094,0.1289729639407764,0.20522006780163862,0.06524615636399367,0.08485421989451358,-0.06849057849953014,-0.023653496154558907,0.3182616970532328,0.03024859228048791,0.81875,0.20252644992871927,0.061982184118051925
search,1170007,2,35,True,0.0,0.908480562565556,0.964496868646665,0.0005076574900793651,2.0816681711721685e-17,0.15252246275458536,0.4209806382564592,6.349266629280635,3.5768843003526425,3.012658836656553,0.3989128119734347,0.12595607593657066,0.19991108426283433,0.04243208927623239,0.09191324417563007,-0.07718778764218913,-0.025363592803802862,0.29470291103868274,0.04439538008851792,0.8812500000000001,0.19726551904737516,0.0391903860490318
search,1170007,2,36,False,1.9571169112081634e-05,0.908480562565556,0.964496868646665,0.00015694754464285715,2.0816681711721685e-17,0.15458659744839387,0.4213447585609177,6.112721494605399,3.588225347153509,3.0072329118759913,0.3553965973794934,0.12571239000372794,0.17431129793330746,0.012412000125698971,0.09127110087665234,-0.09090378207824182,-0.03979193562790332,0.2980019789286442,0.042520681183627465,0.89375,0.17037774990749543,0.00802786294789535
search,1170007,2,37,False,0.00010720201225996798,0.908480562565556,0.964496868646665,0.00034489707341269843,2.7755575615628914e-17,0.15142621351450847,0.4176387245156451,6.495561037843274,3.610566625305552,2.932940528630523,0.3438395348461645,0.11065270624632326,0.16214576262284003,0.008943003331215416,0.09137768000004676,-0.08498943340514756,-0.03633391320903171,0.2634692286300473,0.041591422117050594,0.9,0.15858467596813836,0.00499446783574662
search,1170007,2,38,True,0.0,0.908480562565556,0.964496868646665,0.001083131820436508,2.7755575615628914e-17,0.15093061257259127,0.42612242552110724,6.505900065053149,3.6188861296056762,2.954819474037513,0.3699962634412649,0.13903747868930194,0.21216762535447042,0.04117981289545859,0.09271850495737266,-0.08239370726275182,-0.029098170062656532,0.3074657481103945,0.04560839027509242,0.89375,0.20917453675417402,0.037765493470808584
search,1170007,2,39,True,0.0,0.908480562565556,0.964496868646665,2.9064360119047617e-05,2.0816681711721685e-17,0.16633280973620457,0.4068228070852289,5.036435881381485,3.4301029008344113,3.1411982102664857,0.4021487602633959,0.09306102437879323,0.13750830518220403,0.01978422238858186,0.08551066893821353,-0.0714203812323475,-0.030894424160378596,0.2612638743937534,0.03137932978875663,0.83125,0.1343919670226006,0.016175245128113858
search,1170007,2,40,False,5.6911745542525594e-05,0.908480562565556,0.964496868646665,0.00040108816964285713,2.0816681711721685e-17,0.1421521785512001,0.4210044115571989,7.194348521251788,3.71643085260106,2.9020493333088972,0.3578543286946685,0.16056195755958758,0.19672599872256302,0.012523262530073813,0.0965031881870733,-0.09933561305181096,-0.04190030880126083,0.3235721322693632,0.05255492278706144,0.93125,0.19230280548690934,0.007670568471961084
search,1170007,2,41,True,0.0,0.908480562565556,0.964496868646665,0.0009533110119047619,2.0816681711721685e-17,0.15295306530720287,0.42081259532452453,6.164702254416626,3.556336372036407,2.9597884788912383,0.31645996767048196,0.11084057436238082,0.2039194113589207,0.04641249675436453,0.08970588837650195,-0.06832863720753893,-0.024812629864381663,0.2358249467042982,0.03491989532617118,0.8625,0.20165336839618678,0.043089820996404
search,1170007,2,42,False,1.801844700096377e-05,0.908480562565556,0.964496868646665,0.00025770399305555556,2.0816681711721685e-17,0.1495637286523743,0.42280650684945376,6.567614482237917,3.659428065283675,2.9148882162792,0.35527523678889417,0.15745341239207095,0.19750757948770645,0.012516783733762839,0.09512969984395482,-0.10103173475206628,-0.04451102158086491,0.338706970904687,0.04975732536011336,0.925,0.19304139352040195,0.007903070575843872
search,1170007,2,43,True,0.0,0.908480562565556,0.964496868646665,0.0034799727182539685,2.0816681711721685e-17,0.1393287969702077,0.43915962215484167,8.344134217366538,3.7461270386030154,2.813568598161267,0.3472901471653772,0.14242112280410407,0.19815484975099046,0.018099352166738247,0.09760384618020534,-0.09176070064426535,-0.0299374901428874,0.3174823816469714,0.058244289801804225,0.94375,0.1947065436844465,0.014818420838809698
search,1170007,2,44,True,0.0,0.908480562565556,0.964496868646665,0.0,2.0816681711721685e-17,0.17072691006349802,0.40543366620794785,3.9749783088192423,3.3299345312964563,3.251730016269981,0.35313062465588174,0.13256435785937878,0.1949483976475464,0.04830831919158053,0.0845919411748069,-0.0838739084877475,-0.038932315039194546,0.31423669499546025,0.02565576972338783,0.80625,0.1910651703636802,0.044039211982199275
search,1170007,2,45,True,0.0,0.908480562565556,0.964496868646665,1.937624007936508e-06,2.7755575615628914e-17,0.1640945862130433,0.41275092136046787,5.046149916316777,3.448919060701294,3.093836516691277,0.33805349115165056,0.1136061312764712,0.16484716086658968,0.019804221967125536,0.08785728061259035,-0.08388436522480258,-0.03961931673724634,0.285560419769856,0.0325618158343856,0.85,0.16106345272378803,0.015645518652849275
search,1170007,2,46,True,0.0,0.908480562565556,0.964496868646665,0.0012691437251984127,2.7755575615628914e-17,0.14250301351847,0.42722107162020084,7.455273019352166,3.7089899614524198,2.891826971623302,0.3766773874064951,0.14703325223789998,0.2095427298554453,0.034072510977951026,0.09564168727389079,-0.0855467798977973,-0.027962355634622862,0.3201058039476524,0.054238471696146144,0.9375,0.20647619984790966,0.030783410986432527
search,1170007,2,47,False,0.0003346302180551211,0.908480562565556,0.964496868646665,0.0005754743303571429,2.0816681711721685e-17,0.15405776779026115,0.4219981023246075,6.395734167550705,3.5905713763201703,2.9658578494435863,0.3640596697731128,0.11755950721913529,0.1622474594423642,0.004298653057959768,0.09150276343160935,-0.08847762225478709,-0.038823064669988444,0.2944598120767279,0.04439634618987032,0.90625,0.15849488638189102,0.000378580676037861
search,1170007,2,48,True,0.0,0.908480562565556,0.964496868646665,6.975446428571428e-05,2.7755575615628914e-17,0.15877847792232705,0.4176013381295074,5.4325901616125964,3.5445535193517266,3.0400756673510125,0.3223324128208027,0.12104809931950283,0.2052712574722096,0.048736905846887356,0.08949509437409955,-0.07515817372092234,-0.029725085536771976,0.2637491445460452,0.03341925023944775,0.8625,0.202380219745977,0.04460379824460815
search,1170007,2,49,False,0.0008869566860103792,0.908480562565556,0.964496868646665,9.688120039682539e-06,2.0816681711721685e-17,0.16409299797266913,0.4131055930809816,5.179368130409693,3.4291182195726484,3.0886759336769924,0.36653323171361596,0.10451937165192686,0.14334406606570455,-0.0024223635557837544,0.08731545662598149,-0.08464776258387717,-0.04541877854661358,0.26838784945516314,0.03134495562577619,0.84375,0.13922875410145302,-0.006957761292930166
search,1170007,2,50,True,0.0,0.908480562565556,0.964496868646665,0.0005115327380952381,2.0816681711721685e-17,0.15010772504406836,0.42020668887809454,6.431423060481489,3.6402906482527557,2.996753389500867,0.37656320563795986,0.12890875061179324,0.21037434993856224,0.04546193105530166,0.09179993288725036,-0.07457595883636295,-0.025222523128369957,0.28145891976740856,0.04315443508091195,0.86875,0.2078447826849758,0.042413094184716185
search,1170007,2,51,True,0.0,0.908480562565556,0.964496868646665,3.487723214285714e-05,2.0816681711721685e-17,0.15990021733913146,0.4183419406368383,5.5339619636906745,3.4787287174458434,3.1210261810100612,0.34136194126266195,0.11525091491736303,0.1921734406807663,0.051914490822166766,0.08928144163550483,-0.06797631518784984,-0.02038363360139095,0.28953329713651926,0.0391537457746385,0.8625,0.18990007877341322,0.049392687370542886
search,1170007,2,52,False,0.0004304921437964381,0.908480562565556,0.964496868646665,0.0017264229910714285,2.0816681711721685e-17,0.14234207325160808,0.43111021554089085,7.685233306808624,3.7520321422201213,2.864967803521224,0.3259400400212165,0.15040123845068704,0.18993299650438722,0.0028622418086890512,0.09712636443867545,-0.10037915089507779,-0.040773409369155286,0.3265070666908079,0.05577756384641144,0.93125,0.18554810536701927,-0.0015739435435671752
search,1170007,2,53,False,0.000717333697790486,0.908480562565556,0.964496868646665,0.0021720765128968255,2.0816681711721685e-17,0.1436995067114846,0.4325950037757352,7.598278884165232,3.7062509791621814,2.8439512193466405,0.29382309334114076,0.13047290525149136,0.1782261651214045,-0.0006681053330116794,0.09444980566702926,-0.0948099075647928,-0.037894550045861,0.2952551701438809,0.051859711056785246,0.91875,0.1741805169615771,-0.004580477969169373
search,1170007,2,54,True,0.0,0.908480562565556,0.964496868646665,1.937624007936508e-06,2.0816681711721685e-17,0.1653024098362597,0.41714819854863827,4.540503605112404,3.350063896804861,3.2094053499259347,0.3677839523969566,0.1490100038176352,0.22581818993437672,0.0692932657877514,0.08720275437892118,-0.07173658284646986,-0.025381182824971343,0.33769791757556056,0.0349572558709617,0.8312499999999999,0.22290482433636843,0.0658907389775307
search,1170007,2,55,True,0.0,0.908480562565556,0.964496868646665,0.0011315724206349207,2.0816681711721685e-17,0.14107261050088507,0.4197895261755201,7.382028115997225,3.691379133347376,2.8504977916677685,0.3745756846477034,0.13046952475622253,0.19949224137117383,0.029083802617379823,0.09366138403805523,-0.08031723948904977,-0.025953443948632426,0.28274252547131085,0.04936267204655159,0.9125,0.19673079470034138,0.025986352607326308
search,1170007,2,56,True,0.0,0.908480562565556,0.964496868646665,3.8752480158730157e-05,2.0816681711721685e-17,0.16348114665675503,0.4164482980286438,4.946657100290709,3.4625084152416177,3.024947284129461,0.30252384776447944,0.12905836326717324,0.18410137011325,0.02451721281161694,0.08843568131817557,-0.09117580477704584,-0.04490747711649494,0.2937065503393146,0.031124059815058173,0.84375,0.17989078541061487,0.019628031303718468
search,1170007,2,57,True,0.0,0.908480562565556,0.964496868646665,0.0003255208333333333,2.7755575615628914e-17,0.16095376494606495,0.41623526202895855,5.445222167220503,3.506185687407039,2.991126990773677,0.3139669874568788,0.11055575473358159,0.17449531532299212,0.02539079977960841,0.08872588775992615,-0.08220045986221006,-0.038191250493374254,0.253466486696098,0.03072655652942712,0.84375,0.17091996443135715,0.021086639165453315
search,1170007,2,58,True,0.0,0.908480562565556,0.964496868646665,7.36297123015873e-05,2.0816681711721685e-17,0.15144220374285017,0.41990486811697075,6.161627306676203,3.625768203129372,2.9664900911425054,0.39294588778645456,0.15272447646895784,0.20589453450580297,0.02955143980125592,0.09348095425717776,-0.09347820979956697,-0.03855086860785914,0.32789437395848425,0.04637070205284374,0.90625,0.20197539511471435,0.024937251640060693
search,1170007,2,59,False,0.0010959313653851784,0.908480562565556,0.964496868646665,0.00030808221726190475,2.0816681711721685e-17,0.15297038954185838,0.4200172229208503,6.558270709344885,3.5429514893499388,2.9531100727618034,0.3707906045732215,0.10756306907994422,0.14518688282459552,-0.004366339652059773,0.09089074639506489,-0.08476762540588528,-0.037223592317414636,0.28338138008279873,0.04620375865879934,0.90625,0.1415384854412446,-0.008288782552789973
search,1170007,2,60,True,0.0,0.908480562565556,0.964496868646665,0.0005735367063492064,2.0816681711721685e-17,0.15317466138156466,0.4430343915002902,5.992847827999878,3.574404550346493,2.9410094557292807,0.31029730664242244,0.14094047098057721,0.24205977504495668,0.06458440788887572,0.08960079892991443,-0.05694085650419879,-0.0208942064266223,0.27391060209058726,0.03789600294392797,0.86875,0.24005728056741635,0.060832016874845914
search,1170007,2,61,True,0.0,0.908480562565556,0.964496868646665,0.0017516121031746032,2.0816681711721685e-17,0.1492200942774465,0.4276678566347937,6.76105221373982,3.626221355265556,2.9299474283767317,0.32070666980487983,0.1225568090681793,0.21117758583759205,0.04246607100555587,0.09163048362155285,-0.07373540228666162,-0.024782206091513753,0.26640981241025613,0.04197122945285671,0.875,0.208801711433635,0.039551943052155515
search,1170007,2,62,False,2.4072485355455963e-05,0.908480562565556,0.964496868646665,1.937624007936508e-06,2.0816681711721685e-17,0.16188720929543982,0.41591796768649353,5.30245129873734,3.4731467026901948,3.169417857056804,0.46106868483000285,0.12607069145404937,0.16156042349469427,0.01212977243049076,0.08868280353034884,-0.08856266020699265,-0.03969746745799542,0.3355030950604707,0.04160125184479178,0.8812500000000001,0.15759170509914733,0.0077640046325599815
search,1170007,2,63,True,0.0,0.908480562565556,0.964496868646665,0.0004165891617063492,2.0816681711721685e-17,0.14699107480087514,0.41903054417473196,6.827864299185002,3.661049524435482,2.9067591996274924,0.3492119610149795,0.14414800640776826,0.20398302254480172,0.030945038749309744,0.0944037185572668,-0.08784334477764513,-0.03236270559542847,0.31490503182381374,0.049562165315103546,0.9125000000000001,0.20062804103197174,0.027541480059277146
search,1170007,2,64,True,0.0,0.908480562565556,0.964496868646665,0.0001472594246031746,2.0816681711721685e-17,0.15865354702544798,0.4184363329498936,5.414263184855138,3.5399999364000343,3.0263041250975427,0.34699858062999456,0.13673370603793816,0.2042226915700125,0.03855476853129043,0.0901311547541951,-0.08791457923412385,-0.038309878597796554,0.2939017608442283,0.03552449919633413,0.8625,0.20049773745398672,0.03371133784572681
search,1170007,3,0,True,0.0,0.9980844715070453,0.917470984604414,8.331783234126984e-05,2.0816681711721685e-17,0.1628362758110417,0.4176728637948319,4.917741077630709,3.4997892070745626,3.0573977476168035,0.35418731761757116,0.132333197419298,0.21176168079061147,0.04806630646541714,0.09037693586329598,-0.06749506295757196,-0.0257265185496266,0.2792285704460338,0.03109292267191842,0.8375,0.20822261928177138,0.043531648145524425
search,1170007,3,1,False,0.0014273693311337838,0.9980844715070453,0.917470984604414,0.000499906994047619,2.0816681711721685e-17,0.15483985356500007,0.4192641663417338,6.340334142335486,3.6133379424352836,2.91215666035778,0.37423183477460875,0.11026678199133008,0.14973894219570605,-0.007101616894409763,0.09430572186148506,-0.08549945663755174,-0.042122832411459046,0.2599761004557718,0.03804073045949816,0.89375,0.14496244521557028,-0.012266187366725384
search,1170007,3,2,True,0.0,0.9980844715070453,0.917470984604414,0.0006239149305555555,2.0816681711721685e-17,0.1494785519745303,0.4391085193009108,6.478652983517366,3.7331341156853495,2.8724062499888547,0.35108757746221275,0.14578973132285922,0.21530722013695985,0.04990375790579374,0.09396349361634705,-0.058168724714489514,-0.017295324547709615,0.2920773136262018,0.04370947009558873,0.84375,0.21218318855318383,0.04644210205550825
search,1170007,3,3,True,0.0,0.9980844715070453,0.917470984604414,0.00013950892857142856,2.0816681711721685e-17,0.15626661458145835,0.41523302774043536,6.03471509243151,3.5780979656604184,3.001583615934611,0.42878838409716,0.11570411389243654,0.17068234263062282,0.0172671716593071,0.0942912163638727,-0.07766479188094896,-0.028051480633447312,0.2858485998541439,0.04178168409472818,0.8875,0.16683518264171554,0.012907972076855552
search,1170007,3,4,False,5.1136092327391615e-05,0.9980844715070453,0.917470984604414,0.0004069010416666667,2.0816681711721685e-17,0.15326245058101942,0.42578367445082055,5.822862574319689,3.652923621279859,2.9501710916990733,0.37688696669730426,0.160643585540431,0.2061279007894336,0.0314844563434482,0.09460496208813239,-0.08614505958811527,-0.03550997224000238,0.327647532326886,0.043294376180903246,0.8625,0.2015761080523541,0.026634662400835035
search,1170007,3,5,False,5.020233231986963e-05,0.9980844715070453,0.917470984604414,0.0009242466517857143,2.0816681711721685e-17,0.14726312505346173,0.42315583636465703,6.730218553497778,3.746709856129436,2.8967354860325463,0.3506583837606022,0.13879603541258134,0.18016832710614702,0.010855064152707863,0.09559685810158156,-0.08821274003824757,-0.03424251063290751,0.3003947227089888,0.04705601561759035,0.86875,0.17550417155527404,0.006446519076472975
search,1170007,3,6,True,0.0,0.9980844715070453,0.917470984604414,3.1001984126984125e-05,2.0816681711721685e-17,0.16135142582607181,0.41632291540176125,5.140892692265012,3.5483299583750485,3.043173914941051,0.3854517891223318,0.1356798204745311,0.19711569390592604,0.033843637802879044,0.09140085236509889,-0.07613712729251185,-0.02824695293433637,0.31444626089267036,0.03787198118779879,0.85,0.19332571480963157,0.02917217203863683
search,1170007,3,7,True,0.0,0.9980844715070453,0.917470984604414,0.00018407428075396825,2.0816681711721685e-17,0.1553451298341368,0.4236922332586222,5.876585197989743,3.6054685555472314,2.9405546995283283,0.3245392621041884,0.12221514932317937,0.20764898159144612,0.047746357105238856,0.09339600119145157,-0.05840937377768608,-0.018117405618972772,0.2590130290998772,0.0364955836235273,0.8374999999999999,0.20464024113935758,0.043537467985455464
search,1170007,3,8,False,0.003056262589926519,0.9980844715070453,0.917470984604414,0.00010075644841269841,2.0816681711721685e-17,0.16316087315668215,0.41530552658101116,5.365362430346041,3.507345477107644,3.065679073900715,0.4875333955990809,0.11068830445045268,0.1420318554599501,-0.017340832778974677,0.09036894981099405,-0.08841470094242446,-0.050822916995539195,0.26631023067555953,0.03158781856240158,0.8687499999999999,0.13684419630032152,-0.023386057918249353
search,1170007,3,9,True,0.0,0.9980844715070453,0.917470984604414,0.0002247643849206349,2.0816681711721685e-17,0.16208801652531718,0.4164227486360395,5.095824612949654,3.5495364335162938,2.998754016043736,0.3431181798276463,0.12493463635991761,0.2009962312209466,0.036802859150907585,0.09066394372897368,-0.07381568433373013,-0.031222904268650355,0.26306805673263856,0.0294854987653724,0.8187500000000001,0.1971051851227114,0.031862843727904544
search,1170007,3,10,False,5.219007995351032e-06,0.9980844715070453,0.917470984604414,0.00031195746527777775,2.7755575615628914e-17,0.1446851945286996,0.42441444108114335,6.7910692026574075,3.769353477043071,2.9450890573605757,0.39839844384859724,0.1561748366913242,0.185815208444724,0.01366355882613225,0.09678871024239401,-0.09091084983312779,-0.033705759344853925,0.3284237670068538,0.05245607709998364,0.875,0.18092514963591466,0.009263720203525654
search,1170007,3,11,False,0.00031539058124662145,0.9980844715070453,0.917470984604414,1.9376240079365078e-05,2.0816681711721685e-17,0.1624449776616755,0.41152861839123794,5.467540434285173,3.470460002793234,3.068019380906123,0.4073770354354229,0.11146592350000295,0.15268124516528214,0.004610844997444449,0.09172748464001904,-0.07951125007115144,-0.034074904929130484,0.2957810867953133,0.03846061368391361,0.89375,0.1485129077203946,-0.00044891703653497303
search,1170007,3,12,True,0.0,0.9980844715070453,0.917470984604414,0.0008099268353174604,2.7755575615628914e-17,0.147625471423886,0.42253293670347314,6.468047671130394,3.734269170895985,2.9157675463998185,0.3415562177248045,0.14743052771508947,0.20012093443010243,0.030624357358262952,0.09502037088407542,-0.07978519184065806,-0.029163257257040595,0.2989376715227863,0.04497743183294465,0.8562500000000001,0.19605310594699465,0.026177800315836677
search,1170007,3,13,True,0.0,0.9980844715070453,0.917470984604414,0.004700675843253968,2.7755575615628914e-17,0.1453563458487002,0.44038432779449127,7.39097683297444,3.7494869863938867,2.8397893850880256,0.3245817953467153,0.12007954944712002,0.19296321645463543,0.026426989788040305,0.09400919808135409,-0.07465325548684366,-0.022525746340923594,0.26158038379639165,0.044296108359163006,0.8812500000000001,0.18935822512692652,0.022453597758467114
search,1170007,3,14,False,4.4386761350543894e-05,0.9980844715070453,0.917470984604414,0.0,2.7755575615628914e-17,0.16129618908989315,0.4167712170339823,5.280029097660473,3.5168401165469154,3.0983067691722184,0.39426369833026453,0.13721213373712007,0.17514967207929008,0.011102531667455156,0.09157549025022142,-0.08550722952840681,-0.035427547218038216,0.34360849897256684,0.04236075673890559,0.8812500000000001,0.17075767866206992,0.005910911023389653
search,1170007,3,15,False,0.0006249379145486012,0.9980844715070453,0.917470984604414,0.0010308159722222222,2.0816681711721685e-17,0.1453786020267295,0.42484646804774,7.131475673787059,3.763389672514119,2.878751799607126,0.38184146086311765,0.13283526185521696,0.16956275074126026,0.00037572641782180477,0.0960958776843274,-0.08924489520979015,-0.03389425957399788,0.30358455886920815,0.05135537258433266,0.90625,0.16472186305439251,-0.003932441203239993
search,1170007,3,16,True,0.0,0.9980844715070453,0.917470984604414,1.9376240079365078e-05,2.0816681711721685e-17,0.16890915172881,0.41135274170490127,4.2688139920302826,3.396726560955238,3.1610072329755328,0.3661262898042591,0.12458224063328743,0.2028537957471638,0.044518827185618295,0.08784406981446949,-0.07062616900892352,-0.030293333722317087,0.2713101385277693,0.02453678084749878,0.80625,0.19905033315826637,0.03994690303091089
search,1170007,3,17,False,5.553860469113539e-06,0.9980844715070453,0.917470984604414,0.0011490110367063492,2.0816681711721685e-17,0.143452868465227,0.4200454172241074,7.066998696539201,3.763810183933823,2.8131645811845276,0.30985357431327,0.12666720976351376,0.17434129426599526,0.01362135214828355,0.09532239925468916,-0.08269915489692735,-0.029092360151504418,0.2742328592378852,0.04641784498463551,0.88125,0.17005484237526858,0.009447313464733903
search,1170007,3,18,True,0.0,0.9980844715070453,0.917470984604414,1.937624007936508e-06,2.0816681711721685e-17,0.16905828988057497,0.4064376073531044,4.35473944240277,3.365150475622076,3.199231336852356,0.39865122296919414,0.12915226809147273,0.17189796521703543,0.019679528467376254,0.0879129171761874,-0.08083180801817245,-0.03629479696566451,0.3293530955111871,0.03163382207959552,0.83125,0.16766626555527736,0.0149155681747922
search,1170007,3,19,True,0.0,0.9980844715070453,0.917470984604414,0.001484219990079365,2.0816681711721685e-17,0.15238475586274153,0.4239593410656073,6.602373255325368,3.613370055023565,2.9232175066589017,0.3531044254794929,0.11513791896424828,0.19337196691993558,0.036380226830343296,0.09548515778570543,-0.06716424031340794,-0.018741190292131338,0.26861005229976,0.04222992080800102,0.86875,0.19026976565060233,0.03261484055822703
search,1170007,3,20,False,0.0004168335786276726,0.9980844715070453,0.917470984604414,0.00019376240079365078,2.0816681711721685e-17,0.15192437940192277,0.4216670904419934,6.211577214375263,3.727006288098278,2.947032857094704,0.3700782848005582,0.13954388930926737,0.17569290183633496,0.003056345975964672,0.09458181494900651,-0.09190473627294186,-0.04000008390831501,0.310006516779023,0.04486957794831942,0.8875,0.17071096547060466,-0.0019308105043260478
search,1170007,3,21,False,0.001224975309724014,0.9980844715070453,0.917470984604414,7.750496031746031e-05,2.0816681711721685e-17,0.15329151843761815,0.42004696887132714,6.131640856973098,3.7227719414172524,2.939579120570092,0.3723764037588787,0.1311182107670431,0.16491061143420085,-0.005474793658796679,0.0943695767858741,-0.09191862177806384,-0.043389916315087214,0.29912567052548944,0.042915688058572654,0.89375,0.15980814937821988,-0.010609029793620241
search,1170007,3,22,True,0.0,0.9980844715070453,0.917470984604414,0.0004824683779761905,2.0816681711721685e-17,0.15936487441519953,0.4226349632283463,5.594251718865793,3.5219783826703415,2.9948336270249114,0.3367472868575887,0.1292914263882782,0.20760748656813116,0.0466897233027668,0.09207809735372639,-0.06281651184440729,-0.018441162330857325,0.29077115009214755,0.03826926749272092,0.85625,0.20455046512828334,0.042891788189351354
search,1170007,3,23,True,0.0,0.9980844715070453,0.917470984604414,3.8752480158730157e-05,2.0816681711721685e-17,0.16460324165693865,0.40978980101311135,5.0632664660870494,3.4445065848152367,3.0947004420042745,0.3955719646661189,0.11284538924036491,0.17063283385770017,0.019359642782721665,0.09036891512233233,-0.0766717090196945,-0.032876865240982975,0.27643652043113465,0.03186767323744431,0.84375,0.1666482016840271,0.01429636587414579
search,1170007,3,24,False,0.00023256579534278025,0.9980844715070453,0.917470984604414,0.0007963634672619048,2.0816681711721685e-17,0.14037352191150843,0.42537766626361734,7.100464929707929,3.7631951702070756,2.9338792902396698,0.4699344851041004,0.16137250972392786,0.1857088917385409,0.018165755488470214,0.09641943007228782,-0.08846493321982996,-0.03232892459374719,0.31925383830329274,0.052796026352869986,0.88125,0.18101300831332134,0.014078041008963017
search,1170007,3,25,False,3.1697500230826155e-07,0.9980844715070453,0.917470984604414,0.00037977430555555556,2.0816681711721685e-17,0.15366987663672593,0.4142738743406208,6.12582663977561,3.6598580084995462,2.9282815543782923,0.3668437031541132,0.11641497801204376,0.1728915253461129,0.014670641881586403,0.09410345835911628,-0.08102654721081824,-0.0350564228634314,0.2551959756422799,0.03601634089048484,0.8625,0.1686117401840791,0.01035769321550805
search,1170007,3,26,False,3.282684844623714e-05,0.9980844715070453,0.917470984604414,0.00013175843253968253,2.0816681711721685e-17,0.1593692034132709,0.4164131589256987,5.599185628866822,3.57136442127209,3.046453317275578,0.4013127704498272,0.12404596726951753,0.17286938067228103,0.011648258928629255,0.09259204535752355,-0.08396607019654102,-0.03582980398018709,0.29739137367120105,0.03852874282460391,0.8625,0.168509763747412,0.0066689462893188
search,1170007,3,27,False,3.8654096710339194e-07,0.9980844715070453,0.917470984604414,0.0025615389384920635,2.0816681711721685e-17,0.13860938836087486,0.4396223679780068,7.859953681521464,3.791380233447865,2.855706390783906,0.36800070238387494,0.15566946042951918,0.19074230238950518,0.014636291349474667,0.09844958314048893,-0.08878030095022457,-0.02742367251877785,0.3284414047272112,0.057770709072045345,0.8875,0.18619699712291155,0.01083701932530419
search,1170007,3,28,True,0.0,0.9980844715070453,0.917470984604414,0.0,2.0816681711721685e-17,0.1689932564362714,0.40675583096159484,4.393366339788471,3.366889725472279,3.1735635763554026,0.4222304268223056,0.1181352423666232,0.17882005768106296,0.026527835919647344,0.08799084794262968,-0.07742120378081158,-0.03537254765162806,0.2807957189781782,0.02656904418297214,0.81875,0.17467037402193475,0.021653067869068905
search,1170007,3,29,True,0.0,0.9980844715070453,0.917470984604414,1.937624007936508e-06,2.0816681711721685e-17,0.16843731596212486,0.40280894243687515,4.764924269098507,3.4012196456086476,3.0921460937033833,0.39654438386719104,0.10124006007334994,0.15886824427656393,0.020356345871092675,0.08822984894297864,-0.07082509087836883,-0.030668000131123196,0.2593246900994825,0.027903530400087164,0.83125,0.15516257909706346,0.015351612622381636
search,1170007,3,30,False,0.02065831169707704,0.9980844715070453,0.917470984604414,0.001212952628968254,2.7755575615628914e-17,0.13795615241807152,0.43090165801559555,7.662074362007898,3.8135818118546183,2.834665007192876,0.3852976213620195,0.17293435223811765,0.18836095629600977,0.013786449362445738,0.09866284658363356,-0.09284525994705287,-0.03092953404605815,0.35500083076774513,0.061793048352692524,0.90625,0.18339820851735802,0.009848945558446918
search,1170007,3,31,False,0.00011065974106754065,0.9980844715070453,0.917470984604414,0.003383091517857143,2.0816681711721685e-17,0.14969595471643393,0.4342740703856074,7.129495586341874,3.6887213981258675,2.8596552641997937,0.3661530613363737,0.1160329356263973,0.16833463963675618,0.008846096370039656,0.09491577859761648,-0.08316260089130631,-0.030797730124632446,0.2780090542639613,0.0463185347472396,0.9,0.16400719670665026,0.004117977884279877
search,1170007,3,32,True,0.0,0.9980844715070453,0.917470984604414,0.00012788318452380953,2.7755575615628914e-17,0.15436826831834735,0.4217459439358071,5.605184525338579,3.677955231738216,2.888478077304989,0.30989370606396727,0.14469009141182015,0.20964296054034307,0.03986712333611609,0.09282532407438673,-0.07496040568163896,-0.029788579428281392,0.2883242322396776,0.03755982814637379,0.85,0.20569480472649465,0.03535678519133838
search,1170007,3,33,False,0.0009745893485792592,0.9980844715070453,0.917470984604414,0.0013369605654761905,2.0816681711721685e-17,0.1331771997242947,0.42395062084483404,8.015567172633725,3.8713890595212255,2.8431034923518346,0.4236357548080701,0.15401319817230708,0.16596240094720177,-0.003262771964231961,0.09719122329401181,-0.09256427094393978,-0.03040160485031635,0.3187585801160987,0.060271453726027976,0.90625,0.16078943570200524,-0.007095696195364338
search,1170007,3,34,True,0.0,0.9980844715070453,0.917470984604414,5.8128720238095235e-06,2.0816681711721685e-17,0.17008573592479517,0.40829642383415315,4.186908581810753,3.352344188164004,3.2296046674732732,0.4037688105259548,0.12840231809556407,0.19499436281378113,0.04516347151309152,0.08728132937684743,-0.06592370421645372,-0.023574705384211546,0.31191554163992286,0.029409197379384112,0.8125,0.19175578948170785,0.04087085570969579
search,1170007,3,35,True,0.0,0.9980844715070453,0.917470984604414,0.000499906994047619,2.0816681711721685e-17,0.15345682786013834,0.4203783968754605,6.247288391770024,3.652492364688368,2.938785651407694,0.38266631604316226,0.1267992791206072,0.1939721832013725,0.03183978388643633,0.09497881221318089,-0.07326148879996756,-0.023705567737388234,0.2917307882154513,0.043251149895737716,0.86875,0.19043598180922428,0.02760334267426537
search,1170007,3,36,False,0.00024437370549103065,0.9980844715070453,0.917470984604414,0.0001705109126984127,2.0816681711721685e-17,0.15538582711875162,0.41942627841895463,5.976165359996363,3.657455311977683,2.9700627748566353,0.40232296595594863,0.1269315068371588,0.17079806016833882,0.005855012774111275,0.09375661504245908,-0.08745820058228179,-0.03808947045077797,0.294857446574896,0.04115478390615635,0.8875,0.1661356532068715,0.0010452001318023915
search,1170007,3,37,False,0.00027218822894282214,0.9980844715070453,0.917470984604414,0.00037783668154761906,2.0816681711721685e-17,0.15208277393229439,0.4167041110199017,6.461545489841024,3.65848085294511,2.894597651474764,0.3819374005336665,0.11238953861577565,0.15987070886225324,0.005348595094497522,0.09514561987106364,-0.08262306273996894,-0.0354977179105265,0.2610223579405796,0.0398022782861541,0.9,0.15541432657276363,0.0005052063303277662
search,1170007,3,38,True,0.0,0.9980844715070453,0.917470984604414,0.001114133804563492,2.0816681711721685e-17,0.1520507910653819,0.42657572580600545,6.287592228775865,3.6893195570439987,2.9172500989107997,0.365135980042986,0.14021503001396285,0.2023244896812612,0.03287026272372191,0.09418114022133245,-0.07743119384341786,-0.026266989574513646,0.3054969838494287,0.04454566349953792,0.8625,0.19851415596818223,0.028592002504760607
search,1170007,3,39,False,0.00013253406832666989,0.9980844715070453,0.917470984604414,5.0378224206349204e-05,2.0816681711721685e-17,0.16664971289509245,0.4046850791717751,5.166331114260483,3.4320756988152032,3.049962341656399,0.4368733755650031,0.09447997790225754,0.13914326295227722,0.008265278659581037,0.0890549495915409,-0.0715725680204995,-0.03179785546983033,0.2554918883858547,0.031033947692939903,0.8625,0.13533869682355326,0.0033889972221865846
search,1170007,3,40,False,0.0010895797087796108,0.9980844715070453,0.917470984604414,0.0003894624255952381,2.0816681711721685e-17,0.14363099927316325,0.4237044713954493,6.7225761278941825,3.7334299035550895,2.9176809293021773,0.3778127160875669,0.16297077843358815,0.1853523232845476,0.01494517619228895,0.09650348456930492,-0.09238219137364372,-0.036824267561501096,0.32498654525771287,0.05096701774247717,0.8875,0.1802759276071894,0.010648856211458037
search,1170007,3,41,True,0.0,0.9980844715070453,0.917470984604414,0.0010133773561507937,2.0816681711721685e-17,0.15367511912527887,0.41823599542318624,6.162025824878841,3.6463470639874513,2.911183253391441,0.32680984534497937,0.11179807264385144,0.19476356606791473,0.03773553024606199,0.09335861513215951,-0.06681039543647853,-0.02443002587756768,0.234276924508218,0.03368210523643188,0.85,0.19143477221730076,0.03311562781409254
search,1170007,3,42,False,6.707236640868753e-05,0.9980844715070453,0.917470984604414,0.00024026537698412697,2.0816681711721685e-17,0.1508169341192745,0.4253412864760521,6.1985580185107505,3.6956560766891142,2.9886482273223893,0.39749726580595834,0.1588680598284279,0.18812752689792336,0.010208983344402454,0.09582295133205791,-0.09479816591860621,-0.04061764415279745,0.33781810605681883,0.047909069963737436,0.86875,0.18300145849858018,0.004985034979060955
search,1170007,3,43,True,0.0,0.9980844715070453,0.917470984604414,0.003543914310515873,2.0816681711721685e-17,0.14066851337215636,0.44416185978322803,7.881960172764996,3.814665783643992,2.8560226855319386,0.3553843633673551,0.1452483771942048,0.19072395370100093,0.01668180091279874,0.09690667133588396,-0.08626203769714863,-0.025616634578065393,0.3171244310293968,0.05600002846761741,0.9,0.18635499008193113,0.012687945213766774
search,1170007,3,44,True,0.0,0.9980844715070453,0.917470984604414,0.0,2.0816681711721685e-17,0.1712937661296386,0.40531421411661406,3.9307128165474348,3.333002320713491,3.2364432391868325,0.4195946862727003,0.13233728401438716,0.18764897625705187,0.03173577225117117,0.08654577812610745,-0.08089109318434012,-0.03838367924183146,0.30837140431373633,0.024796031221769897,0.8,0.1832324688215102,0.026594923305292315
search,1170007,3,45,False,0.00014954230064957009,0.9980844715070453,0.917470984604414,3.875248015873016e-06,2.0816681711721685e-17,0.16462349886749908,0.41143361151154567,5.052096198593093,3.45894312058245,3.130283216529909,0.43241073735777036,0.11452403292937147,0.16260477058173664,0.007846181869812518,0.09042197932424278,-0.08208185525509105,-0.03923165113406598,0.2804150024602907,0.03165206311031355,0.8625,0.15812942656300294,0.0025325723967834397
search,1170007,3,46,True,0.0,0.9980844715070453,0.917470984604414,0.001350523933531746,2.7755575615628914e-17,0.1439032343406661,0.43022709534038645,7.084967861968002,3.7902376296207616,2.9406530155498216,0.4218051531886674,0.14933383718172125,0.19919001294800726,0.029529245485853128,0.09670242303473225,-0.07967518625068785,-0.02373235392885128,0.31921657488470134,0.05285223022916839,0.875,0.19529313436500467,0.02612338286893756
search,1170007,3,47,False,0.0006360879035717679,0.9980844715070453,0.917470984604414,0.0005909753224206349,2.0816681711721685e-17,0.15476552466839086,0.421285907154316,6.366411590146683,3.6213276352416504,2.953049398602336,0.4160449187266353,0.11914972660821445,0.16112864520108391,0.00024584184713176416,0.09487682413394513,-0.08585417215320237,-0.037198029024672216,0.2907051118574755,0.04288712777826794,0.9,0.15653430176730967,-0.004534831805939322
search,1170007,3,48,True,0.0,0.9980844715070453,0.917470984604414,7.36297123015873e-05,2.7755575615628914e-17,0.15952173099281408,0.415374568757678,5.350212962540668,3.5806746033034837,2.9866955248014233,0.3297114885525436,0.12142227870699382,0.1964740675236146,0.036078645022730726,0.09182660323603188,-0.07246125902214137,-0.028720339339505463,0.26096470219082013,0.032298463179011014,0.8125,0.19274489738395256,0.031355642004771936
search,1170007,3,49,False,0.0016244569229390416,0.9980844715070453,0.917470984604414,3.293960813492063e-05,2.0816681711721685e-17,0.1644706053558012,0.4117416763761278,5.246372401092162,3.4714122527435656,3.0725027241853704,0.47940131032126987,0.1061134284936889,0.14252139942872652,-0.008578162999962774,0.09049605909046282,-0.08381263813655437,-0.045619305537701924,0.26346098661527717,0.03056903901780894,0.85625,0.1376666450091882,-0.014286312140767001
search,1170007,3,50,True,0.0,0.9980844715070453,0.917470984604414,0.0005173456101190476,2.0816681711721685e-17,0.15111811437926465,0.4188392000976833,6.294121008523333,3.6848687605527823,2.8989376864663847,0.33422103183117446,0.12994493560241982,0.20117490721470532,0.03741772494958765,0.09448187038761033,-0.070529699271142,-0.02284828895487548,0.2796771048004857,0.04194825541262445,0.8625,0.19766404808348487,0.033231586027626506
search,1170007,3,51,True,0.0,0.9980844715070453,0.917470984604414,4.8440600198412696e-05,2.0816681711721685e-17,0.1605780994539478,0.41311279950609014,5.523868298087238,3.5126427713845247,3.0363717090736273,0.3643472827606106,0.11552599986604031,0.18686427185352888,0.03526933879265244,0.09268663457124551,-0.06559210391008277,-0.019797231095276323,0.28457041834912433,0.038457910688496806,0.85625,0.18380548505799324,0.03101411636639825
search,1170007,3,52,False,0.0004916399356060111,0.9980844715070453,0.917470984604414,0.0018291170634920635,2.0816681711721685e-17,0.14362970044973167,0.4350874983920895,7.247785205562026,3.765990479380815,2.896320186622361,0.368693846406371,0.1528376626698439,0.18052668086676316,0.002028821296321327,0.0969958391688419,-0.09469072910667825,-0.03631764448657118,0.32643504637130905,0.05387645309116103,0.88125,0.1754323814344704,-0.002344877440577233
search,1170007,3,53,False,0.0006464132586270359,0.9980844715070453,0.917470984604414,0.0023173983134920635,2.7755575615628914e-17,0.14468033018663534,0.4341721705419246,7.323749969901315,3.780016456430853,2.8279361329543575,0.32622555252516167,0.13277530508906177,0.17027241915380437,0.0001265747914733044,0.09564985129249268,-0.09070467866709106,-0.03552711114429118,0.29452233892240814,0.04989120573740528,0.8875,0.16540462775896003,-0.0045187814863308605
search,1170007,3,54,True,0.0,0.9980844715070453,0.917470984604414,1.937624007936508e-06,2.0816681711721685e-17,0.16612132629476695,0.4164648651455661,4.45040322476427,3.403050036973652,3.1651292042955714,0.3305270058196788,0.14807975452289313,0.21176820443354982,0.05110174811676362,0.08877804216484295,-0.0673331480140251,-0.02424319136887896,0.332131857690932,0.0336900035341785,0.84375,0.20836772629827321,0.046885880940744515
search,1170007,3,55,True,0.0,0.9980844715070453,0.917470984604414,0.0011664496527777778,2.7755575615628914e-17,0.14224847407010593,0.41946097186743875,7.123765560971668,3.7677885977152457,2.82557598262838,0.32398679411708475,0.13265359481117228,0.18977154632215354,0.025498165376637523,0.09571255828694544,-0.07599036957320521,-0.022832113449597933,0.28236699676676213,0.04808379156876182,0.88125,0.18606794711380553,0.021566128278641353
search,1170007,3,56,False,7.5098717901414005e-06,0.9980844715070453,0.917470984604414,4.456535218253968e-05,2.0816681711721685e-17,0.16414694985019518,0.41514352449882985,4.8505093161216415,3.5285080217029936,3.0706248694651643,0.4039520485311048,0.12951714817165216,0.17869050516395374,0.013396857500600417,0.09001899113763676,-0.08791510903951658,-0.04379174366034125,0.28987142955491485,0.03010358776715424,0.83125,0.17384872055510336,0.007643834486296687
search,1170007,3,57,True,0.0,0.9980844715070453,0.917470984604414,0.00035652281746031744,2.0816681711721685e-17,0.1614963183091344,0.41453897391714656,5.446006844934023,3.540466265669153,3.0441870737339793,0.40897575062688274,0.1115049464252715,0.17103440939401043,0.015450719324336152,0.09148906282502971,-0.08033240107855251,-0.03800724974278995,0.2501185322679315,0.029560399218942497,0.83125,0.16670308217692453,0.01029738520971251
search,1170007,3,58,True,0.0,0.9980844715070453,0.917470984604414,6.394159226190477e-05,2.0816681711721685e-17,0.15266151913594206,0.4216639345961131,5.856549974262418,3.695340706461199,2.9838887786640633,0.4000423884369846,0.1538372778132705,0.19673551925414592,0.02437093084216704,0.0947939678598485,-0.08766018104282151,-0.03507300658059991,0.3265094602326043,0.044831216786235036,0.875,0.19216470564426957,0.01934526412788768
search,1170007,3,59,False,0.0013309457414361738,0.9980844715070453,0.917470984604414,0.00035070994543650794,2.0816681711721685e-17,0.1535515871288851,0.4192253201237738,6.581784492747332,3.60761279735814,2.942218454379839,0.4233435696527422,0.10971419439861532,0.14634034754663924,-0.006342045505597502,0.09529288569564928,-0.08312823303748933,-0.036263265797565114,0.27917308481875847,0.04471398880254839,0.925,0.14179916608294396,-0.01136616831427507
search,1170007,3,60,True,0.0,0.9980844715070453,0.917470984604414,0.0005677238343253969,2.0816681711721685e-17,0.1542507055192558,0.4378219952771322,5.938753371023742,3.6701839391882345,2.91837892851032,0.3579373056983138,0.14151619892291523,0.22150755058881466,0.05539596189178899,0.09144576486666443,-0.0536363341637196,-0.018252582240163212,0.2720219821237997,0.036551815200762415,0.8374999999999999,0.2184293834456652,0.051497020589000825
search,1170007,3,61,True,0.0,0.9980844715070453,0.917470984604414,0.0018446180555555555,2.0816681711721685e-17,0.15018462216074585,0.42665322391881544,6.617931746513245,3.6847387531892015,2.928649261765366,0.34946179541683187,0.12394952348137148,0.20074955239696282,0.035693446342293794,0.09500023343464725,-0.07075873436346472,-0.022933881778313937,0.2651369968401529,0.04057147470290261,0.8625,0.19737102212609967,0.031414112303579864
search,1170007,3,62,False,0.0005181596955766063,0.9980844715070453,0.917470984604414,0.0,2.0816681711721685e-17,0.16254650718441901,0.41409024970977615,5.265514121705317,3.472097858533202,3.0701546921977907,0.4082085829998837,0.1270112503456824,0.16105998410255123,0.0016835739847846538,0.09108190934299651,-0.08602484679791109,-0.03838949126554034,0.3294634085678483,0.040661925398450205,0.8875,0.15648422725862268,-0.0036965671962964925
search,1170007,3,63,True,0.0,0.9980844715070453,0.917470984604414,0.0004107762896825397,2.0816681711721685e-17,0.14822447414961112,0.42180137066203366,6.52927210281816,3.7448730936377856,2.9336721707055213,0.37571490125336604,0.14573936383784225,0.19565031738212085,0.02609305959710939,0.09620749959934377,-0.08216186336797462,-0.02848609691322501,0.3138044778399796,0.048127594025248376,0.86875,0.19146944506393082,0.02198765794143566
search,1170007,3,64,True,0.0,0.9980844715070453,0.917470984604414,0.00013757130456349206,2.0816681711721685e-17,0.159534110639883,0.41744330013414344,5.23481547540469,3.611516600248469,3.008841270459671,0.3790015899278746,0.13713122447978743,0.19588392278401234,0.02821391847270027,0.09151338914125853,-0.0836017379646784,-0.03650031529845023,0.2915698687374222,0.03431433463205352,0.84375,0.19149145899776981,0.02321910788964284
search,1170007,4,0,True,0.0,0.9752872523565135,0.9434033752788245,9.106832837301587e-05,2.0816681711721685e-17,0.16213081872248652,0.41915671158531564,5.03414158868121,3.5320360691564674,3.056383539846605,0.381617690984986,0.13201473417225268,0.219715827740308,0.05518547098344824,0.09008125367577037,-0.06996683225047845,-0.026559505115584987,0.28035741194463293,0.03187129507768126,0.85625,0.21652530960136188,0.050657033511696606
search,1170007,4,1,False,0.0014989589782090377,0.9752872523565135,0.9434033752788245,0.0005095951140873016,2.0816681711721685e-17,0.1541812663372853,0.42037836103590825,6.439360597881559,3.6112397522486956,2.9014189400740737,0.3806160499155361,0.10938107879650093,0.1516978289212446,-0.007649089083616318,0.09348580448414333,-0.08679731027426443,-0.042218391309631176,0.2612164947827921,0.0391548227262686,0.8875,0.14734855614821685,-0.012544013428029197
search,1170007,4,2,True,0.0,0.9752872523565135,0.9434033752788245,0.0006413535466269841,2.0816681711721685e-17,0.14853179061790633,0.4402561431814953,6.577636571641858,3.696600049234389,2.928635701554608,0.3229309094008075,0.1444387868317381,0.22554526047005874,0.053533109143365426,0.09370035953570967,-0.06110991299536861,-0.01917398865467056,0.29248944419003053,0.04433210668218315,0.85,0.2228965512598015,0.0499666196689985
search,1170007,4,3,True,0.0,0.9752872523565135,0.9434033752788245,0.00015113467261904762,2.0816681711721685e-17,0.15553459365517414,0.4169368251206031,6.164988908526183,3.593342911471298,3.0190988453398577,0.45023937427587934,0.11503866986659905,0.1724568486704149,0.020393430384252315,0.09323567397915261,-0.07951247189590648,-0.02878902303726345,0.28733222638329525,0.04242831455378398,0.88125,0.16899333011403778,0.016223014575688567
search,1170007,4,4,True,0.0,0.9752872523565135,0.9434033752788245,0.00042240203373015875,2.0816681711721685e-17,0.15232289462181567,0.4235904568506298,6.028252151166342,3.677133387984674,3.004393616124676,0.40882194022209917,0.15928546014148368,0.21302990935812446,0.03325848593467561,0.09478510810264826,-0.08983048930660814,-0.03763286833070442,0.32725105702971463,0.04419358386087893,0.86875,0.20883184554622872,0.028377701579509598
search,1170007,4,5,False,6.948208450517996e-05,0.9752872523565135,0.9434033752788245,0.0009397476438492064,2.0816681711721685e-17,0.14636137724715595,0.4231109581208402,6.9321178363702485,3.729910376669855,2.8906610304887446,0.320603503878538,0.1374389520388456,0.1850654048097904,0.010123679012843266,0.09537992670088793,-0.0910551648216893,-0.03608500998319231,0.3000362119502048,0.047806464354703274,0.8875000000000001,0.18079216677433196,0.00555318550199747
search,1170007,4,6,True,0.0,0.9752872523565135,0.9434033752788245,3.681485615079365e-05,2.0816681711721685e-17,0.1606248920459682,0.4166769080102634,5.268845224642996,3.5231320743900887,3.086369332775064,0.4115598109215157,0.13527104092418293,0.20189764795843873,0.039673304461901295,0.09119823247693856,-0.07876106886532856,-0.02918953827693719,0.31583309469062537,0.03855444731262356,0.8625,0.19841626688981792,0.03519944391215306
search,1170007,4,7,True,0.0,0.9752872523565135,0.9434033752788245,0.00018988715277777778,2.0816681711721685e-17,0.15455920549320745,0.4243608481742276,5.978800114887775,3.6203492517863674,2.9402379930865523,0.3164402346592269,0.12160304864110064,0.21608493816379598,0.05376626716051967,0.09275256312146701,-0.06050829735241629,-0.018902047714459008,0.25988569398579187,0.037189659725089017,0.85625,0.21353849537157019,0.04985370892960548
search,1170007,4,8,False,0.0030693928307518833,0.9752872523565135,0.9434033752788245,9.300595238095238e-05,2.0816681711721685e-17,0.16261808714773718,0.4168271132849887,5.4516242765485465,3.5263439746991434,3.0141615390669982,0.4347808447928005,0.10995111055002232,0.14329435632333554,-0.017410229272624148,0.0894580087228596,-0.08949254558604064,-0.05096371520503967,0.26824482108383824,0.032447666862531824,0.86875,0.13845409873079753,-0.023022309054007768
search,1170007,4,9,True,0.0,0.9752872523565135,0.9434033752788245,0.00022863963293650794,2.0816681711721685e-17,0.16139161101071556,0.4168354106473062,5.2209595403829185,3.53801166834592,3.0610205888136504,0.40270099424544004,0.1244964157306318,0.20702274025013553,0.04323138816733896,0.09039533958205065,-0.07605361640789898,-0.03219742477036167,0.2639310715258193,0.030300354242162438,0.85,0.2035098185188302,0.038358114914980666
search,1170007,4,10,False,1.2967997346386894e-05,0.9752872523565135,0.9434033752788245,0.0003332713293650794,2.0816681711721685e-17,0.14367551141897367,0.422728533163101,7.049953800054874,3.77121111609228,2.9310287689133174,0.3627127907028882,0.154431910261941,0.19142909758475646,0.012893350315817256,0.09714621749029204,-0.09441586030095608,-0.036110750551683814,0.3277949781443057,0.05347942380986574,0.9125,0.18688442749788856,0.008539135344357683
search,1170007,4,11,False,0.00016891493513390658,0.9752872523565135,0.9434033752788245,1.5500992063492063e-05,2.0816681711721685e-17,0.1618418125592142,0.41155643151334703,5.55432523753339,3.4957181283470176,3.137720066863659,0.47402901899933847,0.1108550629313853,0.15359432836225206,0.0073969142003919765,0.09079484518717251,-0.08078851309452022,-0.03428026136875638,0.29800947506216485,0.039133552481188064,0.89375,0.1497688644960014,0.002669525699201881
search,1170007,4,12,True,0.0,0.9752872523565135,0.9434033752788245,0.0008293030753968254,2.0816681711721685e-17,0.14664573166904624,0.42238878950118985,6.661071087703659,3.722123028168405,2.953143268879419,0.3572071406426579,0.14584217827318605,0.20690734624570595,0.03081580131252283,0.09508852502806794,-0.08303450334384185,-0.03112332227781503,0.29833455466600767,0.04564722437015497,0.86875,0.20326856854600478,0.02637672702739732
search,1170007,4,13,True,0.0,0.9752872523565135,0.9434033752788245,0.004811120411706349,2.0816681711721685e-17,0.14448611463465227,0.4413776937113012,7.587114193623642,3.705943872141272,2.8391073918449523,0.3282357083997253,0.1187013767732571,0.1983777772615421,0.028172208974134146,0.09291818492264167,-0.07699086713472267,-0.023567866324940977,0.26164561748437726,0.04540433252546311,0.8875000000000001,0.195330463867547,0.024037280828276657
search,1170007,4,14,False,2.2161859089735217e-07,0.9752872523565135,0.9434033752788245,0.0,2.0816681711721685e-17,0.16060021584112438,0.4168602238793303,5.40067877240254,3.5118602386176274,3.1073333007865074,0.4428702934613127,0.13668430607117193,0.17767026426283142,0.014724603154938466,0.09138340959109714,-0.08768227454084238,-0.03628566202725847,0.345296483717602,0.04297276079202774,0.8875,0.1735678344390283,0.010144578824918898
search,1170007,4,15,False,0.0006135243183110793,0.9752872523565135,0.9434033752788245,0.0010521298363095238,2.0816681711721685e-17,0.14450803671189555,0.42556519581356406,7.330871708454742,3.7688056524599913,2.8927742541085015,0.3730926522106946,0.1315476373779235,0.1736097888232697,0.0005098875147910228,0.09561309226942172,-0.09175988850716843,-0.03525655941726666,0.3037261183483805,0.052382165164032046,0.91875,0.16921730515141883,-0.003872425382180857
search,1170007,4,16,True,0.0,0.9752872523565135,0.9434033752788245,1.9376240079365078e-05,2.0816681711721685e-17,0.16832668564904024,0.41200483139271116,4.354611475009169,3.415664609158723,3.1624847791644797,0.3840916036170143,0.12444361572719947,0.20936922594531845,0.05321767294739393,0.08742032823784571,-0.07267701975315566,-0.030562705697471253,0.2730162509551773,0.025193960472599832,0.8,0.20587620447102623,0.048417279554048065
search,1170007,4,17,False,4.696294299523018e-05,0.9752872523565135,0.9434033752788245,0.0011722625248015873,2.0816681711721685e-17,0.14254988501387425,0.4191753213369524,7.265006933726287,3.7318539951150473,2.843318971236874,0.3651891011339622,0.1252735983983864,0.17906748541579862,0.010991023426541052,0.09510209136840103,-0.08513789215605969,-0.03041252529033211,0.27398538117011073,0.04750487192883392,0.89375,0.17519440284917598,0.007100223995345467
search,1170007,4,18,True,0.0,0.9752872523565135,0.9434033752788245,3.875248015873016e-06,2.0816681711721685e-17,0.16850119605613073,0.40634918703684914,4.43514184502069,3.374865707519584,3.267420599654753,0.46900716484151783,0.12885499556092356,0.1749044042291164,0.026173591652023716,0.08758147853316789,-0.08268016710246026,-0.036656840251332035,0.33162805506873094,0.032088312632800375,0.825,0.1709208801933354,0.021356309890722014
search,1170007,4,19,True,0.0,0.9752872523565135,0.9434033752788245,0.0014900328621031745,2.0816681711721685e-17,0.15157829035809167,0.4231349483082836,6.736788504618651,3.6075202314233685,2.912600184069781,0.3907074417821048,0.11433850890671696,0.198131894482255,0.041388012524428544,0.09404540194689168,-0.06931238961218439,-0.019508752791933214,0.2696090110578187,0.04311420783005117,0.88125,0.19551951869982426,0.03771101021082618
search,1170007,4,20,False,0.0003386187307834816,0.9752872523565135,0.9434033752788245,0.00020151289682539681,2.7755575615628914e-17,0.1510935919799808,0.42282704106029295,6.408631931652277,3.726592624589593,2.928081064201978,0.3638677524523516,0.1384977892108853,0.17982081400353217,0.004235066412542204,0.09434045666470214,-0.09454395148037475,-0.04164608886033551,0.3100897144701951,0.04563104224228763,0.8875,0.17519884623076765,-0.0009063160229267741
search,1170007,4,21,False,0.0011433033657623848,0.9752872523565135,0.9434033752788245,7.556733630952381e-05,2.0816681711721685e-17,0.15253027513583917,0.42145211153047,6.3009597177846945,3.701528970845952,2.9820899629678057,0.4140586651266391,0.1301914009379247,0.16836592902152392,-0.004780470023435544,0.09399027473269995,-0.09403922649778823,-0.044129059528271376,0.2995801101951404,0.04377948208064057,0.90625,0.163647491333685,-0.00973355962137593
search,1170007,4,22,True,0.0,0.9752872523565135,0.9434033752788245,0.0004940941220238095,2.0816681711721685e-17,0.15862734384943245,0.4243680499254097,5.689106538687635,3.548139778131179,3.009912359907288,0.38121617640527145,0.12889800508934285,0.21492906134491035,0.053856433477827176,0.09153862756456982,-0.06538749952638329,-0.01921907731394857,0.29218646628470796,0.03890261815268463,0.875,0.2122353268622395,0.05014862570834459
search,1170007,4,23,True,0.0,0.9752872523565135,0.9434033752788245,3.487723214285714e-05,2.0816681711721685e-17,0.1639978423897126,0.4110955590242351,5.157469026528651,3.466827280549264,3.114287665005082,0.46354796700097745,0.11240875643162307,0.17310050491699017,0.024314431994883846,0.08975746034330942,-0.0782599813981119,-0.03307780866996115,0.27843247736335974,0.03246536411151574,0.8625,0.16945337806617133,0.019633940515303587
search,1170007,4,24,True,0.0,0.9752872523565135,0.9434033752788245,0.0008138020833333334,2.0816681711721685e-17,0.13926821285251773,0.4228199789333081,7.359029765836694,3.766327322506296,2.853449480963118,0.3807357867980632,0.15914798998271973,0.19228936893556553,0.01593637055332043,0.09720902915613092,-0.0921612156851387,-0.03473143264582553,0.31802153046412085,0.05361823518416362,0.88125,0.18795057241340618,0.011786217544664388
search,1170007,4,25,True,0.0,0.9752872523565135,0.9434033752788245,0.0003894624255952381,2.0816681711721685e-17,0.15291818986429734,0.4167708154088369,6.261499654878295,3.6557931233461822,2.9106249047163852,0.3797942118508008,0.1155818949437362,0.17632869495438877,0.016422320786950762,0.09333623026325069,-0.08286015282459513,-0.03544346973397405,0.2556612101778363,0.036968936861967616,0.8812500000000001,0.1724489916068504,0.011888929993299718
search,1170007,4,26,False,7.682364725107264e-07,0.9752872523565135,0.9434033752788245,0.0001472594246031746,2.0816681711721685e-17,0.15866311555659735,0.4194496192544469,5.733074224112848,3.5722254568311813,3.043538664318906,0.42865751557428355,0.12344177959245828,0.17524889437487606,0.01448725276519031,0.09181030481507263,-0.08597388557972806,-0.036413318149962834,0.2988231126551567,0.039130464525788104,0.875,0.171227479933879,0.009542734603473093
search,1170007,4,27,False,2.0450463112368274e-05,0.9752872523565135,0.9434033752788245,0.002594478546626984,2.0816681711721685e-17,0.13752388310158092,0.4349630769841061,8.192111207938275,3.798940140666941,2.836307701020637,0.3576716528763177,0.15350018970002802,0.19668711270448913,0.012354501986651618,0.09894765862992916,-0.09209981373768053,-0.029962655857037522,0.3277141565446224,0.05913992598850501,0.925,0.19254212108504265,0.008454822638159155
search,1170007,4,28,True,0.0,0.9752872523565135,0.9434033752788245,0.0,2.0816681711721685e-17,0.16843919584523048,0.4081202015093095,4.47269991021067,3.3996190584114805,3.154427952650253,0.37547392587999084,0.11785231163498798,0.18227240647986964,0.03321195293006769,0.08752157140853123,-0.07915314876791094,-0.035674771613540955,0.28292203272017846,0.027101027776344315,0.81875,0.17841086378582985,0.028395081884826628
search,1170007,4,29,True,0.0,0.9752872523565135,0.9434033752788245,3.875248015873016e-06,2.0816681711721685e-17,0.1679298734670801,0.4039003504446377,4.818981391903335,3.4111013326859085,3.150213551949838,0.44589792208815704,0.1008059472436176,0.16101501714691252,0.02557474886695547,0.08758856954731509,-0.0718807982402578,-0.030291341474613286,0.2617856915503009,0.028486124593765434,0.8374999999999999,0.15763069589846415,0.021338179991507212
search,1170007,4,30,False,0.013527939491925593,0.9752872523565135,0.9434033752788245,0.001220703125,2.0816681711721685e-17,0.13678567877092587,0.4293516942026777,7.976432361173838,3.808848904578152,2.8709250444467207,0.3872369193270906,0.1704626755447192,0.1965073546478847,0.012856671638551708,0.09989728432578404,-0.09679227638336808,-0.03371650788665345,0.3542561429863532,0.06276451095638569,0.9249999999999999,0.19188381476821928,0.008558086627005157
search,1170007,4,31,False,7.717955383387453e-05,0.9752872523565135,0.9434033752788245,0.0034276568700396825,2.0816681711721685e-17,0.14892346880399335,0.4362849151191701,7.291668094033835,3.6840498389391447,2.903338924264667,0.37419866067251123,0.11493238094026098,0.17148195442946457,0.009860664166373469,0.09409569163709466,-0.08488274048099523,-0.031389078631399295,0.2788062914790804,0.047307147291147024,0.9125,0.1676151163135879,0.00555313099083737
search,1170007,4,32,True,0.0,0.9752872523565135,0.9434033752788245,0.0001433841765873016,2.0816681711721685e-17,0.15348817847552698,0.4237745574351093,5.772923082408459,3.661070262877489,2.9469196749546454,0.32157321965456376,0.14359924014868136,0.21766273070878225,0.043045998711423644,0.09318978309281784,-0.07794134700710431,-0.03149268805872689,0.288037293993016,0.0383087044271772,0.8625,0.21412406879742843,0.038316672571932636
search,1170007,4,33,False,0.0014047560516164256,0.9752872523565135,0.9434033752788245,0.0013602120535714285,2.0816681711721685e-17,0.13210533538142188,0.4220988831676095,8.321443100499625,3.8212380407388373,2.801748967263454,0.4043584021606652,0.15187785985328217,0.17384236788683005,-0.006925844106087027,0.09830138411617513,-0.0958986325651727,-0.03260357938677217,0.3177169005712805,0.06121402107459985,0.90625,0.169036929187801,-0.010737657918819426
search,1170007,4,34,True,0.0,0.9752872523565135,0.9434033752788245,3.875248015873016e-06,2.0816681711721685e-17,0.16954181498636567,0.40631224553904977,4.254517436082331,3.318594892144328,3.255515329856604,0.40724653482194284,0.12836049000296895,0.2014433131319247,0.054679311333380054,0.08678258081625766,-0.06799841905105776,-0.023783150659362158,0.31415605711223055,0.029847055007574598,0.8062499999999999,0.19843652524201694,0.0507335258451234
search,1170007,4,35,True,0.0,0.9752872523565135,0.9434033752788245,0.0005154079861111111,2.0816681711721685e-17,0.15263435644322815,0.4191901934839023,6.382382396622237,3.636798722352546,2.966621228468604,0.4052512166527579,0.1260223813618478,0.19845400347007408,0.035992711431171456,0.09420048200661492,-0.07580771690316825,-0.024432355965658497,0.2925440795382261,0.043901921612479425,0.8812500000000001,0.1953478521420524,0.03214827073233069
search,1170007,4,36,False,0.000135772984983885,0.9752872523565135,0.9434033752788245,0.00018019903273809525,2.0816681711721685e-17,0.15462921275880176,0.42109830773077456,6.132185562321843,3.660182285200726,2.9411589843496104,0.39214358635177643,0.12614591632758526,0.1735607646531006,0.008183482576409707,0.09306849908469422,-0.08961447283404234,-0.03893349404697807,0.29576437582717596,0.04189949432745865,0.89375,0.1692589623159434,0.003501611928510926
search,1170007,4,37,False,0.00024213326674712852,0.9752872523565135,0.9434033752788245,0.00038171192956349206,2.0816681711721685e-17,0.151346700911081,0.4182753002699652,6.588002767057096,3.6609285394569957,2.9191513670731495,0.4023175868337001,0.11148766067108282,0.16231881368310624,0.00589703030805133,0.09423501765107245,-0.08423851887657102,-0.03607468995206679,0.2618949393253037,0.04097232979337427,0.8875000000000001,0.15829950090358935,0.0015911409504013457
search,1170007,4,38,True,0.0,0.9752872523565135,0.9434033752788245,0.0011373852926587302,2.0816681711721685e-17,0.1511581325299002,0.42576572857085804,6.465160719264975,3.66555667381469,2.9450467494319637,0.364242697707853,0.1390963443327152,0.20837573369785467,0.03633912466089452,0.09430858476207157,-0.08050839487560676,-0.027801799965296678,0.3057862319194593,0.04507186114847413,0.8812500000000001,0.20497439813328588,0.031994873780767236
search,1170007,4,39,False,4.9709347126244844e-05,0.9752872523565135,0.9434033752788245,3.8752480158730157e-05,2.0816681711721685e-17,0.16615746439388562,0.40685896710168,5.221236541717811,3.4427207341412505,3.092427557705859,0.44771675722419824,0.09384472733732475,0.1396268503103967,0.010875465926885906,0.08799750127030889,-0.07227431707284751,-0.03134553244288598,0.258060299719373,0.031626608509826556,0.8687499999999999,0.13616483597736856,0.006719243276187848
search,1170007,4,40,False,0.00012447288040868656,0.9752872523565135,0.9434033752788245,0.0004049634176587302,2.0816681711721685e-17,0.14258240566542557,0.4223293653698049,6.987775195223595,3.729315310257168,2.9191384056683933,0.4210693326843437,0.16094481050992016,0.19206411209547647,0.01279034957800683,0.09723510355491852,-0.09614863358782332,-0.03943660421081814,0.3236500138600574,0.051923326848888236,0.89375,0.18733143326108248,0.008120347679969522
search,1170007,4,41,True,0.0,0.9752872523565135,0.9434033752788245,0.0010327535962301587,2.0816681711721685e-17,0.15290524159147154,0.41889581273429327,6.268554126298201,3.623775338908821,2.9258271099183526,0.326157807332103,0.11101429912495504,0.2005803742452033,0.042419327197967927,0.09228378760328838,-0.06850861274028813,-0.024903657564483022,0.23483772525673519,0.03455981990453773,0.85,0.1977520134320866,0.038407421639083276
search,1170007,4,42,False,5.1539559739291324e-05,0.9752872523565135,0.9434033752788245,0.0002693297371031746,2.0816681711721685e-17,0.1498922962092415,0.4239477234633816,6.433338443672239,3.716106809922437,2.93457437350766,0.3501911724434051,0.15749391834884569,0.1938009891698892,0.010800223121190963,0.09614216959653306,-0.09813479072079419,-0.04289602793392601,0.33735221245425007,0.048878319870655475,0.90625,0.18900453617798907,0.0056276855020743945
search,1170007,4,43,True,0.0,0.9752872523565135,0.9434033752788245,0.0036330450148809525,2.0816681711721685e-17,0.13965591527092847,0.4414173344524943,8.188915193050647,3.7888826331377476,2.8318225417518574,0.3274626829140813,0.14334326071456108,0.19576641098369263,0.016010993629422265,0.09719929435583849,-0.08945678791255021,-0.02768835585227596,0.31676137550031747,0.05721074693848044,0.925,0.19185318661155387,0.012037119700490494
search,1170007,4,44,True,0.0,0.9752872523565135,0.9434033752788245,0.0,2.0816681711721685e-17,0.17074830618268494,0.4060705688143812,4.016637355418532,3.3565550761745913,3.2454629086263003,0.43340918103439474,0.1321592048934028,0.1922776864299287,0.03833640710551457,0.0862538896488576,-0.08300886250310882,-0.038789529754613875,0.31038803399782944,0.025216633598878952,0.79375,0.18810729863506842,0.03320139435478082
search,1170007,4,45,False,3.450815480889918e-05,0.9752872523565135,0.9434033752788245,3.875248015873016e-06,2.0816681711721685e-17,0.16402789767534978,0.413202406554092,5.138805087298832,3.4876996635909885,3.101338684308886,0.4515055652107555,0.11401082240457516,0.1647068484299103,0.011563496940278457,0.08984916258171372,-0.08354102626120605,-0.03951089910075291,0.28236624355752826,0.032321312242109095,0.8625,0.16056433958418254,0.006474905350062956
search,1170007,4,46,True,0.0,0.9752872523565135,0.9434033752788245,0.0013524615575396825,2.0816681711721685e-17,0.1428665420904998,0.42641216016801853,7.321554119586693,3.7670749058988657,2.9456531432189648,0.4023195573188208,0.1475621103959373,0.20594515346318482,0.031021438110195927,0.09688472051144573,-0.08307478967400711,-0.025898071489740923,0.31904327373548047,0.05365171359491262,0.9125,0.20245393515904025,0.02705334337536565
search,1170007,4,47,False,0.0005816725485884976,0.9752872523565135,0.9434033752788245,0.0006258525545634921,2.0816681711721685e-17,0.15404656671470102,0.4238163245551063,6.487687159361725,3.611064446693666,2.9567069792267358,0.4249966369466226,0.11831205324061038,0.16313526037386028,0.0008910351924494974,0.09414407567901903,-0.08755068401438301,-0.037983667234948226,0.29196476782548786,0.043780220322704295,0.90625,0.15895870074989582,-0.0037049478617168785
search,1170007,4,48,True,0.0,0.9752872523565135,0.9434033752788245,7.556733630952381e-05,2.0816681711721685e-17,0.15879520790984347,0.4151161899435888,5.475864500414847,3.5762471382129215,3.025038100597791,0.3881675839366774,0.12091308485535268,0.2018778477849698,0.04169649573804787,0.09138074644577983,-0.07457568878868827,-0.029559742868298107,0.26186229332668426,0.03298725378098649,0.8625,0.1985422425436783,0.03721289374077712
search,1170007,4,49,False,0.0015252243234917912,0.9752872523565135,0.9434033752788245,3.1001984126984125e-05,2.0816681711721685e-17,0.1639345468661239,0.41297350891397566,5.325227211947944,3.5005841976145184,3.0459126203994034,0.4114120745873202,0.10542785801539847,0.1438493254012586,-0.007846660458521686,0.08951456362937059,-0.08475403287474846,-0.04573754712509045,0.2655553928616285,0.031481531526974076,0.86875,0.13936072212697426,-0.01300197824695252
search,1170007,4,50,True,0.0,0.9752872523565135,0.9434033752788245,0.0005405970982142857,2.0816681711721685e-17,0.15024448738972868,0.4190239228782459,6.43308143860742,3.6844797097735267,2.918576819229094,0.38182961462499265,0.1289639532186123,0.2071040691799791,0.04144092837440043,0.0941988108095191,-0.07322773916104365,-0.024108507668655594,0.28005439222271566,0.04269698593180659,0.8625,0.2040599829544571,0.03735315712540163
search,1170007,4,51,True,0.0,0.9752872523565135,0.9434033752788245,5.0378224206349204e-05,2.0816681711721685e-17,0.1599002506437341,0.4130765443255471,5.626585625109081,3.509725323484947,3.044201218460739,0.39921994728014865,0.115159520356091,0.19112331940502145,0.04249724789483726,0.09153104781625895,-0.06756910736412565,-0.020092588118183416,0.2863596557947854,0.03884100471770571,0.875,0.18843444449442107,0.038812698363771644
search,1170007,4,52,False,0.0005851671634204691,0.9752872523565135,0.9434033752788245,0.0018019903273809525,2.0816681711721685e-17,0.14265609744037405,0.4333259169365141,7.531562436399013,3.7862059777991943,2.914757024447537,0.36470429953024514,0.15107443563392536,0.18652255482249938,0.0008487162242583075,0.09744008216831776,-0.09778001211845938,-0.03853385134252452,0.32576830827201203,0.054951224261052825,0.9125,0.18177312416828914,-0.004013394764222419
search,1170007,4,53,False,0.0008752229746856675,0.9752872523565135,0.9434033752788245,0.002299959697420635,2.0816681711721685e-17,0.14381425186222255,0.43396990057751994,7.551718400980233,3.748033279436951,2.816604861158786,0.3323575916742424,0.13136018426963864,0.17571544159831243,-0.002306738066770484,0.09566085600381541,-0.09298537595989512,-0.03670700041675763,0.2943406866914213,0.05125379085252079,0.9,0.17122304419169992,-0.006649816705963797
search,1170007,4,54,True,0.0,0.9752872523565135,0.9434033752788245,1.937624007936508e-06,2.0816681711721685e-17,0.16546258834835986,0.4168347226351362,4.543873207137057,3.389315879323969,3.1874093082657264,0.3978498382600357,0.1479796893557893,0.22009155911611186,0.05921342532619548,0.08858262439243758,-0.07015729078111049,-0.024868140012794873,0.3338774418728482,0.03439232670294586,0.85,0.21689831484622382,0.055065297204468906
search,1170007,4,55,True,0.0,0.9752872523565135,0.9434033752788245,0.001197451636904762,2.0816681711721685e-17,0.14126704519708835,0.41864594243299313,7.317836590556396,3.728184594940453,2.838444644138159,0.34664401084322516,0.13106629860551702,0.1955733339398409,0.025073811809085328,0.09545280235549403,-0.07875393629540728,-0.02436254722778447,0.28208489805678394,0.04886121711981218,0.8875,0.19234302585560753,0.021472673274975422
search,1170007,4,56,True,0.0,0.9752872523565135,0.9434033752788245,5.0378224206349204e-05,2.0816681711721685e-17,0.16349810304898227,0.41692510771695,4.977697284426237,3.5280734000042466,3.0581850662844654,0.39403831907714043,0.12903918022215313,0.18223175294336036,0.017548414728322748,0.0899479992035207,-0.09003882987238657,-0.04441964279750139,0.29105025077867896,0.030832722752589477,0.83125,0.17769794219928295,0.012113707112248134
search,1170007,4,57,True,0.0,0.9752872523565135,0.9434033752788245,0.0003603980654761905,2.0816681711721685e-17,0.16085862108737786,0.4172656565896218,5.547953300763126,3.5410989292138204,2.9858157365621154,0.35685532909046147,0.11093853228767205,0.1737269075189644,0.019087325824626467,0.090672821076755,-0.08189280436022794,-0.038392751931602256,0.25144865405185396,0.030329513906538222,0.8250000000000001,0.1697602532853088,0.01443093326653877
search,1170007,4,58,True,0.0,0.9752872523565135,0.9434033752788245,7.16920882936508e-05,2.0816681711721685e-17,0.1517474129616867,0.4202107924961354,6.062455697207447,3.694595582601549,2.943771943062761,0.3605455979544717,0.1526309385575354,0.20229765411608785,0.026217917095969434,0.0948837865343082,-0.09095386478833635,-0.03717011033805022,0.3263600777593011,0.04559820485506655,0.88125,0.19805811617424335,0.02146697078532024
search,1170007,4,59,False,0.0014499094831615855,0.9752872523565135,0.9434033752788245,0.00035070994543650794,2.0816681711721685e-17,0.15287524408925315,0.4203821750642451,6.691637785700031,3.61683017131823,2.952756918608034,0.43406959827063996,0.10877705490533238,0.14720393887146285,-0.007275441025375312,0.09435594873071418,-0.08435787082385621,-0.036381049201969426,0.2808201686467834,0.0459906252217005,0.9187500000000001,0.14313089407204826,-0.011931773683464205
search,1170007,4,60,True,0.0,0.9752872523565135,0.9434033752788245,0.000602601066468254,2.7755575615628914e-17,0.15339372443597055,0.4418592038160785,6.012201842330108,3.6601274583305807,2.9527346705982103,0.351501062259158,0.14051360417921993,0.2329494286879792,0.060153019980082795,0.09157627203537318,-0.056048294498519384,-0.019929240942961703,0.2724805607924105,0.037182864042493366,0.84375,0.23035510508835094,0.05622068671465823
search,1170007,4,61,True,0.0,0.9752872523565135,0.9434033752788245,0.0018252418154761905,2.0816681711721685e-17,0.14931784000275877,0.4275341435544161,6.790710889739033,3.670772300985364,2.8893430627889374,0.3604641784373549,0.1228371040112792,0.20754172033160162,0.03905192646262487,0.09438029990753452,-0.07298014973552559,-0.023870483939399816,0.26535693586364256,0.04155563726634434,0.86875,0.20463381594443467,0.034847948149525486
search,1170007,4,62,False,0.0003426403749393861,0.9752872523565135,0.9434033752788245,0.0,2.0816681711721685e-17,0.16190941192687913,0.4145447937396556,5.367943902609195,3.4912982012661757,3.1222209861010657,0.4889665500007065,0.12644507067940403,0.1624666475885157,0.0041713296146926974,0.0905779258615408,-0.08772476083022579,-0.03906396136343847,0.3315391719987273,0.04136294818070336,0.89375,0.15819278691987568,-0.0008596240230823119
search,1170007,4,63,True,0.0,0.9752872523565135,0.9434033752788245,0.00043015252976190475,2.0816681711721685e-17,0.14727232322052908,0.4205983911643103,6.729084280939972,3.7133735404359682,2.9209729753460465,0.3733977755049206,0.1443540403677153,0.20091374959209743,0.027511550657796313,0.09613336787933806,-0.08537511674498383,-0.030709756459286287,0.3136048505096939,0.048886098333050326,0.89375,0.19713674829492914,0.02333226546941534
search,1170007,4,64,True,0.0,0.9752872523565135,0.9434033752788245,0.00015694754464285715,2.0816681711721685e-17,0.15877145156387046,0.41844038099825964,5.394799836344355,3.6072256040896504,3.011895629108847,0.3710154138144161,0.1364913042777815,0.20095312132527832,0.03213715590655524,0.09155290082121031,-0.08632506988325934,-0.03768311859998271,0.29204367216135807,0.035112912088726266,0.85,0.19688964110656668,0.026782770942483727
search,1170007,5,0,True,0.0,0.9254114855173486,0.995880688104827,0.00012982080853174603,2.0816681711721685e-17,0.16047706463561998,0.4213507591463449,5.446457868659362,3.464919017621117,3.1431851668311417,0.3830108854707288,0.13812416540231356,0.2304718174599246,0.06964733813825102,0.09026518733165609,-0.07728207004701115,-0.028658273105567594,0.28874191938414195,0.03493976176094744,0.8625,0.22791021414366733,0.06612998679841506
search,1170007,5,1,False,0.001224881228997753,0.9254114855173486,0.995880688104827,0.0005270337301587301,2.0816681711721685e-17,0.15288159431372578,0.4227008517379376,6.732929838235538,3.5719955214829278,2.888465975480919,0.3184780837593521,0.11168493390833184,0.15594435854221317,-0.005474007389706492,0.0928779371487374,-0.09165314101520107,-0.04317050912383555,0.26481981289302736,0.04200374362642584,0.89375,0.15213846914981038,-0.009151027132223512
search,1170007,5,2,True,0.0,0.9254114855173486,0.995880688104827,0.000744047619047619,2.0816681711721685e-17,0.1462935991880811,0.43261616024943733,7.155173639535452,3.645052619294722,2.9386242206830655,0.3887509745781773,0.15004002540579248,0.24146249991057483,0.061456367102404444,0.09344787829047053,-0.07001757451669326,-0.023406316372667876,0.2975718284236899,0.048257423179322675,0.91875,0.2398725750205044,0.058899137416351874
search,1170007,5,3,True,0.0,0.9254114855173486,0.995880688104827,0.0001666356646825397,2.7755575615628914e-17,0.15401974399440468,0.4148841656576735,6.555517671204494,3.5326162887937107,3.006535181975407,0.41352214066625903,0.11843469230644518,0.17508162361383753,0.027440312034650676,0.09306992689982824,-0.08510481679401724,-0.030318660173569333,0.2935174447566896,0.045577615828253544,0.9125,0.17195104162660185,0.024311232766631285
search,1170007,5,4,False,0.0028821256636892374,0.9254114855173486,0.995880688104827,0.0005134703621031746,2.0816681711721685e-17,0.15014779834060182,0.42262575965156235,6.75378038120282,3.607599540845542,2.9487470761631283,0.36067498479862786,0.1648316889258191,0.22212196415746294,0.040097775213022775,0.09595807924931438,-0.09950826030155596,-0.0422222494919108,0.32953099090340987,0.048462082656568234,0.925,0.2184763242024254,0.035301190379347994
search,1170007,5,5,False,5.353905957576737e-06,0.9254114855173486,0.995880688104827,0.0009785001240079365,2.7755575615628914e-17,0.1444006200006704,0.4213287862768443,7.723301676550624,3.651616028508479,2.8742664338229513,0.3737891558066038,0.14142596576537209,0.19322786018845783,0.013646397227273932,0.09810265945455378,-0.09884730193774738,-0.04004565011191676,0.3007894660496318,0.05119445610798298,0.93125,0.18951300949189356,0.00997818952739465
search,1170007,5,6,True,0.0,0.9254114855173486,0.995880688104827,5.0378224206349204e-05,2.0816681711721685e-17,0.1589897298614158,0.41634618010348573,5.71442260628705,3.4768852826934733,3.0967533927293163,0.4302186190576479,0.14033167087188386,0.20798038386027234,0.05440736424241371,0.09202049140777398,-0.08610269544632548,-0.031343895853175666,0.3237644784197418,0.0420100713286892,0.8812500000000001,0.20487341483246624,0.05109943109387083
search,1170007,5,7,True,0.0,0.9254114855173486,0.995880688104827,0.00022670200892857144,2.0816681711721685e-17,0.15275278761326322,0.421547250169831,6.360802707117191,3.563802051088355,2.998089249562743,0.40778945349351203,0.1272846474088235,0.226025996205559,0.06160267504739665,0.09232016899352205,-0.0671882927875522,-0.02112376643786678,0.2669207274371437,0.03981971793866142,0.8687499999999999,0.22435039897284248,0.05939078975521961
search,1170007,5,8,False,0.002099714593383763,0.9254114855173486,0.995880688104827,0.00010656932043650794,2.0816681711721685e-17,0.16157503063676246,0.4186643940042625,5.665289685841582,3.445119580844589,2.9798683092118194,0.31114737893306194,0.11166283077785938,0.14896250957243146,-0.011806246039323714,0.08918945932653621,-0.0934214208622314,-0.05174972104118955,0.27308399022317376,0.0341303595356202,0.85625,0.14457505397120807,-0.01658826673758894
search,1170007,5,9,True,0.0,0.9254114855173486,0.995880688104827,0.0002693297371031746,2.0816681711721685e-17,0.1598072373366316,0.4191421472790128,5.628695188016897,3.479116491844626,3.051507722680971,0.32482398297837506,0.12995886892735042,0.213771527195441,0.053568817663234035,0.0903152113994398,-0.08274327262348752,-0.034030073552040005,0.27061424950621593,0.03285871535020367,0.8625,0.21083260478605434,0.04974262158877191
search,1170007,5,10,False,2.7766901308997468e-06,0.9254114855173486,0.995880688104827,0.00042046440972222225,2.0816681711721685e-17,0.14143015118831292,0.4201154651737764,7.8634921521565,3.7367699594610646,2.8881697012381204,0.41381323614245,0.15827353414652068,0.20042059366538417,0.015459855052774397,0.10016663403406567,-0.10334196069141655,-0.0419659799373772,0.3272759462584561,0.05755735216750494,0.93125,0.1964346033668498,0.011252482632482914
search,1170007,5,11,True,0.0,0.9254114855173486,0.995880688104827,1.3563368055555555e-05,2.0816681711721685e-17,0.16067515398997542,0.41319658165544126,5.801589667398721,3.4570352269888294,3.0505024455899736,0.39178746761706373,0.11308481646602998,0.15702700824123494,0.016512870361523078,0.09055724773315176,-0.08504700867636886,-0.035264211125741095,0.3050385246582755,0.04140499678859065,0.8937499999999999,0.15350103901394632,0.012698693905704743
search,1170007,5,12,True,0.0,0.9254114855173486,0.995880688104827,0.0008874317956349206,2.0816681711721685e-17,0.14443598261048923,0.4226076717623207,7.449009808453683,3.690107585392404,2.9442160131907213,0.40921622018618375,0.1508364451530514,0.2150891773887122,0.03479831387433028,0.09639318502634156,-0.09197689788645752,-0.035824532853344956,0.2990669677173855,0.049305605555493986,0.91875,0.21203894822833272,0.0311443968339514
search,1170007,5,13,True,0.0,0.9254114855173486,0.995880688104827,0.004900251116071429,2.0816681711721685e-17,0.14260650027041888,0.4427860064507227,8.326388998108518,3.626524286930283,2.814024029616425,0.34558596649683443,0.12224150158515573,0.20079899151632707,0.030616971473810234,0.0970259021001616,-0.08367348467455854,-0.02674537609071389,0.26321007735192536,0.04898777811362272,0.90625,0.19836576723324828,0.02777418498000982
search,1170007,5,14,True,0.0,0.9254114855173486,0.995880688104827,1.937624007936508e-06,2.0816681711721685e-17,0.15911348553366333,0.4166196266774789,5.824533577520807,3.469417462276933,3.125891681125337,0.47344895015775085,0.1400959839725992,0.18245960842834602,0.026220957362837985,0.09221005151053226,-0.093723660200728,-0.038453297808158975,0.3522663700422307,0.04646820451367559,0.89375,0.1786647364712383,0.02243440843731867
search,1170007,5,15,False,0.0005374305315461419,0.9254114855173486,0.995880688104827,0.0010656932043650793,2.7755575615628914e-17,0.1426663632034978,0.42413491031659156,8.091451701361212,3.6758652751816054,2.8783844189038215,0.3783780324566186,0.13446863950651278,0.18111740394341913,0.0014382094228535432,0.09910756031536391,-0.09867300746803608,-0.03895431420006182,0.30499711148667485,0.05593705928709491,0.925,0.17740383016156958,-0.0020066177882752216
search,1170007,5,16,True,0.0,0.9254114855173486,0.995880688104827,2.1313864087301586e-05,2.0816681711721685e-17,0.16699142904381953,0.41279228679979096,4.669852691844071,3.3650197172741274,3.1800198290194936,0.3880857509952123,0.12971745187478984,0.21845620845770053,0.069664535838324,0.0872947184041069,-0.07893442306124265,-0.03150287276801146,0.28259342682958916,0.027765736807923116,0.8374999999999999,0.21545363396509015,0.06606615708152401
search,1170007,5,17,False,7.843990809660846e-07,0.9254114855173486,0.995880688104827,0.001209077380952381,2.0816681711721685e-17,0.14062283436686196,0.4165245446194194,7.971053278028556,3.6932585147658283,2.86968293858415,0.38166051729533695,0.1290873834088883,0.18619599308253898,0.014481887101604661,0.09717422080358423,-0.09202162264287587,-0.034181514929587375,0.2744696025483424,0.05060787370399441,0.91875,0.18282090197875378,0.011091913597779692
search,1170007,5,18,True,0.0,0.9254114855173486,0.995880688104827,1.937624007936508e-06,2.0816681711721685e-17,0.167326157480259,0.40837822913737487,4.7316990155180045,3.3344211316477415,3.2210973783538943,0.42494399521840887,0.13227990422845654,0.18109191201291974,0.04004006343263828,0.08776558280662097,-0.08801926296943037,-0.03767388224577764,0.3404714028483298,0.03474621054797826,0.8500000000000001,0.17735216881497193,0.03616539386850513
search,1170007,5,19,True,0.0,0.9254114855173486,0.995880688104827,0.0015249100942460317,2.0816681711721685e-17,0.14985911908557953,0.4243831771792192,7.262271879556909,3.5585786224622207,2.961975636278597,0.36098112003026567,0.11862695619645537,0.2012909036525629,0.046989328018464595,0.0939121537005504,-0.07598647513097778,-0.02149398712934416,0.2756330320728612,0.04631952690156001,0.90625,0.19922623265430678,0.04497711448525482
search,1170007,5,20,False,0.0001750732941825791,0.9254114855173486,0.995880688104827,0.00024026537698412697,2.0816681711721685e-17,0.14928394778951445,0.4224624326271559,7.013682612667394,3.617147725908685,2.895421542087269,0.40227304524456825,0.14241279860345596,0.18682632339145835,0.007259556982857303,0.09647211119841045,-0.10165793731199713,-0.045024516221244607,0.31214028569137303,0.04887652800739056,0.925,0.1827535911217976,0.003514992450168203
search,1170007,5,21,False,0.0008808271850863698,0.9254114855173486,0.995880688104827,0.00010269407242063492,2.0816681711721685e-17,0.15092281438165162,0.42231092291870165,6.796607548017824,3.6002310801674757,2.9483440083029153,0.41751348267018734,0.13344780751091656,0.17539048311893707,-0.00236205873207964,0.09488812553286205,-0.10017134818761941,-0.04681163334241088,0.3020524280011057,0.046571537889757764,0.91875,0.17123972972096496,-0.006346172778940163
search,1170007,5,22,True,0.0,0.9254114855173486,0.995880688104827,0.0005774119543650794,2.0816681711721685e-17,0.15694836260093767,0.42185197136512503,6.1159484409411,3.4978101957521845,3.1293254289236403,0.4366756111363589,0.1345174537734568,0.22518219805793416,0.06938512939734404,0.09189116386314039,-0.07322980072124483,-0.02133854813403082,0.3009671087988568,0.04220389081131744,0.8812500000000001,0.2231029640984859,0.0666848835758625
search,1170007,5,23,True,0.0,0.9254114855173486,0.995880688104827,3.681485615079365e-05,2.0816681711721685e-17,0.16274755470972327,0.4106483228187885,5.435599690895803,3.4443591220713135,3.032313576881208,0.3382650131249566,0.11584502832243836,0.17738352043653072,0.036704168162047635,0.08976887957594476,-0.08329168508087795,-0.03409845298294925,0.28629855575688334,0.03480028133523368,0.86875,0.17405812273087704,0.03274445507903232
search,1170007,5,24,False,0.0011181570907950902,0.9254114855173486,0.995880688104827,0.0008854941716269841,2.0816681711721685e-17,0.13686998179475113,0.41959396102361446,8.276618691598383,3.7676502270298986,2.804806718148037,0.363748113730777,0.16298032706627097,0.20375031810628882,0.013578835061755936,0.10039584139434705,-0.10170331633182676,-0.04135674840152263,0.31428589415182895,0.05776865392332779,0.9375,0.19984793184042243,0.00902514747879177
search,1170007,5,25,True,0.0,0.9254114855173486,0.995880688104827,0.00043015252976190475,2.0816681711721685e-17,0.15131713731847724,0.4174072018454675,6.681697627778499,3.5930360141469464,2.917715491094163,0.30228360674070925,0.11973406532556967,0.18010240264294736,0.020957931161017615,0.09327310600270215,-0.08885072560178667,-0.03709999771061187,0.25907931570126147,0.03979212894445813,0.8875,0.17668827028408896,0.01707013594982177
search,1170007,5,26,True,0.0,0.9254114855173486,0.995880688104827,0.0001685732886904762,2.0816681711721685e-17,0.15716732075850076,0.4175527364885956,6.145446364315622,3.48542792119369,3.067913173149381,0.44668405225757546,0.12703961292632476,0.17977550325835656,0.02294037447772575,0.09241175806800025,-0.09178587242131804,-0.0384877832991906,0.3048873918277958,0.04218487325796236,0.8999999999999999,0.17611717115939696,0.019024177449006138
search,1170007,5,27,False,0.0010042674177786056,0.9254114855173486,0.995880688104827,0.002658420138888889,2.0816681711721685e-17,0.13516493292957604,0.43078932100010126,9.136589288456006,3.7925047054763263,2.754891523305788,0.3469041848296235,0.15577722459853371,0.2060915867151239,0.015294449070694324,0.10316901785696864,-0.10109930771890988,-0.03636282850287107,0.3254748896462428,0.06369784688749412,0.94375,0.20259484163878852,0.01180656238904721
search,1170007,5,28,True,0.0,0.9254114855173486,0.995880688104827,0.0,2.0816681711721685e-17,0.16724997826837676,0.4083288368819995,4.750896127891101,3.351244215133698,3.0974242104655803,0.36278459544797476,0.12174325299122693,0.1879907716130842,0.047828571713561537,0.0873851901952565,-0.08440787509317557,-0.03622096435590726,0.29177964673285195,0.029437119695962563,0.8374999999999999,0.18445625566987633,0.04403161982796053
search,1170007,5,29,True,0.0,0.9254114855173486,0.995880688104827,1.937624007936508e-06,2.0816681711721685e-17,0.16694207113772114,0.4067481647107269,4.984639505945473,3.399714034928814,3.085683194803627,0.3365869744054757,0.10353699454392656,0.16546109746670964,0.04023487867843103,0.08708997328998433,-0.07579083371864381,-0.030459358639614766,0.27031479246927276,0.030050995203871264,0.8374999999999999,0.16234882706782344,0.03680667480053446
search,1170007,5,30,False,0.02142922723563984,0.9254114855173486,0.995880688104827,0.0012865823412698413,2.0816681711721685e-17,0.13419854627417427,0.4251413702968788,9.184008235957318,3.8039144834822727,2.773421746095755,0.377882832573816,0.17238077322921633,0.20819454460307107,0.01033220281712307,0.1049413217010651,-0.10697684560217477,-0.04107958928246665,0.35167258175563376,0.068528979535396,0.94375,0.20422953880420533,0.006390708461476692
search,1170007,5,31,False,7.74235389983663e-05,0.9254114855173486,0.995880688104827,0.003468346974206349,2.0816681711721685e-17,0.14733572662122613,0.43589268675407594,7.787795981302466,3.5949815814472386,2.8582888233142953,0.3726206368864555,0.117395091416207,0.1763057622369831,0.009852547170326287,0.09516107436388642,-0.09053547189180788,-0.03336587642359186,0.28195944800927875,0.050738902603555,0.9125,0.17298490610866912,0.006551522600221928
search,1170007,5,32,True,0.0,0.9254114855173486,0.995880688104827,0.00018794952876984128,2.0816681711721685e-17,0.15143034898099625,0.419931857093929,6.341021570404745,3.5976135678465218,2.9994022104805165,0.3817606175423176,0.14973301984067722,0.22617884902807622,0.05007815778936214,0.09304768539114963,-0.08620125282055244,-0.035328901472158156,0.2912668979111296,0.04150669965764567,0.8875,0.22332167949243997,0.04591753980684833
search,1170007,5,33,False,0.0026460040560052885,0.9254114855173486,0.995880688104827,0.0013892764136904762,2.0816681711721685e-17,0.12988262879246118,0.4200764286095322,9.33301979146395,3.849035645725388,2.749966918054604,0.4070545295601637,0.15410362435954433,0.18851701015570455,-0.006960268819161581,0.1035168643160873,-0.10438550919466748,-0.039284601375104505,0.3129056889866001,0.065312885498762,0.95,0.1844196055374176,-0.011242053920662867
search,1170007,5,34,True,0.0,0.9254114855173486,0.995880688104827,3.875248015873016e-06,2.7755575615628914e-17,0.16833401993091143,0.40979849449743805,4.537940022019108,3.2997557014453136,3.281529360693517,0.37038806132019253,0.1331440551759519,0.21170464107188755,0.07383948902657159,0.08684670178227091,-0.07424566136565725,-0.024491910473959412,0.3250652720816124,0.032580139390302375,0.8375,0.20900166308886747,0.07083277365031712
search,1170007,5,35,True,0.0,0.9254114855173486,0.995880688104827,0.0005967881944444445,2.0816681711721685e-17,0.15083087773236908,0.4189538571507092,6.913128039414705,3.538430641785716,2.983142881505672,0.3993297618679541,0.13060760257241483,0.2026327054078735,0.0436657264393207,0.09429126441433185,-0.08345041072157777,-0.027255694686057447,0.2982806440541549,0.04717940331586195,0.8999999999999999,0.2000477532518805,0.041030320524996874
search,1170007,5,36,False,2.491000605184143e-05,0.9254114855173486,0.995880688104827,0.00018794952876984128,2.0816681711721685e-17,0.15301670421086105,0.42147939926107614,6.610464563438999,3.559146230083054,2.986957885830136,0.39664928410207767,0.1297327852604935,0.1786205857214081,0.012080269392376853,0.09385921923653516,-0.09570188359308887,-0.041364272164798314,0.30000575933620865,0.045073580180852515,0.90625,0.1747732097543785,0.008378347177158874
search,1170007,5,37,False,0.00014784170832831704,0.9254114855173486,0.995880688104827,0.00043015252976190475,2.7755575615628914e-17,0.1498403325701329,0.4193443619379962,6.969299440097794,3.6182796293861172,2.9030389581239238,0.30344053036154583,0.11458641551523205,0.1658413250741156,0.007886974720088624,0.09427432835857763,-0.08969353916994542,-0.03737128151665836,0.2654580721098351,0.04414594169495778,0.89375,0.16233592025580398,0.0043575862367643825
search,1170007,5,38,True,0.0,0.9254114855173486,0.995880688104827,0.0011819506448412698,2.0816681711721685e-17,0.1491426575784509,0.42514673464901576,7.249393602719585,3.562561262366096,2.9359586600094794,0.37655898038944224,0.14391147755921285,0.21478701981983409,0.04361434749315078,0.09522417621750663,-0.08914274174554007,-0.03139620427316417,0.31008070858465864,0.04908230164743156,0.90625,0.2119712667749973,0.040699361464549305
search,1170007,5,39,True,0.0,0.9254114855173486,0.995880688104827,4.650297619047619e-05,2.0816681711721685e-17,0.16527595286193547,0.40864547853063327,5.338847351605374,3.4257138218643632,3.0554309623709743,0.3960819275007703,0.09561774480508173,0.1428802084382307,0.02138466862786445,0.0874382477466271,-0.07536092434227011,-0.03153496206273928,0.2654875580904872,0.03294849077640472,0.85625,0.13965512190521356,0.018034301794290452
search,1170007,5,40,False,0.003379010746383425,0.9254114855173486,0.995880688104827,0.000499906994047619,2.0816681711721685e-17,0.14028166328440833,0.42195191194848347,7.843834437134485,3.741897456711975,2.828140340496847,0.36556401063695976,0.16518387184666333,0.20324806222963254,0.011350980725482655,0.10047441153583307,-0.10555044257780133,-0.04549761395687509,0.3203947480186019,0.055822420580435586,0.9437500000000001,0.19901295283271964,0.006584108884312273
search,1170007,5,41,True,0.0,0.9254114855173486,0.995880688104827,0.0010521298363095238,2.0816681711721685e-17,0.15120101120002205,0.4205904933190935,6.692079139073403,3.585479791060589,2.9566440555372524,0.329606944153955,0.11599485027054016,0.2045835331017264,0.045744446273885755,0.09170984538543699,-0.07423972774459756,-0.026598333943270817,0.23961627601905341,0.03704729718315056,0.8812500000000001,0.2023950054845749,0.042689457777816936
search,1170007,5,42,False,0.0004265667210749898,0.9254114855173486,0.995880688104827,0.0003177703373015873,2.0816681711721685e-17,0.14781244739243693,0.42428560696285766,7.1652522592040295,3.6497697360528223,2.919758556453298,0.39591735719706467,0.16184847869979666,0.20244327585994204,0.013727643684847982,0.09869933556445606,-0.10675056940193361,-0.04734371319281723,0.3382237454245023,0.05304241935375973,0.925,0.1982046808696292,0.009239037931347529
search,1170007,5,43,False,0.00021945174320029437,0.9254114855173486,0.995880688104827,0.003716362847222222,2.0816681711721685e-17,0.13745971085460576,0.4388642863021994,9.012017049645273,3.7391879708580196,2.774605241398186,0.35102002950286126,0.14577918375133814,0.20291597855040855,0.019985575333298554,0.10148139037124013,-0.09780911727880306,-0.03331665741448104,0.3159139688803493,0.06141805278475957,0.9375,0.1996728778631579,0.01677496517319844
search,1170007,5,44,True,0.0,0.9254114855173486,0.995880688104827,0.0,2.0816681711721685e-17,0.16952655583576684,0.40804450381803536,4.333516653163934,3.2912647221305136,3.2497936736571305,0.38663271811402666,0.13663546164406776,0.19997265793538124,0.05485828629047853,0.08640967282635502,-0.08902458252523364,-0.040057111040371365,0.31976088840360234,0.027899803069217122,0.8187500000000001,0.19612279771789726,0.05052549212104314
search,1170007,5,45,True,0.0,0.9254114855173486,0.995880688104827,1.937624007936508e-06,2.0816681711721685e-17,0.16281472002029473,0.4117337827761764,5.4183552010569365,3.4493380189401193,3.0349639144780443,0.31207828091692746,0.11699645047198946,0.16937808471429966,0.021781547328714127,0.08980208411478229,-0.08828774351028207,-0.04063572116130344,0.28941622854185406,0.034571159525216506,0.86875,0.1655923065391321,0.01758232201685922
search,1170007,5,46,True,0.0,0.9254114855173486,0.995880688104827,0.0013640873015873015,2.0816681711721685e-17,0.14053655686673228,0.4257104901737165,8.312155600038928,3.7056792558895792,2.8471458223771453,0.3578412599005717,0.15123625201173563,0.2123634434667135,0.03519184634336733,0.09874078559956731,-0.09245690120915576,-0.031078075135899056,0.3204316826237356,0.0582056757576769,0.9375,0.2094740540534371,0.03208136861089421
search,1170007,5,47,False,0.00040386302648627283,0.9254114855173486,0.995880688104827,0.0006684802827380952,2.0816681711721685e-17,0.15258922023430396,0.42372352536714003,6.90383370117312,3.559661302511447,2.9424711975375972,0.3861866104969708,0.12092048694817073,0.16708927692019254,0.0032436389882215377,0.0940116798996154,-0.0930538296995655,-0.039703660572862016,0.29641059082704857,0.047041508296596105,0.90625,0.16342645807530204,-0.0003078424544876654
search,1170007,5,48,True,0.0,0.9254114855173486,0.995880688104827,0.00010850694444444444,2.0816681711721685e-17,0.15716111496669097,0.4164181278664657,5.870102693780696,3.5179536004369742,3.0390879050442114,0.35618770003811995,0.1261589124219572,0.20741154244034166,0.050848187251476946,0.0913675168515778,-0.08096303111697978,-0.03140744803360721,0.2682853599581471,0.03557723536848699,0.86875,0.20460168001272078,0.047458577707717324
search,1170007,5,49,False,0.0007121046841020689,0.9254114855173486,0.995880688104827,1.743861607142857e-05,2.0816681711721685e-17,0.162919941266097,0.41334031146252836,5.508237555893453,3.440754993201284,3.0026393223419934,0.3437215416361798,0.10723477167209025,0.14880883283052554,-0.0006108944496089185,0.08905109311080685,-0.08842210694949396,-0.046318647442674055,0.27146333794345895,0.03311257947495064,0.85625,0.14472237196979681,-0.005346500892456012
search,1170007,5,50,True,0.0,0.9254114855173486,0.995880688104827,0.000618102058531746,2.0816681711721685e-17,0.14827320407095096,0.4197847845133271,7.007532945252806,3.5792228371191595,2.9576291165991444,0.4277350430750172,0.134116581855782,0.21282838308518343,0.04700590892993987,0.09421437155478304,-0.08119684139273856,-0.027215103947855562,0.28465334975763645,0.04577250742368422,0.8999999999999999,0.21045017870895677,0.044151261402658355
search,1170007,5,51,True,0.0,0.9254114855173486,0.995880688104827,6.975446428571428e-05,2.0816681711721685e-17,0.158465765174074,0.41564437141148974,5.948699535969705,3.454716520459379,3.03967164510341,0.36809772610562985,0.11945918542453754,0.1960694516560682,0.05700810721777934,0.09169607586427103,-0.07369322014674257,-0.021121354861627483,0.2949171622220645,0.04166880270450905,0.8875,0.19376715912478593,0.054350531172898314
search,1170007,5,52,False,0.0005061168726984461,0.9254114855173486,0.995880688104827,0.0018329923115079365,2.0816681711721685e-17,0.1405458821119552,0.4314472869578181,8.435910759194094,3.739724998553367,2.8669409113243214,0.42316366244971537,0.15414930804503735,0.19665034764667244,0.0031315702409641794,0.10097220066569973,-0.1060154196840291,-0.04398580030695112,0.3243817720029931,0.059195418537962265,0.9375,0.1925734118879301,-0.0010309970330943975
search,1170007,5,53,False,0.0005914161358211788,0.9254114855173486,0.995880688104827,0.0023561507936507935,2.0816681711721685e-17,0.14199359614052676,0.43295485982197457,8.216586038572064,3.684183076167842,2.878891715431771,0.36897598878404103,0.1343197241930394,0.18428919697350354,0.0007733564365517698,0.09773286005907389,-0.09972708725750049,-0.04045879383428995,0.29433256935089736,0.05437729807602949,0.93125,0.18046361074097877,-0.0030203400837666254
search,1170007,5,54,True,0.0,0.9254114855173486,0.995880688104827,1.937624007936508e-06,2.0816681711721685e-17,0.163900180695344,0.4161967757459795,4.944447869898989,3.3678095836222632,3.2973602321840314,0.38087657526773755,0.1542236613700329,0.2329652880880103,0.08081714335491098,0.0892709474501914,-0.0782375431114174,-0.026811896528720274,0.3445275126207101,0.03825717448372596,0.8624999999999999,0.23016132172121456,0.07779963661831954
search,1170007,5,55,True,0.0,0.9254114855173486,0.995880688104827,0.0012381417410714285,2.0816681711721685e-17,0.1391106417952576,0.4187117578076616,8.150409699911485,3.71249869091705,2.8499430492897826,0.39425982521938685,0.1350404884263125,0.2014706888180194,0.028917966812830292,0.09745437215386533,-0.08658390778531844,-0.029036141526249396,0.2828938436685877,0.05230704869330338,0.91875,0.19878410378005826,0.026206177626812842
search,1170007,5,56,True,0.0,0.9254114855173486,0.995880688104827,6.975446428571428e-05,2.0816681711721685e-17,0.1620742831577818,0.4182731985176269,5.370606702100689,3.4296315224747502,3.1240340041749044,0.3781317212349706,0.13329986547924888,0.1886498020871442,0.027173784525840954,0.09029964308029952,-0.09610932407024618,-0.046356928479394696,0.29699440791859893,0.03346228968485381,0.8562500000000001,0.18451478453165976,0.022565321113506776
search,1170007,5,57,True,0.0,0.9254114855173486,0.995880688104827,0.0003952752976190476,2.0816681711721685e-17,0.15951751883429108,0.4174001713151595,5.8507090529351915,3.495190916457577,2.945449437306624,0.2916222002028565,0.11469215145039635,0.17769935133581294,0.026512970751311836,0.09034219365582305,-0.0871834306324545,-0.03921270409361839,0.2572383945799647,0.03273063039006177,0.8625,0.1741532712241907,0.022477397417905217
search,1170007,5,58,True,0.0,0.9254114855173486,0.995880688104827,0.00011625744047619047,2.0816681711721685e-17,0.1496547593039002,0.4205511131291048,6.739744223285489,3.611806853042464,2.909264168543449,0.3704512510034538,0.15764144492193732,0.20941262514068126,0.03239534375189597,0.09579201648047139,-0.09957086203938889,-0.04135384103853242,0.3289915450888965,0.04968484955238564,0.93125,0.20562430423642997,0.02808136964278065
search,1170007,5,59,False,0.0012438016520546677,0.9254114855173486,0.995880688104827,0.000362335689484127,2.0816681711721685e-17,0.15158131667480984,0.4211633301765191,6.980974453811674,3.5629976697004224,2.894590276836132,0.3331621909094272,0.11037376540773584,0.15011376055099596,-0.0056315297633115075,0.09349969435015812,-0.08876320722832773,-0.03789876510863664,0.28526718213160446,0.04879812800024849,0.90625,0.14655080260399272,-0.009355145174308077
search,1170007,5,60,True,0.0,0.9254114855173486,0.995880688104827,0.0006956070188492064,2.0816681711721685e-17,0.15131698563903664,0.4348658682662513,6.507379005035306,3.573046942568752,2.9577966016588007,0.3286836604170339,0.14704052750563829,0.251682228497989,0.06776576213290239,0.0905309913803986,-0.06383164726474251,-0.023545325681591858,0.2788540277733603,0.04078633127354746,0.88125,0.2502777400450665,0.06497292406923331
search,1170007,5,61,True,0.0,0.9254114855173486,0.995880688104827,0.0018756200396825397,2.7755575615628914e-17,0.1474009452459698,0.42650568334690186,7.357646005586954,3.587759026852476,2.926352597843442,0.3875336916670108,0.1275538789689122,0.2126384459095478,0.04340405231722329,0.09333564522911704,-0.07990643165495523,-0.026979880608839588,0.26919564458015965,0.04453813130759596,0.90625,0.21037731077843103,0.040475272920793136
search,1170007,5,62,False,1.651555710348028e-06,0.9254114855173486,0.995880688104827,0.0,2.0816681711721685e-17,0.16061248091851316,0.4161125787818402,5.7137385955764115,3.4467790621168657,3.1408306426255606,0.48759825760390646,0.12897509274844962,0.16677157995552286,0.014248199725343323,0.09098650884522475,-0.09267779687299937,-0.040592253389095556,0.3383651416763989,0.044153672514114305,0.89375,0.16282391155646422,0.010347962787449969
search,1170007,5,63,True,0.0,0.9254114855173486,0.995880688104827,0.0005057198660714286,2.0816681711721685e-17,0.1451367246094414,0.41830907198169703,7.448334902598379,3.648817389583817,2.8759820801032756,0.38269454043107304,0.1487838904247102,0.20777694139482333,0.0323307933516431,0.0981339941909942,-0.09425298557176467,-0.035122706088899586,0.3157744651464942,0.05249932410462514,0.91875,0.20455841756030946,0.029057030216915657
search,1170007,5,64,True,0.0,0.9254114855173486,0.995880688104827,0.00018794952876984128,2.0816681711721685e-17,0.15702978627954128,0.4204020785907232,5.901578085461268,3.521007050872881,3.0426564464951946,0.3899694142955369,0.1419591262926289,0.20702089620166664,0.04060280871853496,0.09202745954337793,-0.0937228707533524,-0.040532722822817016,0.2970201376863535,0.03813279944812533,0.8625,0.20340047937021666,0.03628500918926808
search,1170007,6,0,True,0.0,0.940254844907642,0.896133439469057,4.8440600198412696e-05,2.0816681711721685e-17,0.163838435996999,0.4243631706219472,4.675337097893041,3.4688014282015467,3.032864132270539,0.37382460434685993,0.13184258513986524,0.20053894792794313,0.04793545365188834,0.08799520131302205,-0.06251176561104593,-0.023786528638165355,0.2798771934451169,0.030544857116867847,0.825,0.19723713677587312,0.04415438328468651
search,1170007,6,1,False,0.0016737846601621426,0.940254844907642,0.896133439469057,0.0004088386656746032,2.0816681711721685e-17,0.15598936115285186,0.42120505706035505,5.9725891648380705,3.6169437144808647,2.9068477666565258,0.3601811708970011,0.10794468957410819,0.13966146644300692,-0.008933469354107213,0.08907347709954912,-0.08138176580756667,-0.03963934844272619,0.26164971848741236,0.038207207964779666,0.9,0.13537071257130256,-0.013279910456829516
search,1170007,6,2,True,0.0,0.940254844907642,0.896133439469057,0.0005541604662698413,2.7755575615628914e-17,0.1507345492828555,0.4442546648392229,6.23625295466968,3.6599559258779637,2.9455208809292017,0.4179141497079433,0.14664479876871517,0.20169670836063283,0.04512029637782891,0.09162376590370494,-0.05331434470017929,-0.015496788528301525,0.29244419404247024,0.042872324396952745,0.8687499999999999,0.19870978183953825,0.04163178091404303
search,1170007,6,3,True,0.0,0.940254844907642,0.896133439469057,9.494357638888889e-05,2.0816681711721685e-17,0.15730785612228737,0.41764955778103285,5.723767153410588,3.5931571976971655,3.008404335787204,0.36902632334909,0.11384534995906453,0.1595748792267682,0.020000485086890257,0.08917199114940078,-0.07340575612148417,-0.026249432164593668,0.2873325934094261,0.04145153436147532,0.8875,0.15618105323871723,0.016236561401721184
search,1170007,6,4,False,0.0005081258289919917,0.940254844907642,0.896133439469057,0.00035264756944444444,2.0816681711721685e-17,0.15442652892283254,0.4285492618389392,5.546865824497771,3.6264564523856713,3.002034033855958,0.4306547498895418,0.16202874818911445,0.19444990899277909,0.028241892169239027,0.09255750869860112,-0.08178606533954214,-0.033990309401679006,0.32970852077314206,0.04224892507206237,0.875,0.189974925679545,0.02353620021012154
search,1170007,6,5,False,7.512586314525644e-05,0.940254844907642,0.896133439469057,0.0008351159474206349,2.0816681711721685e-17,0.1485749332972779,0.426508682502384,6.344747246210725,3.740427784500204,2.879921399827607,0.3903952198100601,0.13869793341545716,0.170350521619032,0.00992950214329151,0.09243528890865459,-0.08406991080298669,-0.03240197692208865,0.3028197406348342,0.04632321493282522,0.90625,0.16596148446503095,0.0055729012919689055
search,1170007,6,6,True,0.0,0.940254844907642,0.896133439469057,1.3563368055555555e-05,2.0816681711721685e-17,0.16230388954825203,0.4178238965813409,4.881160031787083,3.5013944003305717,3.1266327884042964,0.4554753093709327,0.13507826199798417,0.18598076023158394,0.035270258861767864,0.08859672071944474,-0.0717699730685874,-0.026295578801255277,0.31594709475853544,0.03692643303338936,0.86875,0.18248677041177025,0.031370955806720446
search,1170007,6,7,True,0.0,0.940254844907642,0.896133439469057,0.00012982080853174603,2.0816681711721685e-17,0.1565025214993312,0.42907222840041503,5.623761224645975,3.5541757458248022,2.8813645886021124,0.3030726983361032,0.12132510743961794,0.19565014797725894,0.04752686903018354,0.08936596808242867,-0.05329355162860362,-0.016041711218082528,0.2591545835684501,0.036173891244220886,0.85625,0.19295267474760658,0.04412440847024615
search,1170007,6,8,False,0.0034726497877738643,0.940254844907642,0.896133439469057,6.394159226190477e-05,2.7755575615628914e-17,0.16411990421947514,0.41708065014373785,5.074707559623915,3.487317956838459,3.0201885515604325,0.3715147530809948,0.10848110909582911,0.1315752577197374,-0.019473577905707883,0.0868506738196641,-0.08453813133544143,-0.048719951643586404,0.26834681018696327,0.031390162562010396,0.875,0.12677636959513097,-0.024564930920681384
search,1170007,6,9,True,0.0,0.940254844907642,0.896133439469057,0.00016276041666666666,2.7755575615628914e-17,0.1631565306659606,0.4190678488249068,4.825108369670151,3.5127193190939288,3.0268494040467493,0.3500519363452701,0.1240707712686869,0.19022636390179137,0.03786889116037791,0.08811223283681449,-0.06887387986391702,-0.029327601422487838,0.2639705693819078,0.029241854695774883,0.8375,0.18660432943861943,0.0337194503816582
search,1170007,6,10,False,3.0466143827549852e-05,0.940254844907642,0.896133439469057,0.000244140625,2.0816681711721685e-17,0.14600285560139095,0.4247601633086002,6.4606071831737,3.7287379295162695,2.948548662662721,0.46840894162981556,0.1573058764081257,0.1743808268692741,0.011771025538753326,0.09427873416617485,-0.0869592036016516,-0.032272112750371035,0.3311285897861222,0.05167475675504572,0.91875,0.16964723737945403,0.007444542422586508
search,1170007,6,11,False,0.00019699155644585048,0.940254844907642,0.896133439469057,7.750496031746031e-06,2.0816681711721685e-17,0.16327905206908666,0.41332074066884594,5.178154110829272,3.488039581239563,3.109199944214226,0.4309940004463927,0.10947632154981438,0.14155370349430324,0.006789309687688788,0.08760431103797389,-0.07571592417929346,-0.03229778682696602,0.29801783584896324,0.037923326029634,0.8875,0.13785013996449721,0.002619627211372119
search,1170007,6,12,True,0.0,0.940254844907642,0.896133439469057,0.0007227337549603175,2.0816681711721685e-17,0.14897602129434911,0.4288018493233277,6.160579803156413,3.6913809008028737,2.946558841616509,0.39984066412442154,0.14834441928353842,0.19005162605493947,0.027464476107414572,0.09257745969996897,-0.07515345441453357,-0.02735160234355242,0.3007335090458098,0.04430559160058861,0.89375,0.18609309763691678,0.023107000972654942
search,1170007,6,13,True,0.0,0.940254844907642,0.896133439469057,0.004361591641865079,2.0816681711721685e-17,0.14675302831274817,0.44506284385789996,7.00504821705713,3.6948072157180323,2.855649384240147,0.3718740806931801,0.1192599765592823,0.18557770968988868,0.029206285357371083,0.08998484462426336,-0.06962687307517633,-0.020750537509346776,0.262873169025976,0.043881446078581854,0.9,0.18232029242478218,0.024971991750111777
search,1170007,6,14,False,1.2803532734296757e-06,0.940254844907642,0.896133439469057,1.937624007936508e-06,2.0816681711721685e-17,0.16216274092571187,0.41530727343004487,5.024528873401004,3.50655179363747,3.1447684600944124,0.42619356281858045,0.13644090685528856,0.1640392003187739,0.014338056725240394,0.0884552702408141,-0.08194531849190839,-0.03388332974269945,0.346370972689718,0.041323605028829695,0.88125,0.15997916653227867,0.010020109276737436
search,1170007,6,15,False,0.0005477408845193513,0.940254844907642,0.896133439469057,0.0009319971478174604,2.0816681711721685e-17,0.14665759196508987,0.42686992876389407,6.722097535288021,3.743934146539349,2.8682844575760553,0.3784161304632804,0.13197046354433167,0.15913782056303538,0.0013087391302102867,0.09232059411132569,-0.08538812977710301,-0.031948900842100926,0.3062070923293893,0.050653481579770926,0.9249999999999999,0.15466623591196846,-0.0029150141160940446
search,1170007,6,16,True,0.0,0.940254844907642,0.896133439469057,7.750496031746031e-06,2.0816681711721685e-17,0.16978292791002222,0.4108605572326989,4.0256049229083555,3.3887942277426752,3.2226673996589,0.4127801932230066,0.12372427187126901,0.1921449826957904,0.04551887554823001,0.0856527195240801,-0.06571473102885994,-0.028279346960121226,0.2723328751532327,0.024119880134274938,0.79375,0.18864602530993213,0.04168232824560772
search,1170007,6,17,False,2.5166363747265824e-05,0.940254844907642,0.896133439469057,0.0010521298363095238,2.0816681711721685e-17,0.1449106768281718,0.42280975951852173,6.666528873888942,3.7148317905914503,2.830670889729289,0.34753835065251787,0.12591874144909665,0.16547991464602677,0.012065283858120508,0.09093426131009012,-0.07821053922768584,-0.02703071166549362,0.27619200131310007,0.0460331299675867,0.90625,0.16158974960194047,0.007839389273998909
search,1170007,6,18,True,0.0,0.940254844907642,0.896133439469057,1.937624007936508e-06,2.0816681711721685e-17,0.16979175430171278,0.4038711182521198,4.1175330790918405,3.3630325881951064,3.2663886218413922,0.4534198576525719,0.12816013750489086,0.1609124012030731,0.02243078111840447,0.08529520402272861,-0.07700883707166062,-0.0347911330134734,0.33185949903512957,0.0306785323138644,0.83125,0.15703153221736393,0.018309546461281384
search,1170007,6,19,True,0.0,0.940254844907642,0.896133439469057,0.0013175843253968255,2.0816681711721685e-17,0.15353233002407235,0.42706584720932295,6.2474272729884035,3.5999540337830584,2.9567011053049033,0.34290664419957106,0.11359111096213942,0.18259014707905663,0.03948445136225842,0.08993354715572882,-0.06207964975071895,-0.016699985176286958,0.2691624546352087,0.04203859327621929,0.875,0.17994156733842392,0.036529258608644255
search,1170007,6,20,False,0.0003755465615689947,0.940254844907642,0.896133439469057,0.0001414465525793651,2.0816681711721685e-17,0.1531172772271141,0.4253454856036616,5.877829067266423,3.6955098005352265,2.879124887684855,0.3110471937528206,0.13912606891818577,0.16477230634471082,0.0036632711052548665,0.09136284570451236,-0.08805617387314332,-0.03817849617116416,0.312613356370582,0.04410812719102471,0.90625,0.16004880170043984,-0.0010748045298071343
search,1170007,6,21,False,0.00123962824772326,0.940254844907642,0.896133439469057,4.8440600198412696e-05,2.0816681711721685e-17,0.1544516210342624,0.42376209761081085,5.812386857087143,3.6714165786759745,2.8693620342552526,0.35223299952121706,0.13005772431576101,0.15507903310921733,-0.0055968875580047935,0.0905368851307815,-0.0881789337005659,-0.04105432484813883,0.3017578968553789,0.042517952872361715,0.90625,0.15030097764220812,-0.010372214011534283
search,1170007,6,22,True,0.0,0.940254844907642,0.896133439469057,0.00042433965773809525,2.0816681711721685e-17,0.16036165623361237,0.42923089172541806,5.315574039881193,3.467495296598578,3.0506263656291166,0.38649063182400856,0.12853815444372768,0.1946815459474701,0.04710405842549554,0.08918404870066239,-0.0579403370625001,-0.016695280416194717,0.2911889906546514,0.03752922906286403,0.85625,0.19193040668656564,0.04378875250014248
search,1170007,6,23,True,0.0,0.940254844907642,0.896133439469057,1.3563368055555555e-05,2.0816681711721685e-17,0.1654951507264607,0.4099805175452038,4.787719468114817,3.4718257578997296,3.0534838285722965,0.3426617633011868,0.11113988828732317,0.1600378864314551,0.021862343266768454,0.08725670013605724,-0.07230345486447523,-0.030880545114608027,0.2780190554054624,0.031547680844266845,0.84375,0.15648683660587814,0.01786866272040213
search,1170007,6,24,False,0.0014605199020376607,0.940254844907642,0.896133439469057,0.000744047619047619,2.0816681711721685e-17,0.1417957909747551,0.42634789378498356,6.784237956387134,3.680752366455438,2.9086118193965653,0.37151042968646386,0.163433612268446,0.1757286370089351,0.013691609633414257,0.09424082471384071,-0.08415789326094177,-0.03072728577257128,0.32202543641585146,0.05235513699100543,0.91875,0.17108292836807215,0.009374156412071665
search,1170007,6,25,True,0.0,0.940254844907642,0.896133439469057,0.0002964564732142857,2.0816681711721685e-17,0.1549409896706756,0.41816547321023734,5.785517767052358,3.6210395886119207,2.888936517138585,0.3102903531225267,0.11484097628941706,0.16351040849092688,0.015486836444110984,0.08940822022982045,-0.07638233997569258,-0.03247376711093688,0.2564461732092986,0.03604466779762604,0.8687500000000001,0.15964701590044456,0.011298497776578273
search,1170007,6,26,False,1.1092265050704414e-06,0.940254844907642,0.896133439469057,9.300595238095238e-05,2.7755575615628914e-17,0.16037832660510615,0.41983696055071423,5.291853583274933,3.5669849175509936,3.05205851839783,0.3864460768048066,0.12261801802876598,0.1617851684917887,0.01438387903728429,0.08878225055899966,-0.07984371157512604,-0.03384079964733989,0.2993135225390902,0.037979402022960095,0.8875,0.15777945400640636,0.010139976547052168
search,1170007,6,27,False,1.3843305437594378e-05,0.940254844907642,0.896133439469057,0.0023716517857142855,2.0816681711721685e-17,0.1399692843011619,0.4380270372342468,7.410932654116226,3.7649642671845323,2.914401398644638,0.4011927193979928,0.1572079545820683,0.180217561650928,0.012823414324364709,0.09539613103262973,-0.08450092563011738,-0.026042149275851162,0.33127092522793333,0.05716032635860849,0.91875,0.17584137102640388,0.008799045930616244
search,1170007,6,28,True,0.0,0.940254844907642,0.896133439469057,0.0,2.0816681711721685e-17,0.1698274759333208,0.4058101710759703,4.141624893328467,3.383079695252296,3.1267127552942826,0.3332416645589278,0.11679580403178136,0.16800386343585222,0.028763364251650138,0.08543594041281236,-0.07295090623121016,-0.033531436515431404,0.282383196564447,0.026096067141321504,0.79375,0.16422255410622486,0.02471157030199955
search,1170007,6,29,True,0.0,0.940254844907642,0.896133439469057,3.875248015873016e-06,2.0816681711721685e-17,0.1692054539867229,0.40194967279501076,4.5032364625063614,3.3946389301703777,3.1048485155700427,0.35086650745122344,0.09931911683963326,0.14800092316144609,0.023217345953668624,0.08535182905893676,-0.06633151730692957,-0.028688717124218544,0.2609143177607405,0.027640808387170188,0.8,0.14479348179955084,0.019286789672487703
search,1170007,6,30,False,0.029282716299499193,0.940254844907642,0.896133439469057,0.0011276971726190475,2.0816681711721685e-17,0.13927856881451345,0.4319508427082383,7.368407747730867,3.7715314090289036,2.963614147850983,0.48019626615473904,0.1753938101265437,0.17723152726636138,0.011946993426839823,0.09682888613852215,-0.08884188313565969,-0.029802281591483185,0.3578373178855211,0.060899175287519036,0.9375,0.17232219602168858,0.007901488413869479
search,1170007,6,31,False,5.707723126604857e-05,0.940254844907642,0.896133439469057,0.0030575706845238095,2.0816681711721685e-17,0.1508725875665818,0.4349213531542197,6.679389717652096,3.678877128490111,2.8670361579793155,0.3590115119044305,0.11415827051397393,0.15884346974868174,0.010580355730375636,0.09023760120084234,-0.07881295456070658,-0.028662265631123982,0.27963575347731884,0.045889794450348756,0.90625,0.15500209503438614,0.006255666114534474
search,1170007,6,32,True,0.0,0.940254844907642,0.896133439469057,7.944258432539683e-05,2.0816681711721685e-17,0.15559413202522354,0.427211915974003,5.349721360784891,3.63360618669931,2.976855514976816,0.44996844951679527,0.14529545541407948,0.1989406262606491,0.037274181483150856,0.09017993742890323,-0.0701533201435026,-0.028096753640926897,0.2896340436641665,0.036969923911118,0.85625,0.1950939034449336,0.03261291559663786
search,1170007,6,33,False,0.0012115119173443357,0.940254844907642,0.896133439469057,0.001247829861111111,2.0816681711721685e-17,0.13464204331785867,0.42396597419455095,7.611025855795636,3.7699065756279326,2.8354531245162296,0.38192681571855763,0.15553264009140444,0.1548692391045188,-0.0053619661602990875,0.0937319787850697,-0.08882124209884945,-0.028752782415745408,0.32243700260135344,0.05977249182425743,0.9125,0.1498970091488187,-0.00955607131852254
search,1170007,6,34,True,0.0,0.940254844907642,0.896133439469057,3.875248015873016e-06,2.0816681711721685e-17,0.17080423613528184,0.40547977834504334,3.964506441568115,3.2839233263841896,3.2811424295459375,0.45097652850747466,0.12763060503756424,0.1836380141646041,0.0458713663077991,0.08485277075509244,-0.06150580336841681,-0.02215161837465727,0.3134364617463169,0.02856596614757438,0.8062499999999999,0.18075621376698964,0.04240601308499219
search,1170007,6,35,True,0.0,0.940254844907642,0.896133439469057,0.00045146639384920637,2.0816681711721685e-17,0.15458586569985047,0.4231648266859418,5.920575116580977,3.6144363550976344,2.9562824248983075,0.3732087638813418,0.1258378886654195,0.1827683554068545,0.03416188286375457,0.09093873729215753,-0.0686797163456781,-0.021587910014367363,0.29287521854556986,0.04269292651317887,0.875,0.179585671845315,0.030575900612749646
search,1170007,6,36,False,0.0001948721200019268,0.940254844907642,0.896133439469057,0.00011044456845238095,2.0816681711721685e-17,0.15651195558806788,0.422641863576619,5.6470231410843414,3.6408681125436573,2.9229512039740912,0.3697366717427974,0.12560103599431832,0.15996315229978708,0.006833598634180451,0.08953928938100358,-0.08341988630304957,-0.03594926261516122,0.29690499120606056,0.040665158807319385,0.90625,0.15563534394064898,0.0025799242178947187
search,1170007,6,37,False,0.00026188918297012105,0.940254844907642,0.896133439469057,0.00031001984126984125,2.0816681711721685e-17,0.15331712411691686,0.41928980412204087,6.100857993619976,3.6520665831188897,2.8591746911729365,0.3443140438768637,0.11027825407432588,0.1501885715419189,0.005532950531345594,0.08947345320774691,-0.07833927273687777,-0.03330562268631906,0.262419637646968,0.03995695971052721,0.9,0.14623935664041954,0.0015670040855894005
search,1170007,6,38,True,0.0,0.940254844907642,0.896133439469057,0.0010114397321428572,2.7755575615628914e-17,0.1532378172386265,0.4308224328596711,5.976718245583539,3.6673552925373514,2.972938451251096,0.3762271987811272,0.14021576489113796,0.19117081950413023,0.032271957040171495,0.09165040491760149,-0.07278458602779132,-0.024480338375644426,0.3068693146872534,0.0435257970964477,0.88125,0.1875871380604506,0.028438316141576603
search,1170007,6,39,False,6.628018544436368e-05,0.940254844907642,0.896133439469057,2.1313864087301586e-05,2.0816681711721685e-17,0.167395189232102,0.4054315196646374,4.893143398326309,3.4492905769579925,3.089422957809152,0.41464746219977755,0.09216275626594246,0.12796283129377975,0.010237360347066203,0.08549274343870561,-0.06733852161323257,-0.029838195107468136,0.25723048807092136,0.030747911842979637,0.8500000000000001,0.12470138657242126,0.006315118764215628
search,1170007,6,40,False,0.0030556370480712917,0.940254844907642,0.896133439469057,0.0003410218253968254,2.0816681711721685e-17,0.14497054224915434,0.4249415826805772,6.403020817445009,3.6613552946691046,2.957624366273085,0.3962020712215971,0.16494176631406615,0.17382827659261055,0.01126826521825932,0.09434140646330105,-0.08828744252232266,-0.03524788478193709,0.32796084494164884,0.05038051510182158,0.90625,0.16883636702697488,0.006653367650212199
search,1170007,6,41,True,0.0,0.940254844907642,0.896133439469057,0.0009029327876984127,2.0816681711721685e-17,0.15498685603500006,0.4239664578357648,5.820720891507144,3.599551048403482,2.933001988020044,0.35606264189912995,0.11031452597039099,0.18592189506082557,0.038774154393506635,0.08870648244363416,-0.06121840273983082,-0.022190800113371222,0.2345160686334162,0.033516975141270736,0.8625,0.18296676796835526,0.034790870799777565
search,1170007,6,42,False,7.26195971512988e-05,0.940254844907642,0.896133439469057,0.0001666356646825397,2.0816681711721685e-17,0.15198932054850361,0.42829926724212875,5.884963660684772,3.7068865544484613,2.9860403695318913,0.41152883827288034,0.15989123787983883,0.17664920370649495,0.010014797733782185,0.09343972036071399,-0.09099011128716827,-0.03892417555474169,0.340706598356643,0.04693397177356742,0.9,0.1716696529759582,0.004909606560647333
search,1170007,6,43,True,0.0,0.940254844907642,0.896133439469057,0.003363715277777778,2.0816681711721685e-17,0.1420190399480793,0.444676135847078,7.433637891416968,3.80892396197596,2.8861858712078137,0.42557941401598587,0.14593909103689373,0.18137338210086124,0.016242734682150532,0.09380590772405631,-0.08198447952452681,-0.02389423043977818,0.3197360807261658,0.05534983912448377,0.9312499999999999,0.1772365123519891,0.011738739750044363
search,1170007,6,44,True,0.0,0.940254844907642,0.896133439469057,0.0,2.0816681711721685e-17,0.17207140617171646,0.40431576400623936,3.70469261907012,3.3310664764602302,3.2884384177162085,0.4382964023071819,0.1316450321213662,0.1769465923826144,0.03277853034375024,0.08432225574522734,-0.07664113324209666,-0.03694966340779355,0.3103478224219478,0.023903500823124604,0.7875,0.17282235221342038,0.028547224488515092
search,1170007,6,45,False,5.8747492559356195e-05,0.940254844907642,0.896133439469057,3.875248015873016e-06,2.0816681711721685e-17,0.16552307185598064,0.41251138495957207,4.776685448336164,3.472687921490186,3.062257070454597,0.36147138018452474,0.11280172363931114,0.15228039167271268,0.010516155595794422,0.08732174171418677,-0.0779624195209067,-0.03735300746881684,0.28231725005828706,0.03135096779064543,0.8500000000000001,0.14822486730168627,0.005974175806327482
search,1170007,6,46,True,0.0,0.940254844907642,0.896133439469057,0.0012342664930555555,2.0816681711721685e-17,0.14523060196882864,0.4327519166462518,6.786408006708674,3.757967687553272,2.9460751926395137,0.4265308957464492,0.1502174986170033,0.1875108644143778,0.02702272367129515,0.0940659440848832,-0.07510154032299246,-0.022131371943935406,0.32102055660047707,0.05177084624473271,0.8999999999999999,0.1837730139453103,0.023410711479483613
search,1170007,6,47,False,0.0006230994544560762,0.940254844907642,0.896133439469057,0.0005250961061507936,2.0816681711721685e-17,0.15582844335080903,0.4234011968267233,6.001401460724308,3.631568013094764,2.9503069873613272,0.39494567258595603,0.11730302677869608,0.1502304118733716,0.0003972533131184307,0.09010600380379358,-0.0818834949773452,-0.035206972098262776,0.2927665596464139,0.04280421974018524,0.9,0.1460775700065019,-0.0036902896456120094
search,1170007,6,48,True,0.0,0.940254844907642,0.896133439469057,4.650297619047619e-05,2.7755575615628914e-17,0.16064667018994006,0.4186478184774362,5.077753684750007,3.5560397693439274,2.996471359267879,0.3391289117239292,0.12030426876609601,0.1868212544357944,0.03700520483446763,0.08876960615263685,-0.06742378801897925,-0.026784407708121807,0.261686629106646,0.03196738999107738,0.85625,0.1833965065531026,0.03321243947921411
search,1170007,6,49,False,0.0017248553867614334,0.940254844907642,0.896133439469057,7.750496031746031e-06,2.0816681711721685e-17,0.16536139994082827,0.41225933444743434,4.969355470861323,3.450480178772046,3.0781718847441986,0.4424766908473332,0.10388947498520483,0.13270477353795668,-0.009295856328485964,0.08696245455304255,-0.07982919791068893,-0.04355747729441804,0.2652852997440673,0.03052955934581502,0.86875,0.12831352881509864,-0.014158146510929346
search,1170007,6,50,True,0.0,0.940254844907642,0.896133439469057,0.0004475911458333333,2.0816681711721685e-17,0.15238954802320104,0.4272988300938146,5.986255281088965,3.640981985411459,2.8845926543526748,0.3677235103936256,0.12942354380938692,0.1902279976221991,0.03818657407004459,0.09076415636279547,-0.06555681527801407,-0.02070732465094699,0.2804643056973271,0.041417086161044045,0.8625,0.18698109304568458,0.034510329239430676
search,1170007,6,51,True,0.0,0.940254844907642,0.896133439469057,2.712673611111111e-05,2.0816681711721685e-17,0.1614938747319332,0.415004316295192,5.267843487018289,3.4899083245809415,3.0571180513826457,0.302798898291443,0.1140254366861656,0.17555916203187227,0.038566704088573336,0.08862963122538776,-0.06110781560367993,-0.017923253141466557,0.28570591368558607,0.037878686328174385,0.8687499999999999,0.1729464014660146,0.03516954919650053
search,1170007,6,52,False,0.000531749950517188,0.940254844907642,0.896133439469057,0.0016741071428571428,2.0816681711721685e-17,0.1449337047954209,0.436085504454389,6.830132901461409,3.760855915669498,2.8923180424057713,0.3960304115700934,0.1536643482411839,0.16931401412842212,0.0015100731352707224,0.09374277653568086,-0.09069957606752348,-0.03457562226044999,0.3295468344630776,0.053085564669857324,0.9312499999999999,0.1643914027970886,-0.0032458747496173857
search,1170007,6,53,False,0.0007675843395064501,0.940254844907642,0.896133439469057,0.002040318080357143,2.0816681711721685e-17,0.1460079046385218,0.4354469380093938,6.848861075688194,3.750079841234194,2.8505257030146023,0.3500704613841939,0.13207423455182848,0.16053087213562012,-0.0012076077996598534,0.09131790323744093,-0.08650904983234295,-0.03335013646921276,0.29718087137561133,0.049447559368955854,0.9249999999999999,0.15598617901914105,-0.005902185714289911
search,1170007,6,54,True,0.0,0.940254844907642,0.896133439469057,1.937624007936508e-06,2.0816681711721685e-17,0.16693281574646393,0.42004050149867656,4.256207208886844,3.348209768832536,3.2508462535711438,0.44275849739442064,0.1481820957698819,0.20010552795107306,0.050351354063162795,0.08653824832529591,-0.06298065988351728,-0.022604900320089563,0.33335715761667795,0.03245139110919125,0.8625,0.19695962322259372,0.046661053620503476
search,1170007,6,55,True,0.0,0.940254844907642,0.896133439469057,0.001071506076388889,2.0816681711721685e-17,0.14370806431660005,0.4258717131876326,6.791302252759203,3.7260797736268416,2.8859904789762627,0.44094416876707054,0.13263905486234642,0.17993241780854674,0.02463718658614522,0.09209790271523892,-0.07128856559133952,-0.02109113573682202,0.2840643692976835,0.047587559172159566,0.90625,0.17651449275605008,0.02111545155719993
search,1170007,6,56,False,3.520398118307464e-09,0.940254844907642,0.896133439469057,2.712673611111111e-05,2.0816681711721685e-17,0.16513697712305997,0.4180126062939106,4.575818291962549,3.511009085424498,3.095248307219794,0.4172550874994262,0.12859528885672716,0.1683549560193779,0.014965290228378196,0.0875102768584399,-0.08370081819233166,-0.04173883231182311,0.29193840009873473,0.02954197315564679,0.8374999999999999,0.1637894525078068,0.00997789013227368
search,1170007,6,57,True,0.0,0.940254844907642,0.896133439469057,0.00028095548115079363,2.0816681711721685e-17,0.1625722416849123,0.4161158261802402,5.130839400527561,3.545651957863137,2.9863286284470307,0.3304378754230243,0.1097112685150849,0.16057252475452768,0.01671377054141566,0.08800477172022732,-0.07563808270586822,-0.03573146868620077,0.25127900263397507,0.029542890846796763,0.83125,0.15664495428003566,0.012228064802127615
search,1170007,6,58,True,0.0,0.940254844907642,0.896133439469057,3.8752480158730157e-05,2.0816681711721685e-17,0.15383542670810924,0.42434723401686775,5.58167552623657,3.7108927829468903,3.0266621161622913,0.4451277366549262,0.15460609005460405,0.18621707442914726,0.02296854153484263,0.09253971694720688,-0.0834422589220423,-0.03346927762057096,0.3286980619637271,0.04375393782392238,0.8812500000000001,0.1817861425870542,0.018391354370858017
search,1170007,6,59,False,0.0014545884646706493,0.940254844907642,0.896133439469057,0.0002732049851190476,2.0816681711721685e-17,0.15459140915029357,0.42069124892180265,6.242125015724582,3.6115554554044293,2.9555390289728547,0.4230058900624747,0.10720240125275757,0.13543219948616775,-0.0073113544483949435,0.0892807273258826,-0.07939634513084924,-0.03421086918828081,0.28111316953560517,0.04489957447326888,0.9187500000000001,0.1314211578107365,-0.011573853094006995
search,1170007,6,60,True,0.0,0.940254844907642,0.896133439469057,0.0005037822420634921,2.0816681711721685e-17,0.15545106556029925,0.4445138469602693,5.691964742685895,3.595693574578968,2.9967405011412085,0.4427295183192358,0.14205019082031034,0.20808177704925807,0.05017418003052765,0.08866433828283178,-0.04865089889965867,-0.016510392689632253,0.2721002080384416,0.035996659009308235,0.83125,0.20513839118697605,0.046556308584314435
search,1170007,6,61,True,0.0,0.940254844907642,0.896133439469057,0.0016624813988095238,2.0816681711721685e-17,0.15148166611757463,0.43331262868576015,6.262081788540143,3.6407141954920856,2.8896240446063732,0.36535352248627634,0.12316425297073193,0.19084256163048746,0.037017948323816226,0.08998235686339881,-0.06544136257214009,-0.020840762816318165,0.2658802031427925,0.040255060178473356,0.86875,0.187770890913333,0.03295722880763165
search,1170007,6,62,False,0.00036184135197347853,0.940254844907642,0.896133439469057,0.0,2.0816681711721685e-17,0.1633830101710314,0.4152702173773697,4.997033082680979,3.494211754825742,3.1465289222467607,0.45697910499447403,0.12562708029846908,0.1496107693645368,0.003872055145754734,0.08762856088604022,-0.08254360017194344,-0.036648166849328645,0.33229141813122676,0.039839516457769744,0.86875,0.14539746479746868,-0.0006017708400243181
search,1170007,6,63,True,0.0,0.940254844907642,0.896133439469057,0.0003642733134920635,2.7755575615628914e-17,0.1494831661077304,0.4250310544559974,6.217594285839269,3.720340492158599,2.937742439226319,0.4124458754881098,0.1462190365443117,0.1845181670406546,0.024908017905401446,0.0936925114589541,-0.07786809703143571,-0.027024318092540644,0.31580365480224326,0.04734149452256475,0.8875,0.18054748121884556,0.021048727588442406
search,1170007,6,64,True,0.0,0.940254844907642,0.896133439469057,9.300595238095238e-05,2.0816681711721685e-17,0.16064826097922763,0.4221610846999905,4.946879470751845,3.5824991969121474,3.024352477002272,0.4004383893865161,0.13677665794809768,0.1852573675514682,0.02794142810078998,0.08867514959761288,-0.07899155361833159,-0.034514270852287005,0.29313966633337685,0.03363257879342281,0.8375,0.18106197038736638,0.0230022748592526
search,1170007,7,0,True,0.0,0.9502180605933026,0.870735911244882,4.8440600198412696e-05,2.0816681711721685e-17,0.1644215410125876,0.4255764884478811,4.613015496987584,3.456431241046503,3.0963581526454638,0.4099400931367321,0.13286592785189028,0.1897045385091466,0.041770833722492746,0.08825080178904673,-0.059908962298694204,-0.022734743830682084,0.280304856161472,0.030242162573888266,0.83125,0.18626679905567323,0.03788303910247929
search,1170007,7,1,False,0.0019204137193748708,0.9502180605933026,0.870735911244882,0.0003991505456349206,2.0816681711721685e-17,0.15657949621001943,0.4209358465943075,5.877781256347589,3.635818366510993,2.9244233384593747,0.3753296483934256,0.10842918643861114,0.13486487080774526,-0.010636177271837258,0.08880532648396282,-0.07945331058305745,-0.03851016586560522,0.26172576087449606,0.0379562078572339,0.89375,0.1304405151144803,-0.01524814263448743
search,1170007,7,2,True,0.0,0.9502180605933026,0.870735911244882,0.0005464099702380952,2.0816681711721685e-17,0.15156638063975117,0.4472149524563255,6.1674738044744934,3.650364158681493,2.9562972109659205,0.4435119534159448,0.14882108851543238,0.18829025867145738,0.03914178967159197,0.09100393663318025,-0.050601752937730955,-0.013919457260194114,0.2928591809562908,0.042389016084805095,0.85,0.18512470002269854,0.03576504412257091
search,1170007,7,3,True,0.0,0.9502180605933026,0.870735911244882,8.719308035714286e-05,2.0816681711721685e-17,0.15790985997410284,0.4178522910295078,5.633243923769848,3.593649254305518,3.0292754036890743,0.3949504987304101,0.11436617925127374,0.15410541481964013,0.017485773411170046,0.08924125655641996,-0.07118409885375805,-0.025127282013853468,0.28731757710443384,0.04124606804454645,0.89375,0.15058539890282002,0.013691317080153666
search,1170007,7,4,False,0.0023980275462915806,0.9502180605933026,0.870735911244882,0.0003332713293650794,2.0816681711721685e-17,0.15526128657303495,0.4297894316740467,5.4246789557245485,3.6293665410386735,3.0925171346248153,0.5211281850457226,0.16440726935017158,0.18327128122965824,0.023944316545215876,0.09181610948313101,-0.07824771381829161,-0.032325914062836913,0.3307318012094142,0.04167724010241311,0.8687499999999999,0.17862590596896338,0.01900325915272038
search,1170007,7,5,False,0.00016170755092789792,0.9502180605933026,0.870735911244882,0.0008079892113095238,2.0816681711721685e-17,0.14941200225321194,0.4283737064313407,6.201283183936863,3.725254044324575,2.8746201823675723,0.3539633722808483,0.1404612775153399,0.16235421425395136,0.0075608893934624236,0.09182425282168656,-0.08114045003377371,-0.03081231463167637,0.30387655131608915,0.045982558667483756,0.8875,0.1577890064833008,0.0028213590726315135
search,1170007,7,6,True,0.0,0.9502180605933026,0.870735911244882,1.1625744047619047e-05,2.0816681711721685e-17,0.1628961758637224,0.4200982004694511,4.802558437523131,3.479331271010203,3.103786866943253,0.38578274906660176,0.13598191775774185,0.1775667516362489,0.030190383721666155,0.0887489838040932,-0.06905616460616383,-0.0251422161233923,0.31614079926941585,0.03663526990787998,0.86875,0.17396533779347945,0.0263749579747711
search,1170007,7,7,True,0.0,0.9502180605933026,0.870735911244882,0.00011625744047619047,2.0816681711721685e-17,0.1571592334808653,0.43035082286280524,5.571963538632709,3.5444171863698695,2.9299182495951497,0.31947554673661255,0.12238825035129751,0.1846237970655147,0.0414838223849778,0.08958749463580717,-0.051024194189556546,-0.015154657771771083,0.2595521822778928,0.03602136545742463,0.83125,0.1817369687170684,0.038030051132014506
search,1170007,7,8,False,0.003744347917957619,0.9502180605933026,0.870735911244882,6.587921626984127e-05,2.0816681711721685e-17,0.1645920826074906,0.41637755646048563,4.999923776163319,3.513138731074076,3.070894930171441,0.4379881723955334,0.1087676654670684,0.12719044491368942,-0.020796780109711626,0.08676830890381268,-0.08280646846979714,-0.047788425326335635,0.26804184883915816,0.03116439552858926,0.8875000000000001,0.12228287831248141,-0.026100604400739535
search,1170007,7,9,True,0.0,0.9502180605933026,0.870735911244882,0.0001414465525793651,2.0816681711721685e-17,0.16374881314025652,0.41971369346293386,4.743045101766253,3.5182930196618063,3.0521557992365187,0.38517037354441364,0.12501935345640036,0.18066312030899276,0.0328674079953889,0.08826188035663646,-0.06630862700250609,-0.028227944642094424,0.26455567929257917,0.02901426173429577,0.81875,0.1768792213342671,0.02874418587051892
search,1170007,7,10,False,0.00011759712181144349,0.9502180605933026,0.870735911244882,0.00021507626488095238,2.0816681711721685e-17,0.1469354587114224,0.42630984819565754,6.2998241753993875,3.7166833252716396,2.9747027184547763,0.4344578829486123,0.15970036928011194,0.16482301044704417,0.008656130911508242,0.0934422209259202,-0.08344046384224167,-0.030423499085573916,0.3321778768612136,0.05118311030846696,0.90625,0.15990910083117607,0.004166335775900259
search,1170007,7,11,False,0.00035006147430343093,0.9502180605933026,0.870735911244882,3.875248015873016e-06,2.0816681711721685e-17,0.16374981977446526,0.41334619613542756,5.11308334091923,3.495541353296753,3.028267620147208,0.3581151199861894,0.10971063910955124,0.13718424367704604,0.004054691048513448,0.08766251500768628,-0.07397596465956706,-0.031377273404235156,0.29757652480095687,0.03770503893771691,0.875,0.13339671813122428,-2.4218098021755105e-05
search,1170007,7,12,True,0.0,0.9502180605933026,0.870735911244882,0.0007188585069444445,2.0816681711721685e-17,0.1498764903341337,0.43010728796513553,6.050917413510287,3.6734645905577423,2.9445980457151393,0.4278925026649125,0.15071508167248301,0.1791252389785159,0.02305571104304046,0.09180679260592686,-0.07193837926747075,-0.025723504487856576,0.30181005081839174,0.04392338414189936,0.88125,0.17494041820505724,0.01880673054626338
search,1170007,7,13,True,0.0,0.9502180605933026,0.870735911244882,0.004379030257936508,2.0816681711721685e-17,0.14756850307354047,0.44621084525690846,6.885461426819804,3.7112067300923313,2.8588935717918194,0.4041016881428951,0.12073557907008904,0.1770524031646316,0.027048286580584273,0.08964651844537819,-0.06703749170276531,-0.019362052617200413,0.2635516976142445,0.043519058611603184,0.88125,0.1735508054404654,0.022489606208441537
search,1170007,7,14,False,3.508294602812564e-05,0.9502180605933026,0.870735911244882,0.0,2.0816681711721685e-17,0.16272406879908907,0.41652046863588876,4.939576950735291,3.4870457526561935,3.165978021229705,0.43332334559148195,0.1371425656228469,0.15802216227569804,0.011534994775692928,0.08843213639418604,-0.07957710434186005,-0.032612908132529095,0.3463493666680722,0.04096155769855874,0.8812500000000001,0.15387565321958196,0.007239087291648079
search,1170007,7,15,False,0.0006707654581539645,0.9502180605933026,0.870735911244882,0.0009068080357142857,2.0816681711721685e-17,0.1474593767549895,0.42938795933073187,6.56738731978993,3.7616679401076443,2.80840224687951,0.34126782901800584,0.1333072085742851,0.15250524317590247,-0.0001509969611488103,0.0919603577739816,-0.0827686425496191,-0.030373281730215265,0.3069709974653098,0.050219224086273835,0.9249999999999999,0.14786186430742393,-0.004200671383488418
search,1170007,7,16,True,0.0,0.9502180605933026,0.870735911244882,5.8128720238095235e-06,2.0816681711721685e-17,0.17025304072910702,0.41114704980941363,3.9681037672634543,3.375551447030242,3.2422679703559467,0.395700220228741,0.1243523363706795,0.18260049502967735,0.039703996122680704,0.08594363120258605,-0.06334492992218677,-0.027481277038181588,0.2725545245058177,0.023919094221035074,0.8,0.17899707384625713,0.0358998144195769
search,1170007,7,17,False,6.304324822303384e-05,0.9502180605933026,0.870735911244882,0.0010327535962301587,2.0816681711721685e-17,0.14577279238953053,0.42426225254008865,6.537317897703096,3.723080907447695,2.85576690779151,0.3714799080880731,0.12749975057620788,0.15817687522573048,0.010355112959056188,0.0905633133085793,-0.0754905350264725,-0.025796525402496537,0.27715310552709105,0.04573861965429085,0.8999999999999999,0.15411023191960777,0.006250980727855803
search,1170007,7,18,True,0.0,0.9502180605933026,0.870735911244882,1.937624007936508e-06,2.0816681711721685e-17,0.17022626061855328,0.40369041157093355,4.054470167652575,3.3560791694495316,3.2224266845376017,0.4252929157207332,0.12857043527748863,0.15467761434727167,0.018446365330535848,0.08542508637482985,-0.07487911573085218,-0.03400938983311321,0.3315766254465766,0.030357986646182753,0.825,0.1507393246332298,0.01442214904592866
search,1170007,7,19,True,0.0,0.9502180605933026,0.870735911244882,0.0012710813492063492,2.0816681711721685e-17,0.15420009023476222,0.42816736606824923,6.179083492138092,3.6033268805301573,2.9782078407536092,0.37753345734841126,0.11441247483700134,0.17455704928924584,0.03635638424477982,0.0898664823115968,-0.059725118751452685,-0.015653660635294515,0.26940316437206385,0.04191933777933003,0.8625,0.1717115576218919,0.03289238530096407
search,1170007,7,20,False,0.0005515943273065064,0.9502180605933026,0.870735911244882,0.0001240079365079365,2.0816681711721685e-17,0.15386863246656274,0.42674585173827895,5.731936319438777,3.688227888520709,2.962813577503961,0.4118301139986693,0.1405317793696617,0.1573527876310687,0.0012606634562483642,0.09083379020162893,-0.08522633375594738,-0.03657907018290117,0.3134643202712911,0.043669454213244925,0.89375,0.15247410226663594,-0.0033394939988519636
search,1170007,7,21,False,0.001488946155259169,0.9502180605933026,0.870735911244882,4.456535218253968e-05,2.0816681711721685e-17,0.1551376831130001,0.4252817116542918,5.68547736175068,3.663052737145759,2.951326132557865,0.37907463588135415,0.13108586869257155,0.14879312380853754,-0.0075733160608619735,0.09013936097707126,-0.08572077003325025,-0.03970001837079791,0.30240636726604353,0.042154601450442225,0.90625,0.1438655084651978,-0.012240978163554078
search,1170007,7,22,True,0.0,0.9502180605933026,0.870735911244882,0.0004088386656746032,2.0816681711721685e-17,0.16095654405639528,0.4289520083114472,5.2578786790890994,3.45896961895315,3.0721388725657626,0.404048102983268,0.12943234740897291,0.18394452176602205,0.041360439660353805,0.08942900952604872,-0.05542864592023811,-0.015570992075248102,0.29130867871727484,0.03726712230367024,0.8500000000000001,0.1810800965010252,0.03760111520932001
search,1170007,7,23,True,0.0,0.9502180605933026,0.870735911244882,1.3563368055555555e-05,2.0816681711721685e-17,0.16597870840573162,0.41012184365619697,4.720405866276508,3.4789762323965716,3.0534487855665757,0.35545170950172666,0.11149026485039623,0.15413011213066563,0.018495136698725517,0.08741737179701248,-0.07026467957797533,-0.030042819580426847,0.2778394929895374,0.031351538547840896,0.8500000000000001,0.15048163974400391,0.014252239542070505
search,1170007,7,24,False,0.005219452034338877,0.9502180605933026,0.870735911244882,0.0007556733630952381,2.0816681711721685e-17,0.1428369902973539,0.4262117893865939,6.638156051517288,3.6694048607299123,2.986497220974356,0.45971838960805017,0.16642976391274672,0.1641380819232982,0.008712455203778812,0.09299728959694016,-0.08039897653252517,-0.029013940067727634,0.3232377909066069,0.05201438252774434,0.9125,0.15928175592878585,0.004238518291190754
search,1170007,7,25,False,1.723326506986154e-05,0.9502180605933026,0.870735911244882,0.0002828931051587302,2.0816681711721685e-17,0.15562164681647775,0.41958896049254935,5.685413073614373,3.6296137346311346,2.8733217593749094,0.31703632113238406,0.11576195306513937,0.15687953814223016,0.012571491375651845,0.08922512792262025,-0.0740011533897274,-0.03133568813065046,0.257094685729389,0.035742926974188544,0.8812500000000001,0.1528617612694811,0.008154969431676293
search,1170007,7,26,False,4.148933501875185e-05,0.9502180605933026,0.870735911244882,8.719308035714286e-05,2.0816681711721685e-17,0.1609703095073336,0.4203495323866052,5.192421908197936,3.5699078227980445,3.066776366505428,0.3955080018434198,0.12326420339774935,0.15578033983787515,0.011231885394949835,0.08878249670481939,-0.07748195175844136,-0.03259037187667142,0.2994071166766391,0.0376844479300007,0.86875,0.151654705967284,0.006829282638866644
search,1170007,7,27,False,7.616145200618228e-05,0.9502180605933026,0.870735911244882,0.0023852151537698415,2.7755575615628914e-17,0.14098766842559668,0.4415400068170767,7.24314353463318,3.744755446972963,2.933772910743949,0.44454818859965084,0.15979998674027523,0.16960256313867905,0.009894674063997898,0.09444946331724224,-0.0808865928619555,-0.02426295227639662,0.33216157231165544,0.05663530404340296,0.9125,0.16499753679312518,0.005779028532381811
search,1170007,7,28,True,0.0,0.9502180605933026,0.870735911244882,0.0,2.0816681711721685e-17,0.17027208778490285,0.4065612835396753,4.080286501608956,3.3880287400397924,3.1682596751349665,0.3656397180129084,0.11719030263357613,0.1610993289072003,0.023657273732997412,0.08564057786039878,-0.07079757402733199,-0.032809715723112594,0.28223673920034564,0.02584677537165103,0.79375,0.15723569676839122,0.01972770067160457
search,1170007,7,29,True,0.0,0.9502180605933026,0.870735911244882,3.875248015873016e-06,2.0816681711721685e-17,0.1695888665371204,0.4016551873723606,4.460549602483889,3.3954361345565616,3.0848384331399865,0.3638425657149762,0.0994487242613337,0.14256772505014892,0.018283770892153793,0.08559264408812164,-0.0647090462369638,-0.02829544900917648,0.2604777233572173,0.027463858155785167,0.8125,0.13928847453053972,0.014397504723309903
search,1170007,7,30,False,0.041780394055848276,0.9502180605933026,0.870735911244882,0.001106383308531746,2.0816681711721685e-17,0.1403510714156765,0.43374253492127507,7.208756275847099,3.776464527905108,3.0105397545978336,0.5316783922419548,0.17836848542943615,0.16736162473938723,0.008435531345135945,0.09587060554535866,-0.08485961795822516,-0.027790333526658037,0.3586309177026461,0.06057637779665011,0.9312499999999999,0.16222969073976623,0.004438264025514394
search,1170007,7,31,False,7.667315546964679e-05,0.9502180605933026,0.870735911244882,0.0030265687003968255,2.0816681711721685e-17,0.15156007801034838,0.43719804942952234,6.544877528563569,3.6942769971892977,2.879254153140435,0.36158072810019404,0.11496060749644668,0.15326595566413154,0.009877552281320982,0.08974260832914228,-0.07649466565879119,-0.027412106895609127,0.27994325063105363,0.04548287975749362,0.90625,0.14925666750840672,0.005733257827409299
search,1170007,7,32,True,0.0,0.9502180605933026,0.870735911244882,7.556733630952381e-05,2.0816681711721685e-17,0.15637984298318386,0.43050282634435677,5.265049289296076,3.620804471962118,3.003219258674579,0.4760126239311717,0.14733344600743298,0.18752958066464814,0.03258795987647711,0.08967471655515075,-0.06713452571263481,-0.026622334559150543,0.2906986512525185,0.03653710250419965,0.8625,0.18347206414955003,0.02795102658126989
search,1170007,7,33,False,0.0015044701774332347,0.9502180605933026,0.870735911244882,0.0012148902529761905,2.7755575615628914e-17,0.13569664259845976,0.4265485689736417,7.419953281063897,3.763250262011801,2.8689983087410678,0.4233018105682651,0.1580733705734268,0.14566664782831937,-0.0076906876597446616,0.09291947709811649,-0.08524837567883843,-0.027246039451323905,0.32359304735838845,0.059373579993074854,0.9125,0.1405210515014903,-0.011898694171840316
search,1170007,7,34,True,0.0,0.9502180605933026,0.870735911244882,1.937624007936508e-06,2.0816681711721685e-17,0.171214003329275,0.4052675233059444,3.919141515798365,3.2795749475596514,3.2504950458332234,0.4493927900138181,0.12805764053122348,0.17460604524160347,0.040050797626745197,0.08519057023866008,-0.0592979589192353,-0.021497817137268768,0.3133002855402782,0.028315065946378743,0.825,0.17167893015235294,0.036589620663871336
search,1170007,7,35,True,0.0,0.9502180605933026,0.870735911244882,0.00042433965773809525,2.0816681711721685e-17,0.1552785681630491,0.42354513212977674,5.8343169120471305,3.6098600144168635,2.9525815983465415,0.3791156584337244,0.12688879700015981,0.17436592285559863,0.029880630266508786,0.0907618388354966,-0.06604628066809284,-0.02029081995319867,0.2932584410912923,0.04240785385989805,0.8625,0.1710145371525808,0.02621625305063497
search,1170007,7,36,False,0.0003223091081631897,0.9502180605933026,0.870735911244882,9.88188244047619e-05,2.0816681711721685e-17,0.15717459702415626,0.4240047920715326,5.528013553303779,3.637694016761431,2.9533855210103006,0.3858239536702147,0.1264623258858192,0.15378323213690015,0.004497512935444882,0.08928213274830257,-0.08093483806762214,-0.03461028898805996,0.29727578111419684,0.0403190208604227,0.9125000000000001,0.1493165844272911,0.00010202239317694695
search,1170007,7,37,False,0.00037634178365515735,0.9502180605933026,0.870735911244882,0.0002906436011904762,2.0816681711721685e-17,0.15397663452382587,0.41992678518140014,5.995615895949896,3.6614608932138624,2.870162305751619,0.34360816809153494,0.11094566853412655,0.14490221039770557,0.0036512746569763964,0.08930182661592057,-0.0761741088853474,-0.03205372772252883,0.26272867158169516,0.03973125809015969,0.89375,0.14081069829327802,-0.0006543596241653394
search,1170007,7,38,True,0.0,0.9502180605933026,0.870735911244882,0.0010133773561507937,2.0816681711721685e-17,0.15401580366981532,0.43231182577270655,5.877199272816002,3.6427142325323913,2.9992614227627867,0.4455094684137736,0.1418774292057124,0.18176371304496092,0.027919064448721075,0.09145625228559255,-0.06978499382928716,-0.022847799969628754,0.3075121298617519,0.04320941119711063,0.8625,0.17798094303868447,0.024036990463675797
search,1170007,7,39,False,0.0002013518053310749,0.9502180605933026,0.870735911244882,2.1313864087301586e-05,2.0816681711721685e-17,0.16776028302779927,0.4049614172592033,4.853043961944129,3.4332017946676903,3.08400469829739,0.4069078498320087,0.09221742902250435,0.12408187471093454,0.006698938526945659,0.08564825322740381,-0.06600205425943188,-0.029436603846949988,0.25660588904684734,0.03056200635655289,0.84375,0.12075497329960658,0.0027767546803896016
search,1170007,7,40,False,0.00780429082288471,0.9502180605933026,0.870735911244882,0.00030420696924603175,2.0816681711721685e-17,0.14595465953286624,0.4256519545619729,6.246089687417944,3.6510969824275383,3.015061512452535,0.4829249905379779,0.16784830496598113,0.162877984770969,0.0067297497672616675,0.09327696258244005,-0.0845712720731305,-0.03349836122526825,0.3293438913658528,0.050004583559856534,0.91875,0.15770263736687645,0.001990324366545941
search,1170007,7,41,True,0.0,0.9502180605933026,0.870735911244882,0.0008854941716269841,2.0816681711721685e-17,0.15566956936572715,0.4246579562445162,5.760868341527596,3.606147005952959,2.9211726557141127,0.34973619553850377,0.11128648352721343,0.17701950827100704,0.034342116721590196,0.08866172625836397,-0.059072684928135125,-0.021336289661723087,0.23511953835774396,0.03334865009040003,0.85625,0.17384099639199224,0.030415448808004175
search,1170007,7,42,False,0.0006836074786409717,0.9502180605933026,0.870735911244882,0.00015500992063492063,2.0816681711721685e-17,0.15282301257274417,0.4299456999951754,5.72601438757288,3.690267230955289,3.0234288637663074,0.4388017217643337,0.1620226954834183,0.16745786835422855,0.007183973494138232,0.09269332441200348,-0.08761144807042007,-0.03711976760741333,0.34178930228794047,0.046341482720408535,0.89375,0.16231263418452468,0.002119552537112388
search,1170007,7,43,False,4.215862983020684e-06,0.9502180605933026,0.870735911244882,0.0033695281498015875,2.0816681711721685e-17,0.142968195839094,0.4473127204650109,7.2457655036420645,3.7846538316594662,2.89268126656361,0.42395078456033475,0.14812246761105774,0.17231209272753056,0.013798844843759036,0.0932266468524365,-0.07857880470719028,-0.022242199396534906,0.32051078177051373,0.05466911348952158,0.91875,0.16796091625128795,0.009318197768712032
search,1170007,7,44,True,0.0,0.9502180605933026,0.870735911244882,0.0,2.0816681711721685e-17,0.17251170707799407,0.4047483744419492,3.6399769783020335,3.3157412662298107,3.3442119581098106,0.4565559435385433,0.13223001320471878,0.16916607856177887,0.02726937616427581,0.08449422179849769,-0.07423385688472565,-0.03609288985723942,0.3103463490191911,0.02362899199058167,0.8,0.16497378239620028,0.022950950743983498
search,1170007,7,45,False,0.00018097656403572645,0.9502180605933026,0.870735911244882,3.875248015873016e-06,2.0816681711721685e-17,0.1660089667822161,0.4130569269954482,4.706797530562451,3.4798694474115113,3.0519395343419866,0.36648105219840976,0.11316631324393653,0.14687298535845691,0.007130139478546873,0.08739503854636005,-0.07598831406915633,-0.036315849100008214,0.2821292723864447,0.031104406971750737,0.8500000000000001,0.14272223863738104,0.0026243650788263465
search,1170007,7,46,True,0.0,0.9502180605933026,0.870735911244882,0.001201326884920635,2.0816681711721685e-17,0.14616537200388646,0.4362968023926154,6.680550033552076,3.7339423375096117,2.995261691221883,0.46304452200321355,0.1525047707637027,0.17769599450393297,0.023631361183714006,0.0936687691805249,-0.07176413724657302,-0.020346737491316578,0.3217002904173104,0.05135671954362927,0.8999999999999999,0.17371649262959543,0.01985661948880908
search,1170007,7,47,False,0.0007637331742021289,0.9502180605933026,0.870735911244882,0.0005095951140873016,2.0816681711721685e-17,0.15644411438921518,0.4239282546215323,5.894757000465314,3.6348179088760726,2.9685050004395714,0.4022790335532673,0.11789953744432884,0.1450177855593393,-0.001166897832958664,0.0898030939362047,-0.07976011583016478,-0.034051641047685224,0.2928564810996881,0.04249260926643311,0.9,0.14072865321088102,-0.005503028251447103
search,1170007,7,48,True,0.0,0.9502180605933026,0.870735911244882,4.8440600198412696e-05,2.0816681711721685e-17,0.16126612676841623,0.41940022429241114,5.006508990585537,3.5606611387942064,3.015630590182221,0.35290079045690426,0.12119949960080553,0.17803276441446192,0.03253537871739861,0.08890702820675589,-0.06494570801773779,-0.025637996285852418,0.26217025724887977,0.03174091286202298,0.85625,0.17443805609351454,0.02858171972221911
search,1170007,7,49,False,0.0020096596734438146,0.9502180605933026,0.870735911244882,7.750496031746031e-06,2.0816681711721685e-17,0.16580454070230416,0.4120096736537886,4.908223870312403,3.4622661970055315,3.058797442378369,0.4277052595867996,0.10410166787705101,0.1284732348913104,-0.0112250983171524,0.08697126119394506,-0.07822581721375865,-0.04269715042442458,0.2648771039931248,0.03033074266485565,0.8875,0.12398465740445634,-0.016269584072839308
search,1170007,7,50,True,0.0,0.9502180605933026,0.870735911244882,0.0004398406498015873,2.0816681711721685e-17,0.15315758168711113,0.42853804546102564,5.9071906859787795,3.6293276657073856,2.968371450660694,0.4343028135532955,0.13087102333987355,0.1801746679908899,0.03309338968162688,0.09046573302154717,-0.0628339323809607,-0.019469237595121595,0.28105575511096426,0.04105433736911208,0.84375,0.17672553487045162,0.0292651900195597
search,1170007,7,51,True,0.0,0.9502180605933026,0.870735911244882,1.9376240079365078e-05,2.0816681711721685e-17,0.16201735686166518,0.4133790272224135,5.213148635282693,3.4774420314451033,3.0715580956405324,0.33826927563057796,0.11445964330794833,0.1679740080915672,0.03363435093403816,0.08893892558687555,-0.05894793108473115,-0.01708777905685073,0.28563223295811435,0.03774143589568105,0.8625,0.16525019889601075,0.030235331953301227
search,1170007,7,52,False,0.0006521647491776066,0.9502180605933026,0.870735911244882,0.0016508556547619048,2.0816681711721685e-17,0.14585046711805777,0.4379682372998598,6.651872671571641,3.7389232492630593,2.919690838885403,0.4053289080595182,0.15589542322535965,0.16022824950766912,6.0552845325688096e-05,0.09287891989023997,-0.08734419746222108,-0.032602349557085894,0.3306449286064878,0.052578200583629914,0.925,0.15511543599391048,-0.004638464639231361
search,1170007,7,53,False,0.0007763177161487308,0.9502180605933026,0.870735911244882,0.0020306299603174605,2.0816681711721685e-17,0.146830746508296,0.4368445378705954,6.680946184345234,3.751630800344778,2.873037890509689,0.38380202930537677,0.1335835255144368,0.15311863372650109,-0.0012995500063345128,0.09060700822835255,-0.08369171300188442,-0.031901777535451536,0.29811374360790543,0.04890230671636093,0.9249999999999999,0.14839932920781523,-0.005909701323368981
search,1170007,7,54,True,0.0,0.9502180605933026,0.870735911244882,1.937624007936508e-06,2.0816681711721685e-17,0.16745184540546426,0.4219023795627703,4.205363495502738,3.3170605478568658,3.332407552203356,0.5225216053252342,0.14916237011470113,0.18937455948739054,0.044339337838367014,0.08682667306155153,-0.06025640102522495,-0.021804128814513976,0.3334572228815451,0.032169495919631176,0.85625,0.1861905385074118,0.040660935515148884
search,1170007,7,55,True,0.0,0.9502180605933026,0.870735911244882,0.001079256572420635,2.0816681711721685e-17,0.14462525616677058,0.4258678596888941,6.68758001388161,3.7288603555006743,2.8928019553262105,0.44418526277920767,0.13457137268387012,0.1712389186329376,0.0215397651169741,0.09195385191781037,-0.06844207350288839,-0.019672472129212137,0.2849222995187478,0.04732451509186498,0.8937499999999999,0.16756925577506954,0.017823992300498116
search,1170007,7,56,False,3.886162039404153e-05,0.9502180605933026,0.870735911244882,1.9376240079365078e-05,2.0816681711721685e-17,0.16569612578554613,0.4185872481833724,4.480918433777287,3.5034349948048433,3.10063448352782,0.3978859317752837,0.1294011060478868,0.16136853467491497,0.011353163283151977,0.08749025297501549,-0.08119222789909136,-0.040572631364166264,0.29233183577355315,0.029277193936859083,0.84375,0.15668775113425037,0.006536289824420876
search,1170007,7,57,False,1.2770122910294315e-05,0.9502180605933026,0.870735911244882,0.0002712673611111111,2.0816681711721685e-17,0.16312239543074536,0.4164519715653742,5.0474455467452515,3.5475445830588233,2.996653896628563,0.3546532001122194,0.11025266866685615,0.15435654345790506,0.012909484438475649,0.08803575186651041,-0.0734630893009903,-0.03478150209942701,0.25148561424653243,0.029410589976553173,0.8562500000000001,0.15030315671385877,0.008319033311558352
search,1170007,7,58,True,0.0,0.9502180605933026,0.870735911244882,3.487723214285714e-05,2.0816681711721685e-17,0.15464637968106582,0.42696806727453696,5.463060685021915,3.6971705424295562,3.056030129649698,0.45904869726798725,0.15661903833518298,0.17691295737391605,0.01925069546351027,0.09197248903984809,-0.08010862339089245,-0.031734053056642154,0.32961063687508907,0.04325128447461918,0.88125,0.17231406577149938,0.014599983948370795
search,1170007,7,59,False,0.0016458874053059617,0.9502180605933026,0.870735911244882,0.00026157924107142856,2.0816681711721685e-17,0.15516253854693624,0.4209692580319085,6.149949455137255,3.6165231268451796,2.9916556076034717,0.4498927373065794,0.10754526961600148,0.1315522793297459,-0.008733179670681143,0.08921705407476502,-0.07762686612134509,-0.03325699769994551,0.2808565816018473,0.0445921550591924,0.90625,0.12740415636871302,-0.013105778097790798
search,1170007,7,60,True,0.0,0.9502180605933026,0.870735911244882,0.0005018446180555555,2.0816681711721685e-17,0.1561990349673869,0.4482086441930653,5.631254175037878,3.58833775475464,3.0029393666482633,0.47727831254128394,0.14399861010823722,0.19404133882595193,0.04379848675113793,0.0883779259120091,-0.046304415208283,-0.015384308365120197,0.2727212430232619,0.03568782448496094,0.8375,0.19092606163545545,0.03992090378927518
search,1170007,7,61,True,0.0,0.9502180605933026,0.870735911244882,0.0016469804067460317,2.0816681711721685e-17,0.1522494131153655,0.4330963586550174,6.18065483065307,3.6519661983421816,2.9095146351953365,0.3884450823948536,0.12457357844499828,0.1811204533597034,0.03334898895247773,0.08968629236355784,-0.06282961607961367,-0.01960330894766035,0.26655714902645555,0.03995791523050109,0.86875,0.1778014381408053,0.029449695182056337
search,1170007,7,62,False,0.0005261237736847487,0.9502180605933026,0.870735911244882,0.0,2.0816681711721685e-17,0.16389334954029805,0.41497199309348864,4.917905948211756,3.499646414827863,3.1714304844088894,0.43697463320329977,0.12605744382278772,0.14463736078791706,0.0015816279508554711,0.08760842907503635,-0.08051897443720837,-0.0356290558806807,0.3319926310718133,0.039468542755934435,0.875,0.14033894465184182,-0.00288124556900168
search,1170007,7,63,True,0.0,0.9502180605933026,0.870735911244882,0.0003371465773809524,2.0816681711721685e-17,0.1503353845933072,0.42560239784960185,6.0993728978065,3.709556699790043,2.9854080683260933,0.457603408482836,0.14820223183248765,0.17494291853136468,0.021150738933610636,0.09305960744521795,-0.07467947917993667,-0.025084956423100598,0.31666917439924935,0.0469313245761948,0.8875,0.17078149247220537,0.01683728557789029
search,1170007,7,64,True,0.0,0.9502180605933026,0.870735911244882,8.138020833333333e-05,2.0816681711721685e-17,0.16131734559078012,0.4237434831030319,4.844215354425437,3.5622434739786333,3.102714539295865,0.4854092735917252,0.13807314895063624,0.17640904699413235,0.023501174429029943,0.08864531457238095,-0.07606014989180357,-0.0331491405839991,0.29388998209567463,0.03321268238110363,0.84375,0.17206007273433632,0.018712914317566345
search,1190021,0,0,False,8.430462848249203e-05,0.996259961884662,0.9790548338377681,1.9376240079365078e-05,2.0816681711721685e-17,0.16958806607907168,0.42232748389778385,5.234164954975359,3.6088031066343316,2.987089324920291,0.26312051290740346,0.14301707041136258,0.16692986236901797,0.04622538169390328,0.08546296837535519,-0.04668073940210804,-0.002564400923864226,0.2516049180831323,0.02355693560487132,0.79375,0.16591995202569898,0.04355017465923385
search,1190021,0,1,False,0.0005251617438511054,0.996259961884662,0.9790548338377681,0.00021313864087301587,2.0816681711721685e-17,0.16001113069687656,0.41679182491281314,6.518844133358834,3.5884968255935243,2.8682975086731,0.38514563603624197,0.11163765190283068,0.10301364339408083,0.0015939014702470375,0.08809291153512872,-0.08027567970404095,-0.019053202936755713,0.22938573925286662,0.026724841462789896,0.81875,0.09814631219274329,-0.003792936338849213
search,1190021,0,2,False,0.00033017420788502384,0.996259961884662,0.9790548338377681,0.0001666356646825397,2.0816681711721685e-17,0.15827677831439757,0.45780511245407324,7.1002836986286075,3.802665578547877,2.755699781968348,0.22101342908913435,0.1571008492109271,0.17105634871975756,0.029415323027469416,0.0879287517728483,-0.03182290793625244,0.0027570522724497818,0.2502660002089131,0.037034563226192904,0.85625,0.17122349007726523,0.027882989519763826
search,1190021,0,3,False,7.675288357322977e-05,0.996259961884662,0.9790548338377681,3.487723214285714e-05,2.0816681711721685e-17,0.1621757102855584,0.40998409546664183,6.061770396319583,3.584019445666025,2.9284698277713295,0.4095822341206221,0.11993650050285917,0.11677761991039423,0.017601989344681337,0.08898396608465621,-0.06348434269194554,-0.00281356359446986,0.25904851456078015,0.030104205330404032,0.85,0.11389017880382679,0.014161269907115161
search,1190021,0,4,False,0.0109462101227045,0.996259961884662,0.9790548338377681,0.00010463169642857142,2.0816681711721685e-17,0.16111307904362043,0.4260102438119192,6.082610455857416,3.5633612314754863,2.9221011218969117,0.3391299104024827,0.16930706510443516,0.14727348954463998,0.005709680415409563,0.09068612531051659,-0.07538445500300806,-0.01682324523934821,0.286449635337221,0.030404674574204756,0.81875,0.14419472729183108,0.0013085039342163873
search,1190021,0,5,False,0.0009542732802873239,0.996259961884662,0.9790548338377681,0.00035070994543650794,2.7755575615628914e-17,0.15466055451478705,0.4235732558912769,7.0533953785287125,3.674777397352015,2.887716857655867,0.4057256485908482,0.14480744356907516,0.1266892374058531,-0.0030714186865981666,0.09166803829949702,-0.08233526673328553,-0.0138669721031715,0.2608427997183531,0.0338288066487635,0.825,0.12286085332674915,-0.0070721421147810284
search,1190021,0,6,False,4.7686910594259566e-05,0.996259961884662,0.9790548338377681,9.688120039682539e-06,2.0816681711721685e-17,0.16764021366142606,0.41395813691031824,5.356757769084224,3.519220483516924,2.96284984216613,0.25329759224495574,0.14394609085702859,0.14021836289888856,0.027681511878974194,0.08874667386576482,-0.05824882687343405,-0.003911901978363706,0.2911364502873637,0.02710787922490699,0.81875,0.1382089407304355,0.024525118857189103
search,1190021,0,7,False,0.0005174328112544492,0.996259961884662,0.9790548338377681,5.0378224206349204e-05,2.0816681711721685e-17,0.16296718341447994,0.4298398755272145,6.165036415951626,3.737114117698437,2.8595090739054445,0.2828359878098915,0.1331369903500043,0.16418725947017748,0.043683140474498394,0.08581771528170137,-0.03409869728616363,0.005466312515439378,0.2277578633882395,0.029702960545172102,0.8187499999999999,0.1643470702893713,0.04204964854140672
search,1190021,0,8,False,0.001338067663163692,0.996259961884662,0.9790548338377681,3.293960813492063e-05,2.0816681711721685e-17,0.1673462421938047,0.4112567821743273,5.670438030128474,3.5313683479449756,2.9572462508115476,0.36837041586743147,0.11116282755477389,0.09764366917077723,-0.006399070214058236,0.08669310468329441,-0.08326872983172881,-0.029656892876881377,0.2395520196710204,0.02014039434595559,0.79375,0.09203044575113842,-0.012408126651190461
search,1190021,0,9,True,0.0,0.996259961884662,0.9790548338377681,6.587921626984127e-05,2.0816681711721685e-17,0.16864824246614687,0.41731121875498295,5.25863466258264,3.568244333864145,2.9743925038735766,0.3167111831255436,0.13384665004363816,0.15631579956507827,0.040732031303234245,0.0848696164028247,-0.057952993081988494,-0.008478335437887844,0.23316951287733714,0.020840142139231556,0.79375,0.15428079265698708,0.03736009881504315
search,1190021,0,10,False,0.0032930104354864124,0.996259961884662,0.9790548338377681,8.525545634920634e-05,2.0816681711721685e-17,0.15265750341920337,0.4217973063735373,7.034450288165214,3.6518030344470755,2.8945074840215494,0.4228880067889444,0.16248365801349918,0.12705919735200172,-0.014433466626028764,0.09361874665729641,-0.08647629794029925,-0.01552466528076488,0.2855687118101778,0.03701993317642088,0.85,0.12327182926250731,-0.018965307126782845
search,1190021,0,11,False,8.437110303629085e-05,0.996259961884662,0.9790548338377681,5.8128720238095235e-06,2.0816681711721685e-17,0.1671010338584255,0.4029029844285703,5.590368394128877,3.4722647980956234,2.967037703380191,0.3958757391003177,0.11432999639329401,0.10021947387087662,0.009626555970646513,0.08701913035180694,-0.06488047160141043,-0.00891467809878383,0.2758961650626407,0.026168278228136395,0.825,0.09649681428424653,0.005503733018612893
search,1190021,0,12,False,1.4929992665564277e-05,0.996259961884662,0.9790548338377681,0.00025576636904761906,2.0816681711721685e-17,0.1561184976423747,0.43374156739831593,6.848020954697978,3.692203427722574,2.802567745593194,0.2991796066343918,0.15699185476624233,0.15332508762162647,0.01273959810211265,0.08916847600996575,-0.06609517758195835,-0.009577421126804224,0.2557368571645986,0.03392335857941963,0.8312499999999999,0.15098516485433672,0.009219443147550185
search,1190021,0,13,False,0.00019895781422099514,0.996259961884662,0.9790548338377681,0.0028928726438492065,2.0816681711721685e-17,0.15305113945985155,0.4399192073076614,8.008335200361643,3.7757486094807176,2.689927078843074,0.2770887709515995,0.12760522071519376,0.14776765859435015,0.02432262490610708,0.08763876189521669,-0.05954328068589848,0.00035030247375188346,0.22179688406777098,0.035390874823812396,0.8624999999999999,0.1457280109103597,0.02125485056604677
search,1190021,0,14,False,0.0004088564628387472,0.996259961884662,0.9790548338377681,0.0,2.0816681711721685e-17,0.16653458829460632,0.40820462119713313,5.549007619585806,3.4730194663285467,3.020186380591887,0.2701500438631384,0.1423702943792015,0.10922853893762556,0.003171183364554582,0.09082042800791301,-0.07100750086749084,-0.011437690420803592,0.32584297106931137,0.029208181821910907,0.84375,0.10566303616153952,-0.0008360649672650433
search,1190021,0,15,False,0.0021901519292329696,0.996259961884662,0.9790548338377681,0.0003991505456349206,2.0816681711721685e-17,0.15191633783642072,0.42237779589145386,7.532659253260346,3.678354731939435,2.897163634119978,0.4243370083992602,0.1358548570603676,0.11170229772417682,-0.01237744955217255,0.094492089577531,-0.08473204654190164,-0.012223001705375613,0.26644345506678646,0.03808599239093276,0.875,0.10744729807401499,-0.01717390675552083
search,1190021,0,16,False,7.44670133533322e-06,0.996259961884662,0.9790548338377681,7.750496031746031e-06,2.0816681711721685e-17,0.17458308063300093,0.4109644585701042,4.515677263175451,3.470024444274197,3.089621571510795,0.31770272607337896,0.13348195580411504,0.1600915071369685,0.05165149404414154,0.08383648481646794,-0.05214404758640001,-0.006384512229453215,0.24970834037448683,0.01694336844282005,0.75,0.1583432596334536,0.04880265758719203
search,1190021,0,17,False,9.226409468946524e-05,0.996259961884662,0.9790548338377681,0.0004940941220238095,2.0816681711721685e-17,0.1511388746437503,0.4190293327877011,7.381640738249164,3.7210416805988547,2.801932573766642,0.3896993875960324,0.13308594073051552,0.12969614309247518,0.00943502365077791,0.08923470549752022,-0.0741190500557448,-0.0072121483572298,0.23494291013336221,0.03489100416520147,0.85625,0.12638235639325693,0.005305410572842638
search,1190021,0,18,True,0.0,0.996259961884662,0.9790548338377681,1.937624007936508e-06,2.0816681711721685e-17,0.1736824811270721,0.3976337857921569,4.504907297865582,3.370314911780908,3.168232707471229,0.27528358287860044,0.1350107405273083,0.11642997922096897,0.021965966315786418,0.08620244709523608,-0.06357859255713492,-0.012159189475421339,0.3171799543998855,0.019982787607392756,0.80625,0.11312598053303025,0.018250521978314997
search,1190021,0,19,False,0.0006164222541054879,0.996259961884662,0.9790548338377681,0.000618102058531746,2.0816681711721685e-17,0.15944542872788192,0.4179063152655343,6.625523914855992,3.712077543135017,2.7839042053997725,0.30597282241772017,0.12256311181880711,0.1411508789836826,0.03167513545552933,0.08926347160742135,-0.04710531220926741,0.006698088612565435,0.2371824424627489,0.033309601955801516,0.85625,0.14011472162563618,0.029335748001705315
search,1190021,0,20,False,0.0018148349297701693,0.996259961884662,0.9790548338377681,5.0378224206349204e-05,2.0816681711721685e-17,0.1584939699985897,0.42165372719270033,6.5191760953535365,3.607393257636108,2.9865180542162033,0.37272045919185026,0.14423511619720072,0.1160083921850652,-0.009921514477266347,0.09148042727539639,-0.08791258453909598,-0.019683129329878125,0.2748237559025749,0.030524209551142725,0.825,0.11151300770982778,-0.01504256905932835
search,1190021,0,21,False,0.0022553032921067665,0.996259961884662,0.9790548338377681,2.3251488095238094e-05,2.0816681711721685e-17,0.15920574463630646,0.4201433608332428,6.582221226699325,3.622701113967617,2.9417515256490647,0.3999619935643335,0.13440183689903348,0.10809617755459612,-0.012781669660789613,0.09092577686243553,-0.08864280361635093,-0.022314780135463896,0.266671060233578,0.029501209164717018,0.83125,0.10316478179759819,-0.018170770858423453
search,1190021,0,22,False,0.0005570281955099481,0.996259961884662,0.9790548338377681,0.00011431981646825397,2.0816681711721685e-17,0.1662769113316556,0.4228999768531013,5.660528885733411,3.700687191775366,2.9602708203521115,0.31911499787852193,0.13982897481833176,0.15787528283769864,0.03954781640266784,0.08760286894186571,-0.03902787037452903,0.005972055307333937,0.2652504100974401,0.029874692724266044,0.8500000000000001,0.15763457687387872,0.03772281966605509
search,1190021,0,23,True,0.0,0.996259961884662,0.9790548338377681,9.688120039682539e-06,2.0816681711721685e-17,0.16988048600610273,0.4049218110861429,5.150809625426525,3.518459330867181,2.993519648170542,0.3527035884100407,0.11757363434775024,0.12254059246034915,0.02873005319447176,0.08577391660439176,-0.061746921344488184,-0.00819375739209298,0.2544913328227326,0.021437304946494616,0.7875000000000001,0.1195392060193968,0.024992029513099277
search,1190021,0,24,False,0.015023603598854433,0.996259961884662,0.9790548338377681,0.00026545448908730157,2.0816681711721685e-17,0.14948074563933755,0.43118689471508953,7.540625685604027,3.7067767239507736,2.8589569449402585,0.4107890316898818,0.17034143144385244,0.14214105281433406,-0.009960325711199867,0.09366888666148684,-0.08142238764978382,-0.016496618302662316,0.27416749426511594,0.039670333068765974,0.85625,0.1386726781241459,-0.014439275819582827
search,1190021,0,25,True,0.0,0.996259961884662,0.9790548338377681,0.00013563368055555556,2.0816681711721685e-17,0.16032453111922274,0.4159675666954733,6.203903098895835,3.62469663863969,2.8496474748073344,0.38075318154534843,0.12222164788626735,0.12706326648341085,0.020101015243883226,0.08597040581253564,-0.07215681319425096,-0.011688065649653221,0.22142329560906213,0.025244677910069006,0.8125,0.12358707254495907,0.015808665242098792
search,1190021,0,26,False,5.6551079457807204e-05,0.996259961884662,0.9790548338377681,3.487723214285714e-05,2.0816681711721685e-17,0.1650506295872094,0.41394144660053755,5.733916483304974,3.547856276584479,3.007141198618843,0.34681228162024946,0.1282198221532481,0.11656055445866016,0.01060077357170058,0.08846251861191565,-0.07269675686065355,-0.012094298974814744,0.2705624928359446,0.026232602751605705,0.825,0.11286882430298815,0.006462578503593372
search,1190021,0,27,False,0.002572958624101828,0.996259961884662,0.9790548338377681,0.0011838882688492063,2.0816681711721685e-17,0.14696157411662109,0.43077147584146025,8.412596056854033,3.724096801426332,2.768141858132409,0.3898037889898537,0.16107075550595165,0.13561790435494933,-0.013845977309614321,0.096268056296998,-0.08047146625742535,-0.00890747205902652,0.28152069446368,0.04496757322555799,0.8812500000000001,0.13232450041379532,-0.018177772448904655
search,1190021,0,28,True,0.0,0.996259961884662,0.9790548338377681,0.0,2.0816681711721685e-17,0.17402234988712068,0.4035874598089607,4.545317644739011,3.4341323170961315,3.0675955617991244,0.3162642260218588,0.12368343732280604,0.1322458640065573,0.036159552517681985,0.08457042602386429,-0.06225648147614252,-0.011354616725579084,0.26081681228272735,0.016762815745011414,0.75,0.1292230227607896,0.03269467944286329
search,1190021,0,29,False,2.3401128372583392e-05,0.996259961884662,0.9790548338377681,1.937624007936508e-06,2.0816681711721685e-17,0.17310689802646398,0.3973023836494768,4.763169294376738,3.476764480864951,3.070889761849865,0.42599550495306304,0.10541451861887235,0.11926569654603365,0.03732718183613486,0.08339399450270166,-0.05384023342045301,-0.005136217002989042,0.24152062014552902,0.018166233664269525,0.7875000000000001,0.1166018150435455,0.034321046332330435
search,1190021,0,30,False,0.04260377063737529,0.996259961884662,0.9790548338377681,0.0003332713293650794,2.0816681711721685e-17,0.146446012444414,0.42358669878277033,8.093735301412273,3.6996163024780033,2.7957416633473278,0.37530526146200305,0.1773135873744321,0.12816099838947043,-0.028763025523891463,0.09797610528333342,-0.08868644595032406,-0.015145267511510284,0.30715967060247873,0.046693309249067616,0.89375,0.12451015761808021,-0.033277870043054374
search,1190021,0,31,False,0.00021111921844197854,0.996259961884662,0.9790548338377681,0.001850430927579365,2.7755575615628914e-17,0.15559899832256377,0.42512362361956846,7.530886290354923,3.6448675047957497,2.797190623055076,0.3887928022467796,0.11857767094717915,0.11521963151906453,0.006634039781566237,0.09074843518038178,-0.07404308045995048,-0.0064783505966897305,0.24308516750102446,0.034661983464386315,0.86875,0.11136229262744407,0.0023737827233939537
search,1190021,0,32,True,0.0,0.996259961884662,0.9790548338377681,3.293960813492063e-05,2.0816681711721685e-17,0.16239161537832125,0.43056767919126354,6.069232004157792,3.661321140036467,2.8324237179172904,0.2289221234860626,0.15568348732384474,0.16456012351773774,0.027378896629451588,0.08641980281121217,-0.058242811430547325,-0.00982679550072884,0.2490755016610738,0.028181573397706,0.7999999999999999,0.1627074378114023,0.024096424957626934
search,1190021,0,33,False,0.0048589373139912954,0.996259961884662,0.9790548338377681,0.0005580357142857143,2.0816681711721685e-17,0.1416017846606839,0.41937059034803004,8.659665370430263,3.7894604585901015,2.8110436868441924,0.4144572891942707,0.1600026905603925,0.1223540351413313,-0.025778051895940946,0.09583717639471348,-0.0919374189313584,-0.013368790754268545,0.27708544451501227,0.046219994640878066,0.90625,0.11793836889687004,-0.030868088382143947
search,1190021,0,34,False,0.0002696461252422779,0.996259961884662,0.9790548338377681,1.937624007936508e-06,2.0816681711721685e-17,0.17530570988168045,0.40204732193597065,4.354787874433331,3.4277045502199295,3.0965506344305354,0.26465243051348397,0.13844159574880677,0.15027635263564876,0.047409666414249506,0.08466294485669373,-0.04192712460418238,0.0017211758361275241,0.3025284925796219,0.020633174732500887,0.775,0.14929177091638604,0.045251662063444276
search,1190021,0,35,False,0.00021709108061850212,0.996259961884662,0.9790548338377681,0.0001433841765873016,2.0816681711721685e-17,0.16052770713019648,0.4157763798672666,6.233049502560127,3.6655051339499947,2.8551587830555496,0.3125674234706334,0.13417780316801187,0.1379706292842598,0.023210933834889896,0.08972788738332117,-0.055708242518615704,0.0007225345214497561,0.2599268561895317,0.032509252596387,0.8625,0.13628654529630996,0.020472182185055456
search,1190021,0,36,False,0.0005208496508499018,0.996259961884662,0.9790548338377681,4.0690104166666664e-05,2.0816681711721685e-17,0.16137626228240026,0.4182124421899983,6.190867616909545,3.586476263195646,2.9372613846553532,0.32143561564933076,0.13067336460198997,0.11417579202520076,0.0016490535256069722,0.08975251323387336,-0.08001220296579037,-0.015398498879346023,0.26339209119463786,0.028174574070214023,0.83125,0.10999947724543918,-0.0028137117113976005
search,1190021,0,37,False,5.5036848220657686e-05,0.996259961884662,0.9790548338377681,0.00013563368055555556,2.7755575615628914e-17,0.15809917830705944,0.41449265530561924,6.561686626920007,3.610471037232383,2.796616889010119,0.40447562356570627,0.1153575997121118,0.11144754901611255,0.010660070809066745,0.08753977309569967,-0.07523387518194632,-0.011664122865495948,0.22808691707923484,0.02836832146283523,0.83125,0.10738345669721677,0.0060369273827814325
search,1190021,0,38,False,4.187982225130883e-05,0.996259961884662,0.9790548338377681,0.0003662109375,2.0816681711721685e-17,0.15961037132899775,0.4242286771547303,6.531072166613682,3.661790887025977,2.8725920195066634,0.2923069008075239,0.14825408564826295,0.14672332654998055,0.01816020036876201,0.09043203425927973,-0.061423401189809344,-0.004168894412120348,0.2676879861638912,0.033582722605166496,0.8374999999999999,0.14474545376925377,0.014824268773161276
search,1190021,0,39,False,6.175424526930078e-06,0.996259961884662,0.9790548338377681,1.3563368055555555e-05,2.0816681711721685e-17,0.17090288392124342,0.3976378217536956,5.1148577656133964,3.4456175443155286,3.0761936734796302,0.491088542589835,0.09674886928122092,0.10125839298677358,0.0261891252267204,0.08308176321444385,-0.0556068459246035,-0.006528856233603927,0.23622369684501485,0.020052365096870826,0.78125,0.09792530920954513,0.022506325388963636
search,1190021,0,40,False,0.019357936550734693,0.996259961884662,0.9790548338377681,0.00012594556051587303,2.0816681711721685e-17,0.15224295469027674,0.4255756555286786,7.087649901438057,3.6713822135851144,2.886891803860955,0.37313208037985474,0.17156176916030397,0.13459878882468598,-0.016257350378232567,0.09329661410448323,-0.08930509379507395,-0.02126124659136436,0.28115458262241483,0.03615518449583102,0.8375,0.13050968217426273,-0.02122032437489655
search,1190021,0,41,False,0.00015701589142171705,0.996259961884662,0.9790548338377681,0.0004495287698412698,2.0816681711721685e-17,0.1610122216848607,0.4284327622935691,6.344169373552974,3.724748076736572,2.7591458779447713,0.2755679842324672,0.12074767556674024,0.15411004599387862,0.04349437389111398,0.08466341058871316,-0.04900954499051313,-0.0005818858615399673,0.20136926346818623,0.026244314898441007,0.8187500000000001,0.15296947555058554,0.04114088746965313
search,1190021,0,42,False,0.0057047714658382005,0.996259961884662,0.9790548338377681,6.200396825396825e-05,2.0816681711721685e-17,0.1580312239423465,0.4242299101053032,6.493750168634071,3.5688216049131283,3.024183415202711,0.41293148880693303,0.16477046678669643,0.12270604164681491,-0.016477249487698825,0.09328606781069293,-0.09150948440935164,-0.022447375465711742,0.29936736121731355,0.03232717321969722,0.8187500000000001,0.11831346727537864,-0.02200204396502434
search,1190021,0,43,False,0.0013574557378281979,0.996259961884662,0.9790548338377681,0.0018329923115079365,2.7755575615628914e-17,0.14853262260971217,0.43441841291891115,8.471422482799795,3.737529508782445,2.807361129112423,0.3816631809626282,0.15058838884284367,0.13585213465175272,-0.006316472339798641,0.09563379177584279,-0.07672718761295004,-0.0047738604725086845,0.27197083453531756,0.04368297284819569,0.8875,0.13279039673195436,-0.009926252347134453
search,1190021,0,44,True,0.0,0.996259961884662,0.9790548338377681,0.0,2.0816681711721685e-17,0.1762075802820778,0.40256090991529325,4.147122101091712,3.3249744020704197,3.1776451764558433,0.28454131169272295,0.13914810946509437,0.13666289164857642,0.035489183877009445,0.08442851859388788,-0.06532100122483667,-0.015404137390739599,0.2914542815568102,0.014925358516709394,0.74375,0.1333726124389142,0.03190798519219665
search,1190021,0,45,True,0.0,0.996259961884662,0.9790548338377681,1.937624007936508e-06,2.0816681711721685e-17,0.16960871333494298,0.40623375887490243,5.225674907208437,3.476900812130654,2.9844890305681613,0.36968521823553757,0.1179762271428906,0.11287930239940772,0.016628330878359028,0.08580929268162935,-0.07045177473633214,-0.01565049518816708,0.256990305313959,0.02049249952717475,0.8,0.10887245540369639,0.012150901883562534
search,1190021,0,46,False,0.0003933887868179463,0.996259961884662,0.9790548338377681,0.0004417782738095238,2.7755575615628914e-17,0.15225294733152966,0.4293917229901296,7.440478585639761,3.7751078483667753,2.7877684237363662,0.31216428874333724,0.15659017024967986,0.14430512178760307,0.0045416890897439985,0.09226526156221165,-0.06490718291866054,-0.0029148128420937104,0.2747567312345963,0.041009396462905495,0.8875,0.14223731557189603,0.0014273784023960297
search,1190021,0,47,False,0.0008055010817659704,0.996259961884662,0.9790548338377681,0.0002460782490079365,2.0816681711721685e-17,0.16016746100093554,0.41678732293664295,6.512049702324251,3.5909924190370957,2.9001032985571396,0.40027260434474615,0.12127726131046561,0.10459947336352494,-0.00160309030594483,0.09028571355393013,-0.07736346812787442,-0.01391504429947089,0.26121769501789716,0.030573817125080234,0.85,0.10025827924488771,-0.0061760986398576405
search,1190021,0,48,False,2.1529508504702267e-05,0.996259961884662,0.9790548338377681,2.3251488095238094e-05,2.0816681711721685e-17,0.16629317976240943,0.41665510435474096,5.55946001899592,3.6138691930000455,2.920321812830809,0.30870223285554005,0.12992712055511002,0.1517009983584954,0.03848568782190946,0.08528579728689846,-0.05620372623112098,-0.005253125836775195,0.23036968156952392,0.023377410360110554,0.79375,0.14988349431579912,0.035294991625168
search,1190021,0,49,False,0.0003182336669057515,0.996259961884662,0.9790548338377681,1.1625744047619047e-05,2.0816681711721685e-17,0.1687881466482286,0.4055507476288308,5.448240324891947,3.4836185887382705,2.9959875322635026,0.42491933446827923,0.10733813592544658,0.09890137934822839,0.00456412357984147,0.08465219685764151,-0.07529225421064292,-0.023248824261620275,0.23861104249942597,0.019452679755076318,0.78125,0.09387299506209146,-0.0006457638103237739
search,1190021,0,50,False,0.00019349249762293038,0.996259961884662,0.9790548338377681,0.00015500992063492063,2.0816681711721685e-17,0.15895720178664718,0.42589791482188244,6.427480421123717,3.733402616456363,2.862521345570811,0.30553049567229273,0.1390485401903857,0.1507598299846199,0.0280686000592323,0.08793526859937256,-0.05215870501440596,0.00023481357936672859,0.24258956183956942,0.03223711735283459,0.83125,0.1495027298607018,0.025554129348771052
search,1190021,0,51,False,0.0006031492474003281,0.996259961884662,0.9790548338377681,1.3563368055555555e-05,2.0816681711721685e-17,0.16671262990956945,0.40844015580291604,5.5691092255413865,3.605090507571088,2.8936064107477586,0.28628445709829736,0.12351193431299233,0.1373185038195066,0.03404883932280792,0.08745097442639617,-0.0439238484080849,0.006538985447441253,0.26493803838931845,0.028858854363505895,0.8500000000000001,0.13639310059896279,0.03185706669080282
search,1190021,0,52,False,0.004164234871451801,0.996259961884662,0.9790548338377681,0.0007421099950396825,2.0816681711721685e-17,0.15106270782683462,0.4306712444794522,7.803333457027559,3.6864808734690673,2.918378552710366,0.4409957716400225,0.15777821918124318,0.12203673321670143,-0.02275056660346428,0.09581210933132309,-0.09275822053142305,-0.01787524376753238,0.2842680448203322,0.039396055337484207,0.875,0.11756072877059466,-0.027500125490538666
search,1190021,0,53,False,0.001961893305371255,0.996259961884662,0.9790548338377681,0.0011567615327380952,2.0816681711721685e-17,0.15143645347756873,0.42950859248322937,7.902158259676759,3.6834933527057654,2.8510762843391513,0.392932958816981,0.1367946698804927,0.11746954045349656,-0.010911559899602298,0.09370356759110833,-0.08748135941451379,-0.014518671824173138,0.2559009084855486,0.03700445481808062,0.8625,0.11296438088159852,-0.015754315640646707
search,1190021,0,54,False,0.00017163570816820009,0.996259961884662,0.9790548338377681,1.937624007936508e-06,2.0816681711721685e-17,0.17224738332632,0.4166418279766715,4.820842801174002,3.5427190923343232,3.0446650754833406,0.2046972344908338,0.16012319570182743,0.16135405907329375,0.042325187857869914,0.08677708216264071,-0.04252747969852976,-0.00028666976569091847,0.316279770064259,0.02534181802287438,0.83125,0.1604801730669529,0.039852921277638516
search,1190021,0,55,False,0.00013381575528564215,0.996259961884662,0.9790548338377681,0.00047084263392857144,2.0816681711721685e-17,0.15071170570635312,0.42937272405308047,7.5061843412097105,3.793478824755364,2.735910803606595,0.3319337590097457,0.14066466140362915,0.14503438810690344,0.015715820939821816,0.08887091015384284,-0.06039327927493964,-0.001151817404564384,0.2401100663390929,0.03803717044791573,0.8687499999999999,0.14303913511414001,0.012433938046568862
search,1190021,0,56,True,0.0,0.996259961884662,0.9790548338377681,1.3563368055555555e-05,2.0816681711721685e-17,0.16971960131811775,0.4151844545092932,5.134783323313117,3.473647164255805,3.0435481052516735,0.3208477699812491,0.1347655908088512,0.1258792904761852,0.01557575073505224,0.08622071870478776,-0.07980220249865955,-0.022133198892020246,0.2619864540027617,0.01864239676859756,0.775,0.1215422364472569,0.010544611032580618
search,1190021,0,57,True,0.0,0.996259961884662,0.9790548338377681,0.00012788318452380953,2.0816681711721685e-17,0.16720374397346008,0.41280075355195456,5.484394920428661,3.547211091122643,2.94363863597325,0.3940964475190984,0.11611156956093785,0.12668393303743902,0.026435995801889538,0.08461796035754904,-0.0705737189626875,-0.014518752664189633,0.22082717084327352,0.019595225368854247,0.78125,0.12301993704133142,0.022239170196932487
search,1190021,0,58,False,0.0007012332711411974,0.996259961884662,0.9790548338377681,1.3563368055555555e-05,2.0816681711721685e-17,0.1601524007686876,0.4226735151779445,6.235415464224804,3.550829130454579,2.9822115096260395,0.3334955395489536,0.16132798675832782,0.13592149208399362,0.002136500548592022,0.09134942515114153,-0.07854620962706693,-0.015380142741073414,0.2881474159386352,0.03127820937968956,0.825,0.13261531772257112,-0.002306310892397006
search,1190021,0,59,False,0.0008866606294629067,0.996259961884662,0.9790548338377681,0.00011238219246031745,2.7755575615628914e-17,0.15827725806271414,0.41297512613697024,6.806522505219494,3.596851482816936,2.8437489606819444,0.38465121878929187,0.10999521751632185,0.09515166221540593,-0.0024194556148561426,0.09005134402582735,-0.07395098160517234,-0.011999770706253663,0.2507309498623185,0.03259699593003555,0.8499999999999999,0.09065820360022901,-0.007248129182420106
search,1190021,0,60,False,0.0002587201629184342,0.996259961884662,0.9790548338377681,0.0001685732886904762,2.0816681711721685e-17,0.1626423911339374,0.46766111572202335,6.662537400843126,3.800610874297936,2.815175435986508,0.28056179546431265,0.1543792426411144,0.18357227726341002,0.04063026039334419,0.08648419450706243,-0.026483946823395492,0.001522190041006646,0.23463781744340295,0.031788945790417175,0.8187500000000001,0.18406741037529428,0.03918880209916184
search,1190021,0,61,False,0.00018870728464800675,0.996259961884662,0.9790548338377681,0.0008874317956349206,2.0816681711721685e-17,0.1579558430116615,0.43308753511674897,6.909619037425792,3.7452619586690643,2.769380797230861,0.23496288306735258,0.13277947518424082,0.15390815457210283,0.03148461647150969,0.08779560021887081,-0.05187630582705773,0.00013234958710451813,0.2273687235449963,0.03213293548448294,0.85,0.15256323455907256,0.028766154736318997
search,1190021,0,62,False,0.0009111556421668827,0.996259961884662,0.9790548338377681,0.0,2.0816681711721685e-17,0.16718271254426909,0.4053617651777094,5.529940928657681,3.452063285928057,3.026865698254503,0.3110256112170818,0.130226803103952,0.09921763058374325,-0.002658432536342556,0.0896765631349056,-0.07265265739031979,-0.014639722347515934,0.31074229724321945,0.027341131597217332,0.8375,0.09505446812123192,-0.006960896635448483
search,1190021,0,63,False,0.00028087195949455285,0.996259961884662,0.9790548338377681,0.00011819506448412698,2.0816681711721685e-17,0.1561066665635692,0.4214199101291451,6.6698642737114735,3.6711660370934522,2.846467118826194,0.31470354120929256,0.15295330795695206,0.1373618590805555,0.00519593960501772,0.09120154119210815,-0.07004383861705551,-0.00795699312499083,0.27314545800797313,0.035253128840261196,0.8374999999999999,0.1347526972671704,0.0015704556675394526
search,1190021,0,64,True,0.0,0.996259961884662,0.9790548338377681,3.681485615079365e-05,2.0816681711721685e-17,0.16626594617402313,0.4202259445153427,5.475691074956668,3.512936889028565,2.9697379370189334,0.2947756227050834,0.14525219878610363,0.14368284853535507,0.022023510688188776,0.08705161796619008,-0.07268523128310339,-0.014820364743267356,0.2584909480526368,0.022884567505552136,0.8062499999999999,0.14051400479623005,0.018004919297328618
search,1190021,1,0,False,0.0001874743132124332,0.961478151839632,0.8890931165284538,1.743861607142857e-05,2.0816681711721685e-17,0.17230469150637973,0.42516617262188194,5.0811913036259995,3.492235905462767,3.1127658366599236,0.36129850665584684,0.1451122087264706,0.1559906299304265,0.048605537659896315,0.07993250739269335,-0.03191932940425044,0.00010573856632954768,0.24432690334317433,0.02224601874191427,0.78125,0.1558182229389305,0.04693117022291655
search,1190021,1,1,False,5.258658234640942e-06,0.961478151839632,0.8890931165284538,0.0001685732886904762,2.0816681711721685e-17,0.16328805791593326,0.4156540192709639,5.891957870179048,3.5176832694525277,3.012642181766287,0.4514754113528703,0.11048343447440387,0.09590103606343034,0.013658491776264492,0.08436235544309782,-0.0712973953758759,-0.016541085597939303,0.21684415992368586,0.022904870141167252,0.8125,0.09107956426525667,0.009238031401122296
search,1190021,1,2,False,0.00048324254580484256,0.961478151839632,0.8890931165284538,0.00013950892857142856,2.0816681711721685e-17,0.161715426492478,0.4770797648972813,7.177250926598823,3.749029465052309,2.913996977314619,0.35408794669300875,0.15876468601867577,0.15294735995000153,0.035725485882806204,0.08536790531625277,-0.01829199230830586,0.005013804807701255,0.24227239921326638,0.03461341917236737,0.8625,0.15426009135398872,0.03557032385207171
search,1190021,1,3,False,0.00023213072963436477,0.961478151839632,0.8890931165284538,2.9064360119047617e-05,2.0816681711721685e-17,0.1652770636578625,0.41371564509378783,5.582048963413742,3.5190813226182693,3.0938721104117803,0.39627640014344684,0.12076792564617791,0.10843252328128383,0.030576521026479613,0.0819752797457091,-0.05134854307890346,0.0010196155145647985,0.25048520020791126,0.02787121177712303,0.83125,0.10593266405825602,0.02781177894314031
search,1190021,1,4,False,0.013915389172080565,0.961478151839632,0.8890931165284538,0.00010075644841269841,2.0816681711721685e-17,0.164747276254384,0.4294387404813338,5.763331687057766,3.531176642093003,3.0941310149425165,0.43476971829720645,0.17061343323073053,0.1327411544368813,0.013284106481704278,0.0835339077680093,-0.059686807662762714,-0.013328952778979391,0.2776856123002166,0.02911895515013,0.83125,0.13001736417419021,0.010043216272396967
search,1190021,1,5,False,0.0001623815448472087,0.961478151839632,0.8890931165284538,0.0002673921130952381,2.0816681711721685e-17,0.15865129273320977,0.42452903933568076,6.4646963457035,3.649421956126575,2.9738068431433287,0.42293816813263185,0.14510237004421173,0.11333325684722995,0.007545402479990217,0.08424186270264104,-0.06915814677337258,-0.011266082037044755,0.24964182161699694,0.03136585542012628,0.84375,0.10977533293627832,0.004694443989033214
search,1190021,1,6,False,0.0001673363942554756,0.961478151839632,0.8890931165284538,1.1625744047619047e-05,2.7755575615628914e-17,0.17047337345988628,0.41536096201090855,5.008326793013438,3.443066186758729,3.1406608367754574,0.36893262487647593,0.14589292951571908,0.13130034322714204,0.03513910628075835,0.08134130454339758,-0.04384143364145669,-0.00034197270334252556,0.28496380133558274,0.025627812261989496,0.8187499999999999,0.12979065182251864,0.03238610526289154
search,1190021,1,7,False,0.0007021141883752608,0.961478151839632,0.8890931165284538,4.262772817460317e-05,2.0816681711721685e-17,0.16598423036845036,0.44184400939915225,6.218361218454389,3.632012788020518,2.910662566278345,0.36463777404888664,0.13545317637709975,0.15115329590920298,0.0498795285034023,0.0802246257879094,-0.02064433656826956,0.0076864829364248315,0.22058102987990902,0.02796547891096686,0.8374999999999999,0.15250403309163812,0.049152562436288905
search,1190021,1,8,False,0.0003380818915553003,0.961478151839632,0.8890931165284538,2.1313864087301586e-05,2.0816681711721685e-17,0.17002176522119805,0.40841418164484833,5.100147001424751,3.3909479893838146,3.104925111017468,0.5067086872079797,0.10931509073037865,0.09227137829501725,0.004243603050393098,0.08325987229451332,-0.07483585359324155,-0.026612739934644875,0.2271617305668897,0.016982089241360354,0.7625,0.08665219739448281,-0.0008307424011452375
search,1190021,1,9,False,1.2211864132386048e-05,0.961478151839632,0.8890931165284538,5.425347222222222e-05,2.0816681711721685e-17,0.17152375641279777,0.41997905007922554,5.04746707916002,3.543302388583909,3.101453689125959,0.379807510102646,0.1351183947188907,0.14813277353852175,0.045080160771702765,0.07893043149859978,-0.04366824255979178,-0.0059312277188408235,0.22333826360599235,0.019717152132803444,0.7749999999999999,0.14688916364082316,0.04250101160005203
search,1190021,1,10,False,0.002005930019460494,0.961478151839632,0.8890931165284538,7.944258432539683e-05,2.0816681711721685e-17,0.15684595079391483,0.42613100608125765,6.528692014391245,3.6327340090620335,2.9929215670660803,0.38275730932402763,0.1631434246385038,0.11120260737792405,-0.001401284890561726,0.08582470510490406,-0.07223617056277576,-0.012666859452668568,0.2752432576019068,0.03514310864744999,0.8625,0.10757122386140162,-0.004647575706077165
search,1190021,1,11,False,2.869391451735589e-05,0.961478151839632,0.8890931165284538,5.8128720238095235e-06,2.0816681711721685e-17,0.16962147103919173,0.4004822451052121,5.053002483860432,3.4366971934785746,3.165273545696796,0.4397032671510252,0.11442241324202457,0.09478551777682759,0.024783796515771492,0.08181216529373289,-0.054460575932330405,-0.004828851303169368,0.2682789152108241,0.023457796515387666,0.8187500000000001,0.0913062903824586,0.02155859221305556
search,1190021,1,12,False,2.1569059013429966e-07,0.961478151839632,0.8890931165284538,0.00022863963293650794,2.7755575615628914e-17,0.16003106980552323,0.4424061720315207,6.68267616045359,3.610119482706272,2.930259291676446,0.3569065553140858,0.15737840357532776,0.13878793001866807,0.019770754289885936,0.0827147002420551,-0.05091962063733439,-0.007725060393939274,0.24422905796770947,0.03190467439753882,0.8500000000000001,0.13715972851735947,0.018271671727258833
search,1190021,1,13,False,0.0002579525231979866,0.961478151839632,0.8890931165284538,0.002071320064484127,2.0816681711721685e-17,0.15684969750812694,0.445977875323342,7.621772776281616,3.688201396703496,2.874085368246033,0.3699366121614798,0.12794427051097318,0.1352428748678106,0.032372240688978086,0.08361772152819043,-0.045259526517645934,0.0015080530651684488,0.20925950512095615,0.03282881881708291,0.85,0.1342492641350096,0.03156832451860486
search,1190021,1,14,False,2.5848517056314568e-06,0.961478151839632,0.8890931165284538,0.0,2.0816681711721685e-17,0.16928638629610782,0.4073082074781337,4.996919735353868,3.3899795188251853,3.1918016775519034,0.3900670508443637,0.143487942432993,0.100003857770043,0.016291202186474806,0.08391103990194135,-0.05924933272387152,-0.007048213538569484,0.32084426941680366,0.02666650143633849,0.8125,0.09657931589481766,0.012631172640587066
search,1190021,1,15,False,0.0006239308186452603,0.961478151839632,0.8890931165284538,0.0003138950892857143,2.0816681711721685e-17,0.1559107917757563,0.42241515018310627,6.723723768339404,3.644146553624352,2.9492373247895918,0.4156589872842874,0.1358023585357167,0.09706614125233418,0.00038751477636763537,0.0883806919091834,-0.07402804840502969,-0.00918924195167434,0.25561575063087705,0.03389710968743487,0.875,0.09278108227262263,-0.0027630818497728707
search,1190021,1,16,False,5.864457106567603e-05,0.961478151839632,0.8890931165284538,9.688120039682539e-06,2.7755575615628914e-17,0.17690640203713143,0.40998412646639104,4.25870263344093,3.3692932595599774,3.2567228492263762,0.40206469681401075,0.13530041914536356,0.15287001035867515,0.05346559189406244,0.0782390385668735,-0.03780763579607378,-0.003466479187876041,0.2418886138828503,0.016033456335197115,0.7375,0.15185483205774897,0.05107607747376192
search,1190021,1,17,False,1.5596142681279834e-05,0.961478151839632,0.8890931165284538,0.0004107762896825397,2.0816681711721685e-17,0.15531532288987845,0.4221297473318285,6.939671967780098,3.7325236030077202,2.888197379537555,0.4269800963486242,0.13299055854261566,0.1162651966011631,0.016668119906292127,0.08481676557063596,-0.06086334012731809,-0.005662076445079512,0.22193597035853266,0.0322616215767706,0.85,0.11352707827075477,0.014435043238858872
search,1190021,1,18,False,2.5806802144903377e-07,0.961478151839632,0.8890931165284538,1.937624007936508e-06,2.0816681711721685e-17,0.17588380740374798,0.3961276978529008,4.060001518965375,3.2908301449073862,3.346602397591358,0.44810518782045844,0.1360249556151591,0.11029967487317602,0.030936977164078824,0.08044277256862559,-0.051629662363075014,-0.007699261656802605,0.3117303086084534,0.01803460556912767,0.74375,0.10732623534768651,0.027837272944822
search,1190021,1,19,False,0.0008748853726745408,0.961478151839632,0.8890931165284538,0.0004611545138888889,2.0816681711721685e-17,0.1626913560393301,0.42745026228669747,6.335875142051052,3.61349389094874,2.933468051450162,0.3886171669247266,0.12440991467968708,0.12938122438162442,0.04233909629167795,0.081035976470817,-0.03299334433516111,0.009510449087587965,0.22910900074901952,0.031245684213718303,0.8687499999999999,0.12929368723644213,0.04141826202944123
search,1190021,1,20,False,0.0005079267363508689,0.961478151839632,0.8890931165284538,4.262772817460317e-05,2.0816681711721685e-17,0.16220140959320284,0.42253958323917057,5.902460015794436,3.552235372142027,3.0616445876554517,0.38954241869378436,0.14444752391973487,0.10408718922595606,0.0018157204463923743,0.0860169176931366,-0.07634067711694639,-0.016525962410201857,0.26465590497571523,0.027899205825461595,0.8062499999999999,0.09963237915726958,-0.00188086003288504
search,1190021,1,21,False,0.0006473901123686689,0.961478151839632,0.8890931165284538,1.9376240079365078e-05,2.0816681711721685e-17,0.16274788541352087,0.4194903644098967,5.904211200770039,3.54476366363149,3.1034373399803754,0.4178663155256978,0.1339883562716628,0.09770583079163325,0.00011534074271877387,0.08662488479741785,-0.07869186009790671,-0.019089932816318204,0.25603918827479566,0.026171892527794755,0.8,0.0927396584600126,-0.00434101414584917
search,1190021,1,22,False,0.0008087799059429585,0.961478151839632,0.8890931165284538,0.00010269407242063492,2.0816681711721685e-17,0.169048905084108,0.430816963353206,5.559352208110963,3.542982481828111,3.0181371774840935,0.3798175978366599,0.1423745704051119,0.14749548852927422,0.0466387123116295,0.08049331916388391,-0.02438463558469576,0.008835921149625076,0.2595375797443921,0.02838242184125886,0.83125,0.14812694203776955,0.045321966137766366
search,1190021,1,23,False,3.450271395987204e-05,0.961478151839632,0.8890931165284538,9.688120039682539e-06,2.0816681711721685e-17,0.1724267625448357,0.4051539574357297,4.706491214450916,3.4184600359368744,3.1627282388374884,0.41489478672983643,0.11836459903691848,0.11765331518852198,0.03813709455996139,0.07993966259658927,-0.04956798881556902,-0.004522650557503231,0.24594164011704076,0.019680663735355455,0.7562500000000001,0.11514631040832568,0.03532014250792402
search,1190021,1,24,False,0.012176465011013354,0.961478151839632,0.8890931165284538,0.00023639012896825397,2.0816681711721685e-17,0.15384881830823446,0.4435622845325959,7.317782333116201,3.6291885940587254,2.89715601336576,0.39341889675699776,0.16965675315776407,0.12666746574938703,-7.171167807829698e-05,0.08750850976653814,-0.06579551572192241,-0.014435513386346478,0.2613678604708963,0.03756994456294274,0.86875,0.12368584758816559,-0.0023540312459884704
search,1190021,1,25,True,0.0,0.961478151839632,0.8890931165284538,0.00010850694444444444,2.0816681711721685e-17,0.163827272287826,0.4176357690794217,5.788879346413086,3.60527833758644,2.9658743172490043,0.3910983061522094,0.12230408476773823,0.12018260736504174,0.02701162956312285,0.08116080675872318,-0.0597246097023757,-0.009723448054141617,0.20901770939833553,0.023242189392657524,0.81875,0.11728891774296663,0.023955829168725806
search,1190021,1,26,True,0.0,0.961478151839632,0.8890931165284538,2.712673611111111e-05,2.0816681711721685e-17,0.1680760539038939,0.4133654888680173,5.208000028231897,3.4715742148428124,3.1727499822214282,0.42759668567832765,0.12864833625540684,0.10797790586586828,0.022672497854109432,0.08286111221616699,-0.06094263750961025,-0.008141935747450889,0.2616494609945668,0.02398645374311601,0.80625,0.10453824112316867,0.019473004411444325
search,1190021,1,27,False,0.0009152390105390915,0.961478151839632,0.8890931165284538,0.0008351159474206349,2.0816681711721685e-17,0.15133372679648588,0.4334708349546898,7.894030110966099,3.6584896741413377,2.895897956442182,0.4261349465555257,0.16140472423816526,0.11727806468266033,-8.68336981224814e-05,0.08714044615687216,-0.06566475928599816,-0.006487018372371275,0.27032705693456194,0.04259435507660994,0.89375,0.1142332574324681,-0.0021976807620734343
search,1190021,1,28,False,1.984775367644451e-07,0.961478151839632,0.8890931165284538,0.0,2.0816681711721685e-17,0.17633311303261262,0.4030090432763244,4.144251637350292,3.3425441146546926,3.3159691731197896,0.41900116849562524,0.1245409528542708,0.1270530531590925,0.042219112487358705,0.07886426134109858,-0.04950766401490844,-0.007736259158557848,0.25217585974494716,0.015440478287185682,0.7375,0.12454817536645772,0.03948859069214172
search,1190021,1,29,False,0.00010207558289473332,0.961478151839632,0.8890931165284538,3.875248015873016e-06,2.0816681711721685e-17,0.17522498447284215,0.39419908440842216,4.354977438591563,3.403664518226339,3.181213804425469,0.40753029599684176,0.1063651026915084,0.11684285216397229,0.0464176342067358,0.07787842812608653,-0.0422039233455661,-0.002018878275472083,0.23339943619474068,0.01658621213239893,0.7562500000000001,0.11478060059550732,0.044131936277476684
search,1190021,1,30,False,0.04239496466255859,0.961478151839632,0.8890931165284538,0.0002887059771825397,2.0816681711721685e-17,0.15089416692172533,0.4299897211931513,7.53076004122748,3.6510522378251276,2.9665702445596027,0.4487878690258382,0.178050480379831,0.10800175937175613,-0.012253044959537161,0.09088478095952335,-0.07354294393350347,-0.011823500925820647,0.29712348031067787,0.044584699191457675,0.8875,0.10436397453329754,-0.01555858685157808
search,1190021,1,31,False,5.264401776457337e-05,0.961478151839632,0.8890931165284538,0.0013330853174603175,2.0816681711721685e-17,0.1591602864317711,0.4230728312053037,6.718400518082435,3.626679381621111,2.9551758557750087,0.43160807793889366,0.118462982937943,0.10346547228122763,0.019953935568053985,0.0853749100258189,-0.0630858200372981,-0.0037046731158335063,0.23187225564154682,0.030869773487159573,0.85625,0.09982848311134063,0.016932314471158595
search,1190021,1,32,False,8.375789836321144e-07,0.961478151839632,0.8890931165284538,3.1001984126984125e-05,2.0816681711721685e-17,0.16583939118124408,0.43717071749400804,5.9347846435034,3.5693343394999406,2.9909065836253435,0.32002968102160845,0.15661032909444386,0.15067660558213414,0.032612011081793985,0.0813583990279467,-0.043258467813479085,-0.0074582054993637854,0.23860445645583525,0.026348372360877823,0.83125,0.1496004081535499,0.030523325157228994
search,1190021,1,33,False,0.0027273096345545684,0.961478151839632,0.8890931165284538,0.00043015252976190475,2.0816681711721685e-17,0.14630826532459087,0.42385088092963175,7.994779054435458,3.7327918073170934,2.8135689826120176,0.4143717033328935,0.1591150218791628,0.10396239122322595,-0.015550835335313453,0.0912854983741228,-0.07848500913942583,-0.011756111669396505,0.26383010401998197,0.04309515078107902,0.8999999999999999,0.09966617176481976,-0.01891451039485369
search,1190021,1,34,False,0.0004775533837850803,0.961478151839632,0.8890931165284538,5.8128720238095235e-06,2.0816681711721685e-17,0.17732630204426314,0.401077636776647,4.09339117903672,3.3735300210251076,3.2336398202108514,0.37391998221372225,0.14102521252120806,0.14446495427340766,0.05229559031541592,0.07816806963076521,-0.027984734704327024,0.004936972949452059,0.2980687443659338,0.019279612056003956,0.7625,0.14409767441701649,0.0502849462197702
search,1190021,1,35,False,0.0004136149781477017,0.961478151839632,0.8890931165284538,0.0001220703125,2.0816681711721685e-17,0.16384393438457,0.4230628844376084,5.965154308708876,3.6080706591206995,3.0175013377342585,0.3725035934204731,0.13590026424842439,0.12832818818686237,0.033715369871584494,0.08176017175381119,-0.04155555126661255,0.004039815600812005,0.2521448599826325,0.03087828162150239,0.85,0.12732298766705868,0.03168871762345836
search,1190021,1,36,False,1.005133448772561e-05,0.961478151839632,0.8890931165284538,3.293960813492063e-05,2.0816681711721685e-17,0.164761624825899,0.4180333893699327,5.603461887872184,3.5272029476636413,3.058190107182975,0.41684904475808626,0.1306989200341344,0.10418801376704798,0.013145325380272351,0.08428842700004764,-0.0688069674692724,-0.011924070266992418,0.2531179071017371,0.025425805050743655,0.8062499999999999,0.10014537176495489,0.009582290800145336
search,1190021,1,37,True,0.0,0.961478151839632,0.8890931165284538,0.00011044456845238095,2.0816681711721685e-17,0.16162467468016012,0.4149020739045539,5.975597931068536,3.5891750441704238,2.9688696860221686,0.39745735423175566,0.11504839437679952,0.10370569913774706,0.021898844318674025,0.08374072944778393,-0.06469421671929951,-0.009086428012662432,0.2160669822750292,0.025219742137705656,0.825,0.09989792175209923,0.018656961778173897
search,1190021,1,38,False,0.00013798352426146776,0.961478151839632,0.8890931165284538,0.0002887059771825397,2.0816681711721685e-17,0.1631451405125858,0.4291700042330818,6.205056504884915,3.6271341228138567,2.975355979314543,0.30775711917475557,0.1497628575015899,0.13283680989383356,0.02753749862577089,0.08262961026863053,-0.04643864578977968,-0.0010459898010736976,0.25920106822967526,0.03182755968583597,0.85,0.13147719744008451,0.025575052348353413
search,1190021,1,39,False,7.214336079770781e-05,0.961478151839632,0.8890931165284538,9.688120039682539e-06,2.0816681711721685e-17,0.17301280533058624,0.39268250096716784,4.64014691402413,3.4048771397428825,3.158359584151712,0.43916349570561597,0.09703390709218548,0.09901132931447028,0.03979330147481773,0.0785355035931869,-0.04538413023824183,-0.002971714924687756,0.22775790785709654,0.017957233314745715,0.775,0.09614357682350069,0.03717037426836033
search,1190021,1,40,False,0.01714841623130533,0.961478151839632,0.8890931165284538,0.00011238219246031745,2.0816681711721685e-17,0.15649055887314628,0.43191558761001975,6.701927511829062,3.60399872146006,2.928672992653545,0.36818992302084896,0.1713951995689018,0.11946908942129503,-0.004555818224264919,0.0872424064688648,-0.07398789524682334,-0.018541533248042984,0.26945808127661885,0.03445779653136929,0.86875,0.11565500190599519,-0.0075389475233175254
search,1190021,1,41,False,0.0002027432870537963,0.961478151839632,0.8890931165284538,0.000370086185515873,2.0816681711721685e-17,0.16428900781463224,0.434516504291236,6.209962193775662,3.6276290550057784,2.930261875749426,0.3630675193770293,0.12187224196448841,0.14122330697277363,0.04867897839112611,0.0799099651418338,-0.03538667556970642,0.00042936672318992465,0.19051643034326127,0.024373018152690763,0.8187499999999999,0.1413090160360887,0.04793187743157418
search,1190021,1,42,False,0.005238122040350873,0.961478151839632,0.8890931165284538,5.0378224206349204e-05,2.0816681711721685e-17,0.16185503200798484,0.42593576341929495,5.880516620502518,3.544548620937354,3.123370132909562,0.3846158912505271,0.1658069379665742,0.1075813125907163,-0.004181344690121491,0.08684765417796525,-0.07820185265891666,-0.01880752534989454,0.29076758004840436,0.030275045770125786,0.8375,0.10319359395031225,-0.008233920613277868
search,1190021,1,43,False,0.00028294817203002953,0.961478151839632,0.8890931165284538,0.0012827070932539683,2.0816681711721685e-17,0.15276445635915636,0.4362974109404051,7.814217109118369,3.6879758325351824,2.882591320825472,0.416995889835195,0.15103452605760126,0.11812260082724184,0.006911785377630854,0.08550184276019462,-0.06218370552921211,-0.002328229769401175,0.2607821436694156,0.04095427959612543,0.88125,0.11535613293373989,0.005094118173983017
search,1190021,1,44,True,0.0,0.961478151839632,0.8890931165284538,0.0,2.0816681711721685e-17,0.17842136598530164,0.40213798664196615,3.7571355792293595,3.2501540541228335,3.371122085205869,0.36418494118688666,0.1403129707622639,0.12993109347245185,0.03929160261485258,0.07927026955893642,-0.05212427780334836,-0.011373114366159665,0.2842759229696004,0.013734641440383246,0.7250000000000001,0.1270777008177547,0.03607532607154225
search,1190021,1,45,True,0.0,0.961478151839632,0.8890931165284538,5.8128720238095235e-06,2.0816681711721685e-17,0.17220438741689897,0.40181521695446354,4.717254849714241,3.3863258991850023,3.185411912294395,0.44124355087825984,0.1180341789258572,0.10794422556075221,0.028003599184751995,0.08119851070914183,-0.05942741053996852,-0.011856557107273876,0.24766793126041498,0.018371463520646423,0.75625,0.10424933830580843,0.02455108513360605
search,1190021,1,46,False,0.00017106217577958597,0.961478151839632,0.8890931165284538,0.0003429594494047619,2.0816681711721685e-17,0.1563176798426002,0.43924218153611044,7.167731118387115,3.6471614944890316,2.9407526334953484,0.3794297548029705,0.15770455760431595,0.12675389006303828,0.015939993954819837,0.084374561579082,-0.04968297665032953,-0.00025718821277329485,0.2650419316679642,0.03913488563051216,0.875,0.12524323163241854,0.014382892085719554
search,1190021,1,47,False,6.04713627563423e-06,0.961478151839632,0.8890931165284538,0.00018407428075396825,2.0816681711721685e-17,0.16340607696840914,0.4152644891901651,5.8595660101353335,3.5270463724980994,3.0680629647967663,0.45864437764559984,0.12098639440919527,0.09570590807156552,0.01356143084562162,0.08490770766033542,-0.06736240458135835,-0.010349899434229226,0.25149789610675255,0.0270443064599546,0.81875,0.09142175226979332,0.009699567081871151
search,1190021,1,48,False,7.414478236971971e-05,0.961478151839632,0.8890931165284538,1.9376240079365078e-05,2.0816681711721685e-17,0.16930488245412195,0.4209875102518925,5.341086461519964,3.5806909767629245,3.0979284552368687,0.4153333170923313,0.13122007635387264,0.1424736603415354,0.04438508211625528,0.07900112593382727,-0.04202596149145726,-0.002902444016156229,0.22064930732129218,0.02216315970899503,0.7999999999999999,0.14151182051825484,0.04233625688888301
search,1190021,1,49,True,0.0,0.961478151839632,0.8890931165284538,7.750496031746031e-06,2.0816681711721685e-17,0.17130157440005273,0.40178608956271383,4.900417781672114,3.3641528180335176,3.146812483258753,0.5095652767623717,0.1062477298178421,0.09508386475463952,0.01746477737405307,0.08156394412241848,-0.06624573038735004,-0.01965689259252203,0.2277669133038142,0.016648769968928587,0.75,0.09020043162036478,0.013126977847412187
search,1190021,1,50,False,0.00030759260813884883,0.961478151839632,0.8890931165284538,0.0001240079365079365,2.0816681711721685e-17,0.1624866258471841,0.43475682172041313,6.33972918211817,3.6582895867809206,2.965454992632523,0.352251968420062,0.1404441062644316,0.13827648815030785,0.03624032459176736,0.08052266015399559,-0.037612407901449055,0.0023826844225746115,0.23315875016164828,0.03065168255699882,0.8500000000000001,0.13794976303678255,0.034877325364611106
search,1190021,1,51,False,0.0008992249162867285,0.961478151839632,0.8890931165284538,1.3563368055555555e-05,2.0816681711721685e-17,0.1693364902320237,0.41132142196781585,5.299494068014948,3.517096428696569,3.0478204668851294,0.32907340429284965,0.12576661871981534,0.13094175378775277,0.045119233522340034,0.08076399960677463,-0.030173936075514822,0.009752350860139961,0.2589653486119605,0.027426668118542157,0.81875,0.13075870576661072,0.04341294843981484
search,1190021,1,52,False,0.0017803258488013948,0.961478151839632,0.8890931165284538,0.0005657862103174604,2.0816681711721685e-17,0.15527878997944555,0.43091417016759037,7.008699377102214,3.625916538295197,2.945587520138085,0.3927619321581022,0.15793462425951565,0.1048041503185226,-0.009683436017014675,0.08847555803069274,-0.0801287153717019,-0.015091438366430059,0.27340511393616085,0.03612249616714712,0.85625,0.10030729370015698,-0.013368269654398843
search,1190021,1,53,False,0.0007177665553452144,0.961478151839632,0.8890931165284538,0.0008525545634920635,2.0816681711721685e-17,0.15553600766027492,0.4279697124359252,7.073641012861719,3.6463586834636037,2.8782565412996584,0.373558435445558,0.13629117661201204,0.102979110501587,-0.0006728318884308832,0.08729787126866669,-0.07644352017688932,-0.012110827306694653,0.24347599838881945,0.033111744268534915,0.85,0.09852300365312874,-0.003919060431591268
search,1190021,1,54,False,0.0015834800966658508,0.961478151839632,0.8890931165284538,1.937624007936508e-06,2.7755575615628914e-17,0.1746261626959214,0.4165417284683395,4.622573591747987,3.4244401602755046,3.205497989347082,0.37648362635718835,0.16316167990666794,0.15216448145647737,0.044904835661605955,0.08125018597230885,-0.027525411678366397,0.0030654742684316965,0.31295191903166325,0.023930971548439484,0.79375,0.15186238209765046,0.04288758951681472
search,1190021,1,55,False,0.00019392323549094676,0.961478151839632,0.8890931165284538,0.0003642733134920635,2.0816681711721685e-17,0.1548599056621994,0.43817183048806485,7.347737810661983,3.71017395175095,2.874832649724884,0.4133257100321216,0.14110467833776247,0.12969805429289502,0.024387723972125002,0.08315844169042129,-0.046118078105778476,0.0002439743329961403,0.22803452684411069,0.035526273220851515,0.85625,0.1286003635820927,0.023403658135475968
search,1190021,1,56,True,0.0,0.961478151839632,0.8890931165284538,1.5500992063492063e-05,2.0816681711721685e-17,0.1725889839074758,0.41285135528745637,4.624335263648961,3.3692823814592128,3.2207288809457024,0.39394303694273103,0.13492413410325693,0.11825209485396326,0.02223482706217758,0.08162912055362984,-0.06765241326539731,-0.01842082255983981,0.2515238672439444,0.016960011293798778,0.75,0.11418598320166166,0.01846715290335087
search,1190021,1,57,True,0.0,0.961478151839632,0.8890931165284538,0.00010269407242063492,2.0816681711721685e-17,0.17013554199419606,0.41272057153624275,5.036578300208255,3.4577312902944803,3.0965148826211344,0.4536581716834153,0.11617764775000135,0.1217734887481601,0.03419306167007088,0.08016735404649114,-0.05859687741650138,-0.011939904295349902,0.20889598986762614,0.017810536988759687,0.7437499999999999,0.11862589081975743,0.031199611303618334
search,1190021,1,58,False,0.0009051367927483183,0.961478151839632,0.8890931165284538,1.5500992063492063e-05,2.0816681711721685e-17,0.16382044848168353,0.4256001674826887,5.785245222229449,3.5618650985561873,3.097278517009734,0.3697707387889115,0.162662122387563,0.12242690071317926,0.011784552981402244,0.08368175300535896,-0.06368589032894156,-0.011693725912660852,0.2796262649858673,0.029736549895837183,0.8375,0.11939849498152266,0.0083208526510853
search,1190021,1,59,False,1.9374911320071884e-05,0.961478151839632,0.8890931165284538,9.88188244047619e-05,2.0816681711721685e-17,0.16138417134268399,0.4143170704431496,6.1485586050853485,3.509868580997939,3.0443403984683988,0.4840757961926152,0.10904026307224289,0.08756091821887009,0.012425008926906424,0.08579738964062648,-0.06506375775898143,-0.008725988733311351,0.2407099171779432,0.02862001941199288,0.83125,0.08305237191689877,0.008383717391283227
search,1190021,1,60,False,0.0003752102654460191,0.961478151839632,0.8890931165284538,0.0001472594246031746,2.0816681711721685e-17,0.16572453749315397,0.4808462364388732,6.713063533613771,3.7234847042716868,2.918038158776099,0.3507941408200192,0.15632357287055554,0.16415887556242137,0.04485434221553429,0.08368596110653058,-0.013827338872000283,0.003467244240412498,0.22726939633870452,0.02945134055062715,0.825,0.1658641365092404,0.04488999489245786
search,1190021,1,61,False,0.0002811141830259078,0.961478151839632,0.8890931165284538,0.0006607297867063492,2.0816681711721685e-17,0.16149823625903398,0.44154818981685984,6.760128543439434,3.6577283526791415,2.8696724878746016,0.3143695441813006,0.13388019102634283,0.1402067688931539,0.039531662674457,0.08052169208583404,-0.037706799573952884,0.0019257443569735229,0.21688977777395957,0.03012580099454616,0.8500000000000001,0.13991113599846766,0.0386416497810415
search,1190021,1,62,False,4.43238212894047e-05,0.961478151839632,0.8890931165284538,0.0,2.0816681711721685e-17,0.1697793655545359,0.40325322096431365,4.962248330745838,3.3693065421775525,3.1814005034663086,0.3701740880049824,0.13025793900950555,0.09099074907804244,0.011105295936689602,0.08395586904873455,-0.06218479454671266,-0.010108343570437307,0.3042720887149536,0.024545855607478424,0.8187500000000001,0.08692575831786123,0.007277501537992677
search,1190021,1,63,False,2.834073134080808e-05,0.961478151839632,0.8890931165284538,9.88188244047619e-05,2.0816681711721685e-17,0.15995892720549762,0.4262412697837793,6.370472554296564,3.647155342968883,2.9703668992673333,0.3321507649306733,0.15418464639667112,0.12476943852517214,0.016415589164544896,0.08295921801153351,-0.05535265885868776,-0.004848428000405994,0.2639465297707071,0.03360784198349911,0.85625,0.12262218800228888,0.014417670798710421
search,1190021,1,64,True,0.0,0.961478151839632,0.8890931165284538,3.293960813492063e-05,2.0816681711721685e-17,0.16947648314425573,0.42073517924725135,5.106486885118942,3.505972062841519,3.1095760214869026,0.33501712464140554,0.146113210721661,0.1334015915387794,0.028075755880353815,0.08074575605208924,-0.0582960508514794,-0.012004508757057221,0.24827888330175252,0.021732429090519693,0.7749999999999999,0.13072887825594665,0.024737392058101916
search,1190021,2,0,False,0.0001894763419866777,0.908480562565556,0.964496868646665,1.5500992063492063e-05,2.0816681711721685e-17,0.17106916572820352,0.4214480572057683,4.872915329852848,3.5773410535988446,3.0686732567066075,0.3348497888722013,0.14658540907871792,0.1754113033941966,0.05760557448283097,0.08264293866978725,-0.038352115502928136,0.00014890401943838194,0.24587185284664792,0.02183827142224553,0.7875,0.17494685198254173,0.05583796883960739
search,1190021,2,1,True,0.0,0.908480562565556,0.964496868646665,0.00019376240079365078,2.0816681711721685e-17,0.16191187290536282,0.41849015374299614,5.948825575012188,3.524940598335454,2.9902944229118225,0.3924138626290966,0.11289681064414904,0.1128551477596319,0.021078120877354993,0.08874606151640022,-0.07388175767884163,-0.017151400406242724,0.22030749680950906,0.0224676735818205,0.8,0.10803036323986465,0.017283935925422905
search,1190021,2,2,False,0.0005802497602465488,0.908480562565556,0.964496868646665,0.00015694754464285715,2.0816681711721685e-17,0.15994249351491488,0.4669995511149444,6.809222653461835,3.7794564374729314,2.895323678260268,0.33847598107336124,0.16105852255658418,0.17236542130051732,0.04163541015155829,0.08570789615297977,-0.02458659001047504,0.00444496269723169,0.2451052085619026,0.0349431706014791,0.8625,0.17311841825489532,0.04061810181025317
search,1190021,2,3,False,0.00018099155054683805,0.908480562565556,0.964496868646665,2.3251488095238094e-05,2.0816681711721685e-17,0.16399006924711046,0.41068509894506955,5.515695270957412,3.5105170577443303,3.0013213280085234,0.35129082076135565,0.12255722976197798,0.1274677394542806,0.040423367368686444,0.08566947338535251,-0.05499999186103865,-3.564046700256984e-05,0.252099413831386,0.02693878477556869,0.83125,0.12498236679713998,0.038031051944023446
search,1190021,2,4,False,0.020398737443519076,0.908480562565556,0.964496868646665,9.106832837301587e-05,2.0816681711721685e-17,0.1626857072684003,0.4263206346862549,5.734859158290663,3.528241024121206,3.037197502977917,0.34852421511342857,0.1728541733803658,0.15201034844965944,0.01758171127607258,0.0868540533018688,-0.0693537819109864,-0.015432253248437146,0.2816401012555336,0.02907319750348588,0.83125,0.14909703697328103,0.01442563805164115
search,1190021,2,5,False,3.598587502189263e-05,0.908480562565556,0.964496868646665,0.0002945188492063492,2.0816681711721685e-17,0.1565719829025804,0.4234337332428182,6.397283041399347,3.6182648752563726,2.957134472491555,0.34964850591093516,0.14795966858158416,0.13072956692081794,0.01149068866024013,0.08963103355078852,-0.07618153427966115,-0.012436702392693295,0.2538720783864348,0.030589852040410835,0.8500000000000001,0.12700021252901844,0.007894144721242165
search,1190021,2,6,False,0.00012167725772543417,0.908480562565556,0.964496868646665,9.688120039682539e-06,2.0816681711721685e-17,0.16917124517421372,0.4136619648082057,4.912522293336702,3.4867120633599527,3.0516611271256004,0.2714581601077787,0.14726383267314844,0.15011314307263965,0.044248423168797055,0.08401719149857674,-0.05011918397697261,-0.0014698010404363216,0.28565006504157,0.025205432496722312,0.83125,0.14850452826024255,0.041795584803328525
search,1190021,2,7,False,0.0007217079384122106,0.908480562565556,0.964496868646665,3.8752480158730157e-05,2.0816681711721685e-17,0.16467954522773032,0.4339936648840891,5.797158425652995,3.6636743729018253,2.959447492871689,0.3384900262489008,0.13729383657737518,0.17046580726522592,0.0580488961647533,0.0837716526192618,-0.025348399776419582,0.007903856479725191,0.22203180718442575,0.027169658839400708,0.83125,0.17143034695233184,0.05702163339452089
search,1190021,2,8,False,1.7541574194197308e-06,0.908480562565556,0.964496868646665,1.9376240079365078e-05,2.0816681711721685e-17,0.16897782460355587,0.4120491018393039,5.1045990772765215,3.382437058556288,3.1228299795065873,0.4824296698131048,0.11139710676747698,0.1093105336165216,0.014225199043069178,0.08601989565274379,-0.07725841838175806,-0.02718441224624802,0.23040228972833482,0.016686613540099128,0.7562500000000001,0.10365457104232642,0.009371846346120108
search,1190021,2,9,False,1.6092329937940665e-05,0.908480562565556,0.964496868646665,5.0378224206349204e-05,2.0816681711721685e-17,0.17023404085395774,0.41809878443730475,4.859634359064039,3.540949839673596,3.0816858293537863,0.36883299208801096,0.1370145372661792,0.16697593043963269,0.05346780135476945,0.0815539100852733,-0.04984890435234188,-0.005625177413074729,0.22631252881554012,0.018925741862606708,0.7625,0.16545626279136608,0.05130314972614484
search,1190021,2,10,False,0.004915425312029322,0.908480562565556,0.964496868646665,6.781684027777778e-05,2.0816681711721685e-17,0.15447653395844757,0.424001359455913,6.60851961902606,3.652392015176341,2.899794961665194,0.3636361462607892,0.16578679569437554,0.12943380698116946,-0.0013510088726202112,0.09039374188858315,-0.08104874514915804,-0.014607553115249545,0.2796278061163211,0.03506641911970353,0.84375,0.12566907858395163,-0.005026059716045183
search,1190021,2,11,False,1.1857938002660626e-05,0.908480562565556,0.964496868646665,3.875248015873016e-06,2.0816681711721685e-17,0.16870999184361027,0.4022808367559491,4.990398009823186,3.4266523937275983,3.225133069284915,0.4662532581243375,0.11594858837431049,0.11334746494824904,0.03585698426587357,0.0832903941654016,-0.05671727735272165,-0.0059614268754434015,0.26963422786462954,0.02282242814402438,0.8062499999999999,0.10994847184588119,0.03271709904219975
search,1190021,2,12,False,2.2296173668930854e-05,0.908480562565556,0.964496868646665,0.00022863963293650794,2.0816681711721685e-17,0.15790607065853624,0.43437616581401184,6.3901586439783955,3.6430851022257924,2.9053637406125956,0.3911026150940755,0.16042496941856838,0.15629770993739117,0.02346647700477374,0.08659006833300271,-0.05922581136257816,-0.00830902191839352,0.24959706203957757,0.03167936535330049,0.8625,0.15426500198025098,0.020964544024199658
search,1190021,2,13,False,0.00029408347177749185,0.908480562565556,0.964496868646665,0.0023755270337301585,2.0816681711721685e-17,0.15506994237296273,0.4398333521607931,7.211209145332809,3.7472641392164068,2.837511501474776,0.316739229192592,0.1310148953691649,0.15179367380560155,0.03730104411315742,0.0870454727397415,-0.0510406294170004,0.0021521263710134585,0.21367255652333128,0.03149920953927095,0.8499999999999999,0.15039261673368665,0.03562088862112185
search,1190021,2,14,True,0.0,0.908480562565556,0.964496868646665,0.0,2.0816681711721685e-17,0.16804884058836783,0.40871179935290997,5.030707611572102,3.408819439591901,3.1596387558038486,0.3217913807933696,0.14498723350878812,0.11958011647513549,0.025342116843234338,0.08511656216452415,-0.06404451396015062,-0.00904904680085978,0.3212489699640286,0.026669575182648803,0.83125,0.11620106810314858,0.021969284746013257
search,1190021,2,15,False,0.0002113392833054979,0.908480562565556,0.964496868646665,0.0003429594494047619,2.0816681711721685e-17,0.15390688913888767,0.42187716112542095,6.793738220399776,3.6177963231248755,2.9884315431192823,0.37808053006259545,0.13854126014975332,0.11543580090014127,0.006495554913504113,0.09267846544015362,-0.07896348223210525,-0.01079125639147753,0.25890287857089467,0.033575380516467426,0.86875,0.11112834508042935,0.002826638078647515
search,1190021,2,16,False,5.956923400953558e-05,0.908480562565556,0.964496868646665,7.750496031746031e-06,2.0816681711721685e-17,0.17594025954436077,0.40758421133336165,4.117742164423004,3.4319213743954053,3.1906667439875127,0.3342678249683762,0.13645379581730996,0.17205525101465924,0.06457054121221935,0.08028473548338935,-0.04355073222199688,-0.003430878418348022,0.243424163079823,0.015396009285341586,0.74375,0.1708374098533484,0.06267666783563143
search,1190021,2,17,False,1.3301304239649826e-05,0.908480562565556,0.964496868646665,0.00042240203373015875,2.7755575615628914e-17,0.15323335989243234,0.41837488504473674,6.651639697998736,3.7214850079567903,2.8920113503474667,0.3557296645575215,0.13614852337965272,0.13323326341315425,0.019701263621600414,0.08917093756170184,-0.06699564238761685,-0.005840919573280181,0.22671581665725518,0.03075779883704518,0.85625,0.1301864607257121,0.016795532240601478
search,1190021,2,18,True,0.0,0.908480562565556,0.964496868646665,0.0,2.7755575615628914e-17,0.17499671233175412,0.395950812162285,4.030325140749922,3.2831692860906743,3.3041928871157884,0.324679172410653,0.13721193587235075,0.12934028589216345,0.04119989200774501,0.08146153032625274,-0.055896574586935865,-0.009202832198045253,0.3122050827783032,0.01792539774487727,0.775,0.12635708660607342,0.03840881482499476
search,1190021,2,19,False,0.0008754094842684313,0.908480562565556,0.964496868646665,0.0005095951140873016,2.0816681711721685e-17,0.1613382776790661,0.4199004903033564,5.921014485969874,3.635013343258978,2.926586300762952,0.3283131199615902,0.12642997130223022,0.1486600574246535,0.0514515398081056,0.08583921174738962,-0.03725670934624607,0.009515693234772395,0.2306830005682939,0.029880952855554983,0.84375,0.14836351118292476,0.05073174080319609
search,1190021,2,20,False,0.00016586796003289494,0.908480562565556,0.964496868646665,3.8752480158730157e-05,2.0816681711721685e-17,0.16030249476698769,0.4226019385149389,6.006305631346111,3.5440352305094507,3.051713105964345,0.3619960199881063,0.14695715998477377,0.12224810192957158,0.007465800465725807,0.08953457392084195,-0.08248555227730299,-0.01794808571595133,0.26804817875689413,0.027695379087842635,0.80625,0.11774856303693476,0.0030757059979554142
search,1190021,2,21,False,0.00021162763954478195,0.908480562565556,0.964496868646665,1.743861607142857e-05,2.0816681711721685e-17,0.161032731081855,0.42094838527314893,6.014284897715129,3.531654710621627,3.036390978953424,0.3704929730646447,0.13656519161273972,0.11546111580495064,0.006489755059740466,0.08982720635113821,-0.08338524881396861,-0.020692429605496235,0.259396778247033,0.026085155609867093,0.7999999999999999,0.11048330625673551,0.0017060858866115754
search,1190021,2,22,False,0.0007942202438104075,0.908480562565556,0.964496868646665,0.00010850694444444444,2.0816681711721685e-17,0.1678467272050315,0.42290248827407906,5.318762032548092,3.6046411960000784,2.9575702774193875,0.31650113303322547,0.1437154096705477,0.16612075119185576,0.055236463171451256,0.08451488618312394,-0.02999041882709584,0.008683692742518687,0.2598376234208919,0.028024698032036156,0.8500000000000001,0.16652413004758043,0.05405516941456104
search,1190021,2,23,False,2.7899541918515943e-05,0.908480562565556,0.964496868646665,9.688120039682539e-06,2.0816681711721685e-17,0.17145176829398265,0.4042211084026809,4.6167769508019845,3.413745640276866,3.1715156613464437,0.39456197559773193,0.11980088868258154,0.13627388666136858,0.04969585642152081,0.08171969640618676,-0.0532239319061822,-0.004873054995857655,0.2476258182421944,0.018945976128426176,0.7875,0.13375314649614062,0.04745422761820578
search,1190021,2,24,False,0.022255629613008508,0.908480562565556,0.964496868646665,0.00024026537698412697,2.0816681711721685e-17,0.15126005488198674,0.43196702455635494,7.09773212122118,3.68827666649091,2.912820849485742,0.4065833343830726,0.17318701025743352,0.14342110161926805,-0.0014095848266748312,0.0912146084572403,-0.07556182910799433,-0.01565515712621987,0.26863027078572743,0.03750964512282899,0.875,0.14011446932170793,-0.004933220014380161
search,1190021,2,25,True,0.0,0.908480562565556,0.964496868646665,0.00011819506448412698,2.0816681711721685e-17,0.1622429112846857,0.41743186410634225,5.719916708821673,3.5892552878761763,2.990419746570542,0.345269540710312,0.12491605275682795,0.13693428465483126,0.033720016841056744,0.08648216644241814,-0.06483752167319282,-0.0097311449672029,0.21306915889277284,0.022224045879834314,0.79375,0.13384183163099272,0.030862043026791207
search,1190021,2,26,True,0.0,0.908480562565556,0.964496868646665,2.3251488095238094e-05,2.0816681711721685e-17,0.16674349985451806,0.4138582436077136,5.2205605727291555,3.449733666439675,3.085083751308613,0.36036555352940125,0.13050342011188582,0.12685460746807425,0.03251807699068748,0.08553653271450244,-0.0654075195999047,-0.009295189261951043,0.2635997151676535,0.023509649795253176,0.8125,0.12339564168884208,0.029408417483555174
search,1190021,2,27,False,0.0032310496487790536,0.908480562565556,0.964496868646665,0.0010308159722222222,2.0816681711721685e-17,0.1488474765174608,0.43013986042102276,7.691036389153181,3.702637742614419,2.8236385602183676,0.35918490826322624,0.164515743473475,0.1373499662195767,-0.0006264691567899622,0.09205798672123358,-0.07455065947507031,-0.008170788082840186,0.27547450966277987,0.04192902474722499,0.9,0.1340974859925441,-0.003457964868355471
search,1190021,2,28,True,0.0,0.908480562565556,0.964496868646665,0.0,2.0816681711721685e-17,0.1754220639652247,0.40112536224934114,4.076424593962875,3.347784280989685,3.3124487544724457,0.4211479698934958,0.1257970776663935,0.1457881945768561,0.053520374681752046,0.08076893205549385,-0.05395070805449108,-0.008359506813988985,0.2538627507022467,0.01489220717544279,0.7562500000000001,0.1432130407406227,0.05108212988778595
search,1190021,2,29,False,0.00010760854992813926,0.908480562565556,0.964496868646665,0.0,2.0816681711721685e-17,0.17456300769078015,0.39431503865359796,4.2091684798531475,3.3403770599486178,3.249356376841237,0.4494473242703833,0.10739484936824718,0.13562941600242606,0.05924214127406445,0.07890371489918899,-0.04445466226597524,-0.0018589151738462864,0.23485658456257658,0.015706464631982275,0.76875,0.13362302269734908,0.057105076449310434
search,1190021,2,30,False,0.05564912421573112,0.908480562565556,0.964496868646665,0.00030420696924603175,2.0816681711721685e-17,0.14818219129874094,0.42559904583340874,7.509349227658694,3.697406606904036,2.9088321780922177,0.4209602605389159,0.18068084319305838,0.12782539462606204,-0.016213965761308066,0.0946632059390913,-0.08368024199882743,-0.014342820780066698,0.30231739522307216,0.04462833737759026,0.90625,0.12415859354236086,-0.019807237311686376
search,1190021,2,31,False,3.372738030686353e-05,0.908480562565556,0.964496868646665,0.0015210348462301587,2.0816681711721685e-17,0.1575771188788353,0.4236352746293143,6.6226397691412915,3.5957681925739453,2.9090314919920117,0.33733609809237286,0.12095412591782666,0.1230504136649816,0.02763028668933329,0.09035995732721136,-0.06646301920482445,-0.004561943483323083,0.23482528716164852,0.029814306562949113,0.8375,0.11937235069751184,0.024411360564248145
search,1190021,2,32,True,0.0,0.908480562565556,0.964496868646665,2.5189112103174602e-05,2.0816681711721685e-17,0.16402231258959332,0.4310744874044279,5.733888383686908,3.6215161044956306,2.955989179870593,0.3899447174207948,0.15920559584002322,0.16952903519078022,0.0375009110387244,0.08414809904612733,-0.05125717105807809,-0.008074086009477576,0.2432906007783704,0.026444457047117297,0.825,0.16805696658436564,0.034824801346413956
search,1190021,2,33,False,0.003862600851096284,0.908480562565556,0.964496868646665,0.0004863436259920635,2.0816681711721685e-17,0.14356966752863048,0.4198131527842594,7.88776488354484,3.7482237028825898,2.860730730772612,0.39755314117188834,0.1626648697203917,0.1215670890741685,-0.01696621509171858,0.09407253472088625,-0.08677409447177822,-0.012926177202950664,0.2704022499512658,0.04223962717803304,0.89375,0.11710218819540302,-0.021004047147528748
search,1190021,2,34,False,0.00045700847507138074,0.908480562565556,0.964496868646665,1.937624007936508e-06,2.0816681711721685e-17,0.1765456615994953,0.3988091375771782,3.9504801700545182,3.4294125692627473,3.255041365632872,0.38611965116277336,0.1416582239326996,0.162963468814679,0.062325397290857634,0.08029747617053928,-0.032843257461892914,0.004655631877050485,0.297755482356749,0.01892437581543018,0.7875000000000001,0.16251111764938975,0.06094218540209021
search,1190021,2,35,False,0.0003662822378075388,0.908480562565556,0.964496868646665,0.00013175843253968253,2.0816681711721685e-17,0.16234035101793076,0.41729320736656195,5.775177231165211,3.6132856853999757,2.9246755519806973,0.33784808744919204,0.13790905355820562,0.1466527391212728,0.042281551508509575,0.08601133649027826,-0.04719377273331363,0.003329992859264354,0.253743762713787,0.030124758739562205,0.8625,0.14546614229341087,0.04052979470563076
search,1190021,2,36,True,0.0,0.908480562565556,0.964496868646665,2.712673611111111e-05,2.0816681711721685e-17,0.16317974726601542,0.41814732796470555,5.666713512134765,3.5074493270386613,3.055371703645373,0.3709450287445864,0.1329387141623486,0.1225613470515595,0.021554744712930306,0.08805491284343443,-0.07353287062620453,-0.013224611017950558,0.25585479425131197,0.025081848694288242,0.80625,0.11848399522408175,0.017622391895580316
search,1190021,2,37,True,0.0,0.908480562565556,0.964496868646665,0.00011819506448412698,2.0816681711721685e-17,0.16008722254971988,0.41632102301633933,5.993275606983941,3.5493003427175704,2.955140013013828,0.3544912265329682,0.11752711895192862,0.12100193314360383,0.028622790739520645,0.08869639651884631,-0.06813419731905698,-0.009654002675802131,0.21944456740859328,0.024404680502420034,0.8062499999999999,0.11714760599644714,0.025413288045217135
search,1190021,2,38,False,0.00010823514574609722,0.908480562565556,0.964496868646665,0.00030033172123015875,2.0816681711721685e-17,0.1613706934256775,0.42497593393976296,5.949429244653466,3.63627922366045,3.0105644263823246,0.37707169705182825,0.1519969492160887,0.1516631329219909,0.034152904167837,0.08659535849876526,-0.053671520699432235,-0.0018410616078125756,0.2616733398443817,0.031167621352647387,0.85625,0.1500371845618968,0.031621382647482627
search,1190021,2,39,False,6.839490986336341e-05,0.908480562565556,0.964496868646665,9.688120039682539e-06,2.0816681711721685e-17,0.17242546883763848,0.394909716935575,4.488354589346239,3.3818940357244966,3.180597895375043,0.4451061396763866,0.09812674825262735,0.11750165757955934,0.05200570579968565,0.07943798255376687,-0.046319353734440405,-0.003104088063460108,0.22940174543121386,0.017032822905412345,0.7625000000000001,0.11477871890899238,0.049538835413841
search,1190021,2,40,False,0.027626499483876056,0.908480562565556,0.964496868646665,0.00010850694444444444,2.0816681711721685e-17,0.15396366039272946,0.4273687689821556,6.6771063780000395,3.655436808667257,2.978633461529817,0.41265867071986395,0.17461555385314104,0.13690283927909744,-0.005718826608430443,0.09097143391734215,-0.08402989860577562,-0.02040797204140653,0.2760738612753082,0.03430225583553832,0.8500000000000001,0.13289321493531178,-0.009946497940334208
search,1190021,2,41,False,0.000260119815885043,0.908480562565556,0.964496868646665,0.00038171192956349206,2.0816681711721685e-17,0.1628881886572207,0.42786496324181406,5.764810539753409,3.6718776609341406,2.980992405592148,0.42734600473036544,0.12429467290423052,0.15972849402650213,0.056613210436598574,0.08297190327067352,-0.03996786649121937,0.00154791239770955,0.1939270415676878,0.022993378476553288,0.78125,0.15940063558053436,0.0554162138736372
search,1190021,2,42,False,0.008934315414170165,0.908480562565556,0.964496868646665,5.425347222222222e-05,2.0816681711721685e-17,0.1597029161008216,0.42546331696494,6.059273605910826,3.5173758555525216,3.0520368641272126,0.3438927288045543,0.16807947100804121,0.12683146044774943,-0.0023077108636943844,0.08972358002201228,-0.08662978396445309,-0.021159764552154285,0.2942828699841937,0.03049206632799032,0.8374999999999999,0.12242097498214594,-0.006539540594117137
search,1190021,2,43,False,0.00014710754296808643,0.908480562565556,0.964496868646665,0.0015462239583333333,2.0816681711721685e-17,0.15049154581424812,0.4324081487743743,7.665134376077145,3.720496351986676,2.8621035574834544,0.34094986789287685,0.15399993666071168,0.13780640889696663,0.00922465847520194,0.09130903405978986,-0.07012387665866798,-0.003828870241480927,0.26505032162858777,0.040095045227839354,0.8875000000000001,0.1348187812311048,0.00691781251278826
search,1190021,2,44,True,0.0,0.908480562565556,0.964496868646665,0.0,2.0816681711721685e-17,0.177467461025897,0.39891667380585344,3.7361749733369862,3.2711357989168235,3.342365431961891,0.32360529461195264,0.1414911223627912,0.14894180555467892,0.0502476973776816,0.08108883299672767,-0.05777156282281598,-0.012660996110432896,0.28557572561865363,0.013388655789251153,0.7562500000000001,0.1459767641170333,0.047297829626842744
search,1190021,2,45,True,0.0,0.908480562565556,0.964496868646665,0.0,2.0816681711721685e-17,0.17118923095022298,0.40583846034109333,4.676974059727405,3.366953129062219,3.1491934343530943,0.4416349681582673,0.1197112460033414,0.1263923318456332,0.039210992612743314,0.08296574631812986,-0.0628726420976364,-0.012303320676584961,0.24982808704855733,0.01779851027148486,0.7625000000000001,0.12269088629570934,0.03587679844174119
search,1190021,2,46,False,0.0001284981559237701,0.908480562565556,0.964496868646665,0.0003603980654761905,2.0816681711721685e-17,0.1541279228608813,0.4292011028363342,6.808329591113674,3.700752333622864,2.901107451027761,0.3676630485899983,0.16036981565020703,0.14540535014019848,0.01905430353206721,0.08859118569826821,-0.057718665741095014,-0.0017456731431932304,0.2686346888540737,0.03849617822878831,0.90625,0.14358711941065838,0.016877025349958833
search,1190021,2,47,True,0.0,0.908480562565556,0.964496868646665,0.0002189515128968254,2.7755575615628914e-17,0.16200912251357008,0.41734179652262293,5.92899306156387,3.5194157105358936,3.0654388769097602,0.4381127967562806,0.12320429588523438,0.11383410530692764,0.021759289595002104,0.08892752263989968,-0.07061547831412367,-0.011508803743042773,0.2538837530906075,0.0266903960558735,0.8187499999999999,0.10956815332309469,0.018060959693235165
search,1190021,2,48,False,8.217862871369341e-05,0.908480562565556,0.964496868646665,1.5500992063492063e-05,2.0816681711721685e-17,0.16797453524459938,0.41744686863211333,5.119799673916051,3.5750776671626356,3.0280843703701033,0.35038742956063995,0.13316365445774006,0.16096642464587724,0.05290274047414926,0.08232581156547492,-0.04776517112616907,-0.002633376207193591,0.22335010406342332,0.0211807902003839,0.7875,0.15973065866637132,0.0509092741966863
search,1190021,2,49,True,0.0,0.908480562565556,0.964496868646665,5.8128720238095235e-06,2.0816681711721685e-17,0.1704081030860678,0.40587812574840465,4.851272408022857,3.363391083288084,3.1064632248167747,0.46952927131563227,0.10807818782861181,0.11262446392572618,0.02825333124823199,0.08363395458450243,-0.06836960064160105,-0.02010753051796582,0.23048431815281267,0.016114801026604043,0.76875,0.10774596819091153,0.02428987945755888
search,1190021,2,50,False,0.00030099115577581956,0.908480562565556,0.964496868646665,0.0001414465525793651,2.0816681711721685e-17,0.16080435336459087,0.42630063288616726,6.018783407351808,3.6942416894720043,2.9094947727871587,0.2985110295220333,0.14284105095509508,0.15591336437159853,0.0432429840384574,0.08542015402832928,-0.04391168318318703,0.0022706652373552143,0.23599017540715173,0.02983579268890349,0.85,0.15521108392489164,0.04150968248672541
search,1190021,2,51,False,0.0008750529713026348,0.908480562565556,0.964496868646665,9.688120039682539e-06,2.0816681711721685e-17,0.16833850158564329,0.4086102492442766,5.056818464511961,3.5524860254771378,3.0323925883751444,0.3127265145569438,0.12699984798514133,0.14920553280090654,0.0551174568915892,0.08347150050765417,-0.03409398998362909,0.009512126213986883,0.25936371807547876,0.026351372100616423,0.8187500000000001,0.14898956892381,0.05388445310772809
search,1190021,2,52,False,0.0017323618255320231,0.908480562565556,0.964496868646665,0.0006587921626984127,2.0816681711721685e-17,0.15291838403414734,0.42944686342335214,7.053737216203992,3.5999535668052007,2.930608958787167,0.4041917105779497,0.16079748195226667,0.12397758238038722,-0.00879049133331685,0.09269297856954538,-0.08773916066248952,-0.017150183115364728,0.27792143204000325,0.03585373454156384,0.84375,0.11941737207944586,-0.01247297762288995
search,1190021,2,53,False,0.00036081658351846995,0.908480562565556,0.964496868646665,0.001003689236111111,2.0816681711721685e-17,0.1534363684775909,0.42709660151861717,7.024904705738701,3.64009360637154,2.952997532068702,0.38039322575033707,0.13931702116399236,0.12181013175270852,0.003887824007215851,0.09184690582447579,-0.08174838376926741,-0.01325705304003778,0.24777857634813938,0.03222194180366145,0.85625,0.11723970008411454,-0.00011109105746299856
search,1190021,2,54,False,0.002188977749747724,0.908480562565556,0.964496868646665,0.0,2.0816681711721685e-17,0.17350828560800496,0.4150933688717935,4.4852417681719166,3.484780475301643,3.071387914541639,0.2169193668709729,0.16392140022731014,0.17090362447612156,0.05444065683770938,0.08359814653078632,-0.03445440686835053,0.0020907056633113147,0.3123618452529867,0.023949290215348425,0.83125,0.17043335468248288,0.05269298281924821
search,1190021,2,55,False,0.00020284098276194648,0.908480562565556,0.964496868646665,0.0003933376736111111,2.0816681711721685e-17,0.1527576983205968,0.42894768899550084,6.85659971987657,3.778489588229845,2.802650020822992,0.35871129410013214,0.14428064421089942,0.14640299074912191,0.029635168581016127,0.08759973795789136,-0.05266160287615346,0.0004313974039113341,0.23276610061014125,0.034541124687011523,0.8625,0.14482604948132588,0.027589648158147916
search,1190021,2,56,True,0.0,0.908480562565556,0.964496868646665,1.1625744047619047e-05,2.0816681711721685e-17,0.17126699891548552,0.41399814773895577,4.6520577000745496,3.3606849233587788,3.1452434725574308,0.383618933340382,0.13689514128173913,0.13643717746798473,0.031096109612422485,0.08427121839141233,-0.07333141799318145,-0.019497501149589924,0.2546708325024476,0.01638383168847829,0.7312500000000001,0.13228052775088667,0.027385873848886667
search,1190021,2,57,True,0.0,0.908480562565556,0.964496868646665,0.00011044456845238095,2.0816681711721685e-17,0.16891960527274855,0.4134496170988542,4.988229269685281,3.4605514949515026,3.11918785514522,0.4312786556339354,0.11820869397695749,0.13946348688895535,0.043960705576397224,0.08398364119111384,-0.06286728830429922,-0.011869900283848935,0.21231354161997806,0.016969281658205902,0.74375,0.13619913057655098,0.04108188141828772
search,1190021,2,58,False,0.002862182450134134,0.908480562565556,0.964496868646665,1.5500992063492063e-05,2.0816681711721685e-17,0.16181804669423028,0.42292817315066367,5.7971963599624035,3.5785670649284045,3.053906156089785,0.37257800269644153,0.16481494318202058,0.1409987887927174,0.01646363761803927,0.08760125721543002,-0.07243389090019482,-0.013764281543776829,0.2827540433448962,0.029530195378629033,0.83125,0.13783467301586713,0.013531400002452561
search,1190021,2,59,True,0.0,0.908480562565556,0.964496868646665,0.00011238219246031745,2.0816681711721685e-17,0.16016380391671006,0.4138142468168404,6.169295219333282,3.54429880113435,3.0228660979332367,0.3963985502199245,0.11115974544637974,0.10436104058636664,0.020942226120673278,0.0894803557934607,-0.06671068707291011,-0.009768970114027364,0.24301261322198026,0.028026359257583282,0.8125,0.0998709296136307,0.017667588355643
search,1190021,2,60,False,0.00037467847900768875,0.908480562565556,0.964496868646665,0.00015888516865079366,2.0816681711721685e-17,0.16418939980730918,0.4789082782336752,6.3917972106191705,3.732673698055078,2.9395556804841005,0.3281636379268734,0.15828434356250826,0.18522899731642845,0.05074401168968436,0.08370068262926025,-0.019455796545076072,0.0034591150821933294,0.22976424734693168,0.029834504979400225,0.8375,0.18633635029394846,0.04983750712347159
search,1190021,2,61,False,0.0002993424899366691,0.908480562565556,0.964496868646665,0.0007595486111111111,2.0816681711721685e-17,0.15985170788008143,0.4317115774141628,6.230787557802364,3.704901651068973,2.8780115702434963,0.3217048257338359,0.1365344036427525,0.1596008468270785,0.04682571394311702,0.08507047806788869,-0.043268353539683925,0.002242498054340297,0.22036036640853646,0.02864808845836945,0.8375,0.1588744023646405,0.04526274722041658
search,1190021,2,62,True,0.0,0.908480562565556,0.964496868646665,0.0,2.0816681711721685e-17,0.1687034547518332,0.4051442683352454,4.98179834821252,3.3904541912217745,3.172575666298751,0.36369760023304654,0.13189666448920073,0.10989712336788521,0.021490604987260027,0.084845757073339,-0.06561801430019659,-0.011926631306977182,0.30520418833045637,0.024558332166339195,0.8187500000000001,0.10587890056217164,0.017891859911793265
search,1190021,2,63,False,1.0120635437399239e-05,0.908480562565556,0.964496868646665,9.106832837301587e-05,2.0816681711721685e-17,0.15792540638921712,0.4212014148283571,6.270393239715031,3.6552568140054604,2.952704541013938,0.3564720015609585,0.15669689212031226,0.14301538964526644,0.021382359449636002,0.08810856093773686,-0.06336842800096079,-0.006116673586992237,0.26726323489763015,0.03331689444501716,0.85625,0.14064816759781654,0.018755592439682285
search,1190021,2,64,True,0.0,0.908480562565556,0.964496868646665,2.3251488095238094e-05,2.0816681711721685e-17,0.16788381385729523,0.4206361790805843,5.058344571941389,3.5166665680412277,3.0284717691679885,0.357637869580577,0.14820876886035417,0.1516762359592635,0.03529697635048548,0.08430971152405334,-0.06565095868633627,-0.012628440477066596,0.2516756327590829,0.021061608101771472,0.775,0.14878651073538166,0.03244508378810716
search,1190021,3,0,False,0.00010662344126886444,0.9980844715070453,0.917470984604414,2.712673611111111e-05,2.0816681711721685e-17,0.17125955173887306,0.42593073900748485,5.255628844657761,3.5740514893483013,3.0284444940115605,0.31137617181672445,0.14316994668725055,0.1563897743992252,0.04222959646428538,0.08239777293439379,-0.037544611739037184,-0.0018870892595383576,0.24865283501256827,0.023740277857814993,0.79375,0.15589849246206816,0.04002570870253653
search,1190021,3,1,False,0.0007165187177919776,0.9980844715070453,0.917470984604414,0.0001705109126984127,2.0816681711721685e-17,0.16196126343496892,0.4141722441318375,6.184910292649093,3.595451819674886,2.913710958536182,0.40336405823034743,0.10980278955619055,0.09252583127800551,-0.0006592023486625756,0.08599077405534326,-0.07615188182827365,-0.018591613436983727,0.2238075450528404,0.02495918685159604,0.80625,0.08771775484014954,-0.005893914482474741
search,1190021,3,2,False,0.0003606662489358797,0.9980844715070453,0.917470984604414,0.00017632378472222222,2.0816681711721685e-17,0.1604591310872885,0.4754357584641259,7.447975477892543,3.800746479068323,2.7853033307929485,0.2772723326253691,0.15677669239201883,0.15821924063580164,0.029045937251676607,0.08714797015171491,-0.022934409754975335,0.003242799307426249,0.24617484484919971,0.03655388298391704,0.8500000000000001,0.15912141143404346,0.027915702677554565
search,1190021,3,3,False,0.0001231478583270603,0.9980844715070453,0.917470984604414,3.293960813492063e-05,2.0816681711721685e-17,0.1640349994716074,0.41186465891737123,5.832283076992237,3.5855256945748355,2.977692800707927,0.3573792388864976,0.11918759690644783,0.10660732586793717,0.017332400497610922,0.08621263941062016,-0.05746566953211921,-0.0014304573202745035,0.25573822460297624,0.02939850706048936,0.825,0.10392233199753614,0.013968392877944949
search,1190021,3,4,False,0.01038285008333112,0.9980844715070453,0.917470984604414,0.00010850694444444444,2.0816681711721685e-17,0.16348146616956116,0.43145505937496553,6.009336173053672,3.5998504524903314,2.951821423511931,0.35381805464209704,0.16906436322061874,0.13520928614717814,0.0059502699147251925,0.08744901826995186,-0.06502687934078288,-0.014916857108648072,0.2820352473065296,0.03036799880980527,0.83125,0.1324342249205266,0.002293534864982228
search,1190021,3,5,False,0.0009090040117757247,0.9980844715070453,0.917470984604414,0.00027901785714285713,2.7755575615628914e-17,0.15717644724728702,0.4241197436661177,6.843614385483164,3.6972244633906257,2.885365897868761,0.4309472677137389,0.1436057789991566,0.11377475544780963,-0.0026375706357181575,0.08806636358810169,-0.07433693946006434,-0.01287424369019486,0.2557779221756358,0.03330802290234571,0.85,0.11019648073081476,-0.006540903848000962
search,1190021,3,6,False,8.699561598019574e-05,0.9980844715070453,0.917470984604414,1.3563368055555555e-05,2.0816681711721685e-17,0.16939139814869175,0.4136043578518779,5.2209687531630715,3.553499974563117,3.0747169941512995,0.3580161385499785,0.14403256692443542,0.13005707113530682,0.026204053145307164,0.08576197495852615,-0.04980359493326815,-0.002478330727136647,0.28894641059375187,0.027052900706793656,0.825,0.1283429684021587,0.023142223396076037
search,1190021,3,7,False,0.0005131517956491695,0.9980844715070453,0.917470984604414,5.0378224206349204e-05,2.7755575615628914e-17,0.164793557291274,0.4399653128325943,6.361117387379609,3.6817812426736047,2.840033623115745,0.3058124278985261,0.133095506033081,0.1538704693740927,0.040909964091607486,0.08309861037199913,-0.025922290053343032,0.0054104895850371724,0.22500156524832166,0.02988538436621345,0.825,0.1547369941913413,0.039800609696673504
search,1190021,3,8,False,0.0017093030220209173,0.9980844715070453,0.917470984604414,3.293960813492063e-05,2.0816681711721685e-17,0.16890956213000147,0.4100343951838358,5.4017712318187225,3.464118167511822,3.052366115889522,0.4384647374753438,0.10929076390434511,0.08793301770922266,-0.009186075057997907,0.08544451254246677,-0.07946399400174269,-0.02868026443202595,0.23405063016866684,0.018838111584087297,0.7875,0.08235421033539544,-0.015127741369203678
search,1190021,3,9,False,1.749517987652504e-07,0.9980844715070453,0.917470984604414,6.006634424603174e-05,2.0816681711721685e-17,0.170406564521209,0.42084135552886637,5.207747637960205,3.5920679565635325,2.977366168565136,0.30369078573069064,0.1334352354916652,0.1472986369536542,0.03737343670255125,0.08211529854818261,-0.049256061226637456,-0.007752382740499648,0.22896028299749385,0.020979200807834088,0.7875,0.14577284483502656,0.03448281686896276
search,1190021,3,10,False,0.002450930801642137,0.9980844715070453,0.917470984604414,8.719308035714286e-05,2.0816681711721685e-17,0.1553706031457182,0.4259230368783933,6.794980651086492,3.6830436950720156,2.9292274191282233,0.3779835515611008,0.1617033623135155,0.11397169994817083,-0.011761610930823996,0.09015204917446944,-0.07741154862749465,-0.013978048385200037,0.28060342549006995,0.03632077730388632,0.84375,0.11037242145799873,-0.015522934449395783
search,1190021,3,11,False,0.00011660365213058488,0.9980844715070453,0.917470984604414,7.750496031746031e-06,2.0816681711721685e-17,0.1685594374608872,0.40289261603383814,5.36229086119301,3.468613579256509,3.0879404132991275,0.4117495932445974,0.11338599518451264,0.09040050992566691,0.008694905201324404,0.08521647345512778,-0.06026350273543034,-0.007607461044155489,0.27295886199233266,0.025202115938261587,0.825,0.0867682205696465,0.00493522472162208
search,1190021,3,12,False,3.467798051456998e-05,0.9980844715070453,0.917470984604414,0.00023832775297619047,2.7755575615628914e-17,0.15862229849459292,0.4427081721490891,6.970100775531968,3.6984853691223734,2.835460017582381,0.3472518512631082,0.15593265599752995,0.14184158913352327,0.011555051251237732,0.08606535479758823,-0.05602791517955068,-0.008969829352071182,0.24999207799973674,0.03366331133980757,0.84375,0.1400602266635888,0.009119125801381665
search,1190021,3,13,False,0.00018366881757796914,0.9980844715070453,0.917470984604414,0.0023600260416666665,2.0816681711721685e-17,0.15537195746781501,0.4468592543922321,8.006514708203607,3.7554182378867704,2.773558861625864,0.35599943284248553,0.1261817517663057,0.13902646786871925,0.023060055320882025,0.08556482753764924,-0.05106482462299369,2.3048577918830318e-05,0.21604285440831664,0.03542203712742968,0.85,0.1377107967471472,0.020852515131389457
search,1190021,3,14,False,0.0003620639918969438,0.9980844715070453,0.917470984604414,0.0,2.0816681711721685e-17,0.16821481588567722,0.40760122895075523,5.278048723813301,3.479469980975047,3.088830399382914,0.3204623886042755,0.14192441092875024,0.09762470142678165,0.0038686321762807785,0.08844881617084888,-0.06484785690380288,-0.00934077098989708,0.32428005186882813,0.028303028258449957,0.83125,0.09413069545814864,-0.00016675258620344607
search,1190021,3,15,False,0.002000403516058587,0.9980844715070453,0.917470984604414,0.00032939608134920637,2.0816681711721685e-17,0.15440039497076813,0.42214507277251045,7.181414386253013,3.689323777646419,2.8563453745445164,0.400878906101519,0.13441000775020615,0.09777513408812158,-0.011164634399951965,0.09064700492495736,-0.07902550728842342,-0.011141100549611755,0.26177055269872507,0.036612366988627534,0.85,0.0935850856002138,-0.015680891381519332
search,1190021,3,16,False,1.7607328415199098e-05,0.9980844715070453,0.917470984604414,1.3563368055555555e-05,2.0816681711721685e-17,0.17598561314759947,0.40961713898685237,4.453750655258739,3.4541251475326558,3.1729210799048073,0.380013919042682,0.13362998028041867,0.15077777567889064,0.04714073561003022,0.08137712077213465,-0.04364913581595395,-0.005515903635986652,0.2466339668031522,0.017250325292292715,0.7687499999999999,0.1494640105827309,0.044560899593837265
search,1190021,3,17,False,0.0001722847172794675,0.9980844715070453,0.917470984604414,0.0004379030257936508,2.0816681711721685e-17,0.15373920899143914,0.4231586273757252,7.325702593673528,3.764401964927431,2.7694185010235945,0.3293322580243506,0.13152110788462545,0.11723093341124659,0.007383204551114474,0.08578633299964104,-0.06614671779116653,-0.007016483520414248,0.2290470579925392,0.034766734248309214,0.85,0.11435701525751599,0.004243151285161419
search,1190021,3,18,True,0.0,0.9980844715070453,0.917470984604414,1.937624007936508e-06,2.0816681711721685e-17,0.17499825707871014,0.3970861679574017,4.315688673335696,3.3546758296940604,3.160801817229581,0.32943373433942913,0.13470914337375595,0.10612806261402816,0.021168766347720254,0.08419746536353244,-0.057319252098712414,-0.010114927024533593,0.3154052832132094,0.01949891980016959,0.7749999999999999,0.10298777305988682,0.017390771984525655
search,1190021,3,19,False,0.0006665975249335213,0.9980844715070453,0.917470984604414,0.0005522228422619048,2.0816681711721685e-17,0.1613941561167222,0.4282400066956129,6.683342778268959,3.70347148490192,2.8064104514090262,0.2674520952430052,0.1221329837292981,0.130393801266787,0.031240568306993476,0.086048963501478,-0.03930464082048928,0.007284581609527347,0.2341533607514821,0.03350242600924711,0.8625,0.12990675412420793,0.028933599338769912
search,1190021,3,20,False,0.0016590375038811151,0.9980844715070453,0.917470984604414,5.0378224206349204e-05,2.0816681711721685e-17,0.16082248761452472,0.4217415600155422,6.153251089400531,3.6118369877568037,2.970064071913524,0.3795395662435556,0.1430966654999286,0.10414328111269922,-0.00882780119452306,0.08825820897673209,-0.08130631088684541,-0.018215613991422484,0.27034479980520326,0.02919076062777123,0.7999999999999999,0.0997360855440515,-0.013549896381246035
search,1190021,3,21,False,0.002167157093880715,0.9980844715070453,0.917470984604414,2.9064360119047617e-05,2.0816681711721685e-17,0.16138879131851921,0.41965625208728063,6.21115958698906,3.6033895600809167,2.9774103396857017,0.41094018596043824,0.13287303790721033,0.09649564987801686,-0.012233349710480488,0.08833378469011388,-0.08341434513237278,-0.02102216969508342,0.2619824002014003,0.0279579965919625,0.80625,0.09159870035344024,-0.017145853716580135
search,1190021,3,22,False,0.000638462962880496,0.9980844715070453,0.917470984604414,0.00012594556051587303,2.0816681711721685e-17,0.16796749775312053,0.4314417526205814,5.764907090933642,3.647733330431924,3.004686068368006,0.36569257283167034,0.1401672026231684,0.14785858229274343,0.037282614205154066,0.08453328639968377,-0.030312363233447496,0.006958552196751867,0.26333576877078874,0.030278690633955146,0.8187500000000001,0.14810746645396589,0.035293955492434644
search,1190021,3,23,False,4.001692995783395e-06,0.9980844715070453,0.917470984604414,1.3563368055555555e-05,2.0816681711721685e-17,0.17138239579713516,0.4062810245302605,4.971822535102261,3.475785078044658,3.0730608552236403,0.3825053714032045,0.11702376241257612,0.11341176713071553,0.02707991221240634,0.08377884040082098,-0.055554245954483016,-0.00681574946313112,0.25112788462693625,0.02114327456217373,0.7749999999999999,0.11065513296686484,0.023622835888703984
search,1190021,3,24,False,0.011053979280480703,0.9980844715070453,0.917470984604414,0.0002499534970238095,2.0816681711721685e-17,0.1523462073132634,0.442119117910474,7.600190174513056,3.663822812898083,2.807356914569228,0.3600944455993782,0.16873747659219407,0.1303229932216419,-0.008610067822835153,0.09130064315140095,-0.07072917955449914,-0.015411150184335956,0.2672521479950067,0.03923758889197407,0.85625,0.12729353927992143,-0.011760458022950115
search,1190021,3,25,True,0.0,0.9980844715070453,0.917470984604414,0.00013757130456349206,2.0816681711721685e-17,0.16246021603497057,0.4162192539249533,6.03532451197054,3.6499345237508387,2.8462219592882207,0.36942381691083764,0.12088631149911507,0.11785211398685619,0.01679968823255011,0.083890592597471,-0.0651385410004808,-0.011454355046013817,0.215949130905272,0.024925553894937814,0.825,0.11475811182841972,0.013185859727128855
search,1190021,3,26,False,6.27787528362439e-05,0.9980844715070453,0.917470984604414,3.487723214285714e-05,2.0816681711721685e-17,0.16688746004923835,0.4132857213112587,5.470324060645513,3.5259755881898776,3.0406081043380504,0.3953987169502622,0.12735143146975644,0.10586674148385072,0.01036486691783466,0.08603822412143683,-0.06658507458273219,-0.010564842352834619,0.26697847688201265,0.025435311769463155,0.80625,0.1023294664364533,0.006411935276624158
search,1190021,3,27,False,0.001934274756468933,0.9980844715070453,0.917470984604414,0.0009533110119047619,2.0816681711721685e-17,0.149782099303153,0.4347287731328729,8.227719293426016,3.7015119652256487,2.8509580340027316,0.4106088384374712,0.159910326622449,0.12058589384612353,-0.01072762795745272,0.09262777397823897,-0.07075702708121995,-0.00778216107106307,0.2758631990628294,0.044340467229393214,0.89375,0.11755507212630509,-0.013579165160002588
search,1190021,3,28,True,0.0,0.9980844715070453,0.917470984604414,0.0,2.0816681711721685e-17,0.1753990400264863,0.40410031027728904,4.384870624652763,3.3795206652547325,3.180158600969402,0.3618986625818993,0.12333514745719748,0.12303558425647926,0.033510394136552824,0.08253914604157782,-0.0553889750518443,-0.009985042814931754,0.2573954912820743,0.016690165279839627,0.7625,0.1202906605677049,0.030216050532285845
search,1190021,3,29,False,4.3618335772226864e-05,0.9980844715070453,0.917470984604414,3.875248015873016e-06,2.0816681711721685e-17,0.17430841475651931,0.3970566338872361,4.629109380726593,3.4473928207452467,3.11204170720602,0.4309443096734911,0.10512423565550845,0.1108745843128346,0.03472164779388105,0.08175596504354832,-0.04836614921084141,-0.004090184604347961,0.23839447615595186,0.017968317027218524,0.74375,0.10845945409266722,0.03191423531609246
search,1190021,3,30,False,0.03836887211525881,0.9980844715070453,0.917470984604414,0.0002925812251984127,2.0816681711721685e-17,0.14939136289433802,0.42992681777447905,7.8797852541224636,3.6940598020177076,2.894336339983119,0.40122902174919167,0.17664609429954303,0.11236002670837314,-0.0227310352065433,0.09553380068270267,-0.07867608047868632,-0.013151280925347768,0.3016579010047873,0.045880607030389056,0.8875,0.10882174330470101,-0.02652300910839949
search,1190021,3,31,False,0.0002511531875480771,0.9980844715070453,0.917470984604414,0.0015132843501984127,2.0816681711721685e-17,0.15774544041499977,0.4243207073786824,7.181500148080379,3.663354061385627,2.8638179015735616,0.38515414281310134,0.11709185096403146,0.10333591631235337,0.0059552553991436205,0.08770805084181235,-0.06888497647573921,-0.00594008530772084,0.23825911418481593,0.033218776930858986,0.85625,0.09968285880328409,0.001829023306915662
search,1190021,3,32,True,0.0,0.9980844715070453,0.917470984604414,3.8752480158730157e-05,2.0816681711721685e-17,0.1645850963598477,0.43730320808134737,6.107326536865818,3.6456315515004025,2.901828685140715,0.2875306304064561,0.15502587647062013,0.15342142964524585,0.02542724472131539,0.08374887650362539,-0.04831245679464087,-0.0091542878965673,0.24388833352866782,0.027777626427995156,0.81875,0.1521318827467001,0.02274161496954319
search,1190021,3,33,False,0.004728701169629228,0.9980844715070453,0.917470984604414,0.00047278025793650794,2.0816681711721685e-17,0.1446519171770959,0.42449474184555847,8.41978363982848,3.755979308781008,2.784511350364738,0.44665091257022926,0.15811883814459915,0.10602838636933423,-0.025227848038098716,0.09402525305794651,-0.08321634970842538,-0.012631318911625987,0.27028764448936315,0.04518663075577545,0.9,0.1017764786035941,-0.02893924537474455
search,1190021,3,34,False,0.0003585007897456578,0.9980844715070453,0.917470984604414,5.8128720238095235e-06,2.0816681711721685e-17,0.1765149530610609,0.4019236980295794,4.2901113052301865,3.421782256427119,3.140821715396937,0.345771790454918,0.13911006730931874,0.14123626502241302,0.044534942591072976,0.08247683284616449,-0.034017663531906446,0.0032089973136504146,0.30130970592284756,0.020719629789393963,0.8,0.14057204885563093,0.04218737841663568
search,1190021,3,35,False,0.00027436058482765275,0.9980844715070453,0.917470984604414,0.0001453218005952381,2.0816681711721685e-17,0.16255679008212692,0.4221309214690653,6.196060235369485,3.678389817499047,2.8507303219873075,0.2743097706430634,0.13380275820787102,0.12786089664843425,0.022731045925656543,0.0865321291698858,-0.04752995672911657,0.001805789514416393,0.2569766315764046,0.032769175347939355,0.84375,0.12659396374813459,0.02002701140896006
search,1190021,3,36,False,0.0005386491399246376,0.9980844715070453,0.917470984604414,4.0690104166666664e-05,2.7755575615628914e-17,0.16345540836183214,0.417592919481633,5.884550886659307,3.572702970152434,2.9666516231636186,0.3607706038620361,0.12948886266984194,0.10308885212505171,0.0014228426424855375,0.08678586661611848,-0.0741164541696848,-0.014145964811530496,0.25904925305557797,0.027109094221696765,0.8,0.09903131144284213,-0.002884983717213546
search,1190021,3,37,False,0.00010954114106410208,0.9980844715070453,0.917470984604414,0.00013369605654761906,2.7755575615628914e-17,0.16022449321276205,0.4136148764147546,6.249490696117749,3.639576993613587,2.882948284720742,0.40599531937105654,0.11382766400065203,0.10109856556847156,0.008877278627876135,0.08503612939617637,-0.07002480115433607,-0.011182317899565187,0.22284580942472682,0.027072540478387565,0.825,0.09720606894543926,0.004381220106487005
search,1190021,3,38,False,7.515945827121551e-05,0.9980844715070453,0.917470984604414,0.00030033172123015875,2.0816681711721685e-17,0.16182885724914536,0.43032218664928856,6.534561910714028,3.6855509861461986,2.866014486356066,0.26473567412159105,0.14786708353098,0.134294146146568,0.01809812474247477,0.08723284722434971,-0.05208309792940871,-0.002867682357495469,0.26409405325504315,0.033725788844397364,0.8374999999999999,0.13275377276122827,0.015364733888567123
search,1190021,3,39,False,1.8426977656925752e-05,0.9980844715070453,0.917470984604414,1.5500992063492063e-05,2.7755575615628914e-17,0.17206938559852997,0.39515547151835195,4.962371038388481,3.461621955382722,3.120531460543906,0.5140841859752111,0.0961346542963659,0.09272641902864198,0.024147924248437355,0.08172991311085068,-0.05144825877118399,-0.005458741985244941,0.23281964101690733,0.0195163486667656,0.75625,0.08954092440849912,0.020844159023511555
search,1190021,3,40,False,0.015623845340174648,0.9980844715070453,0.917470984604414,0.00012594556051587303,2.0816681711721685e-17,0.15503666966979884,0.43182892609090195,6.991383167221024,3.6213547522004235,2.8893516706549702,0.326097233658281,0.17031487271253354,0.12225388665010638,-0.014182428970016045,0.09091030511804052,-0.07901993542498917,-0.019817489013728755,0.27494988578197743,0.03582743469324723,0.84375,0.11844169831032468,-0.018091643455314194
search,1190021,3,41,False,0.00014188109183670524,0.9980844715070453,0.917470984604414,0.0003933376736111111,2.7755575615628914e-17,0.16298894904717956,0.4359016798731563,6.519916220165111,3.7161309687051745,2.81485269638304,0.2961062467041817,0.11991612292009995,0.14338250572897795,0.04013759814500818,0.0829412810818777,-0.040933989718987054,-0.0009484600994209033,0.1967655032579468,0.02661043452939644,0.8375,0.14302189123606365,0.03816370861546432
search,1190021,3,42,False,0.004723794982365055,0.9980844715070453,0.917470984604414,6.394159226190477e-05,2.0816681711721685e-17,0.16050599264775983,0.4260713409773517,6.107003346461237,3.621380428956937,3.0555387802531184,0.40649687599673673,0.1642503212953509,0.10937724512454072,-0.014212064687137359,0.09006534603457306,-0.08322797076138225,-0.020388251829627658,0.2953271590366036,0.031148934734675778,0.825,0.10505647518391692,-0.01888904446610709
search,1190021,3,43,False,0.001081295757667647,0.9980844715070453,0.917470984604414,0.0014202783978174603,2.0816681711721685e-17,0.15121565359596165,0.4356186641280557,8.158051997142621,3.740741011429445,2.778698804016636,0.36095027993835804,0.14943269157680839,0.12283163188843758,-0.0037708605528155824,0.09083129731993962,-0.06759957099008326,-0.0037423728976436234,0.2666937257641658,0.04311224078931032,0.8812500000000001,0.12004423833658176,-0.006861910281549324
search,1190021,3,44,True,0.0,0.9980844715070453,0.917470984604414,0.0,2.0816681711721685e-17,0.17755532320022793,0.4031692838461225,3.980053663195908,3.2926114661499204,3.2403810599084073,0.34944581467125746,0.13900657840609276,0.12668755834713163,0.03214572266958922,0.0822552122388934,-0.057794031597755584,-0.013591008942348715,0.2886555904392746,0.014806969994311477,0.75,0.12365553769615081,0.02862050621522686
search,1190021,3,45,True,0.0,0.9980844715070453,0.917470984604414,5.8128720238095235e-06,2.0816681711721685e-17,0.17113818256734126,0.405814557791378,5.004465678029415,3.4495044504797674,3.1084574880123066,0.4563993417241315,0.11700457573946321,0.10338565321005407,0.015671207432944673,0.08401018634663858,-0.06500095704877087,-0.014231678147952145,0.2531335939285857,0.01990104495896079,0.78125,0.09954022789911465,0.011629547747532689
search,1190021,3,46,False,0.0003112614717196359,0.9980844715070453,0.917470984604414,0.00037783668154761906,2.7755575615628914e-17,0.15484739955763144,0.43878277822404405,7.5144403390099255,3.709760795915831,2.7785517517884135,0.3126470448909297,0.1559426813379556,0.13027667225005884,0.006808585353708412,0.08930991696811474,-0.05506550655460529,-0.0016461614271390222,0.27017754965208257,0.041091640406190955,0.8687499999999999,0.12864852613880848,0.004272920301851273
search,1190021,3,47,False,0.000806059177467686,0.9980844715070453,0.917470984604414,0.00020926339285714285,2.0816681711721685e-17,0.16210744223224588,0.4152722720242745,6.17685292706811,3.5744548354494547,2.9510973044375084,0.39685617374684773,0.11985418004314095,0.09336368361939178,-0.0016088410796442632,0.08762067738690613,-0.07262247842168243,-0.012667189070607533,0.2571540993739793,0.029059844044052947,0.81875,0.08908470839477195,-0.006186686339534356
search,1190021,3,48,False,3.192290292570468e-05,0.9980844715070453,0.917470984604414,2.9064360119047617e-05,2.0816681711721685e-17,0.1681276411588409,0.42086957926399376,5.530690978947058,3.6264306281772365,2.9229515329836913,0.3001914887752071,0.1294661979375022,0.14221110421118657,0.0355931097543484,0.08258803138679638,-0.04776293200892684,-0.004655178891038541,0.22631353145281072,0.023668023736925368,0.8062499999999999,0.14093043578886721,0.032866155246506386
search,1190021,3,49,False,0.0004690330992867459,0.9980844715070453,0.917470984604414,9.688120039682539e-06,2.0816681711721685e-17,0.17022640176908524,0.404453616915589,5.222556843136799,3.449037539803035,3.0384897310955905,0.45552944258988687,0.10581813911081697,0.08972435327090426,0.00233055437663484,0.08337981339923427,-0.07128025392674692,-0.021933987144339202,0.23388341531897747,0.018437864952902797,0.7687499999999999,0.08477641271079527,-0.0028715219891757224
search,1190021,3,50,False,0.0002123386796163969,0.9980844715070453,0.917470984604414,0.0001472594246031746,2.7755575615628914e-17,0.16114257646252417,0.43444529295196765,6.585627827584807,3.7419307056432114,2.814968447507761,0.30092272876176585,0.13848142796580643,0.14056741525578742,0.02786272311932128,0.0848341015146812,-0.04320238045602519,0.0006265325022908773,0.23855534133347672,0.03271627250381845,0.8375,0.13992675398956672,0.025916939424449843
search,1190021,3,51,False,0.0007096624680844553,0.9980844715070453,0.917470984604414,1.3563368055555555e-05,2.0816681711721685e-17,0.16826606031628988,0.4108069580567235,5.521480912849954,3.5995591822205335,2.969126782607421,0.3748140694788783,0.12362436761924192,0.12867665052318253,0.03345377523347251,0.08505861780733033,-0.03658722852434145,0.007770578531390358,0.26304073550302753,0.02898231818447201,0.825,0.12811214770305995,0.0308731555437781
search,1190021,3,52,False,0.0036900957077041522,0.9980844715070453,0.917470984604414,0.0006355406746031746,2.0816681711721685e-17,0.15377305339253194,0.43126067171163385,7.43180637932246,3.693220880162708,2.890107351707335,0.4476413930983469,0.1565883983174895,0.10680993601200692,-0.020536502410465965,0.09186148760309713,-0.08508386797569042,-0.01644679759781703,0.27912452416115185,0.03788134985056426,0.8500000000000001,0.10241923089801905,-0.024843228586083774
search,1190021,3,53,False,0.0020803759323371153,0.9980844715070453,0.917470984604414,0.0009707496279761905,2.0816681711721685e-17,0.1539970837191872,0.42748858959420116,7.496204504279657,3.70870054257547,2.7979515854375645,0.35161486396348407,0.13509648658276302,0.1036857374431409,-0.01168251587545802,0.08955393880983753,-0.08142994973172818,-0.013929492910499002,0.2502792486282153,0.03558975631995495,0.85,0.09930342154472013,-0.016143983414974597
search,1190021,3,54,False,0.00037914935945097046,0.9980844715070453,0.917470984604414,1.937624007936508e-06,2.0816681711721685e-17,0.1737356236627789,0.4185542647933922,4.794910659503552,3.4719412170774175,3.096612347260847,0.30710335163783187,0.16100710538202023,0.15110148495363535,0.0380816760435241,0.08432761889416124,-0.03322155016204828,0.0014336629578773023,0.3153023249950861,0.0253303278240358,0.8125,0.15056410956372218,0.03580402059777209
search,1190021,3,55,False,0.00013491451731232053,0.9980844715070453,0.917470984604414,0.0004185267857142857,2.0816681711721685e-17,0.15330579810017625,0.4378771682456537,7.737636127464762,3.7604720839404426,2.7523033090301503,0.38089159952618123,0.13937427460162832,0.1326557609972115,0.015474608794012763,0.08575883702424876,-0.051292769003058944,-0.0011237596467731656,0.23447117837973164,0.03822323098941485,0.85625,0.1313292755436637,0.013105876965125999
search,1190021,3,56,False,7.450308188990437e-06,0.9980844715070453,0.917470984604414,1.3563368055555555e-05,2.0816681711721685e-17,0.17148134193786296,0.4130362009900991,4.884191228652752,3.4349302565256075,3.0385062606462947,0.2997815902511296,0.13382425395047842,0.11571040527298353,0.013403227718183568,0.08401750565617205,-0.072960418720348,-0.02049799171746621,0.25738233692484114,0.018210747440985744,0.7625,0.11156609359481168,0.0090277413498066
search,1190021,3,57,True,0.0,0.9980844715070453,0.917470984604414,0.0001220703125,2.0816681711721685e-17,0.16895958043364856,0.4113199113629437,5.267650709263165,3.5247979152016606,2.961640315909051,0.38848256787334784,0.1150252031524139,0.117719207630529,0.023566119009535605,0.08266865797277739,-0.06413443681772099,-0.013892991910647369,0.215639706614224,0.0191668127397605,0.76875,0.11436019138674447,0.01972320002254646
search,1190021,3,58,False,0.0005042040140577823,0.9980844715070453,0.917470984604414,1.743861607142857e-05,2.0816681711721685e-17,0.16251172204115683,0.423231178743507,6.009366978139672,3.6274599012233164,2.984838518155057,0.33471521902423595,0.1610178976516502,0.12402034831921004,0.003652078015083708,0.08782429401382211,-0.06910479823133399,-0.013478492977743122,0.28422842768348466,0.030936129741500187,0.825,0.12095646685163376,-0.0004797640696591471
search,1190021,3,59,False,0.001074079746623456,0.9980844715070453,0.917470984604414,0.00010463169642857142,2.0816681711721685e-17,0.16009245240545814,0.41307815814140647,6.479717624030667,3.5789868548331656,2.9824461496238115,0.46824396388784933,0.10831789692297633,0.084954893959582,-0.00417229619237644,0.08788622757652308,-0.07037007088202546,-0.011088064935512287,0.24649898064859774,0.030955405108415435,0.8312499999999999,0.08049077806559665,-0.008613080272838015
search,1190021,3,60,False,0.0002749707284909393,0.9980844715070453,0.917470984604414,0.00018019903273809525,2.7755575615628914e-17,0.16458184872225934,0.48103923908789303,6.972776515654855,3.7793494129361207,2.852688174040993,0.2653992361970655,0.15427775720141812,0.1695969384834671,0.03927179955863596,0.08435602072260687,-0.01822449194456746,0.0018166868845781452,0.2310092228251725,0.03133590063608707,0.84375,0.1708621023446834,0.03821907332545186
search,1190021,3,61,False,0.00019333686849006115,0.9980844715070453,0.917470984604414,0.0007498604910714286,2.0816681711721685e-17,0.1601278810694538,0.4417670125383687,7.072828820843896,3.7433372591603034,2.7697416420638143,0.3052906302074103,0.1319062921891193,0.1425111212333272,0.029955998556919466,0.08449533902268402,-0.043231308035362306,0.00023150121657652348,0.2227786044143406,0.032530499076881866,0.84375,0.1418689312072553,0.02795830788248477
search,1190021,3,62,False,0.0009350334005788786,0.9980844715070453,0.917470984604414,0.0,2.0816681711721685e-17,0.168731620383483,0.4061392166613782,5.26278682684228,3.42253482101298,3.112941882174852,0.38772162827115264,0.12926408647813534,0.08801606194937042,-0.002888314775660303,0.087877033056433,-0.06763604667422007,-0.012527743564396473,0.3084304064508275,0.026249880920143888,0.81875,0.08389729784556449,-0.0072041341684373
search,1190021,3,63,False,0.00018711792946102514,0.9980844715070453,0.917470984604414,0.00012013268849206349,2.0816681711721685e-17,0.15855389338465276,0.4279804098972998,6.637463453774753,3.6881240647118743,2.8844149580994856,0.3231762643364149,0.1523798420758405,0.12636747335321372,0.007132576030032159,0.08751232149022115,-0.06078495525616823,-0.006519596224819987,0.2690026376263731,0.035242551426692276,0.84375,0.1241254617027193,0.003645235142908855
search,1190021,3,64,True,0.0,0.9980844715070453,0.917470984604414,3.487723214285714e-05,2.0816681711721685e-17,0.1682802670217723,0.4202479037242192,5.308417979726473,3.542232675279876,3.023261729460098,0.3252839532246561,0.14467282307920465,0.13341559327381367,0.02077260946411614,0.08412624784259545,-0.06383414220040713,-0.01367685778373465,0.25393252346813244,0.022857207038620996,0.7875,0.13060541980521956,0.017103309816771575
search,1190021,4,0,False,0.00013561350532504006,0.9752872523565135,0.9434033752788245,1.743861607142857e-05,2.0816681711721685e-17,0.17091500915838434,0.42468478653757097,5.145020476498786,3.58190010881039,3.072761405507638,0.36468715909753946,0.14484314971745,0.1652318801697725,0.04842542434551696,0.08229348628755416,-0.038809147229400806,-0.0011059698629731214,0.24721986648157807,0.02318855470062718,0.8,0.1647329143724393,0.0463102893802777
search,1190021,4,1,False,0.00011086645995719396,0.9752872523565135,0.9434033752788245,0.00018988715277777778,2.0816681711721685e-17,0.1615705448573823,0.41718425693034267,6.201657012305807,3.5803650780470573,2.984651064266859,0.43997620834113366,0.11145505739031043,0.10146689354402606,0.008840351125360253,0.0865937555040241,-0.075975727078752,-0.017675171726450514,0.22263481192990353,0.024465493912849693,0.7999999999999999,0.09665377571797731,0.0041004427238024305
search,1190021,4,2,False,0.0003889016251330848,0.9752872523565135,0.9434033752788245,0.0001685732886904762,2.0816681711721685e-17,0.15994279497723385,0.46960427502498403,7.207455083595578,3.8054593804955354,2.8642475843423156,0.28376042958564784,0.1587850826550875,0.16563605206571091,0.034803323273737585,0.08694882378775479,-0.02426436827547985,0.003674588607340365,0.2455216129311683,0.03612882671850168,0.8625,0.16643596649667455,0.03359069972940211
search,1190021,4,3,False,0.0001610244794311599,0.9752872523565135,0.9434033752788245,3.1001984126984125e-05,2.0816681711721685e-17,0.16368283940606132,0.411312321233338,5.782562718351901,3.5877588212013025,2.9789385045281844,0.37585109493905766,0.1209325287589453,0.11557838224804448,0.0272120621444875,0.08527438878288521,-0.05736538350194762,-0.00048779105992371834,0.25403745307213743,0.02876702370165854,0.8374999999999999,0.11296622917804244,0.024215184702126104
search,1190021,4,4,False,0.014363379759593075,0.9752872523565135,0.9434033752788245,0.00010463169642857142,2.0816681711721685e-17,0.16285563186781232,0.4265999966448071,5.918110282709048,3.5633298604685857,2.9101684811937663,0.32863023070518765,0.17076377899552977,0.14340459310827008,0.010475898260753158,0.08726676943847955,-0.06762319687576553,-0.01513961128424107,0.28169282231299797,0.030140316368130478,0.83125,0.14058858823455178,0.007128109052734888
search,1190021,4,5,False,0.00041526524758992415,0.9752872523565135,0.9434033752788245,0.0002906436011904762,2.0816681711721685e-17,0.1565613684798683,0.4244152719383676,6.698129942121236,3.6684964465729095,2.943276989303411,0.3854573910528347,0.14565178231635176,0.12215446748053274,0.003078836073752622,0.08768127057703483,-0.07590590972504667,-0.01229332290985148,0.255025867613728,0.03242055991687783,0.84375,0.11851349247278595,-0.0007852213807916335
search,1190021,4,6,False,9.704696367166301e-05,0.9752872523565135,0.9434033752788245,1.1625744047619047e-05,2.7755575615628914e-17,0.16902430326912934,0.41558243636039643,5.151239347234938,3.515352788862603,3.0542141197230652,0.27769769610008,0.14561116221060172,0.1391998472733913,0.0330997726552773,0.08505070839631715,-0.05091293127591225,-0.002168064894374621,0.28710486609966535,0.02649744454191519,0.8374999999999999,0.13753115352331546,0.030105575330111635
search,1190021,4,7,False,0.0006124194032488945,0.9752872523565135,0.9434033752788245,4.456535218253968e-05,2.0816681711721685e-17,0.16443811425721497,0.4388018854382072,6.207834068490051,3.6585126290775167,2.850521232092179,0.32731714934778017,0.13515946880827504,0.16151075033081405,0.048221080808703014,0.08314420802824925,-0.02650661926341097,0.0066502885207159156,0.22350697750164428,0.02898480410749213,0.83125,0.16238017999416854,0.04722318973780829
search,1190021,4,8,False,0.0006408196882458677,0.9752872523565135,0.9434033752788245,2.712673611111111e-05,2.0816681711721685e-17,0.16862136661452426,0.4118297632936739,5.379362210968484,3.447923407389383,3.0285453506758673,0.46698421402270146,0.11051413369387099,0.09726730919723858,0.0001910662838291409,0.08485804203970042,-0.07924822887183566,-0.028016945146370188,0.2328309518027254,0.01837321779021207,0.7875000000000001,0.09166406427339811,-0.005414878295235296
search,1190021,4,9,False,3.5696505289552202e-06,0.9752872523565135,0.9434033752788245,5.425347222222222e-05,2.0816681711721685e-17,0.1700461257081566,0.41878941108611645,5.129587743261624,3.5941115151219014,2.9840144676463924,0.3028841865854972,0.1352213492939089,0.1561032738278586,0.04473166668530667,0.081900425778801,-0.05046121049742882,-0.006881503686649007,0.22784567100179068,0.020474571668061235,0.775,0.1545628407487864,0.04192599103814636
search,1190021,4,10,False,0.002987569549820214,0.9752872523565135,0.9434033752788245,8.719308035714286e-05,2.0816681711721685e-17,0.15465025117521916,0.42433162999070406,6.7539223080958894,3.662637894111003,2.9374819148204914,0.3638391046968473,0.16353022097439018,0.12142678915547697,-0.007268409210767478,0.08983563914283496,-0.07969817894840922,-0.014074143127715169,0.28015069617251004,0.03617361389782242,0.85,0.11778335066538351,-0.01126165424630458
search,1190021,4,11,False,5.56496620360526e-06,0.9752872523565135,0.9434033752788245,7.750496031746031e-06,2.0816681711721685e-17,0.16833002550138765,0.40308424767813056,5.299249051820075,3.4508312975998487,3.0959232978784224,0.3830753000876238,0.11477753598629989,0.1002962389015799,0.020121410100024384,0.08394665470680471,-0.059635601102384944,-0.006603461308956922,0.2713710657384317,0.02470402086649372,0.83125,0.09675140101364471,0.016647519615621796
search,1190021,4,12,True,0.0,0.9752872523565135,0.9434033752788245,0.00024026537698412697,2.0816681711721685e-17,0.15798982537188588,0.4381790975201179,6.75042876421957,3.7035410800354587,2.8523446567620336,0.2895912226543877,0.15803551299206117,0.1490570286147551,0.017108508444711127,0.08548501629904046,-0.0580923011649653,-0.008468507554276992,0.24996742518839749,0.03326372745567672,0.85625,0.14715467298052712,0.01434164884419828
search,1190021,4,13,False,0.000248258767404346,0.9752872523565135,0.9434033752788245,0.0024937220982142855,2.0816681711721685e-17,0.15487680038726465,0.44277342895838556,7.77480664731556,3.7647051017587385,2.7513365899862725,0.25892899645752515,0.12854385233134677,0.14658630381508153,0.03098947702245501,0.08461133292827987,-0.05201132664771456,0.0013276878517452934,0.2153020245661498,0.03398630217805199,0.84375,0.14513854291670233,0.029005782125059686
search,1190021,4,14,False,2.0609524646159848e-05,0.9752872523565135,0.9434033752788245,0.0,2.0816681711721685e-17,0.16786665008369267,0.40878563570629245,5.256135849285608,3.4344792052553896,3.1028562896673417,0.3280283853322563,0.14340619080732067,0.10765502775574842,0.012344233712836904,0.08717393658855781,-0.06536646135551745,-0.009266415628321693,0.3223993377759581,0.027858315988554504,0.84375,0.10422447472241786,0.008711851683139205
search,1190021,4,15,False,0.0009719684722736683,0.9752872523565135,0.9434033752788245,0.00034877232142857144,2.0816681711721685e-17,0.15380775548798747,0.4219541849743384,7.0814433323559225,3.700413629496019,2.9149970791076703,0.4026086837474168,0.13638280293412514,0.1065423457370068,-0.003238199210005798,0.09165909964042954,-0.07974762957180896,-0.010676088279311442,0.2605461068249671,0.03550513418482934,0.86875,0.10231892090624874,-0.007291305920242996
search,1190021,4,16,False,3.1962299381060094e-05,0.9752872523565135,0.9434033752788245,9.688120039682539e-06,2.0816681711721685e-17,0.17572645548376947,0.4090366954493501,4.3643711288037,3.436179757205265,3.15151203539745,0.3669929301529932,0.13505531463535675,0.16038157292216282,0.053930925789467836,0.08093503109412853,-0.04463718938764007,-0.004653115584564677,0.24507400778527808,0.016637129273442682,0.7375,0.15908877721367748,0.05123040041164477
search,1190021,4,17,False,2.4582240546922336e-05,0.9752872523565135,0.9434033752788245,0.00047471788194444444,2.0816681711721685e-17,0.15313156798768313,0.4213004427126613,7.10196170524186,3.7444391188935247,2.823959903006827,0.40442770980619774,0.1337488579665276,0.12510465797908293,0.012686710546532483,0.08589538098384736,-0.0673082325288778,-0.006229392601725434,0.22833275589234542,0.03332223186859775,0.84375,0.12213242455885068,0.009795220612232269
search,1190021,4,18,True,0.0,0.9752872523565135,0.9434033752788245,1.937624007936508e-06,2.7755575615628914e-17,0.1747629602656277,0.39646466320602225,4.266289795891104,3.330687481745891,3.24748917854337,0.3684051111335182,0.1359781613439973,0.11662118110452664,0.02894536684080693,0.08327885704700554,-0.057660185837793365,-0.009736949313905008,0.3135736490124291,0.018964812331545032,0.76875,0.11354314086339859,0.025568394836255934
search,1190021,4,19,False,0.0007615015512868738,0.9752872523565135,0.9434033752788245,0.0005425347222222222,2.0816681711721685e-17,0.16103152906822135,0.4229507452151905,6.4157547484287605,3.679230807757735,2.842271915400471,0.3154161282187986,0.1243095771332572,0.1388837958678534,0.040374445652173824,0.08526715751011285,-0.03937554895953134,0.008336427996052349,0.23251381754633643,0.03219485312462695,0.85625,0.13843274055967236,0.03889617291865939
search,1190021,4,20,False,0.0008624925518105453,0.9752872523565135,0.9434033752788245,4.650297619047619e-05,2.0816681711721685e-17,0.16025633615246493,0.4225373442404672,6.196274432174329,3.6154960915117345,2.994069046490291,0.38017311642534046,0.14491276765275107,0.11252341771959098,-0.0021804107501352775,0.08850521443064457,-0.08257214229077972,-0.01773883218576102,0.2692947349102397,0.02905694029227962,0.81875,0.10810270974870109,-0.006605636225519199
search,1190021,4,21,False,0.0011132487745728601,0.9752872523565135,0.9434033752788245,2.1313864087301586e-05,2.0816681711721685e-17,0.16088424914506688,0.42079840240712774,6.233781358143153,3.6216130508901245,2.995772420677195,0.383798967836029,0.13467180033362833,0.10516241320813267,-0.0045187489834312144,0.08868258774277546,-0.08409163885371515,-0.020312241026595422,0.2608901078251995,0.027673384829619927,0.81875,0.10025491733622832,-0.009800705284711716
search,1190021,4,22,False,0.000707002650351617,0.9752872523565135,0.9434033752788245,0.00012013268849206349,2.0816681711721685e-17,0.16764066060508542,0.42829036753167105,5.594903194638217,3.638886654353819,3.0132535303073174,0.3705730933213279,0.14192730382764202,0.1562202775712843,0.0449806738446796,0.08462916125100123,-0.03109180260019296,0.007740996691849887,0.2614417312093464,0.029465127111861,0.8375,0.15652320233941142,0.04319099220551777
search,1190021,4,23,False,1.217603720973005e-05,0.9752872523565135,0.9434033752788245,1.1625744047619047e-05,2.0816681711721685e-17,0.1711302469215623,0.40372822391317065,4.897263437624547,3.463921306906777,3.1181963616698365,0.41847934182561125,0.11849093060824564,0.12327762043032289,0.03631702013724153,0.08258966149255531,-0.05555447018743519,-0.005934264609232143,0.24951976779348664,0.020509596932395183,0.8,0.12060201964985667,0.03303137046487085
search,1190021,4,24,False,0.015530522154217399,0.9752872523565135,0.9434033752788245,0.00025576636904761906,2.0816681711721685e-17,0.1515526338781761,0.4360245578077534,7.413731393804612,3.6982383566891315,2.834719556633438,0.33811475738333197,0.17073888108409213,0.13691827783319277,-0.006035974925946975,0.09059023989792322,-0.0734165559853919,-0.015164745818014982,0.26811712294120027,0.038883462854743076,0.875,0.1337761180077804,-0.00949278426258964
search,1190021,4,25,True,0.0,0.9752872523565135,0.9434033752788245,0.00012788318452380953,2.0816681711721685e-17,0.16200869283810476,0.4182130621463014,5.964831588582976,3.6484536428135805,2.909465465254203,0.345014277980773,0.12292024209837477,0.12609011640438902,0.023557430290058388,0.08353585632712737,-0.06588119139247979,-0.010241381121563755,0.21501347590151393,0.024044601623502103,0.8125,0.12297197293818563,0.02040222507951069
search,1190021,4,26,True,0.0,0.9752872523565135,0.9434033752788245,2.9064360119047617e-05,2.0816681711721685e-17,0.1665121436480398,0.414428365501179,5.447517468093218,3.5097338461683387,3.0254156582227667,0.3966694986044612,0.1289613977257948,0.11515059948641712,0.020006640738817034,0.08523820919241627,-0.06698163893083922,-0.009917277564534494,0.26539007034828005,0.024983490068232056,0.8125,0.1116482524542701,0.015859652298093635
search,1190021,4,27,False,0.0017808906573733184,0.9752872523565135,0.9434033752788245,0.0010133773561507937,2.0816681711721685e-17,0.14903653006420625,0.4319454092287017,8.112357419473266,3.7164073230737795,2.7974892075186295,0.3071287444309525,0.161977995320142,0.12892979007590366,-0.006067319854489536,0.09271549131908649,-0.07298448284148891,-0.007417198562470667,0.2756932716329644,0.04393358124565796,0.90625,0.1258308432559814,-0.009152905336496965
search,1190021,4,28,True,0.0,0.9752872523565135,0.9434033752788245,0.0,2.0816681711721685e-17,0.17515835490338028,0.40166949252364476,4.320890636974298,3.3877226623603125,3.1576056068232665,0.3428590793034,0.12463166946410485,0.13306189734789406,0.04173850575442864,0.08154942245235433,-0.05581705559550382,-0.00924676224058304,0.25576492317632255,0.01608075228618798,0.74375,0.13037057338185934,0.038596182424643945
search,1190021,4,29,False,6.926987497144896e-05,0.9752872523565135,0.9434033752788245,3.875248015873016e-06,2.0816681711721685e-17,0.1741631262477041,0.3963523955578069,4.525692798957319,3.4351286706961672,3.1188699688470756,0.36897721918750176,0.10634182823667276,0.1213341433872273,0.044646052209071044,0.08023839465937802,-0.04774812902222522,-0.0030728712760884876,0.2367998737265481,0.017346568379554984,0.7375,0.1190568355908817,0.042061870807388574
search,1190021,4,30,False,0.045198607004423054,0.9752872523565135,0.9434033752788245,0.00030033172123015875,2.0816681711721685e-17,0.1485549532558506,0.4274392508592538,7.764985159644448,3.69793697425332,2.854029685252079,0.390757578837865,0.1783623892758335,0.12039089859771021,-0.01996213195137091,0.09502160961130787,-0.08146800403135186,-0.01353201533679971,0.3018320938748516,0.04569809632547084,0.89375,0.11683423167850335,-0.023866545855641245
search,1190021,4,31,False,2.764331454162137e-05,0.9752872523565135,0.9434033752788245,0.0016121031746031745,2.0816681711721685e-17,0.1573002241294306,0.42595351803901765,7.090790657786104,3.6606411131738126,2.8512342671068014,0.36447411059748297,0.11906239938868812,0.11234746886561903,0.016286338768019715,0.08836362466380582,-0.06872275572954278,-0.00488744693418493,0.2369332941464849,0.03236492003893034,0.8625,0.10866867877488848,0.013093335702544489
search,1190021,4,32,True,0.0,0.9752872523565135,0.9434033752788245,3.487723214285714e-05,2.0816681711721685e-17,0.1640480587590902,0.43473943012925287,6.014946821013174,3.666095139439177,2.8443851996815694,0.26072645553636287,0.1569955848770172,0.16116111638002373,0.030364558411124325,0.0837666663611115,-0.05032446896525854,-0.008575924708392281,0.24368572306578706,0.02766934665631818,0.81875,0.1597830735500518,0.027695347715321835
search,1190021,4,33,False,0.004036799726027366,0.9752872523565135,0.9434033752788245,0.0005231584821428571,2.7755575615628914e-17,0.14381634335660878,0.4229005536817867,8.316045846864867,3.755548441067732,2.7517650507858775,0.3542315466394735,0.16010365598451437,0.11430283839467206,-0.022162344227021746,0.09313118150746552,-0.08541823285469487,-0.012055799520825857,0.27053734762547227,0.04445169403060565,0.8999999999999999,0.10997719618774149,-0.025893414363145646
search,1190021,4,34,False,0.00039736928588297686,0.9752872523565135,0.9434033752788245,5.8128720238095235e-06,2.0816681711721685e-17,0.1763146659942078,0.40158956063611595,4.200074581219443,3.4177535815959557,3.1416038470931555,0.307088641645758,0.14037264374342534,0.15110623931606237,0.05150685981082042,0.08114869192215883,-0.03455713765446005,0.0038010012036136824,0.29927755019218866,0.020033742136420698,0.7749999999999999,0.150519726063257,0.04967223709617616
search,1190021,4,35,False,0.00032720154815634047,0.9752872523565135,0.9434033752788245,0.00015307229662698413,2.0816681711721685e-17,0.16213996975489742,0.4175319193337744,6.058393121501483,3.646079990935938,2.9609950154979963,0.3849972351103289,0.13584219505200054,0.13627176183530293,0.03093827853445453,0.0857940409594303,-0.048260018846151616,0.002708518262255693,0.25533955318185175,0.03175751451542823,0.8625,0.13502582889270573,0.028604437600519773
search,1190021,4,36,False,8.861770204203567e-05,0.9752872523565135,0.9434033752788245,3.8752480158730157e-05,2.0816681711721685e-17,0.16299594153174796,0.4191133534811081,5.880010514080036,3.5845198446120152,3.0192775418229005,0.3826664755572934,0.1312154390134631,0.11179062288771618,0.009492986918361673,0.08665248766036422,-0.07469879541855229,-0.013414030343274376,0.2576637573566314,0.02665181005109043,0.8062499999999999,0.1077355425265673,0.005197252204304385
search,1190021,4,37,True,0.0,0.9752872523565135,0.9434033752788245,0.00013369605654761906,2.0816681711721685e-17,0.15978726037714003,0.41509563759863427,6.2450425764101425,3.618257330103222,2.9259955277041554,0.3994057954377473,0.11573596938203051,0.10976419531176324,0.01824058085340967,0.08618942612980546,-0.07008061121708845,-0.010129619877028137,0.22163449296800378,0.026364247146607588,0.825,0.10587433835016934,0.014540118371903759
search,1190021,4,38,False,8.797234668998921e-05,0.9752872523565135,0.9434033752788245,0.0003216455853174603,2.0816681711721685e-17,0.16131747951777825,0.4272163375988872,6.312622240197128,3.67813109323167,2.9028426978117046,0.33258705357828044,0.14984903231317176,0.14284182248649205,0.025425496316572253,0.08626868265893504,-0.05361311341174517,-0.0024474203733435415,0.26286203338225567,0.032864363106698116,0.84375,0.14125248082008784,0.022590140083700163
search,1190021,4,39,False,4.258441246609943e-05,0.9752872523565135,0.9434033752788245,1.3563368055555555e-05,2.0816681711721685e-17,0.17195184916371517,0.3962549725248884,4.845631983794206,3.451956947750613,3.079712764791739,0.3671606043257493,0.0972361318898037,0.10299620114631958,0.036256723166747024,0.08047966429084688,-0.050220798752688735,-0.004136801386089622,0.2313668519734417,0.018900979340377898,0.78125,0.09996187730173742,0.033183650358218936
search,1190021,4,40,False,0.02042651115238634,0.9752872523565135,0.9434033752788245,0.0001220703125,2.7755575615628914e-17,0.15425708770476526,0.4288696600250711,6.886259375053687,3.64590454214264,2.919467191851454,0.37661488248220587,0.17221222078940826,0.12956812871077802,-0.011255819495578129,0.09032166278492,-0.08181570977839533,-0.019619449045184943,0.27559295789483174,0.03546390890350666,0.8375,0.1256875534371907,-0.01545633916586649
search,1190021,4,41,False,0.00020431284512746243,0.9752872523565135,0.9434033752788245,0.00040302579365079363,2.7755575615628914e-17,0.16260297310768518,0.4313187557014504,6.242485805601376,3.7110535966398626,2.8285143649401197,0.2831733254144668,0.12210604221605877,0.15126136725066763,0.048760653353904865,0.08133828509586585,-0.04144102533452948,0.000461932223478925,0.1957495183126522,0.025176208874856765,0.8062499999999999,0.15084638359555552,0.04739257387372038
search,1190021,4,42,False,0.006126495774895264,0.9752872523565135,0.9434033752788245,5.619109623015873e-05,2.0816681711721685e-17,0.15984974600557506,0.426727321787215,6.172213556056459,3.576455677520425,3.0644855208754915,0.36633484710368075,0.1659234787581661,0.1178035044562407,-0.009782834609447578,0.08981663832926323,-0.08541937908340322,-0.020627756621291377,0.294632708046831,0.031371761273690006,0.825,0.11348111975372956,-0.014457167087806502
search,1190021,4,43,False,0.0005211668308812432,0.9752872523565135,0.9434033752788245,0.001559787326388889,2.0816681711721685e-17,0.1505492797674376,0.4333720760588497,8.047777350720219,3.764943961344126,2.82913653676676,0.34485829580168587,0.15154991947995605,0.13068322667461646,0.0024580051090384823,0.09127047953441295,-0.06946450585313588,-0.0033565562102272272,0.26601423251452716,0.04217515858292015,0.8875,0.1278206395493991,-0.0006885967383723178
search,1190021,4,44,True,0.0,0.9752872523565135,0.9434033752788245,0.0,2.7755575615628914e-17,0.17729199044617827,0.40093767268740943,3.936898972016257,3.3101032269012576,3.243504880408679,0.3108037804316182,0.14025393033292702,0.1368486411310209,0.03975149533386813,0.08162554885944254,-0.05877817993239563,-0.013283149418011633,0.2870181223557924,0.014366591521535743,0.74375,0.1338364492888673,0.036269567204154474
search,1190021,4,45,True,0.0,0.9752872523565135,0.9434033752788245,5.8128720238095235e-06,2.0816681711721685e-17,0.17087192129889606,0.4057206537340392,4.948687459708795,3.434817914916125,3.1202685674014656,0.43689324090924087,0.11845373986758553,0.11335952188846757,0.025428482038963057,0.0832459412123431,-0.06500728356611454,-0.013457344882497006,0.2516838273079518,0.01932591893864493,0.78125,0.10956509667009728,0.021560378377245407
search,1190021,4,46,False,0.00013378914601832177,0.9752872523565135,0.9434033752788245,0.00037396143353174606,2.0816681711721685e-17,0.1542030571307153,0.4329795750656358,7.271888644810886,3.7415153803274848,2.8187077375395915,0.32876585299802485,0.15801444093947384,0.13810474249489024,0.0129164265735368,0.08791062392187371,-0.05698271244802401,-0.0014852102396308202,0.2694135354683363,0.04039072361947697,0.8812500000000001,0.13639059492961766,0.010293272303473926
search,1190021,4,47,False,0.00013870011825485787,0.9752872523565135,0.9434033752788245,0.00023057725694444444,2.0816681711721685e-17,0.16171623652673328,0.41710945358790846,6.169980173603491,3.5698624115670254,2.971828709865921,0.39784219816247196,0.12158827008929363,0.10255038907699812,0.008110395659417825,0.0875799889800175,-0.0725695398483283,-0.011886413465673255,0.25572806525926917,0.028485757021321934,0.81875,0.09828292338445682,0.0038555813958533573
search,1190021,4,48,False,5.5175784503947243e-05,0.9752872523565135,0.9434033752788245,1.743861607142857e-05,2.7755575615628914e-17,0.1677581018842672,0.41866218555709966,5.419637377604422,3.6268897788076986,2.956847080505124,0.3045794204187846,0.13132705019554275,0.15062204617900257,0.04336850123991569,0.08174823545160606,-0.04871228673172746,-0.0036026000704517036,0.2250662973625766,0.022946871986246682,0.79375,0.14933308088982955,0.04084836539751563
search,1190021,4,49,False,1.813979861013909e-05,0.9752872523565135,0.9434033752788245,9.688120039682539e-06,2.0816681711721685e-17,0.17000318079619478,0.4052697839194368,5.156268792467429,3.4263481359906125,3.096217737199498,0.5079707971145672,0.10711196681110288,0.09957876565595003,0.012508435716391236,0.08320725323348184,-0.07083509606567459,-0.021174362340166314,0.2326430713676051,0.01784214385750362,0.7625,0.09464848730056306,0.007829698310219
search,1190021,4,50,False,0.00025744760479161897,0.9752872523565135,0.9434033752788245,0.00015307229662698413,2.0816681711721685e-17,0.16066492259666093,0.43118315025094905,6.368583147181038,3.737921172762577,2.841747509059095,0.3489366218009372,0.1406201008473259,0.1477608478535839,0.03539819227222171,0.08390049693549813,-0.044317427492837645,0.0014987429360779061,0.23740990364407322,0.031662519566940286,0.85625,0.1470632655589599,0.03332288485049836
search,1190021,4,51,False,0.0007801520390373085,0.9752872523565135,0.9434033752788245,1.3563368055555555e-05,2.0816681711721685e-17,0.16801276573671486,0.40960476023360204,5.388548319541595,3.55408835117505,2.9660335024903595,0.3425526231475323,0.1253470021673196,0.13758177507129432,0.04208658310316907,0.08450376375767656,-0.036518217060806483,0.008535271519064065,0.2610977516570907,0.028215242765017263,0.825,0.1371484450914891,0.040067837667724086
search,1190021,4,52,False,0.0027229431245368815,0.9752872523565135,0.9434033752788245,0.0006936693948412699,2.0816681711721685e-17,0.15305731981800036,0.430890678290206,7.3981659928408625,3.673871563934843,2.9067207799485555,0.3736448352952978,0.15846045593310695,0.11540521284992458,-0.015526369105981704,0.09181490691150335,-0.08691434848668636,-0.016336197013276363,0.2786116864435028,0.037695263648736446,0.8625,0.11097675046424978,-0.019831217130482033
search,1190021,4,53,False,0.001194874188247652,0.9752872523565135,0.9434033752788245,0.0010056268601190475,2.0816681711721685e-17,0.15337328927532473,0.42836517206874336,7.4746232022970815,3.695554070953338,2.888540802057681,0.42453889200599615,0.13709339705711637,0.11193298593754031,-0.005221667069582882,0.09009370422651083,-0.08227553704663138,-0.013084881296014478,0.24940169716180033,0.034755491227340125,0.8625,0.10750321902700288,-0.009134104615701369
search,1190021,4,54,False,0.0009473578364439202,0.9752872523565135,0.9434033752788245,1.937624007936508e-06,2.0816681711721685e-17,0.17341863438001803,0.4165413524501569,4.7097298213796135,3.480884045105402,3.1092046174063768,0.28145532397479045,0.16235494839486256,0.16044553425188526,0.04469326637315316,0.08332983413201969,-0.03466585447392777,0.0015950288912044966,0.3133550156604896,0.024985400424469787,0.8187500000000001,0.15993503161633082,0.04249420665547198
search,1190021,4,55,False,0.00017117721584449544,0.9752872523565135,0.9434033752788245,0.00043015252976190475,2.0816681711721685e-17,0.15269946273259039,0.43415266999872637,7.40254592947824,3.8175435360210104,2.8092676475239875,0.391532017565588,0.1417266775500279,0.13986804529593833,0.022833378353038176,0.08524863168351582,-0.0526331453408398,-0.00025458511287321413,0.23390126523507024,0.036786968249978874,0.86875,0.13839023542511125,0.02066344707325763
search,1190021,4,56,True,0.0,0.9752872523565135,0.9434033752788245,1.5500992063492063e-05,2.0816681711721685e-17,0.1711027516144299,0.41431601773670085,4.863332688971514,3.430547494578378,3.0808211099568465,0.34024198839948216,0.13536992949788101,0.1250280082238271,0.020528387094737265,0.0838114260597897,-0.07400182588295774,-0.020211527932760164,0.256217947833701,0.01781001745344404,0.75,0.12088225483978968,0.015897135372124484
search,1190021,4,57,True,0.0,0.9752872523565135,0.9434033752788245,0.00011431981646825397,2.0816681711721685e-17,0.1686258823554119,0.4136375898708847,5.239018858883689,3.5217199856561723,3.0094897067341932,0.40299656042368537,0.11669704447377699,0.1269886365120762,0.031600353123511185,0.08230859504802696,-0.06457360343279132,-0.012888880143015872,0.21446895732418297,0.018632388342515196,0.7625,0.12364772904059095,0.027715698866405788
search,1190021,4,58,False,0.001066101719740515,0.9752872523565135,0.9434033752788245,1.5500992063492063e-05,2.0816681711721685e-17,0.16191006096432536,0.4243119451467226,5.981218878702699,3.615879048266684,2.9788263356803864,0.32193158890710644,0.16274389654096041,0.1321835468669219,0.008162767122105993,0.08713108229073697,-0.07134016990092276,-0.013506393211084159,0.2833713607585614,0.030723301980141893,0.825,0.12909601724877762,0.004401434154325215
search,1190021,4,59,False,0.00017187800704466084,0.9752872523565135,0.9434033752788245,0.00011625744047619047,2.0816681711721685e-17,0.1597562231397825,0.41504982732973345,6.464405886037634,3.5452515492622525,2.9735027011816673,0.4128330633702756,0.10986740449206897,0.09350783162001716,0.007330518207801843,0.0879736263623088,-0.06954223198474221,-0.01017220813951907,0.24507429716981483,0.030353700520643984,0.84375,0.0890263840003441,0.0028255363973378883
search,1190021,4,60,False,0.00030448283411795756,0.9752872523565135,0.9434033752788245,0.00017632378472222222,2.0816681711721685e-17,0.1641379531373895,0.4778850495913329,6.756042270867084,3.764196354049239,2.931949344411678,0.29648580619216836,0.1561425301817235,0.17784902601050478,0.045117185309166245,0.08461354114302441,-0.01936745093165514,0.002330066407159049,0.23029505185958732,0.030997704579067867,0.84375,0.17899924141652854,0.044075678457247636
search,1190021,4,61,False,0.00024876692187971274,0.9752872523565135,0.9434033752788245,0.0007750496031746031,2.0816681711721685e-17,0.15966604392420328,0.43907825237143594,6.843294418392048,3.7521659758403163,2.8300142438552465,0.3619263059454376,0.13418108283448849,0.1503681174583892,0.0387298451604305,0.08313803850368279,-0.04406098448562243,0.0013372292737006118,0.22181908760560082,0.031209596135668018,0.84375,0.14965342461085782,0.03697334105903197
search,1190021,4,62,False,0.00019956841102769244,0.9752872523565135,0.9434033752788245,0.0,2.7755575615628914e-17,0.16843555479393255,0.4067108328737852,5.235158332725476,3.408606275790534,3.141723733368921,0.3651381471290608,0.13062579220861473,0.09788354296792443,0.006735781981097543,0.08625745222678102,-0.0676044632855655,-0.012390234405694487,0.3066836504452579,0.025834095129301363,0.825,0.09381370174278085,0.002635043041225582
search,1190021,4,63,False,1.7005507590490653e-05,0.9752872523565135,0.9434033752788245,0.00011625744047619047,2.0816681711721685e-17,0.15795421368824092,0.4234423605128478,6.489341533068107,3.6960015511672593,2.8662057168100006,0.3366131378054634,0.15439538465366107,0.1341344832632158,0.013334858255158347,0.08713817927851095,-0.06261763725336093,-0.006233543365210597,0.2681022636059475,0.03461852341752797,0.8625,0.13184614288440638,0.010076684293928294
search,1190021,4,64,True,0.0,0.9752872523565135,0.9434033752788245,3.487723214285714e-05,2.0816681711721685e-17,0.16781386757503086,0.42090618359562926,5.2702119670633385,3.5454843186411487,3.0177210075063936,0.33213419907223407,0.1463915799185843,0.14180017236182113,0.026866022152273066,0.08383221553975548,-0.06552880008292264,-0.013207009802815804,0.25296392594464323,0.022467193274342746,0.79375,0.13895706822413478,0.02321164538684537
search,1190021,5,0,False,0.00012488546969077432,0.9254114855173486,0.995880688104827,1.3563368055555555e-05,2.0816681711721685e-17,0.16965634103128552,0.42033930805550035,4.8763740449757345,3.5029551597179887,3.022446521719801,0.2886279103257005,0.1442460547025109,0.17717571514829933,0.055044740305896886,0.08400490236870835,-0.04777171829793409,-0.001384271676549322,0.24910753988298778,0.021166292072066644,0.79375,0.1759996745932848,0.05303990669777229
search,1190021,5,1,True,0.0,0.9254114855173486,0.995880688104827,0.0001976376488095238,2.0816681711721685e-17,0.16031201402140965,0.41696205759430904,6.224285267300928,3.542345560244383,2.9432957679162124,0.3649519209209405,0.11323669291749394,0.11715490985681457,0.016671137237723947,0.09008008635750248,-0.07732620599985199,-0.0178781050350076,0.2260450785484014,0.024034564569544642,0.8125,0.11212311085371207,0.01243220709427692
search,1190021,5,2,False,0.00037611293454084364,0.9254114855173486,0.995880688104827,0.00015113467261904762,2.0816681711721685e-17,0.1581245751051682,0.4469028449672441,6.510001110874322,3.7418096211202645,2.840729879890731,0.3389533150651162,0.1587582261092538,0.1778966217203484,0.035004853332475126,0.08686821687555302,-0.03497756060464173,0.0034810297225868294,0.24874490366127472,0.03450417026221308,0.86875,0.17784277918012964,0.0335232024105811
search,1190021,5,3,False,0.0001222618615153578,0.9254114855173486,0.995880688104827,1.9376240079365078e-05,2.0816681711721685e-17,0.16241713112477896,0.4091189638500726,5.753822690135523,3.5059653834700866,3.022330739218432,0.3708754994616137,0.12165307255598534,0.13039548442530594,0.03673252578651503,0.08790372464768642,-0.06064515598590378,-0.0014541325224139813,0.25627454006977185,0.02772434205977452,0.8375,0.12747218697733065,0.03401932888189437
search,1190021,5,4,False,0.01464350668993874,0.9254114855173486,0.995880688104827,8.138020833333333e-05,2.0816681711721685e-17,0.16075443580185708,0.42539663008462547,5.930362573080277,3.53862882756829,3.0269888539520515,0.3670910778317631,0.17088997813867562,0.15531808436249422,0.014063000083194752,0.08964383148028268,-0.07839470760638041,-0.017057438946733422,0.2855806742384171,0.029068750889876975,0.83125,0.1519279736278699,0.010337431518129624
search,1190021,5,5,False,0.0001323990297240331,0.9254114855173486,0.995880688104827,0.0003216455853174603,2.0816681711721685e-17,0.15451161775906008,0.4225688046206659,6.66186595322109,3.59020527843042,2.9102464899302394,0.2947846815730368,0.14703977485736244,0.1362772320945351,0.008268710528635153,0.09226882727699082,-0.08281259482200899,-0.013625351220059118,0.25842983679395093,0.03137498142968603,0.8500000000000001,0.13213540151104447,0.004139171914016042
search,1190021,5,6,False,6.365749174085277e-05,0.9254114855173486,0.995880688104827,5.8128720238095235e-06,2.0816681711721685e-17,0.16769444523382449,0.41221935736679655,5.069767311595482,3.4607607117412895,3.0398056673990332,0.24672716390852606,0.14537841334627477,0.15163289589957182,0.04176060016884195,0.08608793984551222,-0.05794529978873091,-0.0032766898063470128,0.28914823933554235,0.025215623670506056,0.83125,0.14949873329024266,0.03915092255728137
search,1190021,5,7,False,0.0006521579867031702,0.9254114855173486,0.995880688104827,3.293960813492063e-05,2.0816681711721685e-17,0.16312343803955917,0.42577457520934336,5.665252728049178,3.667448440930696,2.97057777778951,0.3394593905095017,0.13484181743686713,0.17363644325909078,0.053513565534395645,0.08495759242680281,-0.03491270519401727,0.007118131387573657,0.22479713009993368,0.026448344837237896,0.8312499999999999,0.17373399677607235,0.052573983786294465
search,1190021,5,8,False,6.542440910695615e-05,0.9254114855173486,0.995880688104827,1.9376240079365078e-05,2.0816681711721685e-17,0.16769775179906427,0.41226327082565684,5.350559252356315,3.4594949382091533,3.027226770372509,0.3817870113837261,0.11216126988045913,0.1129573960453126,0.010268206639483496,0.0863580596399748,-0.08038376607924964,-0.028290127160012533,0.23627914934606903,0.017916955889899975,0.76875,0.10714596819849302,0.004818096441112675
search,1190021,5,9,False,2.2417858251657063e-06,0.9254114855173486,0.995880688104827,5.0378224206349204e-05,2.0816681711721685e-17,0.1687523870119738,0.4159938434552028,4.9595385208016625,3.4674841365816707,3.08353045052965,0.42814735696035694,0.13524384690739039,0.16771883778658053,0.05101226736983331,0.08377204630421392,-0.058527426072857394,-0.007113622412607994,0.23013932658165165,0.018535649387894558,0.75,0.1654814568260335,0.048715119352213496
search,1190021,5,10,False,0.0037391755103080406,0.9254114855173486,0.995880688104827,6.394159226190477e-05,2.0816681711721685e-17,0.15227463721375684,0.4198241688969388,6.930596423693679,3.6284473963766377,2.877816318362624,0.3193225508406345,0.16455095332909458,0.13489436756055373,-0.005114475991514007,0.09380685103333804,-0.08824626711028867,-0.016151595103881377,0.28409143480745097,0.036251297171829844,0.8375,0.1307998732714494,-0.00900956658043266
search,1190021,5,11,False,5.343756417348105e-07,0.9254114855173486,0.995880688104827,0.0,2.0816681711721685e-17,0.16746837126631403,0.402213794261793,5.214985125333326,3.4232435187283077,3.12324559303772,0.403113759440064,0.11571591579213963,0.11568953548848301,0.030470564933193202,0.08472810434447453,-0.061018698793273596,-0.00756724207123965,0.2735666443140793,0.02388092116463645,0.8187500000000001,0.11199630594093532,0.02731829309176182
search,1190021,5,12,True,0.0,0.9254114855173486,0.995880688104827,0.00025189112103174606,2.0816681711721685e-17,0.15584409973662228,0.42738845013520554,6.384261210933209,3.6377525387689715,2.9199575550463637,0.3176152035037176,0.1588986667697192,0.16033160107323147,0.019315464314286143,0.09025882444831665,-0.06922390402964507,-0.00963717028316741,0.2537086599660857,0.031168347034315706,0.83125,0.1576099432939279,0.016344587274148805
search,1190021,5,13,False,0.00025556763186588134,0.9254114855173486,0.995880688104827,0.002697172619047619,2.0816681711721685e-17,0.15308162404572428,0.43318833917163596,7.264420244796048,3.6549159139764966,2.8376162250693744,0.3583483799044653,0.12989766907891237,0.15459615204603816,0.03159462365402853,0.08921841985177771,-0.05975044711572064,0.0014639978092899088,0.2183039197958905,0.03150887296619756,0.84375,0.15236060363437495,0.029376843043660592
search,1190021,5,14,True,0.0,0.9254114855173486,0.995880688104827,0.0,2.0816681711721685e-17,0.16665982487585096,0.40815348563753057,5.2728774712868205,3.4191974943991768,3.081347249911798,0.28805908509334777,0.1441488462116899,0.12278234400911109,0.020809700858417757,0.08764976330989012,-0.06910135683779242,-0.01091545012323146,0.3244951110530415,0.02774874973468197,0.8375,0.11913154102302846,0.01742193745201385
search,1190021,5,15,False,0.0004806556119146167,0.9254114855173486,0.995880688104827,0.000370086185515873,2.0816681711721685e-17,0.15189312211908318,0.4221896524126326,7.154192465936205,3.610278777141234,2.8719664973991614,0.33231347369954706,0.13821442434545791,0.12234413155150813,0.002174542238677026,0.09566374946616535,-0.08336432248926612,-0.012018995694652212,0.2638427143510742,0.03553164211738361,0.875,0.11781152600851047,-0.0020843842808456713
search,1190021,5,16,False,2.558699698705529e-05,0.9254114855173486,0.995880688104827,1.937624007936508e-06,2.0816681711721685e-17,0.17474233803678554,0.40539369663121305,4.212061858925164,3.3694925851664372,3.1401579829937436,0.3674798891250518,0.13445251363595512,0.17205942605509894,0.06303511753831172,0.08215462644722926,-0.051982276741780395,-0.005005451400950163,0.24690402379080506,0.014901674382400646,0.75,0.170179858618353,0.06079518627343268
search,1190021,5,17,False,4.776609793829792e-06,0.9254114855173486,0.995880688104827,0.00045146639384920637,2.0816681711721685e-17,0.1510756907320669,0.41718301975275573,6.825403797568612,3.6660779393333556,2.8589981585555746,0.33795348446029566,0.1354005391250817,0.13917645759291164,0.015719219271535228,0.09220918403741615,-0.07439043644709951,-0.006706156974442122,0.23154283388938998,0.031078843609047772,0.86875,0.13554965632811178,0.012203518784035285
search,1190021,5,18,True,0.0,0.9254114855173486,0.995880688104827,0.0,2.0816681711721685e-17,0.1738823590441034,0.3970679207082843,4.209637980020014,3.274914461216766,3.2571872494262992,0.2795718244027877,0.13629880225662802,0.13067937470991214,0.03950883802469658,0.08318147504068499,-0.06149685410627777,-0.01127190748884237,0.31538352418032095,0.018373158466204544,0.7875,0.12734095761158748,0.0365907257285975
search,1190021,5,19,False,0.0007729049556537345,0.9254114855173486,0.995880688104827,0.0005560980902777778,2.0816681711721685e-17,0.15965613720460398,0.41450745483162,5.97194255259505,3.593356189893961,2.966505907304219,0.3565863064761432,0.12453998820620528,0.15345580245383275,0.04708863832762751,0.08806940742904763,-0.04573140937616879,0.008458291599623285,0.23411267337660202,0.02950851268355479,0.8374999999999999,0.15239332498079117,0.04605634790317557
search,1190021,5,20,False,0.0003796579582291448,0.9254114855173486,0.995880688104827,3.487723214285714e-05,2.0816681711721685e-17,0.15841726904462033,0.4232719192646177,6.349421620333297,3.5124454052966865,2.9893252414080322,0.3162631570787973,0.14634040265147658,0.12707321831448928,0.003601384085996709,0.09178754009780321,-0.08745818686474634,-0.019463325416839476,0.27272892158605955,0.029214509005169233,0.81875,0.1223350442047883,-0.0009780147019830161
search,1190021,5,21,False,0.000497390313907875,0.9254114855173486,0.995880688104827,1.3563368055555555e-05,2.7755575615628914e-17,0.15927163519864104,0.4219317704385415,6.324738227469604,3.52991747441006,2.9850375216751575,0.33824044492670446,0.1364733544590148,0.1205185989482245,0.0019531842897539745,0.09173062371237237,-0.08724134551747052,-0.021894153396422533,0.2644008873647892,0.027756518944330857,0.8375,0.11536177784734054,-0.0029478004553486863
search,1190021,5,22,False,0.0006656154194041499,0.9254114855173486,0.995880688104827,0.00011238219246031745,2.0816681711721685e-17,0.16639830912412013,0.4192875200916773,5.301880720920732,3.580263078793662,2.986836993370429,0.27167763466708444,0.14119756152501955,0.16803922838984342,0.05118898697699985,0.085355876433591,-0.03930027337943086,0.007273317987459567,0.26276281756411896,0.027469066865826695,0.84375,0.16771831370959933,0.049972663025757716
search,1190021,5,23,False,7.344824366692225e-06,0.9254114855173486,0.995880688104827,5.8128720238095235e-06,2.0816681711721685e-17,0.17016429755454607,0.40324872053683736,4.8091109917073815,3.396802094998578,3.0959548379218105,0.35104971722918166,0.11885653728292847,0.1373709226975479,0.04652811923609132,0.08273401162639783,-0.059120629670691385,-0.006395600882932048,0.2517279337432312,0.019269165069936776,0.7875,0.13436302721848736,0.04373282219125714
search,1190021,5,24,False,0.0202159953269296,0.9254114855173486,0.995880688104827,0.000248015873015873,2.0816681711721685e-17,0.14893178288359865,0.4216054840937766,7.1398628606780274,3.698111498627159,2.8310943549184886,0.332830520869251,0.17237529152913922,0.14829337678239063,-0.006164185373902848,0.09392068890096901,-0.085391442205765,-0.01703403689484711,0.2730838057072376,0.037264192807664694,0.84375,0.1444288205828991,-0.010131293108283649
search,1190021,5,25,True,0.0,0.9254114855173486,0.995880688104827,0.00012788318452380953,2.7755575615628914e-17,0.16045891449457444,0.4173161038199201,5.931146783036912,3.5638376842144135,2.954367324219565,0.35246600667230615,0.12411795159901128,0.1394327970170255,0.03213947862924395,0.0883618772614286,-0.07128976114255872,-0.01046421652348524,0.21790562947191067,0.022511600930824768,0.8062499999999999,0.13577608025045096,0.028642014465290494
search,1190021,5,26,True,0.0,0.9254114855173486,0.995880688104827,1.9376240079365078e-05,2.7755575615628914e-17,0.1652151009604607,0.41161070176046277,5.471263224786027,3.4520821724023216,3.058717255116634,0.3735340656502866,0.1298218646204198,0.12993148227903206,0.02839663948606219,0.08723471649651147,-0.0706705620209882,-0.010735912456489843,0.26802607136899426,0.024362984715697165,0.8375,0.12610928375208091,0.02484609200318603
search,1190021,5,27,False,0.0027110138896466567,0.9254114855173486,0.995880688104827,0.0011993892609126985,2.0816681711721685e-17,0.146540998290638,0.4249027770599114,7.883094759245387,3.7174039789020465,2.773199127170242,0.3109492968678834,0.16345100501982307,0.1422564350530247,-0.0056058989686246785,0.09550825440906233,-0.082975255138765,-0.00936469687016883,0.2803971029583977,0.04279840959473,0.89375,0.13864908117917302,-0.008911418341511879
search,1190021,5,28,True,0.0,0.9254114855173486,0.995880688104827,0.0,2.0816681711721685e-17,0.17424623701194392,0.40108185182379613,4.246799055969126,3.316186740239515,3.152502270308222,0.3118656534022287,0.12468742396184362,0.14619317308248292,0.05160687511072486,0.08195272848413035,-0.06039340345050766,-0.009978053438482253,0.25797112822944634,0.01488414508356953,0.775,0.1431071992773279,0.04879662258426942
search,1190021,5,29,False,6.017543209248068e-05,0.9254114855173486,0.995880688104827,0.0,2.0816681711721685e-17,0.1734967209681893,0.3955608739886468,4.37425494407416,3.3498126366838927,3.152493200701456,0.3585500919510824,0.10643337904929914,0.13549841646645078,0.056569996445341116,0.07973840848375614,-0.050138157957786415,-0.003407688748259854,0.2386050338095737,0.015942729676579656,0.775,0.13298185015987413,0.05427390354377889
search,1190021,5,30,False,0.05037649517380634,0.9254114855173486,0.995880688104827,0.00032939608134920637,2.0816681711721685e-17,0.14581000893807974,0.42063713041810724,7.744031221755174,3.7096412778410794,2.899088085394607,0.40122685577766537,0.1794233098106653,0.13508145468116325,-0.021064543970636545,0.097801581514674,-0.09168877374438272,-0.015859322051873365,0.30730554998835496,0.04537435201188524,0.89375,0.13107854902002994,-0.024947267757591155
search,1190021,5,31,False,1.6203797313050818e-05,0.9254114855173486,0.995880688104827,0.0017070467509920635,2.0816681711721685e-17,0.15578261719400455,0.42405053053199127,6.983582457436841,3.5823488072457446,2.877843921525881,0.33226179500707065,0.12065558451983474,0.1275002446214277,0.02347458870530244,0.09296745606792295,-0.07123135482528084,-0.005616966718335423,0.239896447528543,0.031292910419192896,0.85625,0.1235138369762079,0.020778916602701234
search,1190021,5,32,True,0.0,0.9254114855173486,0.995880688104827,1.9376240079365078e-05,2.0816681711721685e-17,0.1622114159318721,0.427801486734366,5.726288755480368,3.5893258829542583,2.902660822308878,0.3020226522346535,0.15730563310951978,0.17243682422573903,0.03378696715249038,0.08715880744074135,-0.061251558030825784,-0.009298499119183255,0.24704254578286333,0.025847968989522907,0.8125,0.17027700662767942,0.030978252810825117
search,1190021,5,33,False,0.0049120865427680835,0.9254114855173486,0.995880688104827,0.0005270337301587301,2.7755575615628914e-17,0.1411126214740301,0.41679765244942807,8.149711439611094,3.7530266005145823,2.778908429380067,0.35146990332896666,0.16255928513243645,0.1294796179884211,-0.022474042157991182,0.09757385979673378,-0.09362051764047002,-0.014116695262495883,0.27562928974972317,0.04371642085386717,0.8875,0.12472703748033365,-0.027513379300937488
search,1190021,5,34,False,0.0003469540726746457,0.9254114855173486,0.995880688104827,0.0,2.0816681711721685e-17,0.17549038360965707,0.39563851595688526,4.039535979912687,3.3787124443026073,3.1773117010320595,0.25590660005997645,0.1394096470963138,0.16241153208760448,0.06216644035765779,0.08154299189050111,-0.04080781793537139,0.003027008303517642,0.3004315146588359,0.018618752018052347,0.78125,0.1614230125498997,0.060597205867367186
search,1190021,5,35,False,0.0002813824833476274,0.9254114855173486,0.995880688104827,0.00013950892857142856,2.0816681711721685e-17,0.16062252743937006,0.4148624861095873,5.900958988365929,3.567015672395949,3.0278584693400115,0.3731390439149283,0.1360967992259961,0.14926583801133692,0.03772244108350752,0.0881068047436743,-0.055346445725013294,0.001930479879841802,0.2574219179646858,0.02993289232838895,0.85,0.1474394900713683,0.03576500100401233
search,1190021,5,36,True,0.0,0.9254114855173486,0.995880688104827,2.5189112103174602e-05,2.0816681711721685e-17,0.16147394767151377,0.41826322837332974,5.97056866269811,3.5140306560758416,3.0332727211224046,0.374633107843328,0.1324809313454146,0.1266495858493715,0.0177058093443338,0.09017688768352045,-0.07834691698203745,-0.014657767924216263,0.26069967962274826,0.026391181966025922,0.83125,0.12227810945757515,0.013643761869692362
search,1190021,5,37,True,0.0,0.9254114855173486,0.995880688104827,0.00013369605654761906,2.0816681711721685e-17,0.15832510114595977,0.4155166114897132,6.2739458721997,3.559455442181071,3.0108094886875048,0.4105907009806403,0.11725796368878358,0.12476165188813934,0.025900710458004073,0.09018126365558196,-0.07273221455702697,-0.010477843308232593,0.22470573818273026,0.02551952646299643,0.83125,0.12055921609021467,0.022503445278977477
search,1190021,5,38,False,5.870083490498176e-05,0.9254114855173486,0.995880688104827,0.0003429594494047619,2.0816681711721685e-17,0.15951636556584323,0.42253221045221684,6.025564679380401,3.572826449248747,2.9728797130121354,0.3211295580500268,0.15007088198902552,0.15624130978042047,0.02917939830269836,0.08924646669189969,-0.06270652948085956,-0.0034643049701132324,0.2655036459702901,0.030863796770911694,0.8375,0.15398341457860534,0.026694673671240995
search,1190021,5,39,False,3.529245360587511e-05,0.9254114855173486,0.995880688104827,7.750496031746031e-06,2.0816681711721685e-17,0.17138339334911973,0.3947667898162482,4.6723646898840165,3.3973810426636657,3.0924640247285864,0.37429234218452845,0.0977389664281364,0.11831306547620675,0.048166807985758495,0.08019800839786359,-0.05080155425907405,-0.0044830788378854135,0.23338776443100664,0.017692177075420357,0.7562500000000001,0.1151956108019381,0.04544478089196551
search,1190021,5,40,False,0.02456965256659319,0.9254114855173486,0.995880688104827,0.00010075644841269841,2.0816681711721685e-17,0.1517097978326678,0.4220258317721936,6.969723126341227,3.634241622958704,2.9213263604387123,0.4113592590935883,0.17358975718937714,0.1417064865408788,-0.0096080465479128,0.0937183172651262,-0.09254633493471716,-0.02195799320127643,0.2802297278174136,0.03495249059114815,0.84375,0.13730690159897424,-0.014074947766038005
search,1190021,5,41,False,0.00022761103516681527,0.9254114855173486,0.995880688104827,0.0004146515376984127,2.0816681711721685e-17,0.16119883039762029,0.4205417870500941,5.717789144495015,3.5828368271013282,2.9375473331673296,0.36107695767553716,0.12258124270866394,0.1646178208098636,0.05134226207096682,0.0853794115184699,-0.04904310717191314,0.0009313758082785165,0.19734754917800382,0.02225324691420741,0.7875,0.16333615734675133,0.04962184699606143
search,1190021,5,42,False,0.006927573249877859,0.9254114855173486,0.995880688104827,3.681485615079365e-05,2.0816681711721685e-17,0.15771280348006855,0.4249843811539142,6.4000171671072,3.5252908549083712,3.0363915793161853,0.3612586793783915,0.16682212744206576,0.13209321300819515,-0.005110038304972572,0.09243031331351526,-0.09266248673549739,-0.02271304901724404,0.29845474672146194,0.03183632638844544,0.83125,0.12744503119312514,-0.009533851318678508
search,1190021,5,43,False,0.0004548557265017775,0.9254114855173486,0.995880688104827,0.0017516121031746032,2.0816681711721685e-17,0.1482655269918692,0.4279930318567724,7.937341506453365,3.6998559307727064,2.765884714281146,0.2741913611114105,0.15296190923854397,0.14155637792794712,0.0028103068091333543,0.09454459074086326,-0.0780540008904246,-0.00530840284353178,0.2699715788565915,0.041213223516530506,0.8875,0.1382338065055079,-0.00030359914991130374
search,1190021,5,44,True,0.0,0.9254114855173486,0.995880688104827,0.0,2.7755575615628914e-17,0.1763343099595985,0.39985694967801233,3.897277376867602,3.2534498978173394,3.240557371118467,0.266172140248025,0.14020200045485617,0.14957270580034734,0.05000054420655705,0.08266482135929307,-0.06450188224690286,-0.01465794775903961,0.289395370780033,0.013429168351574724,0.75,0.14615117921358373,0.04695649444486966
search,1190021,5,45,True,0.0,0.9254114855173486,0.995880688104827,0.0,2.0816681711721685e-17,0.16989847986904638,0.40487229159294785,4.8984098958767195,3.3844883163740196,3.128901356222931,0.38650529612096113,0.11930544071329383,0.12813655009599512,0.03518184059258825,0.08379410532746229,-0.06778103420604417,-0.014047040161009628,0.2544017228809574,0.018408235039133816,0.78125,0.12406715455006027,0.031549070382006314
search,1190021,5,46,False,7.830796544063345e-05,0.9254114855173486,0.995880688104827,0.0003972129216269841,2.0816681711721685e-17,0.1519761239570341,0.4231680091339317,6.840030805336324,3.6955440570455984,2.8207893945139872,0.2888014940045882,0.15860264674646382,0.1519482300220501,0.013379836210859412,0.09186748820725338,-0.06728922582627564,-0.0030244600893171883,0.27303692554384373,0.03822753890061603,0.875,0.14951003928687095,0.01067616821371445
search,1190021,5,47,True,0.0,0.9254114855173486,0.995880688104827,0.00023057725694444444,2.0816681711721685e-17,0.1604123554547462,0.41589694552001144,6.215544112422717,3.5133113710235078,2.9719484721504927,0.40051513614172674,0.12312848500891357,0.1182912898606439,0.01647934069187116,0.09086621351849082,-0.0745424282064558,-0.012796538574688009,0.25867695363833615,0.028237757627585795,0.8375,0.1137944300271653,0.012719213307688038
search,1190021,5,48,False,4.7854604501684155e-05,0.9254114855173486,0.995880688104827,1.5500992063492063e-05,2.0816681711721685e-17,0.16642017622275945,0.4145238839559804,5.192308012695688,3.5106219882198806,3.031541801051996,0.4294730614438232,0.13140439128232845,0.16280854291100033,0.049562538263405065,0.08424875733194573,-0.056307414603243566,-0.003904720264490076,0.22711394221110104,0.020727498158440584,0.79375,0.16082273879281195,0.047321938931931797
search,1190021,5,49,True,0.0,0.9254114855173486,0.995880688104827,7.750496031746031e-06,2.0816681711721685e-17,0.16919789569432175,0.40574824190927233,5.076626416910241,3.42228998766263,3.0361735235592913,0.40413724028833925,0.10845183555935134,0.1151318996772074,0.023265560573575407,0.08397221487492194,-0.07195778220075433,-0.02123204508240394,0.23575247831578158,0.01711749858426647,0.7625000000000001,0.11001114789274359,0.018792058748929346
search,1190021,5,50,False,0.00023524204660315234,0.9254114855173486,0.995880688104827,0.0001414465525793651,2.0816681711721685e-17,0.15896583338982848,0.42134765174416533,6.0397072580034745,3.6053234643211973,2.894948564588266,0.26925218494006753,0.1408984136900137,0.15940492454098315,0.03788660603612195,0.08774881329157062,-0.05342631643894025,0.0010798606057982616,0.2396929749954328,0.02929714942355316,0.8500000000000001,0.1579143281007902,0.036160535540665104
search,1190021,5,51,False,0.0007421439393441212,0.9254114855173486,0.995880688104827,7.750496031746031e-06,2.0816681711721685e-17,0.16698147515642023,0.40583457670385104,5.159826746804072,3.5311772736856226,3.016116706483623,0.2956121126345241,0.12504227513490754,0.15025337167029937,0.05231138384263286,0.08514707894849084,-0.04179747246910361,0.008127452792003395,0.26240118863826495,0.026256169857612408,0.8125,0.14941897436685525,0.05078841390250186
search,1190021,5,52,False,0.0021939434812203655,0.9254114855173486,0.995880688104827,0.0006936693948412699,2.0816681711721685e-17,0.15072914020980877,0.42860336078511196,7.37781183015117,3.626070906831968,2.8692200435199933,0.3477090774821865,0.16012242763037887,0.13094287892813014,-0.012389579089370861,0.09630709471205917,-0.09344302635570954,-0.01840062101601619,0.28257737857568066,0.03754340413307314,0.8625,0.1261539385007769,-0.017015106473811263
search,1190021,5,53,False,0.0006971275551384446,0.9254114855173486,0.995880688104827,0.0011238219246031745,2.0816681711721685e-17,0.15135206797683126,0.4278858554434393,7.417859653685506,3.6332311132319535,2.8589346549936474,0.34716157413973014,0.13914161944267905,0.12753176340261077,-0.0004458563232102551,0.09524655702937833,-0.08661680139761363,-0.014259766409128754,0.2529702149423416,0.03411798574787288,0.875,0.12276726565843796,-0.0051639039068628965
search,1190021,5,54,False,0.0003850624565866045,0.9254114855173486,0.995880688104827,0.0,2.0816681711721685e-17,0.17224966845817596,0.4109478798365337,4.5312850597402266,3.4823927650083424,3.0896065406084627,0.23308495550652175,0.16123097276341933,0.17151154062159124,0.053720556479776284,0.08493803129416416,-0.04358243660408824,0.0003299497299006299,0.31521000306283653,0.023485977302099614,0.825,0.17052566045624887,0.05193151180410264
search,1190021,5,55,False,0.00015346636524916723,0.9254114855173486,0.995880688104827,0.0004359654017857143,2.0816681711721685e-17,0.15059347864702502,0.4192891619940262,6.775027875597631,3.703536439134198,2.862034184054412,0.30437438975842923,0.14296341435678248,0.15285550409153892,0.022138131476798432,0.0907585451901119,-0.06223016437120381,-0.0006662126952928244,0.23723976081879805,0.03395649582742662,0.85625,0.15050508766643578,0.01974111452306006
search,1190021,5,56,True,0.0,0.9254114855173486,0.995880688104827,1.1625744047619047e-05,2.0816681711721685e-17,0.16981433097809032,0.41418567718674115,4.8800355735636085,3.3740161314247628,3.1252059999791877,0.38952733934825934,0.13621529813045968,0.13891029650216852,0.02897801936095365,0.08562788221104026,-0.07898866782514011,-0.021108002122192958,0.2595811703362997,0.016960484960272557,0.74375,0.13437196672853619,0.02486761048583927
search,1190021,5,57,True,0.0,0.9254114855173486,0.995880688104827,0.0001220703125,2.0816681711721685e-17,0.16743907915640777,0.41388558866945496,5.191509159220401,3.4519931118614227,3.0223781327492016,0.37443818770176873,0.1175140230489011,0.14085572108801162,0.04144230584279472,0.08496499607549035,-0.06878606078563167,-0.013193733159540685,0.2173295542843865,0.017249678526546446,0.7562500000000001,0.1370622861703324,0.03782513542729755
search,1190021,5,58,False,0.0012129310183119813,0.9254114855173486,0.995880688104827,1.1625744047619047e-05,2.0816681711721685e-17,0.15989069310369164,0.4225234660923137,6.022099898407132,3.547821545891469,3.0348334463574345,0.3703477411369127,0.16310319906990683,0.14479498600405338,0.012130437491326616,0.0898549325308313,-0.08027879265567311,-0.015281832087314356,0.2868260678081668,0.02990005853468642,0.83125,0.14120106738507415,0.008541300504828873
search,1190021,5,59,True,0.0,0.9254114855173486,0.995880688104827,0.0001220703125,2.0816681711721685e-17,0.15867294276920046,0.41282646444589777,6.4581608907635015,3.546468200312766,2.941261854114395,0.3859554289365974,0.1115794178909835,0.10867310660475056,0.015815713037789135,0.09106524268833145,-0.0698899529213776,-0.010713616547125038,0.24792228452653214,0.029822543719209418,0.84375,0.10401914481387059,0.012531375527878762
search,1190021,5,60,False,0.0003327494196532975,0.9254114855173486,0.995880688104827,0.00015694754464285715,2.0816681711721685e-17,0.16257247934561037,0.4559636695717243,6.106032633533208,3.725130787693147,2.8845028064919545,0.37453475479680265,0.15584984550309394,0.19047117959830134,0.045208663416022664,0.0853000944872525,-0.029344066348542804,0.002798920900227635,0.23257151566004924,0.029234955356006745,0.85,0.19077753087581145,0.0438149955410843
search,1190021,5,61,False,0.00025708652031812145,0.9254114855173486,0.995880688104827,0.0007886129712301587,2.0816681711721685e-17,0.15801195377481891,0.4259536360267139,6.1901328740846555,3.6097664879432236,2.880750850124154,0.31791094219602306,0.13480096013088927,0.16411757306074828,0.041024113271567283,0.08758222574837696,-0.05281247338871127,0.001492079343156067,0.22412643330556759,0.027972303914960285,0.84375,0.16254063403122854,0.039115994185457956
search,1190021,5,62,True,0.0,0.9254114855173486,0.995880688104827,0.0,2.0816681711721685e-17,0.16742259022895603,0.405071628933299,5.218360042746377,3.4041464502752854,3.079122431947268,0.32190445885030405,0.13174131896365404,0.11340733326819849,0.01672027388303428,0.08649583225709057,-0.06978666952368819,-0.013608342374667622,0.30881922636368686,0.0257266213348874,0.83125,0.10916823834037695,0.012953179175005568
search,1190021,5,63,False,3.289503049643035e-07,0.9254114855173486,0.995880688104827,9.300595238095238e-05,2.0816681711721685e-17,0.15590931154752574,0.42033546554137924,6.448313267138907,3.6036999772882767,2.8956808740191784,0.29092268554275935,0.1549943111806517,0.14663289633309004,0.01627492325955481,0.09117454111849409,-0.07184369657214969,-0.007660463198343671,0.2713703889848924,0.03352677782779789,0.8500000000000001,0.14373088319766236,0.013167132983655856
search,1190021,5,64,True,0.0,0.9254114855173486,0.995880688104827,2.1313864087301586e-05,2.0816681711721685e-17,0.1662154903564506,0.42064368517804207,5.247630318438901,3.4683312746112556,3.0438678454629144,0.3367424254121114,0.14674202230220848,0.1538333616511413,0.03251480513756598,0.08614990240107924,-0.07349090604529762,-0.01433342913678799,0.2559952189391056,0.021080964880764993,0.7875,0.15039621374831974,0.02921584457771181
search,1190021,6,0,False,0.00021036399946407894,0.940254844907642,0.896133439469057,1.5500992063492063e-05,2.0816681711721685e-17,0.17238586292770533,0.4243925813536939,5.011206550145135,3.4919760900760535,3.087365827105177,0.33501265442730865,0.14587254131174532,0.15964063742926582,0.05188196775474575,0.08027253509636122,-0.031328089400026626,0.0005863268461070688,0.24346987449054455,0.021903913266801703,0.76875,0.159539479780704,0.05029499379400579
search,1190021,6,1,True,0.0,0.940254844907642,0.896133439469057,0.0001705109126984127,2.0816681711721685e-17,0.16342434343206474,0.415076652327686,5.8155930377448986,3.494280802745754,2.986073903014671,0.469550239326924,0.11103554586485412,0.09954776436412807,0.0185449527403593,0.08491490549651431,-0.07054248441813235,-0.01631041672317115,0.215794298392201,0.022300814646122852,0.80625,0.0947560711367103,0.014739741427964519
search,1190021,6,2,False,0.0004975770904718743,0.940254844907642,0.896133439469057,0.0001414465525793651,2.0816681711721685e-17,0.16176507080282845,0.4768954748477543,7.087948642922961,3.7376959269736827,2.9303676376729304,0.34262331606485386,0.15963276693960304,0.1555778906528037,0.03841889889804865,0.08500008547485904,-0.01786125078276487,0.005205410157777565,0.24159284527730832,0.03417954421327838,0.875,0.15693362707362393,0.038558601610730804
search,1190021,6,3,False,0.0002475784361171088,0.940254844907642,0.896133439469057,2.3251488095238094e-05,2.0816681711721685e-17,0.16540717651466724,0.41259864431955523,5.50327146842535,3.5182042858823954,3.06581303096631,0.38736057015403136,0.12144216970632687,0.11218714721557907,0.035631696769672795,0.0821244437950513,-0.05038545239415388,0.001314898230004793,0.2495280309386218,0.027296060517103968,0.825,0.10978214470807629,0.03335592468523841
search,1190021,6,4,False,0.01620312215493284,0.940254844907642,0.896133439469057,9.688120039682539e-05,2.0816681711721685e-17,0.16475056377679742,0.428372081209768,5.706087474656449,3.525517643476334,3.068190900880963,0.3956481820980454,0.1714562336505047,0.1357343496606327,0.01542781490472548,0.08333586751743133,-0.059823852386993434,-0.013411579556590697,0.2771823688684721,0.028876467694234655,0.83125,0.1330342913521906,0.012415369073414168
search,1190021,6,5,False,5.337661480215464e-05,0.940254844907642,0.896133439469057,0.00026545448908730157,2.0816681711721685e-17,0.15870951012789364,0.42436541513605336,6.368942032702031,3.6444732827226813,3.0017591909013515,0.4059187457749642,0.14598795381152743,0.11632026566356367,0.010726030884450921,0.0847079817586387,-0.06896877313565716,-0.011070089944347798,0.24889929486048298,0.03080884937616824,0.8375,0.11278239006483894,0.008004310983567686
search,1190021,6,6,False,0.0001796093396383967,0.940254844907642,0.896133439469057,1.1625744047619047e-05,2.0816681711721685e-17,0.17055542574039384,0.41532370408255054,4.938819745209432,3.4459440666582672,3.1240766053601283,0.35008491530218955,0.14660454139733414,0.13517322893580425,0.03853398030101015,0.08117701216547582,-0.043261136678070675,-6.611018434015108e-05,0.2840659789852349,0.025238638151824228,0.8125,0.1337365572098364,0.036092231568273715
search,1190021,6,7,False,0.0007372038469952652,0.940254844907642,0.896133439469057,4.262772817460317e-05,2.0816681711721685e-17,0.1660939180805102,0.4410456520179644,6.1234213491176295,3.6255630483791195,2.916975832509,0.3503332734357025,0.13634045867299643,0.15417126762701905,0.05361249458586801,0.080602211115233,-0.01980056286404209,0.008073686852534755,0.21971334090972994,0.027327721091301157,0.84375,0.1556184888708615,0.05347089996435065
search,1190021,6,8,False,8.97459273215897e-05,0.940254844907642,0.896133439469057,2.1313864087301586e-05,2.0816681711721685e-17,0.17015274765805014,0.40728341965344345,5.01496428052144,3.366453143914324,3.086448841934261,0.47962735789538014,0.10964729235153706,0.09605470412811641,0.009458041864319883,0.08347654630654927,-0.07413595296527542,-0.02620960603645873,0.22606646095358363,0.01643144265829579,0.7562500000000001,0.09045061576425209,0.004630183548585881
search,1190021,6,9,False,1.6460697577727937e-05,0.940254844907642,0.896133439469057,5.0378224206349204e-05,2.0816681711721685e-17,0.17161592214138488,0.419993804811346,4.976248220646486,3.54186960443693,3.1139349478594,0.3761310194214896,0.13588825868414683,0.15181075150886236,0.04873308940546263,0.07915485991840229,-0.043066159772296816,-0.0055981503136372495,0.22247400603075385,0.019324727714985772,0.7749999999999999,0.1506395006042481,0.04636347234646695
search,1190021,6,10,False,0.002594629918688875,0.940254844907642,0.896133439469057,7.36297123015873e-05,2.0816681711721685e-17,0.15685438133119975,0.4259723205332546,6.477028739656536,3.6209291088200497,2.995071243662994,0.37260539817489513,0.16401090129632007,0.11371329943004646,0.0005688682061810411,0.08547850771724888,-0.07234228314090599,-0.01284145795916662,0.2746629251214022,0.03485794323373258,0.85625,0.11009628125615628,-0.0021851713803966825
search,1190021,6,11,False,3.320078342423603e-05,0.940254844907642,0.896133439469057,5.8128720238095235e-06,2.0816681711721685e-17,0.1697634867072092,0.39930224739713566,4.957264549553102,3.394606466784256,3.1767291756558556,0.4333823110473761,0.11489965174406566,0.09909684719457737,0.030384242315481112,0.08121695502304699,-0.05340983156714098,-0.00458888883763788,0.2674074174294737,0.022881371288492845,0.8125,0.09570446315462103,0.027309590298794657
search,1190021,6,12,False,5.649637366370075e-07,0.940254844907642,0.896133439469057,0.00022670200892857144,2.0816681711721685e-17,0.16006231068442536,0.4409334005831228,6.58064831722029,3.598150480553444,2.927399597016646,0.3940952461394577,0.15830591139126887,0.14142291100692556,0.0222903476208339,0.08280434601008711,-0.0507670305819439,-0.007555028707671212,0.24369405294726876,0.03154195780892893,0.85625,0.1398152938225947,0.020545435676719383
search,1190021,6,13,False,0.0002727347472150805,0.940254844907642,0.896133439469057,0.002055819072420635,2.0816681711721685e-17,0.15696229802396777,0.44469480861860056,7.4867480905651105,3.6705335057485886,2.8996660195720114,0.4259731690836137,0.12890767326823568,0.13704220548008328,0.03661353952637201,0.08379508032611896,-0.04450585034137246,0.0017766922038072756,0.2084239369478314,0.03208840727594775,0.8374999999999999,0.13612301977474592,0.03585694925878344
search,1190021,6,14,False,4.472551087433464e-06,0.940254844907642,0.896133439469057,0.0,2.0816681711721685e-17,0.16937501583341988,0.4070811235346131,4.926578951781982,3.382631177705438,3.227214942674891,0.408977163305977,0.14410361311856285,0.10406794381971517,0.02055263026995921,0.08312597540635924,-0.05868881778613318,-0.006748014319448389,0.32006670538894544,0.02617069169151177,0.8125,0.10069816534087231,0.01698340943570897
search,1190021,6,15,False,0.0002782400351335585,0.940254844907642,0.896133439469057,0.00031001984126984125,2.0816681711721685e-17,0.15599146839831313,0.42195082039765824,6.631250445462635,3.6283464958812246,2.9886721551196986,0.4193315121658565,0.13660004237458087,0.09994203216291919,0.00524189075570569,0.08848271475472659,-0.0736497952766812,-0.009221916038257581,0.2547269498921888,0.03318928809062618,0.8687499999999999,0.09566659229597933,0.0020327395037939427
search,1190021,6,16,False,6.412933951263659e-05,0.940254844907642,0.896133439469057,9.688120039682539e-06,2.0816681711721685e-17,0.1769990978104903,0.40915359018367603,4.186641075855505,3.3869371615296604,3.2294688638189086,0.3699032192451496,0.13594613642920877,0.15706505022598827,0.05687514318942908,0.07811279848397845,-0.037083007731018455,-0.003259216853413704,0.2409852711479677,0.015711219813969304,0.7375,0.15613263012602863,0.05468841610162683
search,1190021,6,17,False,1.6399930633988163e-05,0.940254844907642,0.896133439469057,0.0004146515376984127,2.0816681711721685e-17,0.15540278883499306,0.4217761328334019,6.807942880388147,3.7165515239304967,2.900365885952173,0.3869731122533306,0.13391433070441316,0.11885303249086152,0.019822128149826007,0.08530208697245431,-0.06039640571448612,-0.005602587793117331,0.22110910432028,0.03145255471117598,0.85,0.11614720506222281,0.017612174411863225
search,1190021,6,18,False,6.152706031733745e-07,0.940254844907642,0.896133439469057,1.937624007936508e-06,2.0816681711721685e-17,0.17598074303567354,0.3949744739414115,3.986971776031239,3.283599342734683,3.385092251022713,0.4808418494536447,0.13654047691278637,0.11477826952681325,0.03517383274848084,0.07955606857860179,-0.05088131194165542,-0.007535640013921792,0.3109193648124913,0.017732821322809438,0.75625,0.11187390313635218,0.0321849829154508
search,1190021,6,19,False,0.0009261761643094385,0.940254844907642,0.896133439469057,0.00047084263392857144,2.0816681711721685e-17,0.16282583239310955,0.4263122922509751,6.207967494294883,3.5950135794387093,2.9389275996632245,0.34575750962693774,0.12530282705209425,0.13250480662845399,0.04684859427642126,0.0805606958403669,-0.03193807385469656,0.010016420378325518,0.22818733898435067,0.030565724259208695,0.8625,0.13253341616530323,0.046025958155566954
search,1190021,6,20,False,0.0002563100569038166,0.940254844907642,0.896133439469057,4.262772817460317e-05,2.7755575615628914e-17,0.16226272914194909,0.4226248218236948,5.841836331794493,3.5488708747159743,3.0574775939825543,0.3624207147251812,0.14521828895514588,0.10714087817777951,0.00563433348747092,0.0861359170206562,-0.07615345205464208,-0.016318198504472428,0.2638594746653643,0.02744882071320221,0.8125,0.10270362316089028,0.0016491812127313599
search,1190021,6,21,False,0.000301134503755139,0.940254844907642,0.896133439469057,1.5500992063492063e-05,2.0816681711721685e-17,0.16283366289762752,0.41958157246139133,5.83448222533557,3.535649830486152,3.0633792894514036,0.3359150575955294,0.1346854686674636,0.1009154178549605,0.004848361927865905,0.08675374356905827,-0.07836747015774048,-0.019090868038757647,0.25518107601811046,0.025570827353007124,0.8125,0.09596228056145843,0.0005161548964036471
search,1190021,6,22,False,0.0008430279791127467,0.940254844907642,0.896133439469057,9.88188244047619e-05,2.7755575615628914e-17,0.169146554365503,0.4296813606119416,5.487416278099222,3.52713033137578,3.003071114095655,0.3601136679769338,0.14315895458078454,0.15100825790747074,0.05060117333086665,0.08092757696438038,-0.02358548152158199,0.009188686909469541,0.25861168332172213,0.027852028093142463,0.81875,0.1517363292033675,0.04919764762854961
search,1190021,6,23,False,4.5074429068636194e-05,0.940254844907642,0.896133439469057,9.688120039682539e-06,2.0816681711721685e-17,0.17255357442950126,0.40438071508877105,4.6203520176635395,3.422722796890729,3.193962322038606,0.44981985528473606,0.11893621283869929,0.1220604906053877,0.04299909283853302,0.07935441186393676,-0.04860012844541299,-0.0040254604406157295,0.2450036256451532,0.019196533170473096,0.7625,0.11965566212489831,0.040494622306757724
search,1190021,6,24,False,0.0143270851892516,0.940254844907642,0.896133439469057,0.00023639012896825397,2.7755575615628914e-17,0.15382561030462644,0.4419776493733649,7.231057024508399,3.624960462362185,2.9459705275181385,0.4390495453460024,0.1705629860551972,0.12904282211200716,0.001253282741146831,0.0868155603220775,-0.06597206416850718,-0.014465489276114359,0.2611590231789576,0.03724880812607183,0.88125,0.12607117458395645,-0.0008475431726185003
search,1190021,6,25,True,0.0,0.940254844907642,0.896133439469057,0.00010656932043650794,2.0816681711721685e-17,0.16394058068820277,0.4180463321010781,5.714128155649892,3.5853466825182148,2.9864521477803745,0.39983076002343904,0.1231095121768892,0.12360021319740365,0.031065845531419584,0.08181053675617463,-0.0590886821689096,-0.00934880476376129,0.20808817400307345,0.02276646112276539,0.8,0.12076881236445104,0.028353855698050177
search,1190021,6,26,True,0.0,0.940254844907642,0.896133439469057,2.1313864087301586e-05,2.0816681711721685e-17,0.1681819685214202,0.41263311472432346,5.138826712351994,3.465160767378685,3.1523390950886743,0.4371774930794019,0.12927283113155227,0.11178774066954629,0.027319085473819622,0.08252970546745705,-0.06026534131540182,-0.008009600661343085,0.26070587939691503,0.0235146823842313,0.8125,0.10841116876547668,0.024168854249987996
search,1190021,6,27,False,0.0011590766855231222,0.940254844907642,0.896133439469057,0.0008544921875,2.0816681711721685e-17,0.15134257206548218,0.4334181582862353,7.776692430158253,3.6374749612762627,2.8880219042931974,0.3965176633954262,0.16236074973202572,0.11985975284899167,0.002386581217557764,0.08663074378030958,-0.065722295378989,-0.006532981111724471,0.269821840676261,0.04215140207589034,0.8999999999999999,0.11683454933788034,0.00012826331059594132
search,1190021,6,28,False,9.05076038418116e-07,0.940254844907642,0.896133439469057,0.0,2.0816681711721685e-17,0.1764398973817537,0.4025035914948264,4.068721974432475,3.3421876639124095,3.3750259633295108,0.4512256513453874,0.12506746793246712,0.1315156041602902,0.04656482987178528,0.07889638637480571,-0.048662800212721985,-0.007436797932595976,0.2512206523388313,0.015082538429094138,0.74375,0.12910019166856937,0.04378059658319325
search,1190021,6,29,False,0.00012097926355682915,0.940254844907642,0.896133439469057,1.937624007936508e-06,2.0816681711721685e-17,0.17536991355119552,0.39282461702340155,4.256935945632551,3.378780298644961,3.199677209040538,0.4033425857875743,0.10684907793784705,0.1217517230775388,0.05123296110346122,0.07722946416374446,-0.04093607800136606,-0.0014885580227433056,0.23250476881353732,0.016143150293190897,0.75,0.11982782556741635,0.049130685095843035
search,1190021,6,30,False,0.04621171388316837,0.940254844907642,0.896133439469057,0.00027901785714285713,2.0816681711721685e-17,0.15085005066162138,0.42992965919983683,7.455616436763538,3.6432555280391665,2.9468702227321195,0.38875815427035604,0.17892477914526023,0.11053660305218158,-0.01113583379144949,0.09022966227372244,-0.07389836163909477,-0.012151856512877311,0.29679919579085534,0.04437261192070964,0.8875,0.10691253119725913,-0.014139288533086729
search,1190021,6,31,False,6.221144549988056e-05,0.940254844907642,0.896133439469057,0.001358274429563492,2.0816681711721685e-17,0.1592885809959258,0.4228372510889802,6.5753773948502054,3.616514715518826,2.9627735935824275,0.3992674059644286,0.1191968448243339,0.10657969689350323,0.024621571714657765,0.08601783142611441,-0.06220087296758399,-0.003330645436929196,0.230893918549343,0.03012087755741219,0.85,0.10299440947504612,0.021752714270277425
search,1190021,6,32,False,1.9939570724080763e-06,0.940254844907642,0.896133439469057,2.5189112103174602e-05,2.0816681711721685e-17,0.1658800364757962,0.4374196754509855,5.866663003840512,3.5668890082133995,3.002783617623992,0.34598125512342415,0.15748880407253105,0.15359809990102485,0.03417043240263242,0.0814671616785153,-0.043062724851779005,-0.007164051334456222,0.23802764391786535,0.02602532622140081,0.8250000000000001,0.15255197739577003,0.03237911039557356
search,1190021,6,33,False,0.0023479253918346457,0.940254844907642,0.896133439469057,0.0004417782738095238,2.0816681711721685e-17,0.1463007096247885,0.4239223337193192,7.878745958280058,3.723272815819752,2.843479448580548,0.43634966994559715,0.160018897840084,0.10655513613540545,-0.013346140452403892,0.09116259667928128,-0.07864211545457611,-0.01188987917662795,0.2634260157447081,0.04248016050816115,0.89375,0.10226303640218175,-0.01663977972409917
search,1190021,6,34,False,0.0005054046492933867,0.940254844907642,0.896133439469057,5.8128720238095235e-06,2.0816681711721685e-17,0.1774220737822381,0.40069064543519606,4.020214415401073,3.373807162409765,3.220348773219829,0.36443951978091804,0.14163224685388978,0.14885948090583392,0.055701926231916735,0.07823515716414708,-0.027100423081773486,0.005308874295369892,0.2972059880509621,0.018959993085437606,0.75,0.14858373826538906,0.054038308973347514
search,1190021,6,35,False,0.0004395830229768509,0.940254844907642,0.896133439469057,0.00011625744047619047,2.0816681711721685e-17,0.16394818073185707,0.4222325349080345,5.8835949141071655,3.5985016535933845,3.006364468763886,0.3573257675114982,0.13675978591124585,0.13175829129980787,0.038149917672124334,0.0814600952887798,-0.040826493572314174,0.004412011302144348,0.2512312035658901,0.030304202118971925,0.8625,0.13083351407961824,0.036332745952818546
search,1190021,6,36,True,0.0,0.940254844907642,0.896133439469057,3.293960813492063e-05,2.0816681711721685e-17,0.16485760887113937,0.4175543905754681,5.534139468198057,3.536843782571009,3.0365303660568452,0.3799552330743972,0.1313699909613682,0.10755956729019817,0.017856843066096903,0.0846304897935454,-0.06827969249743152,-0.011873077412037091,0.25217052399098316,0.024968509837814047,0.8062499999999999,0.10355578129627724,0.014522928038699558
search,1190021,6,37,True,0.0,0.940254844907642,0.896133439469057,0.00011431981646825397,2.0816681711721685e-17,0.16175566106726197,0.4150366300516898,5.902358592018153,3.5826192713215455,3.0026179827809685,0.41392522732298886,0.11575475878047561,0.107150014471665,0.02643566502340438,0.0843871536045082,-0.06390959288365558,-0.008838599775727929,0.2150613707093374,0.024687914050766202,0.8187500000000001,0.10339778510121196,0.02346744043694579
search,1190021,6,38,False,0.00014779452487772248,0.940254844907642,0.896133439469057,0.0002848307291666667,2.0816681711721685e-17,0.1632115322571312,0.4280474994185228,6.104541313009259,3.6215366568077316,3.0504814465551044,0.38521131180332957,0.15064206738279823,0.13605419227683707,0.031005486820366947,0.08273128500117598,-0.04604203342078779,-0.0008030103260636724,0.25838203429287354,0.03133887038270954,0.85,0.13474329347212838,0.02910368013552888
search,1190021,6,39,False,9.132772296963681e-05,0.940254844907642,0.896133439469057,9.688120039682539e-06,2.0816681711721685e-17,0.17317854792874057,0.3912772945257168,4.529409429244638,3.3813950281845724,3.1919959040051875,0.447518610282961,0.0974273292670497,0.10387711501969465,0.045227013140798855,0.07776293944430782,-0.0439904731683269,-0.0023425200749069564,0.22688491986530385,0.017466949022506475,0.7625000000000001,0.10115407579301394,0.04271256692705906
search,1190021,6,40,False,0.019641163519929696,0.940254844907642,0.896133439469057,0.00011044456845238095,2.0816681711721685e-17,0.15646499417310356,0.43063443149384006,6.634092032264091,3.587109035688302,2.9634945368702983,0.3735174833072358,0.17229389874144985,0.12200267817095477,-0.0033312426177484374,0.0867972232903044,-0.07428668983843363,-0.018803394175255728,0.269238679174066,0.03412188066524956,0.8687499999999999,0.11820119612367022,-0.006264657206911679
search,1190021,6,41,False,0.00023217720608799484,0.940254844907642,0.896133439469057,0.0003662109375,2.0816681711721685e-17,0.16441463878833884,0.43417679656032826,6.0860918017271075,3.618054575292559,2.9537829034617924,0.4041852399545245,0.12277928225621791,0.14404298094172888,0.05222649363318879,0.07973209746740456,-0.03448639442967708,0.0010205184082968874,0.1896624833689579,0.023811789138516917,0.81875,0.14422845317922325,0.05161662779766578
search,1190021,6,42,False,0.006235724976837019,0.940254844907642,0.896133439469057,5.0378224206349204e-05,2.0816681711721685e-17,0.16186477529782461,0.42614228032370294,5.851472573181189,3.5358699606880144,3.1352689187103375,0.3741035633019131,0.1666292835184816,0.11051430114077487,-0.0016506255597995047,0.08658510445859303,-0.07838959030834809,-0.01890889403548616,0.29020866482347063,0.030067681670407295,0.84375,0.10614268106590449,-0.005515261854333592
search,1190021,6,43,False,0.00016895857185039977,0.940254844907642,0.896133439469057,0.0012885199652777778,2.0816681711721685e-17,0.15281002788883205,0.4351604657440357,7.715257448496967,3.673832515602413,2.8619912129081735,0.3912155928506187,0.15197129708083412,0.12049687650827334,0.009798193158208984,0.08548210716397744,-0.06198042783180778,-0.0023871872187241783,0.2600739945321217,0.04035499303161527,0.8875,0.11776209293101783,0.007867359920627218
search,1190021,6,44,True,0.0,0.940254844907642,0.896133439469057,0.0,2.0816681711721685e-17,0.17850134338261148,0.4011336990772004,3.69508503543081,3.249074207817876,3.4097958423063406,0.3875805551155307,0.1408558855577572,0.13428102891134186,0.04256341019950176,0.07906057388868748,-0.05154715961374021,-0.011252063595011897,0.28340728106688484,0.013447978777036115,0.7250000000000001,0.1314888069461978,0.039616264629726144
search,1190021,6,45,True,0.0,0.940254844907642,0.896133439469057,3.875248015873016e-06,2.0816681711721685e-17,0.17232894359789253,0.40196431584662673,4.632031750790903,3.3850600052478033,3.1922527353251704,0.458013015552001,0.11855704384370919,0.1122939885450652,0.033349624417079185,0.08073361543003654,-0.05858481584197123,-0.011455976302422045,0.24672643895041077,0.017871254339673324,0.7625,0.10867456393763518,0.029896022302215074
search,1190021,6,46,False,0.0001728343207956952,0.940254844907642,0.896133439469057,0.0003429594494047619,2.0816681711721685e-17,0.15635585647153277,0.4377209441812874,7.0559071444791766,3.6406905750177314,2.948249093070933,0.37284111137183146,0.15863853083831028,0.12934872904626407,0.018365848028255628,0.08401417121947205,-0.04946170562057263,-0.00021718512340538135,0.2643323239371012,0.03863792168934043,0.86875,0.12786753897150932,0.01712741675657349
search,1190021,6,47,True,0.0,0.940254844907642,0.896133439469057,0.00018794952876984128,2.0816681711721685e-17,0.1635303927449907,0.4145456622610614,5.7873938132251395,3.5073480370050785,3.0495504317774533,0.42224746625176685,0.12160583048301468,0.09932243150026498,0.01909456083172967,0.0853158661817947,-0.0666417529957093,-0.0100565321928444,0.2505590150379678,0.026474884819061933,0.825,0.09507689115019072,0.015509349665028357
search,1190021,6,48,False,8.877428158427453e-05,0.940254844907642,0.896133439469057,1.743861607142857e-05,2.0816681711721685e-17,0.16940734624948026,0.4205970380181743,5.259893197384963,3.5695608221094135,3.0861816916033993,0.3989123180070157,0.13200835943566602,0.14595827580293405,0.04833040091267923,0.07929542977486723,-0.04131464360232008,-0.0024221697927284316,0.2197498782152779,0.021704562502606335,0.79375,0.1450801265876333,0.04656656580254942
search,1190021,6,49,True,0.0,0.940254844907642,0.896133439469057,7.750496031746031e-06,2.0816681711721685e-17,0.1714477573906917,0.4008129745311484,4.8054159223212025,3.332829534278432,3.2153838769387413,0.5811678218292465,0.10663476478864758,0.09930700759578717,0.022925573196801947,0.08137189407900808,-0.06536509521539248,-0.0191233431970637,0.22675874050013328,0.016148729436813215,0.7562500000000001,0.09447689468655918,0.018825029930553423
search,1190021,6,50,False,0.000331113881672348,0.940254844907642,0.896133439469057,0.00012013268849206349,2.0816681711721685e-17,0.16257530722956134,0.4331831461868718,6.2358523551099,3.6575424175670097,2.988886854698274,0.39744505558192234,0.14135168447099428,0.14102134627092094,0.04006392247557957,0.08098241430557063,-0.03698055903153796,0.0027723486495015437,0.23230753060154877,0.030073263173511416,0.84375,0.14076108446656196,0.039082154546564114
search,1190021,6,51,False,0.0009358871564075923,0.940254844907642,0.896133439469057,1.1625744047619047e-05,2.0816681711721685e-17,0.16946760083913645,0.4100082919942677,5.2058298044261,3.4980239334067336,3.034725344137984,0.32563447386625166,0.12649942252553872,0.13492580878614746,0.049793833965366324,0.07996032782373072,-0.029063453755616836,0.010110625510545746,0.2580632687254594,0.026724537149505886,0.8125,0.13487026110704062,0.048122286159315825
search,1190021,6,52,False,0.0014451781732714864,0.940254844907642,0.896133439469057,0.0005677238343253969,2.0816681711721685e-17,0.1552968512080034,0.4306697538915494,6.908803033660741,3.609704892321289,2.9329799583837826,0.40476012366887854,0.15879346988209875,0.10752198168641303,-0.007239066984651906,0.08855587139928639,-0.08019402219927818,-0.015305997101497331,0.27280108559990834,0.0356817414446729,0.8625,0.10303000280832766,-0.010442938590653494
search,1190021,6,53,False,0.00041494285303033475,0.940254844907642,0.896133439469057,0.0008603050595238095,2.7755575615628914e-17,0.1556088849771154,0.42802911711699343,6.942963755535798,3.62223976814173,2.9022749986120653,0.3771547333824731,0.13710824240126668,0.10573896162546538,0.0030834645186486216,0.08707287086376501,-0.07609702489391,-0.012145399402330035,0.24262591909476788,0.03235189719132683,0.8500000000000001,0.10129280465900975,-0.00015286886229206112
search,1190021,6,54,False,0.0022021926834571923,0.940254844907642,0.896133439469057,1.937624007936508e-06,2.0816681711721685e-17,0.17468614766180585,0.41590685618522394,4.561963979736472,3.4323056874507154,3.198016571190575,0.3316619836771046,0.1638565437247168,0.1561305412297104,0.048282853203013766,0.08132161557342675,-0.027055841996190162,0.0033260685543144274,0.312138911606842,0.023647234813745782,0.7875,0.15588799831407418,0.0465159992456382
search,1190021,6,55,False,0.00019768198178786832,0.940254844907642,0.896133439469057,0.00037977430555555556,2.0816681711721685e-17,0.1549364712251518,0.4373292318049812,7.210386265632549,3.700889466018541,2.8535061515224793,0.416839062047892,0.14209641840930412,0.1320299499674788,0.027833968472003107,0.08367970402695063,-0.04564851430862787,0.00032348593230645695,0.2272957368701522,0.03487397000950031,0.85625,0.13096527416686699,0.02690420535860425
search,1190021,6,56,True,0.0,0.940254844907642,0.896133439469057,1.5500992063492063e-05,2.0816681711721685e-17,0.17267282866816153,0.4127636231011744,4.557225480510497,3.3655385921932006,3.227104175604542,0.39792609960247455,0.13554159273525407,0.1221045057996683,0.026022271594794987,0.0817943956595697,-0.06723698147445256,-0.018176283760328406,0.2506266600868183,0.01650273623517027,0.73125,0.11808164361120836,0.022313279805321856
search,1190021,6,57,True,0.0,0.940254844907642,0.896133439469057,0.00010656932043650794,2.0816681711721685e-17,0.17025785492846912,0.41252176458899553,4.965890119327602,3.4544087325926203,3.077326127236426,0.42154771792047474,0.11681776685665632,0.125849682397809,0.03831223511590234,0.08049128103156628,-0.0578227586997923,-0.011566523027970461,0.20789366388696634,0.017395023396699325,0.7625,0.12278280061064414,0.03545594421178395
search,1190021,6,58,False,0.001506965230186017,0.940254844907642,0.896133439469057,1.5500992063492063e-05,2.0816681711721685e-17,0.16384556737552064,0.4253113035946013,5.728992281332571,3.5408237094268946,3.072829406647917,0.3504115498175289,0.16349297916552885,0.12546136488052667,0.014517293978364057,0.0834109926031161,-0.06369558509665568,-0.011872088547713442,0.2789655321321805,0.029435315093143642,0.8375,0.12246113358474302,0.011336590791176503
search,1190021,6,59,True,0.0,0.940254844907642,0.896133439469057,0.00010463169642857142,2.0816681711721685e-17,0.16153677955795748,0.41321603854722866,6.060045537149511,3.498909152603942,3.010486248889289,0.45898269613660636,0.10952960041052356,0.09084036615889546,0.01771504129727277,0.0862695289082175,-0.0640939540929972,-0.008496833415267553,0.2397514764097769,0.02786740700676322,0.825,0.08636552167273032,0.014007539688329396
search,1190021,6,60,False,0.00040580408367089737,0.940254844907642,0.896133439469057,0.0001414465525793651,2.0816681711721685e-17,0.165782710752846,0.48111515376345115,6.625584542638801,3.703229038794933,2.9055816007568076,0.3280929042245351,0.15714154188902194,0.16707753909862816,0.04712447762115833,0.08342121849393452,-0.013348021185720906,0.003925591070451702,0.22659854742136382,0.029000156408862866,0.825,0.16882250786578207,0.047152768469351625
search,1190021,6,61,False,0.0003129623424888966,0.940254844907642,0.896133439469057,0.0006568545386904762,2.0816681711721685e-17,0.16160128075022562,0.4400974565121084,6.601161707171478,3.654495953401893,2.891166838499827,0.3431562190238666,0.1348284061711832,0.1429428031642931,0.043396472635274456,0.08032133106604353,-0.03698079886710569,0.0024729190963183045,0.2160614646570241,0.029434233630695063,0.8374999999999999,0.1427197051165381,0.042592309062048556
search,1190021,6,62,True,0.0,0.940254844907642,0.896133439469057,0.0,2.0816681711721685e-17,0.16988842639456453,0.40238768595186175,4.883918591057631,3.3485831643982005,3.23216592029147,0.4397707849460064,0.13074285679570963,0.0949894955887047,0.01587401317231698,0.08332273758485212,-0.06145842682378566,-0.009922837944598032,0.3034445832666613,0.023954213305808793,0.8125,0.09097589109277165,0.01231412990764194
search,1190021,6,63,False,2.7761950599213034e-05,0.940254844907642,0.896133439469057,9.688120039682539e-05,2.0816681711721685e-17,0.16000508882475328,0.4245516584775205,6.29844813564378,3.638688172101119,2.967315880317425,0.3240644337446326,0.15509940505569203,0.1276232629914062,0.0198518660423924,0.08292588807462564,-0.055158249385720816,-0.0048807750554340276,0.2632304920587848,0.03322087243812949,0.8625,0.12551182223667073,0.017652596913995983
search,1190021,6,64,True,0.0,0.940254844907642,0.896133439469057,2.5189112103174602e-05,2.0816681711721685e-17,0.16954007783105357,0.4208407061786684,5.043987948920529,3.4823787184656534,3.1104924534117515,0.3193175246917178,0.14686727794197585,0.13677235353657463,0.03120245763105359,0.08105190802460072,-0.05799077222679842,-0.01174229616372462,0.24745899968697024,0.02131059007916867,0.7687499999999999,0.1341436161816793,0.02833144264958443
search,1190021,7,0,False,0.0002167546570501366,0.9502180605933026,0.870735911244882,1.5500992063492063e-05,2.0816681711721685e-17,0.1727812637760393,0.4252512271449179,5.026909402963434,3.465015659548678,3.086018954915472,0.32890206590635485,0.14530121248615152,0.15306274798417005,0.0493201971644171,0.07917687650703305,-0.0296280289369317,0.0007157732949187624,0.24351701111478635,0.021741862754080153,0.775,0.1529720908718474,0.047564300609377774
search,1190021,7,1,True,0.0,0.9502180605933026,0.870735911244882,0.00016082279265873016,2.0816681711721685e-17,0.16391047988441937,0.4142905456019891,5.768617302433907,3.4832885401826763,3.009074325862017,0.48258599164781246,0.1102799754229585,0.09501090256062567,0.0165582388208107,0.08390252319498956,-0.06934347096759483,-0.01614336513882955,0.2146974041345594,0.022293636536958535,0.8,0.09018400244936281,0.012675840041947252
search,1190021,7,2,False,0.0005258821599496,0.9502180605933026,0.870735911244882,0.00012594556051587303,2.0816681711721685e-17,0.162303401094735,0.47800485871531706,7.085385868672343,3.719775238539948,2.9122407891823388,0.32652677130956087,0.1589532751591209,0.148475525748656,0.03609177320999225,0.08504260295290628,-0.016424283015323993,0.005575815456339136,0.24160201456657987,0.03387086463853475,0.86875,0.14991487999567008,0.036217923605518273
search,1190021,7,3,False,0.0002684595004332316,0.9502180605933026,0.870735911244882,1.9376240079365078e-05,2.0816681711721685e-17,0.1658432015549812,0.41329822890986667,5.499006981435485,3.4929983890078713,3.1156151349480985,0.40492122093924243,0.1208182682861571,0.1066938118644333,0.033403041109884436,0.08092218269594184,-0.04900262558053227,0.001699762386771754,0.2492194755246215,0.027354806552649453,0.825,0.10422756432181332,0.030816931465202653
search,1190021,7,4,False,0.014057274470371674,0.9502180605933026,0.870735911244882,9.300595238095238e-05,2.0816681711721685e-17,0.1653665480459059,0.42917282103538634,5.679617276949012,3.4996383111879448,3.120591384226399,0.4347556442980402,0.17067060994608962,0.12917356383230028,0.014708832761277824,0.08232598772401875,-0.05711941796617732,-0.012564158295703353,0.27660566328539526,0.028616314682766833,0.8374999999999999,0.1264468565959117,0.011982676983816148
search,1190021,7,5,False,6.762072975288868e-05,0.9502180605933026,0.870735911244882,0.00025770399305555556,2.0816681711721685e-17,0.15936526355400885,0.4244677110141895,6.362610139639333,3.62399036922835,3.0079043351967574,0.4303738010089888,0.14507120424358022,0.11090519808821392,0.010189438261524717,0.0833834590975953,-0.06682492469413806,-0.010762163059886564,0.24780139779753896,0.030855886677119602,0.8375,0.10735035896457913,0.007909051199071171
search,1190021,7,6,False,0.0001995863559724743,0.9502180605933026,0.870735911244882,1.1625744047619047e-05,2.0816681711721685e-17,0.17097005298887596,0.41490110285527393,4.939599159555007,3.4226499588216397,3.1562697076405186,0.394878465728687,0.14607020513464775,0.12903384622846995,0.03683172053451661,0.08018509640725069,-0.041360303104326354,0.0003634820893893961,0.2843410985243008,0.025157043014399513,0.8125,0.12755764723008645,0.03430113732139757
search,1190021,7,7,False,0.0007444431381945255,0.9502180605933026,0.870735911244882,3.681485615079365e-05,2.0816681711721685e-17,0.16652237575101891,0.44154764668235547,6.160973788014039,3.6202317633425363,2.9242877497573567,0.3644548467376154,0.13569857754627185,0.14756903110682287,0.05012968359805754,0.07987000743796241,-0.018699009639014146,0.008152415298778266,0.21973797465444395,0.027334527955894174,0.84375,0.14904743830790382,0.04972610823316744
search,1190021,7,8,False,0.00017743377135158586,0.9502180605933026,0.870735911244882,2.1313864087301586e-05,2.0816681711721685e-17,0.17053657872814243,0.40642105923576033,4.978764524244745,3.3675719942421756,3.0950817728753126,0.4887251934772905,0.10898331314003862,0.09153587782950764,0.007207550295266804,0.08273816522595552,-0.07297077475691252,-0.02596198555046591,0.2250334292456846,0.016380566870217404,0.7625,0.08590794710579916,0.0023751944879411707
search,1190021,7,9,False,1.6789376615533547e-05,0.9502180605933026,0.870735911244882,5.231584821428571e-05,2.0816681711721685e-17,0.1720366025973258,0.4193625936085872,4.9888396175747065,3.514820779250447,3.15676756916894,0.40356195473446776,0.13518873606039392,0.14566083461837395,0.04593105322435185,0.07822441640792002,-0.04135613372325561,-0.005574289364704366,0.22184835868960967,0.019327033282769253,0.7625,0.14448899119916658,0.04397235500386647
search,1190021,7,10,False,0.0017843068791676044,0.9502180605933026,0.870735911244882,7.36297123015873e-05,2.0816681711721685e-17,0.15757535710376203,0.42664809829485906,6.436354101373027,3.6035146028056237,3.0109034322151924,0.3846263481069748,0.16314572823776513,0.10797999794119839,0.00112393924559266,0.08484079804774396,-0.06972158632856287,-0.012189103780580501,0.2736999925047148,0.03468572208101601,0.8625,0.10432191544320663,-0.0017164633769197017
search,1190021,7,11,False,4.1862007934514225e-05,0.9502180605933026,0.870735911244882,5.8128720238095235e-06,2.0816681711721685e-17,0.17009381703407517,0.3989800696954955,4.943010709943023,3.411578292192042,3.211276212825478,0.46751273082124445,0.11438928171694132,0.09386957664580918,0.028252366698035998,0.08086679600291777,-0.05230821291889709,-0.004169709312759462,0.26715236347986443,0.022853359182317803,0.80625,0.09042061024378814,0.025064531585499462
search,1190021,7,12,False,1.0839613729414085e-06,0.9502180605933026,0.870735911244882,0.0002189515128968254,2.0816681711721685e-17,0.16071142811777087,0.4423259330327467,6.600396567842029,3.58304820552113,2.970650756537439,0.362948736037362,0.15731904059906854,0.13502519636059052,0.021975000210468956,0.08221686372309601,-0.048641732991952055,-0.0073836482833588134,0.24246799066132596,0.0313115421100269,0.85625,0.1334393005736357,0.02052960066061831
search,1190021,7,13,False,0.000275091637419323,0.9502180605933026,0.870735911244882,0.0019356863839285715,2.0816681711721685e-17,0.15754047421594883,0.4441689537304053,7.510307561000712,3.6649405839533156,2.837104023518063,0.3373572583820543,0.12794530308604277,0.1309633714302314,0.034716935837372113,0.08336069423270404,-0.04298515259488306,0.0018188449227251571,0.20720306212964848,0.03216352341207855,0.8374999999999999,0.13005615461064318,0.03410668535939888
search,1190021,7,14,False,1.1340845137490566e-05,0.9502180605933026,0.870735911244882,0.0,2.0816681711721685e-17,0.16978184130879515,0.4079398649807445,4.891277918658597,3.368137856532993,3.2281104628460384,0.4398059825552746,0.1436250075682562,0.09814251947626118,0.018956532384503042,0.08250722043476214,-0.0568961990318238,-0.006006370658756876,0.3203705186336736,0.026061781879646487,0.8125,0.09471250489184145,0.015412879544956655
search,1190021,7,15,False,0.0003903777925323353,0.9502180605933026,0.870735911244882,0.00030033172123015875,2.0816681711721685e-17,0.15664236963703482,0.42272721995449275,6.584406457861098,3.605607819634124,2.972690733050524,0.4160048887692742,0.13576935246491123,0.09474633988976328,0.00344158142091322,0.08741441207466305,-0.07182275660487415,-0.008773039800094544,0.25387406286454617,0.03328238962818221,0.875,0.09042826095841786,0.0003119875009285934
search,1190021,7,16,False,6.835186821042219e-05,0.9502180605933026,0.870735911244882,9.688120039682539e-06,2.0816681711721685e-17,0.17731777099339854,0.409627959405781,4.198359130031278,3.3661846169493965,3.285232599850088,0.40182754005966936,0.1354487279463923,0.15069473171270836,0.05411777293527938,0.07759970535446292,-0.03544239448142362,-0.003105628830942896,0.24087199468055046,0.015685841138498503,0.75,0.1497575130340061,0.05162996712004483
search,1190021,7,17,False,2.0377315614303347e-05,0.9502180605933026,0.870735911244882,0.00037783668154761906,2.0816681711721685e-17,0.15607051752133427,0.4226519604572815,6.843156368565774,3.694480215295365,2.898175805539666,0.384584726200621,0.132912480472174,0.1137450123137173,0.018881265144100014,0.08470004738464446,-0.05864789473003741,-0.005327638583677124,0.21968800707928604,0.03165764251071966,0.85625,0.11105682153649706,0.01694851885675232
search,1190021,7,18,False,2.7248974995234387e-06,0.9502180605933026,0.870735911244882,1.937624007936508e-06,2.0816681711721685e-17,0.17627987951435117,0.3955840994250082,3.96891063170563,3.26863928036221,3.4257067934484917,0.5043197395880603,0.13611252859313877,0.10893246076093335,0.03264397688189857,0.07947557953231474,-0.049323819916466546,-0.0070227699977625626,0.3111189981788263,0.017633989575419853,0.75,0.10599356881548574,0.029862934291159562
search,1190021,7,19,False,0.0009432383131193119,0.9502180605933026,0.870735911244882,0.0004417782738095238,2.0816681711721685e-17,0.16327666620634423,0.42654192946898534,6.265592095876557,3.581477514389575,2.9914806623983052,0.3961819856153108,0.12457928618764187,0.12637997563574616,0.04434953526224766,0.07957178934202581,-0.03071974329612264,0.010181613574406605,0.22795879979399736,0.03064467641618336,0.8687499999999999,0.12639152145442914,0.04345590082774933
search,1190021,7,20,False,0.0003336301247053914,0.9502180605933026,0.870735911244882,3.681485615079365e-05,2.0816681711721685e-17,0.16286923946168544,0.42320541207099927,5.788482914198299,3.5124825953017473,3.0553898614671695,0.3952983941692396,0.1444311020350093,0.10176695332760932,0.004314656326196029,0.08523861875999111,-0.07402397472761432,-0.01589336113385995,0.2630662386515371,0.027401226489227024,0.8187500000000001,0.09728244739665556,0.0005548130041703216
search,1190021,7,21,False,0.0004140781469463084,0.9502180605933026,0.870735911244882,1.743861607142857e-05,2.0816681711721685e-17,0.16340103229386993,0.41953385337246096,5.775362589047223,3.5144731676740477,3.1106015016339192,0.39683414252572863,0.13390799606644072,0.09591458748918094,0.003095887524107461,0.08592632850782894,-0.07656761901914039,-0.018480746641676253,0.2543182254657629,0.025519485794640424,0.80625,0.09091429209840199,-0.0011826013645157805
search,1190021,7,22,False,0.0008582110172041096,0.9502180605933026,0.870735911244882,9.688120039682539e-05,2.0816681711721685e-17,0.1695344160546205,0.43086499641038434,5.51295453976441,3.5245579771696853,3.083418146218392,0.4083993329331661,0.14262101536671662,0.14463146164499707,0.04801319807079647,0.07969539913240552,-0.022116765628665228,0.009342781378239797,0.25903743985274813,0.027723273041296254,0.83125,0.1453460182636121,0.04679104654537375
search,1190021,7,23,False,4.7372616484944135e-05,0.9502180605933026,0.870735911244882,9.688120039682539e-06,2.0816681711721685e-17,0.1728909004432783,0.40525630234719445,4.620198901238285,3.4042515797853405,3.2013670439094266,0.4623399321990511,0.1183999428353186,0.11654480302879225,0.040714216291527626,0.07893953285631546,-0.04725715006352313,-0.0039253961341279495,0.24466432962733314,0.019227213250035256,0.7562500000000001,0.11409425375757767,0.03776048775986177
search,1190021,7,24,False,0.011554337590902169,0.9502180605933026,0.870735911244882,0.00022670200892857144,2.0816681711721685e-17,0.15460082450149285,0.44385430706770296,7.22341169052663,3.6192820947678848,2.933809047871665,0.4115629663351883,0.16947872094603716,0.12296973538052117,0.002422905268153055,0.08637660764996782,-0.06344591460342705,-0.013994152920936764,0.2592816391373962,0.036989109922361374,0.875,0.11998595805876386,0.0007390020755179416
search,1190021,7,25,True,0.0,0.9502180605933026,0.870735911244882,9.688120039682539e-05,2.0816681711721685e-17,0.1644667698515982,0.4177363618057862,5.71483142857016,3.578806377104134,2.9761514528306297,0.40966641146577437,0.12223460058075976,0.11858411322731101,0.029099176502734494,0.08050299100874596,-0.05749130808034483,-0.009379068895041774,0.20685464471281773,0.022848989889907148,0.8,0.11574571433436111,0.02653839991886508
search,1190021,7,26,False,5.188373332497001e-07,0.9502180605933026,0.870735911244882,1.9376240079365078e-05,2.0816681711721685e-17,0.16862610299244163,0.41331839192913583,5.112393648199408,3.4244818882030277,3.2221755473969758,0.46964772639621755,0.1286411903993446,0.10626355141613984,0.02556524923462248,0.08189628571840474,-0.058613164450474986,-0.007573580245345009,0.2603334974709466,0.023551295672244777,0.8125,0.10283770532833877,0.022319241221226846
search,1190021,7,27,False,0.0006934881325782656,0.9502180605933026,0.870735911244882,0.0007808624751984127,2.7755575615628914e-17,0.1521002285229853,0.43400290925139967,7.757053358985154,3.634448692954156,2.9438975705915746,0.41351412513352365,0.16140004485096401,0.11369449032808299,0.002714063252489511,0.08525644280961314,-0.0633153381096449,-0.006088099964368279,0.2686780640507993,0.04193642380095465,0.89375,0.1106345260799732,0.0007713335847909873
search,1190021,7,28,False,1.8914550348755396e-06,0.9502180605933026,0.870735911244882,0.0,2.0816681711721685e-17,0.17674917452983335,0.4027382742881098,4.063836380188626,3.3333322477125895,3.3530683977149724,0.4484152448293588,0.12456524272590484,0.1257060878187211,0.04362387867821728,0.07819867649469672,-0.047145176478160106,-0.0071858213357360555,0.2509166460728038,0.015102138455884283,0.7375,0.12326168337828844,0.0408750234923551
search,1190021,7,29,False,0.00012541175298890115,0.9502180605933026,0.870735911244882,1.937624007936508e-06,2.0816681711721685e-17,0.1756150770768206,0.39256493426232764,4.270230102793425,3.3774056590743236,3.2270789938132904,0.4598923832175057,0.10643253709614933,0.11627294496862195,0.04843164766112086,0.07688393422396464,-0.03998527692632781,-0.0013703465701816473,0.23215535856490105,0.016163472590860074,0.7562500000000001,0.11429739079505863,0.046255489755774995
search,1190021,7,30,False,0.042212920223219354,0.9502180605933026,0.870735911244882,0.0002673921130952381,2.0816681711721685e-17,0.15165324906338962,0.43052906127978663,7.433276627037319,3.621879027734642,2.993599432347014,0.4549399941521335,0.17809579136068843,0.10381308551309205,-0.009723071783803279,0.08917694194706209,-0.07096868899852547,-0.011164496051396598,0.2958235800158987,0.044172924230587406,0.8875,0.10011735951424074,-0.01226285869488809
search,1190021,7,31,False,6.996042841946447e-05,0.9502180605933026,0.870735911244882,0.0012827070932539683,2.0816681711721685e-17,0.15982430818757282,0.42230120322301845,6.545953448079629,3.5788303768335488,2.9369682926262963,0.39774804437348354,0.11840993336939662,0.10119853756873437,0.022755760517086613,0.08496141620142347,-0.06081447692207377,-0.0030483728345523436,0.23003995455039292,0.030160931002925766,0.85,0.09756202557387543,0.02005002450347567
search,1190021,7,32,False,2.4511469415200423e-06,0.9502180605933026,0.870735911244882,2.712673611111111e-05,2.0816681711721685e-17,0.16643789311500684,0.4373489512065917,5.865670512961081,3.555518888930086,3.0028964949515844,0.33949981686065517,0.1566268740343692,0.1470041533426894,0.033157399345141066,0.08099258801503739,-0.04101460060838502,-0.007073156560301105,0.23711880940515198,0.025773640040924556,0.825,0.1459859736629637,0.03126478435524324
search,1190021,7,33,False,0.0021245452488317463,0.9502180605933026,0.870735911244882,0.0004107762896825397,2.0816681711721685e-17,0.14714451552813573,0.4242899703081864,7.863699841003059,3.722661099675121,2.881873298759772,0.4416790514269723,0.15901474707063723,0.10132540146824395,-0.011964281888851486,0.09039655154956591,-0.07620165110129407,-0.011757385992486175,0.2616327436124336,0.04242353375827368,0.90625,0.09701302126376639,-0.01497797429092411
search,1190021,7,34,False,0.0005198680306175111,0.9502180605933026,0.870735911244882,5.8128720238095235e-06,2.0816681711721685e-17,0.1776796376656174,0.3998850799007179,4.032876890361932,3.351845162753364,3.2803441005016056,0.4204159269721578,0.14129665790151597,0.14267254603803547,0.05324033165523182,0.07791557670722056,-0.025657054342052406,0.0054979639013569516,0.29773929961699175,0.01888929712830007,0.75625,0.1423702806001826,0.05139828217810284
search,1190021,7,35,False,0.0004587811425030093,0.9502180605933026,0.870735911244882,0.00010463169642857142,2.0816681711721685e-17,0.16443522685533643,0.4225425385074683,5.905433403376525,3.59421460192375,3.0796540642007493,0.38944464307382887,0.13604110875518116,0.12584722663029208,0.03588200521151906,0.08061253033470125,-0.039205166476006956,0.004680152772193821,0.2511082294053325,0.03033120730151744,0.8625,0.12489563405875159,0.03435077589238122
search,1190021,7,36,True,0.0,0.9502180605933026,0.870735911244882,3.1001984126984125e-05,2.0816681711721685e-17,0.1653794274414988,0.41765849754758955,5.4949639978216664,3.4887166717227585,3.0834012038824308,0.4068306896336898,0.13064174096390352,0.10225480966063179,0.015884845562562318,0.08354531913338223,-0.06652706498402468,-0.011203256556476726,0.25150411322621025,0.024958550198348035,0.8062499999999999,0.0982053838354164,0.012366921507285567
search,1190021,7,37,True,0.0,0.9502180605933026,0.870735911244882,0.00010075644841269841,2.0816681711721685e-17,0.1622802184348539,0.41482843373744577,5.875895512306796,3.5557327025241703,2.9674874886162717,0.40040265488051063,0.11495447088065469,0.10234451411711346,0.024195513641917805,0.08323350757191275,-0.06254625832802377,-0.008687021548389278,0.2140279888828586,0.024765460771872215,0.8125,0.09855844700049382,0.021291018928933664
search,1190021,7,38,False,0.0001683602989630035,0.9502180605933026,0.870735911244882,0.0002848307291666667,2.0816681711721685e-17,0.16376502358684092,0.4293007525235412,6.130715631043392,3.5882453338802827,3.053530088860689,0.3362087274507055,0.14985423290294883,0.12967622253395483,0.029331237620200873,0.08160723654520372,-0.04405260160083178,-0.00031857931006444313,0.2580867278765201,0.031286425814946214,0.85,0.12836037510874182,0.02753997706618635
search,1190021,7,39,False,9.190836071055352e-05,0.9502180605933026,0.870735911244882,9.688120039682539e-06,2.0816681711721685e-17,0.17341231388969736,0.39066286401951694,4.539553921335834,3.3890782303141247,3.197484743115093,0.48237770737292257,0.09702735755592823,0.09879054243373568,0.04234501435569591,0.07760294549368377,-0.043310852447610515,-0.0023245641816629255,0.22641766495046503,0.017507631853870137,0.7625000000000001,0.0960059325758121,0.03988298580720055
search,1190021,7,40,False,0.01655539953252917,0.9502180605933026,0.870735911244882,0.00010850694444444444,2.0816681711721685e-17,0.15722172177641822,0.43212983885497813,6.601876154568836,3.5828456447198933,2.9821049941881697,0.3941455520332329,0.17128235213506643,0.11624948756356801,-0.001958980223176504,0.08608561223226373,-0.07148959792759314,-0.01820625132358754,0.26755189087246223,0.03395693613455485,0.8625,0.11241078643145132,-0.005035916335063116
search,1190021,7,41,False,0.00021304623709884844,0.9502180605933026,0.870735911244882,0.00034877232142857144,2.0816681711721685e-17,0.16488245374545085,0.433331398161586,6.142422206280315,3.602587418413216,2.9482909621278766,0.3936429526108102,0.12194973170918978,0.13789428425782416,0.04977633673792039,0.07970300659665516,-0.03332749896900356,0.0006408932662434154,0.188714295809572,0.023913507336143842,0.8062499999999999,0.1381134017458464,0.04895742938253732
search,1190021,7,42,False,0.0051528298725165445,0.9502180605933026,0.870735911244882,5.0378224206349204e-05,2.7755575615628914e-17,0.16252134319740755,0.42547194101859864,5.782890008869749,3.5192716401892783,3.1604891544077964,0.42410693204143335,0.16589805560547585,0.10450231945628932,-0.0021369169128720167,0.0859671479452828,-0.07567161507323436,-0.017990609993342767,0.2896005594341453,0.02985533058258476,0.8375,0.1000705079442846,-0.0059167703367515746
search,1190021,7,43,False,0.00020820633863507414,0.9502180605933026,0.870735911244882,0.0012110150049603175,2.0816681711721685e-17,0.15351637626751208,0.43478189895605557,7.684167930988983,3.657102829843587,2.896685571087472,0.39711898185260686,0.1510369683824171,0.1141695277805469,0.009002293815069137,0.08344056228882953,-0.05978112690432739,-0.0019891501126202537,0.25909005505936383,0.04033842252821268,0.8875,0.11139931653255042,0.007523517410138767
search,1190021,7,44,True,0.0,0.9502180605933026,0.870735911244882,0.0,2.0816681711721685e-17,0.17881369986747914,0.4012285864181922,3.6782881851200253,3.230154077206379,3.404765219673931,0.3824459781358091,0.14039156106533737,0.1281547100178736,0.03996182442804898,0.0786764054379591,-0.04971183526594615,-0.01078831853363099,0.2833928367828312,0.013391331728115866,0.7250000000000001,0.1253485475091509,0.03708792210750111
search,1190021,7,45,True,0.0,0.9502180605933026,0.870735911244882,5.8128720238095235e-06,2.0816681711721685e-17,0.1726838714232314,0.4009385328400447,4.61637442981004,3.3658362500803305,3.2277607464310556,0.45530755076467044,0.11797787575890248,0.10699457531673298,0.030896090662910627,0.08030586999646258,-0.05721384469323592,-0.011232026887872735,0.2462179713564707,0.017896653662389593,0.7562500000000001,0.10333405319196486,0.02750697594774771
search,1190021,7,46,False,0.00020743157956751543,0.9502180605933026,0.870735911244882,0.0003352089533730159,2.0816681711721685e-17,0.1570244245610634,0.4394192652551032,7.090500875126908,3.620322626303589,2.9912803347942596,0.4229770193394944,0.1577440527495968,0.12275380855934086,0.01750356003750256,0.08355322584937487,-0.04731961793100106,0.0005262712308223994,0.2637534044380647,0.03850356516414659,0.875,0.12127368176037785,0.016354301832753514
search,1190021,7,47,True,0.0,0.9502180605933026,0.870735911244882,0.00018407428075396825,2.0816681711721685e-17,0.16401177302896117,0.41393061365981776,5.7399471161799225,3.4928427794426455,3.0973865856193004,0.5067287744792558,0.12091296825684361,0.09424406538887375,0.017432070530475834,0.08426474292922523,-0.06523750330436837,-0.009572529896275984,0.24996793880592583,0.02644151720130459,0.81875,0.08994867037199422,0.013658658231983183
search,1190021,7,48,False,8.94308317730501e-05,0.9502180605933026,0.870735911244882,1.743861607142857e-05,2.0816681711721685e-17,0.16984357082172863,0.42062290503141125,5.282507027369964,3.552703725720172,3.1274466556988996,0.4163550537751327,0.13129197591978248,0.13999315607859536,0.04560238361809724,0.0783899055630922,-0.039715863309986936,-0.0024015817388738964,0.21916581915476752,0.021717577710433793,0.7875,0.13911419276618445,0.043870859732309114
search,1190021,7,49,True,0.0,0.9502180605933026,0.870735911244882,7.750496031746031e-06,2.0816681711721685e-17,0.17178285649723524,0.3998795124580584,4.7862719943980085,3.3371517886849253,3.2147955854417027,0.5602617846254306,0.10603534256129916,0.09457705467325654,0.020886331674203777,0.08083835727631028,-0.06430915552539446,-0.019030072601542596,0.22594739863808466,0.016113410694511,0.7562500000000001,0.08971539457952313,0.016746117840149406
search,1190021,7,50,False,0.0003457709446341069,0.9502180605933026,0.870735911244882,0.00011625744047619047,2.0816681711721685e-17,0.1631111838894681,0.43447063639289957,6.270479046755021,3.6267235363483774,3.0083518110116616,0.38290605611361606,0.14052287952219006,0.13493165330781265,0.03785112068663913,0.07978422966560267,-0.035360206965887944,0.003008190965833016,0.23181900197466104,0.03008399880418812,0.84375,0.13468976067825034,0.03667738645569904
search,1190021,7,51,False,0.0009619237051898787,0.9502180605933026,0.870735911244882,1.1625744047619047e-05,2.0816681711721685e-17,0.16980600315285474,0.41027251411547694,5.240512922919284,3.490505066047022,3.0737166108924607,0.3848974117646732,0.12600159024682683,0.1291718507842518,0.047362889688124084,0.07908550227891518,-0.027858246366275655,0.010360817776331903,0.2582581207018913,0.026814296894389494,0.8062499999999999,0.12906189799185502,0.046072836209060435
search,1190021,7,52,False,0.0014005085127111615,0.9502180605933026,0.870735911244882,0.0005270337301587301,2.0816681711721685e-17,0.15602579252125318,0.43027105388091935,6.8515655116990155,3.569567567843294,2.9680694326440094,0.396890676698027,0.15792462817752956,0.10181254566388204,-0.006892670594575191,0.08769200024595121,-0.07772282051179735,-0.01481553370616304,0.27167875521216545,0.03554522914142287,0.85625,0.09727059084392088,-0.010087107137797646
search,1190021,7,53,False,0.0004921043364428805,0.9502180605933026,0.870735911244882,0.0007866753472222222,2.0816681711721685e-17,0.15628594797997625,0.4277603643845884,6.885528633922072,3.6099451338710766,2.91637138092382,0.41119922117252394,0.1361963931953273,0.10056007246986545,0.0020226964842782226,0.08657978958350117,-0.07423090169933053,-0.011905816113067071,0.24136876491259524,0.032360177579035324,0.8625,0.09607470289242022,-0.0011640591963116634
search,1190021,7,54,False,0.0019195565220159,0.9502180605933026,0.870735911244882,1.937624007936508e-06,2.0816681711721685e-17,0.17503217253001094,0.4160482370317189,4.566848217437517,3.3869213983074413,3.2830375775849303,0.41213803013610906,0.16351367350952573,0.1496054817092184,0.045700199142967274,0.08100150069451861,-0.025155717469431377,0.0037712936385739413,0.3130886930776654,0.02340108883672236,0.7875,0.14935130223345194,0.04388087242478298
search,1190021,7,55,False,0.0002098544093301718,0.9502180605933026,0.870735911244882,0.00035458519345238094,2.0816681711721685e-17,0.15559876355507954,0.4395617389943106,7.264727217947964,3.68917895752431,2.8643553755453226,0.38736938556939426,0.1410865986478364,0.1262162108398366,0.02632220910410666,0.08345116203255021,-0.04403395283616491,0.0005759206917676967,0.22611842765625395,0.03489308033453975,0.8687499999999999,0.12520091622050852,0.025770738921890038
search,1190021,7,56,True,0.0,0.9502180605933026,0.870735911244882,1.5500992063492063e-05,2.0816681711721685e-17,0.17310617750539836,0.4138042136332748,4.526352528935858,3.328041701901376,3.2722796336668054,0.42030677008089573,0.13486764087022982,0.1165917750761008,0.024355088721906393,0.08115416912669697,-0.06529607252823834,-0.017647613635386635,0.2498950327715626,0.016511817248543635,0.7375,0.112540037470373,0.0205093913742373
search,1190021,7,57,True,0.0,0.9502180605933026,0.870735911244882,9.106832837301587e-05,2.0816681711721685e-17,0.1706725408174123,0.4121158060278352,4.9576097139111015,3.4322487531631927,3.097536701748398,0.4391142471340043,0.11610073823379571,0.12060980337548975,0.03620250358731085,0.07945528061929541,-0.056345154847701015,-0.011595810689534103,0.20686739871653978,0.017435204953814752,0.75625,0.11752055421115915,0.033208530758918296
search,1190021,7,58,False,0.0009326239158559427,0.9502180605933026,0.870735911244882,1.5500992063492063e-05,2.0816681711721685e-17,0.1644557736385764,0.42476770817602333,5.702028728982666,3.530276124263519,3.13885953336629,0.39949646327318067,0.162742628346761,0.11932856292847718,0.013832829658322589,0.08227838194910954,-0.06111018473894138,-0.011056380201544142,0.27853063699131586,0.029270630032254684,0.8375,0.11629025332960358,0.010898732974429953
search,1190021,7,59,False,1.913111019115212e-09,0.9502180605933026,0.870735911244882,9.300595238095238e-05,2.0816681711721685e-17,0.16198360873815795,0.4121360996750195,6.018406493890166,3.4949667548657835,3.0498037795675583,0.49249690820864095,0.10887946886886359,0.08629442261463977,0.015906492534784565,0.08518224425759335,-0.06310312868313846,-0.007974106438248028,0.2390985397847556,0.027852890212253727,0.8187500000000001,0.08177556062627069,0.012091534163363532
search,1190021,7,60,False,0.00041060469019297635,0.9502180605933026,0.870735911244882,0.00013175843253968253,2.0816681711721685e-17,0.16625442732456788,0.4817344084497225,6.623698073538174,3.689019387142726,2.9117627483457738,0.34657434337279236,0.15657672592759972,0.15950610959227646,0.045007627314133686,0.08358452768070655,-0.012077775458896567,0.003995922729985854,0.22664845840521447,0.02869219057656243,0.8374999999999999,0.16135240639447015,0.04492714676203781
search,1190021,7,61,False,0.00030234227211698323,0.9502180605933026,0.870735911244882,0.000614226810515873,2.0816681711721685e-17,0.1621328760036661,0.4402603344813664,6.648367306038743,3.6345039152108223,2.915321129360877,0.37069835462813633,0.1339451657613036,0.13669655400116176,0.04040457389246087,0.07984922859720903,-0.03556296372164193,0.002293691371670632,0.21527599229101935,0.02949658621928742,0.84375,0.13650270453754987,0.03977867621431956
search,1190021,7,62,False,1.8046871116261638e-06,0.9502180605933026,0.870735911244882,0.0,2.7755575615628914e-17,0.1702601834680675,0.4008883616469211,4.847257776384853,3.3555994921119465,3.2462647139183933,0.4506241806364346,0.13022774353792715,0.08948713108577734,0.01421411893598569,0.08290201148537948,-0.05999074066887411,-0.009210571008463394,0.303426507292136,0.023890905874734098,0.8125,0.08542374036653402,0.010668706961521324
search,1190021,7,63,False,4.017158134300675e-05,0.9502180605933026,0.870735911244882,9.494357638888889e-05,2.0816681711721685e-17,0.16063398317956934,0.4270345960950408,6.297387918589889,3.611302439185458,2.992795193356364,0.36232159243204387,0.1542479741887423,0.12170069146301433,0.018539363837726416,0.0820001750737677,-0.05294726602083071,-0.004247841543351945,0.26267589755712717,0.03307190681043236,0.8625,0.11956278639834642,0.01645590833274947
search,1190021,7,64,True,0.0,0.9502180605933026,0.870735911244882,2.5189112103174602e-05,2.0816681711721685e-17,0.17004209112174254,0.4208592864504633,5.0307582086881535,3.4714653866606566,3.1605849205856793,0.3594401685459806,0.14611475876880348,0.13082126501883468,0.0297693656497287,0.08007548454506616,-0.05580782530635568,-0.011354753571741334,0.24674308231897935,0.0212766315210029,0.7749999999999999,0.12817875910711507,0.026851936313480117
