{
  "results": {
    "Nr=32_Nz=8": 6.049689231348665,
    "Nr=32_Nz=12": 6.067098945140188,
    "Nr=32_Nz=16": 6.046650516021866,
    "Nr=32_Nz=20": 6.092983218244616,
    "Nr=48_Nz=8": 6.0795936624895335,
    "Nr=48_Nz=12": 6.07589202097659,
    "Nr=48_Nz=16": 6.079543308218362,
    "Nr=48_Nz=20": 6.078681754577887,
    "Nr=64_Nz=8": 6.094067106533971,
    "Nr=64_Nz=12": 6.386829703216307,
    "Nr=64_Nz=16": 6.381730821096475,
    "Nr=64_Nz=20": 6.371568581206863,
    "Nr=96_Nz=8": 6.379429562032126,
    "Nr=96_Nz=12": 5.79484841488813,
    "Nr=96_Nz=16": 6.451201574322056,
    "Nr=96_Nz=20": 6.446945654110837
  },
  "std": {
    "Nr=32_Nz=8": 1.6279834455921485,
    "Nr=32_Nz=12": 1.6188913363644322,
    "Nr=32_Nz=16": 1.6194130856854785,
    "Nr=32_Nz=20": 1.653694257278095,
    "Nr=48_Nz=8": 1.602622579441504,
    "Nr=48_Nz=12": 1.6061123119102902,
    "Nr=48_Nz=16": 1.600247441625068,
    "Nr=48_Nz=20": 1.5968095709850143,
    "Nr=64_Nz=8": 1.5888284748293549,
    "Nr=64_Nz=12": 1.3597306486163525,
    "Nr=64_Nz=16": 1.3406199039832225,
    "Nr=64_Nz=20": 1.3446588407965379,
    "Nr=96_Nz=8": 1.3597717284743256,
    "Nr=96_Nz=12": 0.5593052925161168,
    "Nr=96_Nz=16": 1.4708763571312846,
    "Nr=96_Nz=20": 1.4746300241092962
  },
  "seeds": {
    "seed0": {
      "Nr=32_Nz=8": 8.32500184736366,
      "Nr=32_Nz=12": 8.324879695860714,
      "Nr=32_Nz=16": 8.309786408099344,
      "Nr=32_Nz=20": 8.405921405213721,
      "Nr=48_Nz=8": 8.311221313249078,
      "Nr=48_Nz=12": 8.31416322686847,
      "Nr=48_Nz=16": 8.307756773480687,
      "Nr=48_Nz=20": 8.301804885399466,
      "Nr=64_Nz=8": 8.297282461077959,
      "Nr=64_Nz=12": 8.303830460707418,
      "Nr=64_Nz=16": 8.272374879271824,
      "Nr=64_Nz=20": 8.268549219421198,
      "Nr=96_Nz=8": 8.297149200009372,
      "Nr=96_Nz=12": 6.573540587811593,
      "Nr=96_Nz=16": 8.527125951596778,
      "Nr=96_Nz=20": 8.527934061163933
    },
    "seed1": {
      "Nr=32_Nz=8": 5.216515309096696,
      "Nr=32_Nz=12": 5.266892764244181,
      "Nr=32_Nz=16": 5.219072806055037,
      "Nr=32_Nz=20": 5.236171849968139,
      "Nr=48_Nz=8": 5.3065293367121535,
      "Nr=48_Nz=12": 5.291422885369715,
      "Nr=48_Nz=16": 5.308199433200313,
      "Nr=48_Nz=20": 5.31062254416421,
      "Nr=64_Nz=8": 5.374487516932332,
      "Nr=64_Nz=12": 5.559219457841634,
      "Nr=64_Nz=16": 5.558848060214161,
      "Nr=64_Nz=20": 5.538227907684853,
      "Nr=96_Nz=8": 5.543988837694193,
      "Nr=96_Nz=12": 5.525762422495924,
      "Nr=96_Nz=16": 5.527779212073234,
      "Nr=96_Nz=20": 5.5244175443987285
    },
    "seed2": {
      "Nr=32_Nz=8": 4.607550537585642,
      "Nr=32_Nz=12": 4.609524375315668,
      "Nr=32_Nz=16": 4.611092333911218,
      "Nr=32_Nz=20": 4.63685639955199,
      "Nr=48_Nz=8": 4.621030337507371,
      "Nr=48_Nz=12": 4.622089950691585,
      "Nr=48_Nz=16": 4.622673717974084,
      "Nr=48_Nz=20": 4.623617834169985,
      "Nr=64_Nz=8": 4.610431341591623,
      "Nr=64_Nz=12": 5.297439191099868,
      "Nr=64_Nz=16": 5.313969523803442,
      "Nr=64_Nz=20": 5.307928616514541,
      "Nr=96_Nz=8": 5.297150648392811,
      "Nr=96_Nz=12": 5.285242234356875,
      "Nr=96_Nz=16": 5.298699559296156,
      "Nr=96_Nz=20": 5.288485356769847
    }
  }
}