seed,structural_scenario_id,candidate_id,variant,variant_order,accepted,distance,feedback_asset_correlation,spike_asset_correlation,equity_risk_price,feedback_idiosyncratic_risk_price,spike_idiosyncratic_risk_price,cluster_loading,feedback_curvature,feedback_shift,spike_curvature,orthogonal_curvature,echo_loading,cap_level,cap_sharpness,mean_volatility,q995_volatility,excess_kurtosis,absolute_return_tail_ratio,hill_tail_index,hill_threshold_instability,rough_hurst,zumbach,zumbach_rank,max_abs_return_acf,leverage,leverage_rank,mean_log_variance_acf,taylor_gap,taylor_fraction,se_mean_volatility,se_q995_volatility,se_excess_kurtosis,se_absolute_return_tail_ratio,se_hill_tail_index,se_hill_threshold_instability,se_rough_hurst,se_zumbach,se_zumbach_rank,se_max_abs_return_acf,se_leverage,se_leverage_rank,se_mean_log_variance_acf,se_taylor_gap,se_taylor_fraction,q_forward_mean_max_error,p_cap_exceedance_fraction,q_cap_exceedance_fraction,normalizer_min,normalizer_max
262147,0,0,M2,0,False,0.045468008577651986,0.801437597305469,0.7497816503880119,0.35,0.0,0.0,0.41371301920153203,0.2324680272590068,0.2821753155440092,0.12108267157681221,0.0,0.0,4.979333268944174,7.367376811802387,0.17094025547166736,0.535360804429249,6.8638291704818375,3.350226187807162,3.139281604020521,0.3883548768873025,0.05087421852798919,0.026225520040884392,0.01634806168543637,0.08040190507329507,-0.0057214316159774296,0.002390708343014943,0.3109043874850096,0.030530253408063972,0.903125,0.008371349544621954,0.010617213542375678,0.8813367715983692,0.04624893348190766,0.08806480406381176,0.05538467258488158,0.003261711705915768,0.018187270028195115,0.015252362606978502,0.003687950719180407,0.004725452200833517,0.0046485024302357625,0.021756052974803885,0.003892681233813843,0.017951758270431335,2.0816681711721685e-17,7.440476190476191e-05,7.440476190476191e-05,1.5216848180383478,1402.3793989314076
262147,0,0,M3,1,False,0.06049898640864537,0.801437597305469,0.7497816503880119,0.35,0.0,0.0,0.41371301920153203,0.2324680272590068,0.2821753155440092,0.12108267157681221,0.0,-0.11108825253322721,4.979333268944174,7.367376811802387,0.1711095252648797,0.5320936210208066,6.783170316503799,3.351038783856315,3.1781170002628576,0.40041616220056975,0.04791822487382441,0.02051900295710412,0.012209314540790897,0.08024704311752257,-0.006179484516648556,0.0018725138795506325,0.3073762078960479,0.029740819746985784,0.903125,0.008241927475849627,0.010291356017467565,0.8751854109978554,0.045559221649148385,0.08286550467965047,0.05904168009173017,0.0031442187336836397,0.017756560020007618,0.015179262719187042,0.003698443904695386,0.004456294390493692,0.004465734103261883,0.021959561849086418,0.003910476154671372,0.019077009505335647,2.0816681711721685e-17,7.440476190476191e-05,7.440476190476191e-05,1.5183691019033452,1400.2807038309195
262147,0,0,M2+O,2,False,0.039757744854961516,0.801437597305469,0.7497816503880119,0.35,0.0,0.0,0.41371301920153203,0.2324680272590068,0.2821753155440092,0.12108267157681221,0.055557584002110465,0.0,4.979333268944174,7.367376811802387,0.1705512894518943,0.5357818198663118,6.8642284277049,3.3488423281311324,3.180701456729736,0.4213691617331254,0.0521276370190972,0.03299484704575204,0.0160156918748788,0.08027008021853275,-0.004868976214815565,0.0026396949466863454,0.3116348994291026,0.030800804524817503,0.90625,0.008685439469975404,0.011856275268221405,0.8680717020790828,0.03945925072635792,0.09205670549108266,0.06529024738784553,0.0034030955373598347,0.01803969283615682,0.015660669058432056,0.0037519427474348847,0.0046498123150979015,0.004745090097999315,0.022189244584419045,0.003993611453112769,0.02276464729941289,1.3877787807814457e-17,7.440476190476191e-05,7.440476190476191e-05,1.485230691083248,1396.6249454151305
262147,0,0,M4,3,False,0.053945937465917485,0.801437597305469,0.7497816503880119,0.35,0.0,0.0,0.41371301920153203,0.2324680272590068,0.2821753155440092,0.12108267157681221,0.055557584002110465,-0.11108825253322721,4.979333268944174,7.367376811802387,0.17073937610871287,0.5319993859406583,6.784230496004474,3.330901290385145,3.207722721317417,0.42230810402635444,0.04915746512079321,0.027357747587065433,0.012075945669012895,0.08013736919086717,-0.005341885161222654,0.0020802468958528208,0.3080766434224851,0.029995139611003915,0.8968750000000001,0.008551729205846088,0.011431734759674558,0.8619780938478095,0.039410485371198914,0.09401483486279642,0.0740066538549894,0.003284210994178479,0.017621917101093315,0.01571084369434466,0.003755327923536517,0.004368895440395094,0.00457098672898275,0.02239075989825782,0.00400899578051754,0.02257798983523555,2.0816681711721685e-17,7.440476190476191e-05,7.440476190476191e-05,1.4850586675498978,1394.7027430000476
262147,0,1,M2,0,False,0.06991363025292872,0.801437597305469,0.7497816503880119,0.35,0.0,0.0,0.3070111525245011,0.14284441171853884,0.642547759693116,0.19074446022102418,0.0,0.0,4.031212909147143,9.391205415129662,0.17487751552267394,0.5287128065737667,5.588100655591738,3.3453918967470404,3.286806658059445,0.41535560945419303,0.04621627527697502,0.03631923289709649,0.020488976257537296,0.0746685658228426,-0.013056866539995032,-0.0027590202222904773,0.22714885006600846,0.016880851841434244,0.7875,0.0063849530750005965,0.010116501579284877,0.8537980365352474,0.06283390509493747,0.0992530667082743,0.07058315851024367,0.0031172233646230927,0.021371711992306006,0.016272737315638205,0.003567447562425659,0.004943962432770301,0.004540358111653273,0.019039970662602122,0.003074609705393841,0.037500000000000006,2.0816681711721685e-17,0.0001984126984126984,0.0001984126984126984,1.510437270998549,237.51704512042724
262147,0,1,M3,1,False,0.05186569633279343,0.801437597305469,0.7497816503880119,0.35,0.0,0.0,0.3070111525245011,0.14284441171853884,0.642547759693116,0.19074446022102418,0.0,0.09740700935944913,4.031212909147143,9.391205415129662,0.174654703262644,0.530997988856407,5.67211472277134,3.360386925703443,3.262983814058823,0.42033373021336196,0.04952230655152118,0.0417986925335407,0.023879888600674033,0.07479947626171021,-0.012439994447136834,-0.0022047899081635027,0.2308198054277113,0.017512107248257053,0.796875,0.00650989734613232,0.010603395290255871,0.8609534474470216,0.06506598579921466,0.1012776588775779,0.06844879467582071,0.0032047259583213934,0.02189879238770137,0.016355415383843292,0.003548026635541549,0.005228904013805099,0.0047062513990417665,0.01876161728200032,0.0030845486831231985,0.036075369598476285,2.0816681711721685e-17,0.0001984126984126984,0.0002232142857142857,1.5019283495450868,237.91523121893516
262147,0,1,M2+O,2,False,0.00029389953356346747,0.801437597305469,0.7497816503880119,0.35,0.0,0.0,0.3070111525245011,0.14284441171853884,0.642547759693116,0.19074446022102418,0.49734065916059195,0.0,4.031212909147143,9.391205415129662,0.15848074285260125,0.5832680959830787,8.687107477539735,3.6435837287411634,2.950459335240593,0.5581737672185132,0.11456002811078786,0.06521952129805098,0.02101610048619785,0.09116484847869269,-0.0005852646623626771,0.0021489509867171517,0.34170295399689843,0.04893257960109362,0.9624999999999999,0.009422860278562362,0.017644125546934536,0.823529482608763,0.07622792587031722,0.09983472498125286,0.07903322957111335,0.0040349256795081615,0.028284918979884777,0.01647914162393905,0.005831571861156541,0.009050693699920396,0.004545448364065093,0.016794276451702436,0.002742781643409443,0.011636866703140781,1.3877787807814457e-17,0.00034722222222222224,0.0003720238095238095,1.1394388695566722,259.5299852675862
262147,0,1,M4,3,False,0.0003187496645997621,0.801437597305469,0.7497816503880119,0.35,0.0,0.0,0.3070111525245011,0.14284441171853884,0.642547759693116,0.19074446022102418,0.49734065916059195,0.09740700935944913,4.031212909147143,9.391205415129662,0.15821404528708424,0.5875036600371693,8.762850296353724,3.652287824307587,2.9511175267102425,0.5697141477438963,0.11660497497831229,0.06764366636323102,0.02243069836843376,0.09188072585919044,-0.00020443617695789333,0.0025693085135353576,0.3423020646371887,0.049423605793788475,0.9624999999999999,0.009545513447514881,0.018167001574370272,0.8293471024722763,0.0750760811662216,0.09973457984369702,0.08196617108549432,0.0040741506262065574,0.02859220144095469,0.01653279814332398,0.005840381030417232,0.00924975837797646,0.004627981848550664,0.01693784691793583,0.002730978296742566,0.011636866703140781,1.3877787807814457e-17,0.00034722222222222224,0.0004464285714285714,1.1225099468026987,261.5311437269808
262147,0,2,M2,0,False,0.4778475906641221,0.801437597305469,0.7497816503880119,0.35,0.0,0.0,0.15824501533061267,0.47178818037443365,0.47792880423367023,0.06573836363332915,0.0,0.0,6.196548670530319,10.978457712568343,0.14254687367562044,0.5883711284147908,10.871949273907129,3.9011584571753883,2.7523483263293262,0.6129345197369416,0.009288953598021316,0.0008908018003541251,0.007244389283655849,0.06600530593828557,-0.014137094942867733,-0.010400861623865276,0.023633879730199994,0.0038440209692161688,0.584375,0.002272624742272991,0.0058332544493047735,0.9330300129482916,0.057260660798040756,0.06351227525106658,0.07008341080705409,0.0014132494857317668,0.01893930296171788,0.016717451572842462,0.005314797710657375,0.001040455496129245,0.0021426626182102205,0.003942651138616911,0.0012982252995741178,0.027278941053493995,2.0816681711721685e-17,0.0010664682539682539,0.0011160714285714285,1.5258365179073694,30140.925027679263
262147,0,2,M3,1,False,0.4323856258951222,0.801437597305469,0.7497816503880119,0.35,0.0,0.0,0.15824501533061267,0.47178818037443365,0.47792880423367023,0.06573836363332915,0.0,0.30806223507970565,6.196548670530319,10.978457712568343,0.1426526296020379,0.5925562141117191,10.913652547429166,3.8848655654092066,2.760811570856417,0.6337171266853399,0.01226325617104812,0.007169289594759097,0.012528994451695353,0.06731612160384202,-0.013871655724205982,-0.009513533549235944,0.028793284050741677,0.004834371511694556,0.6000000000000001,0.002525006086371247,0.0058005887382713475,0.9205534043731549,0.0586765915369189,0.06437665720413197,0.07967084388016003,0.0015234048472120084,0.019368778248113217,0.016484228285576257,0.005296513935742292,0.0013009947814590459,0.0025939481793153876,0.004125306851248615,0.0013508403858116865,0.027763885414929468,2.0816681711721685e-17,0.0010416666666666667,0.0010912698412698413,1.578135870121887,30142.456891485355
262147,0,2,M2+O,2,False,0.4272995347961671,0.801437597305469,0.7497816503880119,0.35,0.0,0.0,0.15824501533061267,0.47178818037443365,0.47792880423367023,0.06573836363332915,0.16815945603584587,0.0,6.196548670530319,10.978457712568343,0.141840469108702,0.5905535444595342,11.3037238660584,3.9494425157145834,2.744004671422844,0.6372932246474075,0.012462869627976367,0.00682355241225735,0.008723246457738252,0.06865257885661344,-0.012317198876307585,-0.008725419640922844,0.035815383578015544,0.006191537840063273,0.65625,0.00292061847810104,0.007540553838634185,1.1097515716471693,0.053545666387249696,0.06423985328389872,0.06229133694116848,0.0017879135374350168,0.02178649868563262,0.01822699198194758,0.00584006612614023,0.001315456001769057,0.0025718821313979695,0.004580553872110249,0.0015671444206681678,0.03732598513993524,2.0816681711721685e-17,0.0010416666666666667,0.0010912698412698413,1.5549297752481226,30124.24009874645
262147,0,2,M4,3,False,0.3838734481880935,0.801437597305469,0.7497816503880119,0.35,0.0,0.0,0.15824501533061267,0.47178818037443365,0.47792880423367023,0.06573836363332915,0.16815945603584587,0.30806223507970565,6.196548670530319,10.978457712568343,0.14189400766763882,0.5965567322618855,11.347449214377558,3.9516936366196846,2.718305114514444,0.5942983535960045,0.015470330893623544,0.013325343372527313,0.013843141505902854,0.06969441349974793,-0.011899533380436644,-0.00795081061348065,0.04121224840426607,0.0073044898582735295,0.6781250000000001,0.0031961049243487824,0.007878402692645834,1.0892498661694971,0.04777232335701524,0.0526181984848484,0.05158562518373807,0.0019048725799040158,0.022215307957947204,0.018109793665273176,0.005926519186650534,0.0016407960337713504,0.0030171622627127477,0.004617466717225307,0.0015871060037456219,0.03353131310183562,2.0816681711721685e-17,0.0010416666666666667,0.0010912698412698413,1.5488666100609578,30131.28410608929
262147,0,3,M2,0,False,0.040492720318582524,0.801437597305469,0.7497816503880119,0.35,0.0,0.0,0.5052951307501644,0.15757877576155158,0.5863521392457187,0.3515334376207748,0.0,0.0,3.688997507560998,6.22103673312813,0.15553133366592314,0.6141967244332228,11.116403147825668,3.790514510790012,2.7432605171543925,0.421087400788253,0.05197433874392435,0.04410193454976344,0.013118060421414883,0.07732530025287115,-0.002935583702484625,0.003360231133641867,0.24199201119523267,0.033468355051360865,0.89375,0.008853848647752939,0.013428276174448197,1.3606465540195678,0.07950880014710161,0.10035284048521445,0.0581333397476793,0.003010167151456331,0.022945351837883314,0.015446198419622416,0.0042209023242064676,0.0053931125567998625,0.004570440559047429,0.020396296654642303,0.0039875868000212615,0.025361962989222005,2.0816681711721685e-17,0.005208333333333333,0.005307539682539683,2.0695464142308246,271.93071805559407
262147,0,3,M3,1,False,0.07747077657194086,0.801437597305469,0.7497816503880119,0.35,0.0,0.0,0.5052951307501644,0.15757877576155158,0.5863521392457187,0.3515334376207748,0.0,-0.3379333501681685,3.688997507560998,6.22103673312813,0.15628664104147066,0.5993975857663763,10.7776622928547,3.7814565508151827,2.755537806310736,0.3996186950330045,0.045018294488541374,0.03379160159520893,0.00849869451383574,0.07632968812109936,-0.004370920255955813,0.0022479967460436656,0.2335695592334904,0.03147135624913822,0.8812500000000001,0.008529660809522156,0.011162103650734358,1.3170862097701534,0.07997360153093598,0.10674663695373258,0.07224551168950796,0.0028067308087674344,0.020392923078202587,0.014526110190879139,0.004033652169051013,0.004805774403561935,0.00421020353891984,0.0210128781900859,0.004094978920074067,0.026954823316059782,2.0816681711721685e-17,0.004637896825396825,0.005009920634920635,2.123148739708787,261.5040182710384
262147,0,3,M2+O,2,False,0.03959468023104182,0.801437597305469,0.7497816503880119,0.35,0.0,0.0,0.5052951307501644,0.15757877576155158,0.5863521392457187,0.3515334376207748,0.0219864356587544,0.0,3.688997507560998,6.22103673312813,0.15543180331539624,0.6136307621331265,11.098319392052556,3.8012549587210405,2.744738086388191,0.40786973114714165,0.05217475165641186,0.04597851180736575,0.014123687665674876,0.07762868418082228,-0.002727901860279797,0.0033154138076457017,0.24186775832403373,0.03337454270384842,0.8968750000000001,0.00896795726941016,0.013174176793393505,1.3523328889549149,0.07885002466928687,0.10459866569804328,0.06082744808740763,0.003047386419856978,0.02279428740742739,0.01560190038719499,0.004305826162152337,0.005402508404390456,0.004582810510575853,0.02068282845313193,0.004032206699960822,0.025604666729589224,2.0816681711721685e-17,0.005183531746031746,0.005381944444444444,2.0892149007660876,274.42943772230046
262147,0,3,M4,3,False,0.07629885612042386,0.801437597305469,0.7497816503880119,0.35,0.0,0.0,0.5052951307501644,0.15757877576155158,0.5863521392457187,0.3515334376207748,0.0219864356587544,-0.3379333501681685,3.688997507560998,6.22103673312813,0.15620106638634118,0.5982592777432613,10.762295950791723,3.7817383892701524,2.7713571431490474,0.4027935134744838,0.045203283545571446,0.035893795437161154,0.009571772777311431,0.0765629209993754,-0.004141433126216855,0.0022878122548400707,0.23337357099332423,0.03136737778818449,0.884375,0.008639832406764638,0.011175492651327517,1.3080245831190922,0.0811308749335378,0.10799076413902255,0.07128441012126038,0.002842334544942906,0.020236590440653665,0.014687637024307492,0.0041401800036823064,0.00480572640143266,0.004238520294624681,0.021290502244839252,0.004143657704157238,0.027278941053493995,2.0816681711721685e-17,0.004662698412698413,0.0050347222222222225,2.142936523573587,263.8717563885484
262147,0,4,M2,0,False,0.30716311648739203,0.801437597305469,0.7497816503880119,0.35,0.0,0.0,0.43848861446604137,0.38926240351387964,0.7371985567733645,0.4234090699730806,0.0,0.0,6.015863294713199,11.226854318752885,0.12608110430922181,0.6400488425381128,16.166574567453587,4.166465777936101,2.4895123936937864,0.588017786334668,0.020944912746210236,0.01317615505893895,-0.014745030770516199,0.07856468400158122,-0.008649697005181589,-0.004756403504594171,0.07744255082464177,0.01494568154154859,0.75,0.0050460903519225185,0.00860965416520058,1.3894856771619821,0.07631797828361746,0.071789923018662,0.07135877895764008,0.002045211253509421,0.0226018005710829,0.012173828376129847,0.006320291156699389,0.002995934334919578,0.0033882671884391427,0.008695000565441445,0.0023379489367159286,0.04354116825871043,2.0816681711721685e-17,0.005133928571428571,0.005753968253968254,2.8812023075539974,22251.486538671892
262147,0,4,M3,1,False,0.31641824336917285,0.801437597305469,0.7497816503880119,0.35,0.0,0.0,0.43848861446604137,0.38926240351387964,0.7371985567733645,0.4234090699730806,0.0,-0.07367196269333365,6.015863294713199,11.226854318752885,0.12613409242539944,0.6386487250106395,16.123719687173487,4.162176386191955,2.4909779661363936,0.5889979783863524,0.020208404080743498,0.012083253061459397,-0.014816080725545017,0.07824384208902199,-0.008842154500462013,-0.00491673299526393,0.0761995672807574,0.014690420166307786,0.746875,0.004991290029591541,0.008437600686420047,1.3861006722339955,0.0773006302217004,0.07211379960818355,0.07067399072940617,0.0020178484450091216,0.022155346152505476,0.012137207813321591,0.006278037964206875,0.002932823048216874,0.003319193339251796,0.008731364736909112,0.0023299513066979295,0.04268800329132296,2.0816681711721685e-17,0.005109126984126984,0.005654761904761905,2.891926361836642,22125.130085043646
262147,0,4,M2+O,2,False,0.30478792559360535,0.801437597305469,0.7497816503880119,0.35,0.0,0.0,0.43848861446604137,0.38926240351387964,0.7371985567733645,0.4234090699730806,0.03886794626102078,0.0,6.015863294713199,11.226854318752885,0.12601249271056644,0.6410013499465107,16.26847171344957,4.1745069895825315,2.476597599109267,0.5805620582621784,0.021130204259217418,0.015859599696890984,-0.01417061137505759,0.07936913448004246,-0.008366740327683336,-0.00476706263707285,0.07761792762610185,0.014965875524103694,0.75,0.005177888273674677,0.008547705453028851,1.4188517369508105,0.07418314693935489,0.06861345987934563,0.07055964443940933,0.002098393872911384,0.022480529648232498,0.012623994590583443,0.006519485442847072,0.0030065520663931007,0.0033871404133059622,0.008947862910295878,0.002342158794035212,0.043301270189221926,2.0816681711721685e-17,0.005084325396825397,0.005729166666666666,2.9426695409118135,22497.754664355693
262147,0,4,M4,3,False,0.31406607617444415,0.801437597305469,0.7497816503880119,0.35,0.0,0.0,0.43848861446604137,0.38926240351387964,0.7371985567733645,0.4234090699730806,0.03886794626102078,-0.07367196269333365,6.015863294713199,11.226854318752885,0.12606694504755708,0.6392636499009112,16.226011913769202,4.167728313070395,2.484362097077318,0.5862142563577594,0.0203911783971793,0.014795279474303105,-0.014378883782879423,0.0790417044635448,-0.008561240676975442,-0.004928469884739281,0.07635938426359644,0.014710370117630382,0.740625,0.005121806818505389,0.008183068051723714,1.416064851859686,0.0752928716353773,0.06682141642212681,0.07253661240052932,0.002070893850892467,0.022037662803472333,0.012574568132113129,0.006480049777399291,0.0029386426712128687,0.0033269888880410343,0.008982727273899097,0.002335005341381282,0.04383176882505808,2.0816681711721685e-17,0.005109126984126984,0.005753968253968254,2.953450989878519,22446.82907650628
262147,0,5,M2,0,False,0.40115095760526953,0.801437597305469,0.7497816503880119,0.35,0.0,0.0,0.11271710437722504,0.19076136524569792,0.31634031841531396,0.040480249263974095,0.0,0.0,3.098991063889116,5.594099240377545,0.1873110733997655,0.47433550715565187,3.015326458779882,3.025537881281969,3.8239388176558213,0.4593986106600045,0.013512476451048212,0.029830624334068905,0.02687607993912905,0.07231338419212012,-0.013372341494477302,-0.008590435359644854,0.07862444171155047,0.0015650786472802985,0.528125,0.0025344806878918142,0.00718382348802496,0.4503559569305928,0.03427571766168403,0.10105430095139507,0.07841415913125582,0.0014623343180345837,0.01911018948953451,0.01568784580078745,0.0031713054122345314,0.002308833602558653,0.003029459734408333,0.007720368885490605,0.0011701574172404766,0.02370335331410586,1.3877787807814457e-17,0.0002232142857142857,0.0002728174603174603,1.1631018048418693,43.51620389535509
262147,0,5,M3,1,False,0.3746492157388658,0.801437597305469,0.7497816503880119,0.35,0.0,0.0,0.11271710437722504,0.19076136524569792,0.31634031841531396,0.040480249263974095,0.0,0.04869014248251913,3.098991063889116,5.594099240377545,0.18732773615814513,0.47524208419717706,3.03040330922385,3.0305341959536243,3.8142930192780033,0.4778567024702107,0.015394816637228258,0.03567798253062649,0.03198175767471312,0.07229112204372823,-0.013114562214004878,-0.008123242730258247,0.0820955275864491,0.0016943388331870817,0.5375,0.002603237394431757,0.007233444829653906,0.45086252867861987,0.036539317693982644,0.10866372213014086,0.08053882520890517,0.0015319500260911965,0.01931653265270783,0.015668775000124965,0.0031426071921989407,0.002484536157798693,0.003237261232505346,0.007760876063909374,0.001199679054118102,0.02641811247357893,1.3877787807814457e-17,0.0002232142857142857,0.0002728174603174603,1.1584985812082602,43.63592230595183
262147,0,5,M2+O,2,False,0.18382228258791725,0.801437597305469,0.7497816503880119,0.35,0.0,0.0,0.11271710437722504,0.19076136524569792,0.31634031841531396,0.040480249263974095,0.13870930994198497,0.0,3.098991063889116,5.594099240377545,0.18578427553996196,0.480584875873923,3.2124708706513703,3.0519547231319675,3.7208077648004205,0.47366836551840186,0.031431326474667745,0.057438643083288374,0.03393167758854592,0.07290743281602044,-0.009117599489738138,-0.005384373506945024,0.13952423581146714,0.004468385905118447,0.6125,0.0034833645932893214,0.0077037863957494495,0.4897279467807816,0.031688165948491276,0.08002913814351673,0.05191141825879898,0.002152565851010921,0.020880155138737495,0.017541886602086682,0.004296299202108889,0.0033033326899710182,0.003915886272344405,0.009135724420808861,0.0015143994696038697,0.027575653512957158,1.3877787807814457e-17,0.0002232142857142857,0.000248015873015873,1.1251560551708315,41.334742472416686
262147,0,5,M4,3,False,0.1675011187704019,0.801437597305469,0.7497816503880119,0.35,0.0,0.0,0.11271710437722504,0.19076136524569792,0.31634031841531396,0.040480249263974095,0.13870930994198497,0.04869014248251913,3.098991063889116,5.594099240377545,0.18578104803745327,0.48126797145542666,3.2269464933001184,3.0602225817314777,3.73745107490637,0.4811259530805068,0.03317804841065154,0.06213811560899876,0.03754752727344448,0.07301967703797757,-0.00881570273825122,-0.0049739212583418315,0.14223984494051614,0.004629397716963347,0.6156250000000001,0.003554703361987789,0.007790959641114548,0.4889961265685657,0.03241752238890906,0.08158044872981193,0.06379806473305064,0.0022232895478635213,0.020977360460088097,0.017254487578304233,0.00425358067829374,0.0034925763560825357,0.004065408219803062,0.009326286142476384,0.0015334455056852806,0.029481191037676886,1.3877787807814457e-17,0.0002232142857142857,0.000248015873015873,1.1250936536756542,41.43699236461152
262147,0,6,M2,0,False,0.3161734706825088,0.801437597305469,0.7497816503880119,0.35,0.0,0.0,0.24740017238073053,0.2888998185550328,0.5580466752871871,0.22097220967603354,0.0,0.0,5.264328494202346,8.049855879507959,0.15616311877375888,0.5778848836922272,9.304836932409005,3.723294614975665,2.7877112349972,0.47007207853845906,0.020048027265672085,0.017374491847553776,0.007052117757693382,0.07290199473990848,-0.01278444884508984,-0.006392540288155473,0.07518723930792778,0.009237272381391125,0.6624999999999999,0.004165088328154688,0.008837445757803675,0.9030239973485625,0.06135884609681415,0.06994611209846228,0.07228970337005178,0.001993637076437554,0.02240868548946389,0.015557403582992525,0.004988413689506553,0.003057531760349638,0.00333309603668226,0.0084659034066874,0.002125393106884054,0.041205784383587046,2.0816681711721685e-17,0.0005456349206349206,0.0007192460317460318,1.615247250468505,4010.959417238519
262147,0,6,M3,1,False,0.27314844902005797,0.801437597305469,0.7497816503880119,0.35,0.0,0.0,0.24740017238073053,0.2888998185550328,0.5580466752871871,0.22097220967603354,0.0,0.18312492715194817,5.264328494202346,8.049855879507959,0.15591493312503016,0.5847942025076129,9.43976258266315,3.729705024656135,2.790833091031738,0.47735721324361396,0.02355553594726864,0.023077034820435986,0.010261348485229721,0.07375703221276546,-0.011978997810469308,-0.005759933596881757,0.08092907910706712,0.01012948597560646,0.6781250000000001,0.004366157333422117,0.009289943778751662,0.9082074313795072,0.05892941412446569,0.06701977418986341,0.06148840014677156,0.0021130274897472193,0.023221615733952695,0.015462446177359443,0.005058542171948413,0.003409098404759418,0.0036469582420550306,0.00830935974390736,0.002168696192388339,0.04256581913147371,2.0816681711721685e-17,0.000570436507936508,0.000744047619047619,1.600870799534467,4061.789783970789
262147,0,6,M2+O,2,False,0.1723794119785298,0.801437597305469,0.7497816503880119,0.35,0.0,0.0,0.24740017238073053,0.2888998185550328,0.5580466752871871,0.22097220967603354,0.2625326522402505,0.0,5.264328494202346,8.049855879507959,0.15327936100504602,0.5898378308755368,10.101489009995753,3.7568325517965313,2.813166205112905,0.5118804283994162,0.03281134499999092,0.036376222243823836,0.005695078530119618,0.0779215820252915,-0.007637817446651687,-0.00359921905959246,0.11935552799003377,0.0177732714245536,0.775,0.0055970085529214305,0.012268034701288674,1.1156759614192866,0.04226019589361691,0.058954576385592546,0.05665573902724947,0.002633253690262407,0.025294677464607358,0.019701317854409026,0.0069006792699843195,0.0042064560030311195,0.0036852242797114627,0.010367922606395531,0.0025587462567316197,0.03679900360969936,2.0816681711721685e-17,0.0005456349206349206,0.0007192460317460318,1.7764323829414028,3479.5471329852244
262147,0,6,M4,3,False,0.14194669183315117,0.801437597305469,0.7497816503880119,0.35,0.0,0.0,0.24740017238073053,0.2888998185550328,0.5580466752871871,0.22097220967603354,0.2625326522402505,0.18312492715194817,5.264328494202346,8.049855879507959,0.15295949861292682,0.5960924506303875,10.232097710399678,3.7726208699462926,2.836269258908451,0.5235374843782765,0.036231259276253355,0.041369968938089474,0.007953969386207335,0.07876118901282911,-0.006804613345586381,-0.003060633685995986,0.1240986782914302,0.01873612124371376,0.78125,0.005808980573287966,0.013227322235685592,1.1146067112822227,0.05615862068510474,0.054116768275767974,0.0611430716414523,0.002734736300989364,0.02603209471116718,0.019415530733197177,0.006936108731618927,0.004644147197122612,0.003934807092432687,0.010503681277157704,0.0025866998085006645,0.035022314315304746,2.0816681711721685e-17,0.0005952380952380953,0.0007192460317460318,1.7632391446154494,3525.3722913977062
262147,0,7,M2,0,False,0.00019987564159323212,0.801437597305469,0.7497816503880119,0.35,0.0,0.0,0.3608797624707223,0.11507770599029078,0.3852312066592276,0.0776035660920321,0.0,0.0,4.72552586439997,9.198351218365133,0.18444248014603923,0.4293595579292673,2.9216015522889043,3.0386821874414776,3.9184386800660533,0.4897732143604024,0.10904787405277537,0.027484413474663273,0.011090194129250235,0.07977111902968162,-0.00906774711388593,-0.0008278458665647649,0.5104581926132346,0.020307778242597677,0.8,0.008289618258062069,0.014472780651382735,0.49117279579242656,0.044203439401643625,0.0998089571332286,0.06407158217012189,0.0053593451658096964,0.01615868171638238,0.015475817850853871,0.0025211802549676577,0.005961260147141498,0.005695946135411397,0.025761663621497344,0.0046371310025908295,0.03505947327993771,1.3877787807814457e-17,0.0,0.0,1.2705273786815756,38.04543956377244
262147,0,7,M3,1,False,0.0011600012517420434,0.801437597305469,0.7497816503880119,0.35,0.0,0.0,0.3608797624707223,0.11507770599029078,0.3852312066592276,0.0776035660920321,0.0,-0.2017381898127496,4.72552586439997,9.198351218365133,0.1846163601395493,0.4227544889647492,2.82038990801051,3.0157823727010884,3.9464020043139634,0.4950502722974854,0.10119857782321962,0.00963385934179354,-0.0038420930753712713,0.07970660065896065,-0.010082155689184823,-0.002759933927858572,0.5055079227136918,0.019170651383466512,0.78125,0.00801164721316491,0.01259461404996824,0.47317792709087736,0.04724378196885483,0.11043554999439896,0.07156879223703358,0.005126344864692047,0.01509009168455649,0.0150831723566418,0.002635466174423461,0.005386604757911478,0.005309989790625192,0.026045066251156688,0.004531673947223209,0.036479160717684644,1.3877787807814457e-17,0.0,0.0,1.2487741696407049,35.4832130798151
262147,0,7,M2+O,2,False,0.000195145785160525,0.801437597305469,0.7497816503880119,0.35,0.0,0.0,0.3608797624707223,0.11507770599029078,0.3852312066592276,0.0776035660920321,0.06863570054080875,0.0,4.72552586439997,9.198351218365133,0.18379276512997667,0.42803930559060377,2.8931866678645206,3.0467817083268223,3.8901128818377355,0.525617832024205,0.1126401004984546,0.03784660573083975,0.012396240486808327,0.07953661734906914,-0.008187065800619774,-0.000519096565320915,0.5075293176672417,0.02039666554502901,0.778125,0.00871356512365087,0.014906093758166209,0.4459116779514803,0.04440080530170043,0.1019353084458849,0.07814636425016563,0.005324590990083756,0.01601689612338606,0.014986134386205911,0.0024455118070720386,0.005618553860456152,0.005821233243128132,0.025894500044205022,0.004706556810543065,0.03817960570339441,1.3877787807814457e-17,0.0,0.0,1.2371199338225067,38.63116587996629
262147,0,7,M4,3,False,0.000996738398897648,0.801437597305469,0.7497816503880119,0.35,0.0,0.0,0.3608797624707223,0.11507770599029078,0.3852312066592276,0.0776035660920321,0.06863570054080875,-0.2017381898127496,4.72552586439997,9.198351218365133,0.1840184443026205,0.4232753715264417,2.7972756488732737,3.024447690133851,3.914553751789522,0.5008268782152238,0.10484181323003822,0.020607087388260822,-0.0021065208347910854,0.0794389892879026,-0.009247358639185443,-0.0025332384647884076,0.5024779697897728,0.019262600395337087,0.771875,0.008422258172335585,0.013918800056427748,0.4316500996466794,0.04808652094143864,0.10759931843982772,0.09046352730169686,0.005046076775812882,0.014886070467015955,0.014887206929503852,0.0025279567294971316,0.004985574310700237,0.005453027930779995,0.02622575257740813,0.004603822510888652,0.03925577186860551,1.3877787807814457e-17,0.0,0.0,1.1918035536781384,38.07526585380992
262147,0,8,M2,0,False,0.3593730546407862,0.801437597305469,0.7497816503880119,0.35,0.0,0.0,0.3273518878500909,0.41219047045579005,0.5059866728261113,0.05351897999527138,0.0,0.0,5.661376485135406,11.565369953401387,0.1475837548150326,0.5691139505392144,10.263948339876073,3.8021004732947263,2.84391208561376,0.6506330375938131,0.016403236217586104,0.005041637691272128,0.006697489681057223,0.07056251323068412,-0.01604458189708234,-0.008062107301376499,0.09347579245572958,0.014758153563665909,0.7593749999999999,0.004758612635778843,0.0075507656254118,0.9855496456201235,0.04301076567244713,0.08997570874702461,0.08316712308483638,0.0019046926209852766,0.019019252050273616,0.015322474552768476,0.004980375808046975,0.001756055938486272,0.003149143028364232,0.009132872275602336,0.002315512897935649,0.03234538542564199,2.0816681711721685e-17,0.0009672619047619048,0.0010664682539682539,1.5428693308638477,10334.439729091097
262147,0,8,M3,1,False,0.3939062705637954,0.801437597305469,0.7497816503880119,0.35,0.0,0.0,0.3273518878500909,0.41219047045579005,0.5059866728261113,0.05351897999527138,0.0,-0.27241570344194765,5.661376485135406,11.565369953401387,0.14744969932256374,0.5660008339264659,10.211005515752197,3.7975653036691313,2.850169883412564,0.6419715516948954,0.013950476969794696,-0.0015600619338539384,0.0002828340165230911,0.0697078476166639,-0.016120781474057693,-0.008949805478944698,0.08811412198323634,0.013700142239899335,0.759375,0.004523891232443756,0.007317971877599239,0.9821726136517235,0.04027854981118092,0.10410426747165413,0.08505427339398981,0.001788289646029764,0.01825973018673016,0.015214333405349802,0.00488819168484821,0.0014969831401984261,0.002707865641583358,0.009035981032841119,0.002312714767253981,0.03000650971039451,2.0816681711721685e-17,0.000992063492063492,0.0010912698412698413,1.4985838083191019,10332.72754812059
262147,0,8,M2+O,2,False,0.1734621393064899,0.801437597305469,0.7497816503880119,0.35,0.0,0.0,0.3273518878500909,0.41219047045579005,0.5059866728261113,0.05351897999527138,0.3552409291858432,0.0,5.661376485135406,11.565369953401387,0.1434732610387915,0.5813817997595292,11.653727160548566,3.919032949636832,2.7164801989180556,0.48860447882021313,0.03254341624154647,0.022941161307185588,0.006839167241142603,0.07513505776190335,-0.010565396016354058,-0.003881611424377322,0.1473710446957633,0.025934083473012456,0.8812500000000001,0.00647184794019115,0.011538183100874537,1.3227093387554936,0.047310585499174364,0.05929598240975221,0.04136691049059079,0.0026408405502332455,0.02182014899836531,0.016725783384971996,0.006970013417174621,0.0031467225208926704,0.003843014569686935,0.009561492986340092,0.00243663517560086,0.022302372818454392,2.0816681711721685e-17,0.000992063492063492,0.0010416666666666667,1.6586536682659374,10207.509070931526
262147,0,8,M4,3,False,0.19800835526447613,0.801437597305469,0.7497816503880119,0.35,0.0,0.0,0.3273518878500909,0.41219047045579005,0.5059866728261113,0.05351897999527138,0.3552409291858432,-0.27241570344194765,5.661376485135406,11.565369953401387,0.14351736976347834,0.5772092764057917,11.594681929630264,3.9273475835250338,2.700617435442661,0.47817402500899653,0.03001401634946326,0.016715347263140095,0.0019415029930671547,0.0746711713298226,-0.010950467050115962,-0.004737985991717443,0.14215345269704627,0.024670099775414366,0.878125,0.006193416061495326,0.010204982363460327,1.3348373862480567,0.049571371018944654,0.06403389816842599,0.04694289316334625,0.002502397131634062,0.02112635950806884,0.017001463404856917,0.006763522527867108,0.002725123323301288,0.0034578780885084312,0.009346243206881289,0.0025082202941839184,0.022807505160947934,2.0816681711721685e-17,0.0009424603174603175,0.0010664682539682539,1.60748749080212,10158.739182477228
262147,0,9,M2,0,False,0.22639750279298845,0.801437597305469,0.7497816503880119,0.35,0.0,0.0,0.2246222570538521,0.18270770007992873,0.42887789057567716,0.44230817962120045,0.0,0.0,3.341906509362161,5.166776251979172,0.15547796145333445,0.6166843896909939,10.761766498392783,3.873963959983453,2.642566871514471,0.41777543914815063,0.028255316897992943,0.048299286929160246,0.01085898616776678,0.07251926855495727,0.0005218095825645628,-0.0003897332188409408,0.061723852745783285,0.008239730468885216,0.628125,0.004037479289517176,0.010280040688302915,0.9158169396781172,0.056174584983977593,0.05809915590185946,0.04720526753735644,0.002079396568484881,0.025292765342530325,0.017080754139025087,0.006443811549522844,0.005114304823522974,0.003344259872090969,0.00701719981652933,0.0020368287223698,0.03762998305872592,1.3877787807814457e-17,0.013343253968253968,0.013913690476190475,1.59164931720646,173.78100987670277
262147,0,9,M3,1,False,0.16409834332127818,0.801437597305469,0.7497816503880119,0.35,0.0,0.0,0.2246222570538521,0.18270770007992873,0.42887789057567716,0.44230817962120045,0.0,0.28608088316395874,3.341906509362161,5.166776251979172,0.15487988545001338,0.6242671801250997,10.953911509119058,3.89426564237773,2.623386288188238,0.40470777841790173,0.03454442061584018,0.056335657335384454,0.012554319876939155,0.07351871065351881,0.001583620007266068,0.00020747698661421812,0.0716889392518136,0.010129626698857247,0.65,0.004351599658408277,0.011062679816675355,0.9317121265224847,0.05612801101412395,0.05343060463670256,0.04484191285969164,0.0022072282500397926,0.026897425382944488,0.017818270598791906,0.006525795824229699,0.005619958367948458,0.003737336606048539,0.006894330889599034,0.0020599473299944496,0.037914377220257756,1.3877787807814457e-17,0.014037698412698413,0.014260912698412698,1.5621139129654518,173.73667633655464
262147,0,9,M2+O,2,False,0.21829412122134834,0.801437597305469,0.7497816503880119,0.35,0.0,0.0,0.2246222570538521,0.18270770007992873,0.42887789057567716,0.44230817962120045,0.05071990291090424,0.0,3.341906509362161,5.166776251979172,0.1553382311657614,0.617057222082078,10.66903050475436,3.8894696884050455,2.6345111340944385,0.38727238304514283,0.029007557184355298,0.05281044433823366,0.014169888111854146,0.07233146988215175,0.0009094883240043589,-0.00016918465380609277,0.063261027100663,0.008541516653250578,0.6375,0.004252023960641958,0.01189518484129725,0.9139825871578974,0.059544475373526654,0.05312678724361075,0.04283045059833204,0.0020750303658059795,0.02461076747242365,0.0178310204601675,0.006825747008841799,0.005263331555302749,0.003386178972886475,0.007690840246517352,0.0020805893975819976,0.03939648884524271,2.0816681711721685e-17,0.013169642857142857,0.013839285714285714,1.6357410293800643,171.37676793102423
262147,0,9,M4,3,False,0.15711263352883495,0.801437597305469,0.7497816503880119,0.35,0.0,0.0,0.2246222570538521,0.18270770007992873,0.42887789057567716,0.44230817962120045,0.05071990291090424,0.28608088316395874,3.341906509362161,5.166776251979172,0.15472171272214807,0.6247785620523306,10.85852170623296,3.913196541980305,2.6121881034547862,0.3991341193570849,0.035310875255690384,0.0603124520519507,0.01569897731769837,0.07330299343909968,0.0019434685485422883,0.00041140443956747767,0.07323838209628107,0.01042804390978147,0.659375,0.004569602952743634,0.011979619529563402,0.9300634354796319,0.05984069872336379,0.0546800103611833,0.044254995341256494,0.0022030521621482714,0.02613606371394469,0.018466253099297798,0.006900350603040759,0.005766119410281347,0.003745779070972097,0.007603797295670689,0.0020863678460403636,0.038247753201985604,2.0816681711721685e-17,0.013963293650793651,0.014310515873015872,1.6070501875919858,171.47845674156835
262147,0,10,M2,0,False,0.3809049858045873,0.801437597305469,0.7497816503880119,0.35,0.0,0.0,0.1316666482947767,0.2498424048999523,0.7028423110023141,0.10273466228960343,0.0,0.0,5.565240954048932,8.395200815051794,0.16625923717744362,0.5289725762465637,6.548192917550128,3.484759249520147,3.11602966120414,0.48941295114440286,0.01560875849001397,0.011474805271400578,0.002821821540958072,0.06859412001694794,-0.022653047707572486,-0.014834924369224158,0.04631469701510757,0.004250761101476929,0.59375,0.002333511639165797,0.004854190324132229,0.7780356218246228,0.07084889009817702,0.08891299827059548,0.07397588229852867,0.0018680436615242596,0.020342549644353575,0.012667925840736248,0.0043368537039743535,0.001693932396685036,0.0026618635548906083,0.005525926341193788,0.001585148915417743,0.02409832290153542,2.0816681711721685e-17,0.0001240079365079365,0.00014880952380952382,1.4221400175513796,4616.060566867402
262147,0,10,M3,1,False,0.3380078718303314,0.801437597305469,0.7497816503880119,0.35,0.0,0.0,0.1316666482947767,0.2498424048999523,0.7028423110023141,0.10273466228960343,0.0,0.1631396964192391,5.565240954048932,8.395200815051794,0.16624145493852294,0.532875210381583,6.597350024572529,3.501831537519754,3.0858217773270815,0.4948072413696182,0.01876027093377093,0.01894400857215477,0.009410762441997875,0.0689026728453912,-0.02237316449766914,-0.014016289230343391,0.05139540772040102,0.004821647368722823,0.6,0.0025281540397875065,0.004918134547876358,0.7781343851471406,0.06821660890527524,0.08126817238155316,0.06184091900034393,0.001980482037024067,0.021001273969536105,0.01250179241350628,0.004406060610050388,0.0019571959808970343,0.003058295838334454,0.005546711897399575,0.0016327327891911764,0.025413251136628175,2.0816681711721685e-17,0.0001240079365079365,0.00014880952380952382,1.4119897156044745,4628.92426394401
262147,0,10,M2+O,2,False,0.37680010909801165,0.801437597305469,0.7497816503880119,0.35,0.0,0.0,0.1316666482947767,0.2498424048999523,0.7028423110023141,0.10273466228960343,0.028715294985613527,0.0,5.565240954048932,8.395200815051794,0.1662238986538832,0.5289880584154381,6.598422554127621,3.46375348538785,3.0901225975995783,0.4481983555045239,0.015897661975893165,0.013818076504213449,0.004017921370422313,0.0686151031594111,-0.022206096500632044,-0.014569102405503933,0.046840982956212994,0.004316323653989952,0.59375,0.0024339184874093696,0.004709224737416808,0.8049427861970654,0.06730520977196158,0.07918133935525469,0.0618634773169199,0.0019757566592241422,0.021050433445950072,0.01354259383880738,0.004587003952746068,0.0016912108815768199,0.002788217148004905,0.00579827322909897,0.0016461305495465248,0.025361962989222,1.3877787807814457e-17,0.0001240079365079365,0.00014880952380952382,1.4399253557727696,4599.154914369473
262147,0,10,M4,3,False,0.33392487703265356,0.801437597305469,0.7497816503880119,0.35,0.0,0.0,0.1316666482947767,0.2498424048999523,0.7028423110023141,0.10273466228960343,0.028715294985613527,0.1631396964192391,5.565240954048932,8.395200815051794,0.16619798078870865,0.5330771879470193,6.64793694936612,3.5012803205091214,3.095772841546187,0.47935144666273133,0.01906677426957285,0.021355277384451546,0.010568557464149614,0.06900172968996818,-0.021893010744986997,-0.013707875106271156,0.05205191444909691,0.0049090066501025365,0.6031249999999999,0.00263380130529422,0.004612387328410793,0.804043931046297,0.06605502405841214,0.0812122294542196,0.058840212390074004,0.0020916458119294924,0.021701607826700508,0.013397940600285733,0.0046521370906592125,0.001971088588337167,0.003167415607664712,0.005776182959239344,0.001692775313606117,0.02679736849642765,2.0816681711721685e-17,0.0001240079365079365,0.00014880952380952382,1.4302380224576885,4611.402956404142
262147,0,11,M2,0,False,0.00046221658522598534,0.801437597305469,0.7497816503880119,0.35,0.0,0.0,0.47562341731973,0.1345462879767425,0.3737773862667382,0.2305695352875695,0.0,0.0,4.313042040448636,8.777857530862093,0.1686227760598056,0.55188274728418,7.4353770542649595,3.445027296146762,3.0918710840741888,0.4062421419269763,0.0727528629932635,0.04232913977370947,0.020469775059482467,0.07919544020162528,-0.0007247859686476483,0.0047275399557274896,0.3544267477220547,0.03795845439972806,0.9281250000000001,0.009697801266769302,0.015058707573756415,1.0132357133865983,0.06853371471224147,0.11234485063562442,0.07122642854344387,0.003784862190662908,0.019263463559292506,0.01475861582862153,0.0030773151547196873,0.00583489123198963,0.005024186702374732,0.024522512654325705,0.004295142134560533,0.024138812971367638,2.0816681711721685e-17,0.0001984126984126984,0.0001984126984126984,1.7323339293781774,427.186375278968
262147,0,11,M3,1,False,0.0005529642572964677,0.801437597305469,0.7497816503880119,0.35,0.0,0.0,0.47562341731973,0.1345462879767425,0.3737773862667382,0.2305695352875695,0.0,-0.132857234403491,4.313042040448636,8.777857530862093,0.16898453921499407,0.5478430084690094,7.293275297649558,3.4233021433747135,3.0728717208635468,0.38052795310355636,0.06898491022698593,0.03649463020648116,0.01722913759881015,0.07885811733904993,-0.0014514553487008485,0.004215206495478454,0.3520541832363558,0.036965492608154356,0.9312500000000001,0.009549843329928928,0.01423234559617195,0.9957640274525376,0.0657578491478522,0.11284342956351265,0.06264510324860287,0.0036710951481558935,0.018443867511730674,0.014566025473740701,0.0031381703203297432,0.00553119266902094,0.004864144782902418,0.024885614860138305,0.004355290064813034,0.021830311495716227,2.0816681711721685e-17,0.0001984126984126984,0.0001984126984126984,1.6903416284045971,424.91123158292413
262147,0,11,M2+O,2,False,0.0004630314550722472,0.801437597305469,0.7497816503880119,0.35,0.0,0.0,0.47562341731973,0.1345462879767425,0.3737773862667382,0.2305695352875695,0.1877194508660889,0.0,4.313042040448636,8.777857530862093,0.16569541117229553,0.554334724508704,7.6625310988344815,3.524605673222883,3.088455433745704,0.44794980782053395,0.0841475090617666,0.057469778867537395,0.02369862707537268,0.08119122663853559,0.002152277008966909,0.004738754094119251,0.36031671066372273,0.0411664805123223,0.925,0.010817649330608543,0.015788597404135185,0.9501746435754639,0.06274217131792538,0.12028546765455567,0.0783387703308793,0.004148072387198424,0.02181380758797957,0.01421662477302052,0.003454328720954087,0.005927989899633701,0.005020043503476273,0.02555413352767983,0.004652561096328026,0.021408720964441883,1.3877787807814457e-17,0.0001984126984126984,0.000248015873015873,1.5045860194920948,419.56461467112985
262147,0,11,M4,3,False,0.00043041687762286276,0.801437597305469,0.7497816503880119,0.35,0.0,0.0,0.47562341731973,0.1345462879767425,0.3737773862667382,0.2305695352875695,0.1877194508660889,-0.132857234403491,4.313042040448636,8.777857530862093,0.16611606971782408,0.5495135566384741,7.52940983309078,3.5147479839737232,3.0887231197507328,0.41945122468823837,0.08052438436294967,0.052649379832238,0.020895213425927345,0.08073891441422205,0.0014819374987361596,0.004281922512343862,0.3583851348680473,0.04021893818396424,0.921875,0.010658977912796854,0.01538263119521595,0.932549444363161,0.05968430847804607,0.12120161476698633,0.0693420288235222,0.004043420166016507,0.02134568457967297,0.014073907288432537,0.0033789381059378585,0.005615564416910953,0.004910549624125155,0.025855528516514976,0.004712392416859336,0.020900931996763523,2.0816681711721685e-17,0.00017361111111111112,0.0002232142857142857,1.502612849941831,418.55380180299017
262147,0,12,M2,0,False,0.12469486474531687,0.801437597305469,0.7497816503880119,0.35,0.0,0.0,0.5283482315018774,0.3328876707156261,0.457244448363781,0.1455146569506814,0.0,0.0,4.954742657020688,6.8926228834316134,0.1514088212526834,0.5740526417300753,10.861591768679046,3.789377917808468,2.810564882458371,0.4670338841313313,0.038271908812036334,0.01510765650179357,0.0067368860649165575,0.07969131133856261,-0.011650969109943865,0.0006780853586142079,0.24208372239135523,0.03618656151556605,0.921875,0.00851068500855335,0.011042473131250528,1.2438515536039856,0.06390760289216008,0.1010302930801898,0.05825199520233714,0.0031303846960674415,0.01875216115891297,0.014425942711215325,0.005510296053171611,0.0038582619163229155,0.004525394999754149,0.01877193642384689,0.0037547112468748994,0.01765924568981737,1.3877787807814457e-17,0.0010416666666666667,0.0011656746031746032,2.030519372487397,2507.214145568621
262147,0,12,M3,1,False,0.15301408827528853,0.801437597305469,0.7497816503880119,0.35,0.0,0.0,0.5283482315018774,0.3328876707156261,0.457244448363781,0.1455146569506814,0.0,-0.22406192403286693,4.954742657020688,6.8926228834316134,0.15160455590953995,0.5694816127050817,10.720764452619518,3.7560927706488814,2.800419809432294,0.4604135382869521,0.034873426069643554,0.008745981770057107,0.0017654291924701993,0.0790249560712094,-0.012145290214568786,-0.000238597531522176,0.23653857143236148,0.03491433810875259,0.915625,0.008299345961847704,0.010476496751710508,1.2339477030132897,0.06189323237886986,0.0951508803383093,0.058110548297406556,0.0029836368237206737,0.018060035077456044,0.014338364909477248,0.005311018470943868,0.003497507794570358,0.004214054584755642,0.018988182632022888,0.003834658905055488,0.01690583602389029,2.0816681711721685e-17,0.0010416666666666667,0.0011160714285714285,2.022164026696056,2504.1276605200524
262147,0,12,M2+O,2,False,0.11096515985120387,0.801437597305469,0.7497816503880119,0.35,0.0,0.0,0.5283482315018774,0.3328876707156261,0.457244448363781,0.1455146569506814,0.10161489625486209,0.0,4.954742657020688,6.8926228834316134,0.15072338876716598,0.575358914145042,11.05389217426782,3.7941021784356215,2.7653046026901307,0.46749401836420706,0.040080514176024346,0.022401259703345514,0.00648144690332102,0.08015450085046073,-0.010444645662370215,0.001125420012253932,0.2451855458857832,0.036901094522711404,0.909375,0.009006912040803486,0.01233055465053857,1.2475662283318676,0.07359871915772793,0.0988002903600638,0.06256038526530071,0.0033742503498995473,0.01948205589126695,0.015592903822461274,0.005836602750645905,0.0038106124949223727,0.004622240604182963,0.0193128923182984,0.003813248868594974,0.018381801462315925,2.0816681711721685e-17,0.0010664682539682539,0.0011904761904761906,1.9349523198944374,2495.7542600483976
262147,0,12,M4,3,False,0.13809414386351188,0.801437597305469,0.7497816503880119,0.35,0.0,0.0,0.5283482315018774,0.3328876707156261,0.457244448363781,0.1455146569506814,0.10161489625486209,-0.22406192403286693,4.954742657020688,6.8926228834316134,0.15097003625494157,0.5710085190249888,10.897571466238233,3.796899142930865,2.7787465801349063,0.4559792596846868,0.03664095604394235,0.016243745151692614,0.001720761106675022,0.07903780616756333,-0.010977627109936133,0.00022371331217660656,0.23952720883115428,0.03555923128678562,0.909375,0.008783556463033616,0.01198013223845394,1.2327475430091508,0.061957368839404565,0.09431137951518495,0.052341527895561346,0.0032270309665860895,0.018795320861508247,0.015496299177304046,0.005762172881694571,0.0034092471413755274,0.004289587999852281,0.019521568666260623,0.0038920084053049686,0.017211157960269067,2.0816681711721685e-17,0.0010168650793650794,0.0011656746031746032,1.9445925952506298,2490.4721447469014
262147,0,13,M2,0,False,0.06898925962637406,0.801437597305469,0.7497816503880119,0.35,0.0,0.0,0.19160756780765953,0.10117971124439723,0.5988673171959817,0.11719459330247321,0.0,0.0,4.166520392987877,9.900185617618263,0.18850228747811537,0.4382793210382476,2.419288161033638,2.9505701974389362,3.978566256504668,0.4574490684611663,0.04644044229180456,0.04628915779526333,0.0316411496714676,0.07354979785789537,-0.01591335958035911,-0.00724183166676672,0.23181898630875902,0.0035490568285363507,0.584375,0.0044426628495901534,0.007817296446678751,0.44078146169147275,0.04238937994646767,0.09700028730112054,0.051722864344876364,0.003075905424395296,0.02046469304235726,0.016396365988789952,0.0031718916293451064,0.004778417606246552,0.004674979678109534,0.018641567156925103,0.0019791266311107916,0.03783702716916328,1.3877787807814457e-17,0.0,0.0,1.2598728579763048,45.84683702118605
262147,0,13,M3,1,False,0.010003724061138721,0.801437597305469,0.7497816503880119,0.35,0.0,0.0,0.19160756780765953,0.10117971124439723,0.5988673171959817,0.11719459330247321,0.0,0.24830152671784156,4.166520392987877,9.900185617618263,0.18809370446624862,0.4519274684631828,2.575030536823613,2.9770261818861767,4.012123572702085,0.6033957213566223,0.061123693825698065,0.07141204084530334,0.05005031815045286,0.07347107806835376,-0.013373521470010152,-0.004813356578597959,0.2469190353282652,0.004539832620224999,0.60625,0.004822403484703613,0.0103395489222576,0.4586607501403814,0.04715201110138495,0.11403532438223218,0.08452978746883603,0.0033791337576516266,0.021483099511668668,0.016851560425422185,0.003115511253470274,0.0059059888447515725,0.00535564071094633,0.01766433268214433,0.0021948009982066864,0.041047482667434465,1.3877787807814457e-17,0.0,0.0,1.2435034250981554,50.05698181387315
262147,0,13,M2+O,2,False,0.05893002337340909,0.801437597305469,0.7497816503880119,0.35,0.0,0.0,0.19160756780765953,0.10117971124439723,0.5988673171959817,0.11719459330247321,0.036378440419058695,0.0,4.166520392987877,9.900185617618263,0.18833768111937443,0.4373708853228582,2.4190419177420313,2.9617932390918726,3.983260632784427,0.4796649226535178,0.04823879540678851,0.053767719411756336,0.033500847223558894,0.07391284733116263,-0.014957553432665995,-0.006804591643655224,0.23401567549090582,0.0036268756964552584,0.5874999999999999,0.00464711370387041,0.0077001631668978275,0.43376067089629816,0.041437328292830734,0.11184100568824931,0.06258386726158843,0.0032573267464886093,0.020493392145251397,0.01683984380769642,0.003165445067675874,0.0048338922181163065,0.004841402655905231,0.019145237126599726,0.0020544805458357854,0.03966001344763598,2.0816681711721685e-17,0.0,0.0,1.2578400523387903,46.184661278525354
262147,0,13,M4,3,False,0.006564843257108975,0.801437597305469,0.7497816503880119,0.35,0.0,0.0,0.19160756780765953,0.10117971124439723,0.5988673171959817,0.11719459330247321,0.036378440419058695,0.24830152671784156,4.166520392987877,9.900185617618263,0.18789963348060248,0.45241560127064867,2.5739681916390884,2.995388735689831,3.941183040881651,0.5160909651760819,0.06286717918746593,0.07815572501646448,0.0504026536019193,0.0739595301127278,-0.012386268834895898,-0.0045106980792085525,0.24907064670727297,0.00462723491855235,0.6156250000000001,0.005035039585617998,0.010516871530777626,0.45107827251513677,0.04244666498827798,0.10166965360695901,0.07261236490312324,0.0035582719447501947,0.02136281901755347,0.016827815866642434,0.003112224459722879,0.005990494736849802,0.005484080983513904,0.018198911179903285,0.0022585389709385627,0.03997883554665726,1.3877787807814457e-17,0.0,0.0,1.246928298246961,50.45130202437012
262147,0,14,M2,0,False,0.3671084150392894,0.801437597305469,0.7497816503880119,0.35,0.0,0.0,0.27048005373217165,0.36894328719968383,0.27894342318177223,0.26852824616378107,0.0,0.0,6.389856506604701,10.496874457225204,0.15085247337523877,0.6189501348837452,11.699985751477094,3.898950147447627,2.598164829154645,0.42564751915202337,0.016315835350504078,0.026297815728185632,0.012056150361194194,0.07663858092705975,-0.0005015273094992659,-0.0014606358493430426,0.06126205774167265,0.008142861584272696,0.6625000000000001,0.0045390016015321505,0.009124261389684153,0.8356254639334179,0.058378061844900984,0.06512293119239798,0.05640212482292301,0.0016043640810073964,0.022085610206125487,0.0192627781443805,0.004367680283997673,0.0036177495128073642,0.0031034354019614926,0.00684393344457377,0.002057379142366837,0.03913118960624632,2.0816681711721685e-17,0.00042162698412698415,0.0004464285714285714,1.7065337471984983,28062.188115771267
262147,0,14,M3,1,False,0.36079591178487047,0.801437597305469,0.7497816503880119,0.35,0.0,0.0,0.27048005373217165,0.36894328719968383,0.27894342318177223,0.26852824616378107,0.0,0.027264878060668685,6.389856506604701,10.496874457225204,0.15081717390769897,0.620319539551395,11.721709565206991,3.8954217245207987,2.5957645428037113,0.43028452907746345,0.016779685535926625,0.02694143543147128,0.012239262454259669,0.07672012135405107,-0.000376729433062971,-0.001395401829399211,0.06202054847246658,0.008270337614328722,0.6625000000000001,0.004565465505005136,0.009349489837546293,0.8365462008671518,0.05837758273254792,0.06671980331080664,0.05550758236846457,0.0016208757693763848,0.02219871511754651,0.019242462730648044,0.004376785530021923,0.003662303220036945,0.0031372043745625106,0.006831311936199522,0.0020616040601597017,0.03913118960624632,2.0816681711721685e-17,0.0004464285714285714,0.0004464285714285714,1.7039787264345614,28098.106425073758
262147,0,14,M2+O,2,False,0.34499338300925747,0.801437597305469,0.7497816503880119,0.35,0.0,0.0,0.27048005373217165,0.36894328719968383,0.27894342318177223,0.26852824616378107,0.09194735766059345,0.0,6.389856506604701,10.496874457225204,0.15048902168051786,0.6230988623533542,11.75161544661272,3.8886530348883426,2.58676746970525,0.44732343723498325,0.01792666293918387,0.03413985093822825,0.01226316784298857,0.07680160360613182,0.0007137007888162713,-0.000957633829584215,0.06574608304599155,0.009072603797499926,0.684375,0.004959360448644166,0.010205959317435594,0.907458604856643,0.06134586756372105,0.06374547243261583,0.05840139485322627,0.0016946064777773585,0.02161750055325208,0.02010337006834418,0.004667985870002415,0.003899213508784603,0.003223818076825906,0.007789163394967441,0.0021740959240379937,0.04274896441240809,2.0816681711721685e-17,0.00042162698412698415,0.0004464285714285714,1.782697639608386,27225.086544569607
262147,0,14,M4,3,False,0.3387922475110617,0.801437597305469,0.7497816503880119,0.35,0.0,0.0,0.27048005373217165,0.36894328719968383,0.27894342318177223,0.26852824616378107,0.09194735766059345,0.027264878060668685,6.389856506604701,10.496874457225204,0.15045027701222174,0.6240344655266663,11.77370472957097,3.8902253030425182,2.579892741936005,0.44207345693886113,0.018396926682210192,0.03477323661346116,0.012398995382420813,0.0768921224927868,0.0008407521520782252,-0.0008958101924609059,0.06651311526033377,0.009203860847338013,0.6875,0.004986834644598716,0.010359593822931692,0.9082483146697811,0.06085599307874428,0.06320584053513062,0.057855356759745416,0.0017103508257617756,0.02171433678488446,0.020069288020318043,0.004678932951678837,0.003948554063205306,0.003259612333537462,0.00778198412203237,0.002176670824235615,0.042695628191498324,2.0816681711721685e-17,0.00042162698412698415,0.0004464285714285714,1.780408892900632,27256.16538889246
262147,0,15,M2,0,False,0.04509598062647088,0.801437597305469,0.7497816503880119,0.35,0.0,0.0,0.3940499079413713,0.20372390595990375,0.6686163335107267,0.06355384261476883,0.0,0.0,3.606406543403864,6.723187608644366,0.17042340891436664,0.5220816473611014,6.270289292885547,3.2863056427991495,3.223101469887488,0.40325337220037294,0.051061067979942414,0.014912498481989944,-0.0014128212873414947,0.07792146147710836,-0.021679975462004134,-0.004925830703149944,0.3130709923126942,0.029608852132832524,0.8875,0.007619690391206497,0.0088127759462531,0.9471859439429335,0.037059716705321905,0.08836658061252971,0.04687163927735175,0.003895827118874298,0.0188394846343064,0.015148636143611232,0.003499338825920036,0.0040657629033243195,0.0047067028607777756,0.021196040917740352,0.004336260821895572,0.0225924028528766,2.7755575615628914e-17,0.0005456349206349206,0.0006696428571428571,1.4754275646380481,154.46742025590657
262147,0,15,M3,1,False,0.04589556810213394,0.801437597305469,0.7497816503880119,0.35,0.0,0.0,0.3940499079413713,0.20372390595990375,0.6686163335107267,0.06355384261476883,0.0,-0.007599563617259275,3.606406543403864,6.723187608644366,0.17042913646172117,0.5219694587787451,6.2659322549386705,3.285891535900591,3.2211427400677684,0.4039683768507723,0.050898370550379005,0.014526072524769423,-0.001787655186340659,0.07791388464995358,-0.02168910938695387,-0.004975429934207262,0.31282578909467074,0.02955551250243958,0.8843749999999999,0.00761073944708936,0.008779409381943966,0.9466352095555923,0.03719727871950639,0.0882920246259099,0.04678123018476527,0.0038907530679971212,0.018812193836244294,0.015147869303100102,0.0034956393754668165,0.004051593599030919,0.004691671327266041,0.021202880934904435,0.004337241449740633,0.02269303766209657,2.0816681711721685e-17,0.0005456349206349206,0.0006696428571428571,1.4735075141066136,154.40563950194857
262147,0,15,M2+O,2,False,0.00044853219500491886,0.801437597305469,0.7497816503880119,0.35,0.0,0.0,0.3940499079413713,0.20372390595990375,0.6686163335107267,0.06355384261476883,0.3004872556272591,0.0,3.606406543403864,6.723187608644366,0.16445171683571128,0.5354581762985586,7.231720158830322,3.4335062911046634,3.208897563726184,0.4911452776163338,0.07941152098525059,0.040119959957011384,0.00430749149759685,0.08027077687459408,-0.01512623829966037,-0.0016665820433548533,0.34791435370513124,0.040406441399210714,0.940625,0.00933656897497292,0.013197064001625377,0.9736864547490615,0.0573983894097378,0.10174504275367649,0.0853191338690279,0.004214035409263614,0.023180001419410207,0.014659385920572317,0.005611782595334185,0.004562252999636358,0.00499638172749163,0.019367241812108995,0.004377570186910774,0.01721115796026907,2.0816681711721685e-17,0.0005456349206349206,0.0006448412698412698,1.2331517820094677,133.59115224203046
262147,0,15,M4,3,False,0.0004620452577284637,0.801437597305469,0.7497816503880119,0.35,0.0,0.0,0.3940499079413713,0.20372390595990375,0.6686163335107267,0.06355384261476883,0.3004872556272591,-0.007599563617259275,3.606406543403864,6.723187608644366,0.16446429741948349,0.535320770581305,7.227088596766917,3.4338710380057256,3.205185910195633,0.48560997565126374,0.07926600870656547,0.03981822226045651,0.004065652836695282,0.08024937699295126,-0.015144009257834191,-0.0017157419741885135,0.34772996290486535,0.04034809073926843,0.9375,0.009326474877266601,0.013166830918010741,0.9735259482550491,0.057744555610097316,0.10138405452454516,0.08454819388800786,0.0042082566227898775,0.02314439675773237,0.014667235685389614,0.005608917930311637,0.004540918189108262,0.004985506830941649,0.019364700149250787,0.004378287278769885,0.017380544678845176,2.0816681711721685e-17,0.0005456349206349206,0.0006448412698412698,1.2325875193010059,133.5216609450612
262147,0,16,M2,0,False,0.23125853925417453,0.801437597305469,0.7497816503880119,0.35,0.0,0.0,0.4057463240809739,0.339491902804902,0.4081831085495651,0.19734403058788655,0.0,0.0,3.938230101019144,10.274940855801105,0.15348783305262254,0.5871823084566595,10.691753822885516,3.8281193294386475,2.778028134600328,0.4928617444944121,0.026742241915985496,0.01836812678098616,0.008730622488691078,0.07752112493025945,-0.008939713133592691,-0.0013235218182098105,0.15433567137552717,0.02114853773063031,0.825,0.00662282930251484,0.008065830238979008,1.116195980450006,0.06214840969275959,0.07504361686794636,0.06280200441381255,0.0023272206768580115,0.020424294898902576,0.01523708489869218,0.00527725695213978,0.003505956694246651,0.0040389190859257,0.013906311678804429,0.002915986983309432,0.030956959368344517,2.0816681711721685e-17,0.0046875,0.005381944444444444,1.8667632939811762,360.4897530574136
262147,0,16,M3,1,False,0.1876301896349353,0.801437597305469,0.7497816503880119,0.35,0.0,0.0,0.4057463240809739,0.339491902804902,0.4081831085495651,0.19734403058788655,0.0,0.22910888325422996,3.938230101019144,10.274940855801105,0.15316703818916283,0.5904006106753514,10.831672189144092,3.8299121531272236,2.780773430262441,0.5098427445162906,0.03103408712719594,0.025351133462380566,0.012286995808109836,0.07856600609071451,-0.008181046219609474,-0.000534991379347205,0.16134365828550734,0.022431055080391893,0.85,0.006842719630912035,0.008598632955740104,1.11768636707056,0.06228302877637112,0.08082428991380856,0.07009111570561898,0.0024746002517183653,0.02137918516728153,0.015398481834162082,0.005327522764822477,0.00393168410580998,0.00435796558127382,0.013639231408241631,0.002886723275451937,0.024999999999999998,1.3877787807814457e-17,0.004910714285714286,0.005505952380952381,1.8453396587451816,359.0437561033109
262147,0,16,M2+O,2,False,0.2294310248337266,0.801437597305469,0.7497816503880119,0.35,0.0,0.0,0.4057463240809739,0.339491902804902,0.4081831085495651,0.19734403058788655,0.023601876858286377,0.0,3.938230101019144,10.274940855801105,0.15341340395892616,0.5873312402955895,10.739199876150515,3.824699636999723,2.781575410490314,0.5156348370170529,0.026913230882044,0.020463078609070297,0.008968715043542432,0.07765739616167003,-0.008665016666658192,-0.001225692672458169,0.15446980939381127,0.021148967341433532,0.8187500000000001,0.006729955321456272,0.008193172802102681,1.1327218598460462,0.05978111189417872,0.07613546918442819,0.06873202542750144,0.0023869701811017113,0.020433096015620888,0.01564390505844001,0.005391394232035649,0.003529017274111684,0.0040666004902795965,0.01410567085943161,0.0029329618182368077,0.027338541170540413,2.0816681711721685e-17,0.004662698412698413,0.005357142857142857,1.8844302636509096,360.0030082928263
262147,0,16,M4,3,False,0.1857950398119946,0.801437597305469,0.7497816503880119,0.35,0.0,0.0,0.4057463240809739,0.339491902804902,0.4081831085495651,0.19734403058788655,0.023601876858286377,0.22910888325422996,3.938230101019144,10.274940855801105,0.15308241329517716,0.5909623541491857,10.879826337378155,3.8305668953704277,2.773049010896086,0.52083728124084,0.031225150738836215,0.027434055448254935,0.012449621819198127,0.0786764169746089,-0.007889126595709072,-0.0005090221041341905,0.16154136203162378,0.022447738503482084,0.846875,0.0069524993334249,0.008887735061833225,1.1335601186965156,0.06094686340512785,0.0769257302220315,0.06673613099863704,0.0025336227271197695,0.021366083256858737,0.01575549393940916,0.005445615808361143,0.0039610298279216544,0.004373340026395227,0.013838461936770585,0.0029013754542383287,0.025194555463432966,2.0816681711721685e-17,0.004935515873015873,0.005481150793650793,1.8633240902551536,358.77229954238663
262147,0,17,M2,0,False,0.17578548593528343,0.801437597305469,0.7497816503880119,0.35,0.0,0.0,0.28696249634958804,0.21941615258976566,0.5165418740361929,0.08793037523714164,0.0,0.0,5.1766509604640305,6.5015790313482285,0.17388464537603757,0.5181304412374342,5.622236894468585,3.2918682105124377,3.3038365417096904,0.3709853237697679,0.032273136164065686,0.01842276656132546,0.010503187152451242,0.07528708363475307,-0.01834344497606759,-0.0062901583260623105,0.2014204629466879,0.016133830006715366,0.784375,0.0057209262664105484,0.006602834790486996,0.7699232061495976,0.04773913220884818,0.09287445436580265,0.05751956766141921,0.0027134204381463,0.020002199009176727,0.015492089774846137,0.0037683072228797596,0.0033158885604081573,0.0041674691401758415,0.016354422039872512,0.0029079846166368156,0.03052278861768695,2.0816681711721685e-17,4.96031746031746e-05,4.96031746031746e-05,1.3948917035130957,1956.587641412273
262147,0,17,M3,1,False,0.23189709747975296,0.801437597305469,0.7497816503880119,0.35,0.0,0.0,0.28696249634958804,0.21941615258976566,0.5165418740361929,0.08793037523714164,0.0,-0.24325488042086363,5.1766509604640305,6.5015790313482285,0.17394491917015134,0.5145511819460502,5.511591782398414,3.2815266731975847,3.335783797902149,0.38726403314789104,0.026746139354575524,0.004073656165335612,-0.0027653797878167937,0.07487161189739391,-0.01891205052120241,-0.008012851990275372,0.19163395600117844,0.014882128415362378,0.775,0.005424064358848718,0.006188471071223671,0.7585431504957895,0.04129754403364647,0.0994703021019091,0.054145953141061465,0.0024805369207262793,0.019029027609055418,0.015433936373539126,0.0037531140202903468,0.002760941711831372,0.0036086959263382707,0.01653926632017873,0.002881205326339685,0.029226129861250304,2.0816681711721685e-17,4.96031746031746e-05,4.96031746031746e-05,1.371043585255187,1951.604679277887
262147,0,17,M2+O,2,False,0.0935293382823763,0.801437597305469,0.7497816503880119,0.35,0.0,0.0,0.28696249634958804,0.21941615258976566,0.5165418740361929,0.08793037523714164,0.1571969305868237,0.0,5.1766509604640305,6.5015790313482285,0.17212411599236133,0.5210492412055585,5.924017419107825,3.3202060089970376,3.244281733821973,0.39008532693391157,0.04248399347692459,0.036668356375106334,0.01239078324770405,0.07549765731477129,-0.014866346679908955,-0.0044219746878806825,0.22451949028327195,0.01967009499679977,0.7999999999999999,0.006627054819639169,0.007974261750293544,0.8283802137554547,0.0420446971371223,0.08847277488823391,0.05822985196635268,0.0032503818762639686,0.021656165789344737,0.017332703163822277,0.004721959119211771,0.0035065626355664675,0.004505357733095624,0.016956350931553364,0.0031816215619001643,0.03227486121839514,2.0816681711721685e-17,4.96031746031746e-05,4.96031746031746e-05,1.3820206659310177,1984.8349506116629
262147,0,17,M4,3,False,0.13459737765743135,0.801437597305469,0.7497816503880119,0.35,0.0,0.0,0.28696249634958804,0.21941615258976566,0.5165418740361929,0.08793037523714164,0.1571969305868237,-0.24325488042086363,5.1766509604640305,6.5015790313482285,0.17229403654596465,0.517169246139585,5.809745852504948,3.3083539022898156,3.305388669543699,0.42826130521399647,0.03704568612160628,0.02342540605560834,0.0017406322379713282,0.0751589861150752,-0.01562817655117082,-0.006018432342997176,0.2153213936030344,0.018236006631178366,0.790625,0.006301476317227165,0.007054061778551842,0.8209440463065831,0.05177394150246814,0.10048162043195713,0.08096554816066691,0.0030158157631578423,0.02064371433332047,0.017526303075262515,0.004692001903675187,0.002799596046077884,0.003999614044018779,0.01697872673632441,0.003163726387554359,0.03452618269757991,2.0816681711721685e-17,4.96031746031746e-05,4.96031746031746e-05,1.302540357839033,1981.177084572822
262147,0,18,M2,0,False,0.33596639356751307,0.801437597305469,0.7497816503880119,0.35,0.0,0.0,0.21026689126156273,0.3072119062245035,0.3519839565269649,0.3787901129537533,0.0,0.0,3.8420952023006976,7.101360463537276,0.14987542135241794,0.6311413300663017,12.015990683528269,3.956686650368627,2.559972189951374,0.4384585263913763,0.01910888464559577,0.03844976787565625,0.011335346065209372,0.07235040632343195,-0.0010108670090652758,-0.0019455938117497861,0.04347844715886013,0.005815842041234674,0.61875,0.0035744657610472944,0.010058198991267562,0.9438182899947114,0.06518369023824541,0.06564130857829892,0.05031349685414921,0.0017069922512571506,0.0241335686584782,0.01642791282693098,0.005925307542552374,0.004053368299453163,0.003012844941593533,0.004958005107939836,0.0019518463676803399,0.040019526483955306,2.0816681711721685e-17,0.010044642857142858,0.010590277777777778,1.643305399557517,423.2437720132957
262147,0,18,M3,1,False,0.3434102590840787,0.801437597305469,0.7497816503880119,0.35,0.0,0.0,0.21026689126156273,0.3072119062245035,0.3519839565269649,0.3787901129537533,0.0,-0.032129946071654536,3.8420952023006976,7.101360463537276,0.149921185780318,0.6304914078392871,11.99216130366491,3.9566657454407066,2.5530148169287994,0.42741924956600064,0.018540458321084273,0.0376025101447425,0.011313259360123092,0.07225778258451403,-0.0011293540660768514,-0.002008233455589454,0.042611003530001995,0.005649235207244124,0.6218750000000001,0.003542140698558018,0.009992380934436362,0.9408890625251702,0.06491284417853119,0.06560395650509007,0.04852177814771608,0.001688646144027106,0.023919051035731408,0.016394210474968342,0.005904106155827103,0.004000972611158593,0.0029700989525591063,0.004966627122167273,0.001941355417138773,0.039782939706193995,2.0816681711721685e-17,0.009945436507936507,0.010565476190476191,1.6467080960939808,423.2625558624529
262147,0,18,M2+O,2,False,0.08554764604615926,0.801437597305469,0.7497816503880119,0.35,0.0,0.0,0.21026689126156273,0.3072119062245035,0.3519839565269649,0.3787901129537533,0.4367824238124445,0.0,3.8420952023006976,7.101360463537276,0.14441354879807639,0.6345684959406914,12.642479351226239,4.103822202869985,2.6023770878780965,0.5661445721683158,0.043791026019085744,0.06327586024300368,0.02379215246705809,0.08105629857476601,0.003819206817703362,0.0014884925563567813,0.13146260783050823,0.02346018229174337,0.8343750000000001,0.005915000772957421,0.013041661702000157,1.1600664720033438,0.06082389596550785,0.07900468102569343,0.06330629687499108,0.002425314634959192,0.02421974084342317,0.02033056338051494,0.008531752346092712,0.006130890844733339,0.0035814941475707657,0.01030080819453555,0.002537892297252342,0.025297706582481608,2.0816681711721685e-17,0.010962301587301587,0.011557539682539683,1.9099898497376457,434.3849917788847
262147,0,18,M4,3,False,0.08892485193194032,0.801437597305469,0.7497816503880119,0.35,0.0,0.0,0.21026689126156273,0.3072119062245035,0.3519839565269649,0.3787901129537533,0.4367824238124445,-0.032129946071654536,3.8420952023006976,7.101360463537276,0.14446273630169906,0.6333617801157553,12.623996108942428,4.0991246207773555,2.607517408557739,0.5711520419548547,0.0432779463959613,0.06279349218397832,0.023834532208688662,0.08095976836348298,0.0037262349674796365,0.0014026209264040228,0.13091837179501026,0.023335095030073513,0.8343750000000001,0.005883249404590236,0.012898366515682793,1.159749209130347,0.06124338115142813,0.07839859636506906,0.0628099718389197,0.0024123206623556095,0.024123545368111468,0.020384592953219,0.008540299700956488,0.006078680848922018,0.0035491655230731863,0.010252290247673311,0.002535539429600702,0.025297706582481608,2.0816681711721685e-17,0.0109375,0.011483134920634921,1.9158886753386062,434.6177620920895
262147,0,19,M2,0,False,0.013925978621717466,0.801437597305469,0.7497816503880119,0.35,0.0,0.0,0.5377583326771856,0.1078785758284304,0.7122988943010569,0.0458333252557459,0.0,0.0,6.147785859182477,10.109249056316912,0.17427832933336296,0.4503797560759863,4.341846421176708,3.207459583047142,3.619076345553488,0.46804797040925844,0.17002883514548967,0.0190060248823352,-0.0056396547004947725,0.08476832054877276,-0.011911668199905372,0.0016228243732167732,0.6282774492413026,0.04818832207987081,0.9156249999999999,0.01145807717878618,0.02235896070703695,0.6926847673122546,0.05530345380616616,0.10654420743557372,0.07025282687177754,0.007839640212632322,0.014255469084184446,0.014178313535116905,0.002624320345296345,0.0072598229656420975,0.0057761328871255985,0.023947801562459174,0.007157755265066693,0.020775962673243324,1.3877787807814457e-17,0.0,0.0,1.3370814552042989,45.70822049538283
262147,0,19,M3,1,False,0.014067550857625883,0.801437597305469,0.7497816503880119,0.35,0.0,0.0,0.5377583326771856,0.1078785758284304,0.7122988943010569,0.0458333252557459,0.0,0.002734182681888353,6.147785859182477,10.109249056316912,0.17427396657791397,0.450424825289385,4.3437476050841095,3.208043319456911,3.6198076782363655,0.46941053770957564,0.17009343795278298,0.019169924955334858,-0.00547486902960741,0.08477368837295635,-0.011909703590938632,0.001638855650893753,0.6282950736376794,0.04821293014940782,0.9156249999999999,0.011461427784540632,0.02236671164301646,0.6930377667975673,0.055331276767941875,0.10627416729475922,0.07043819418710985,0.00784085752414644,0.014267335220150884,0.014175931299439632,0.00262335323099138,0.007264166874926404,0.005778444423116096,0.023946568620578843,0.007158132112942254,0.020775962673243324,1.3877787807814457e-17,0.0,0.0,1.337225264833196,45.751061146934994
262147,0,19,M2+O,2,False,0.01608510093481539,0.801437597305469,0.7497816503880119,0.35,0.0,0.0,0.5377583326771856,0.1078785758284304,0.7122988943010569,0.0458333252557459,0.06353756950472862,0.0,6.147785859182477,10.109249056316912,0.17363747272426097,0.4489352417949081,4.258343129788592,3.2514854556631745,3.584615549995669,0.41667264779758806,0.17091763457442122,0.02620865309262022,-0.004505286927110711,0.08428571190396883,-0.012188279971529553,0.001508682233811272,0.6246019804448286,0.04768138231149216,0.896875,0.011841634380324336,0.022905432960519827,0.6181876459973092,0.06113765644521892,0.09274476534221568,0.06580373950416146,0.007576100415516217,0.01358960071812964,0.013966703104784045,0.0025082777284905324,0.0067108039412665564,0.005927898630918623,0.024102877704645892,0.0071533283031869534,0.023922074011255796,2.0816681711721685e-17,0.0,0.0,1.3283095266610312,48.25955614704694
262147,0,19,M4,3,False,0.016243982500029095,0.801437597305469,0.7497816503880119,0.35,0.0,0.0,0.5377583326771856,0.1078785758284304,0.7122988943010569,0.0458333252557459,0.06353756950472862,0.002734182681888353,6.147785859182477,10.109249056316912,0.17363245710723965,0.44901548915965606,4.260137523904325,3.251817620338093,3.5839460475196567,0.4173965349739084,0.17098285301381289,0.026370010119030514,-0.004344204859244693,0.08429047433081194,-0.012185851531337381,0.0015240097109988024,0.6246216175166527,0.04770609677676306,0.896875,0.011845125797850667,0.02291984483864281,0.6184504177622963,0.06108997287197754,0.09257591691988401,0.06625981532164897,0.007578161980147238,0.013604132887319995,0.013963342509859446,0.0025079971760064387,0.006715529209163625,0.005931429814174466,0.024101148778643715,0.00715360980168421,0.023922074011255796,1.3877787807814457e-17,0.0,0.0,1.3282871730629084,48.26402300096709
262147,0,20,M2,0,False,0.056312937047409764,0.801437597305469,0.7497816503880119,0.35,0.0,0.0,0.49215499800629925,0.2673284148553958,0.6132068322040141,0.07420814093349473,0.0,0.0,3.1204502838663757,8.220164174214005,0.16029985464524915,0.5537607054377263,8.773232772478782,3.504009517325182,2.98731919053368,0.4679881712857803,0.04881268630925899,0.012519341398682023,-0.001416791199937969,0.07922507043602098,-0.019033386810849602,-0.0019228691562298383,0.3055003190268415,0.0395003693268393,0.934375,0.008547575661085072,0.008143647815618953,1.1646113548538373,0.050075227623743626,0.087314980023577,0.055435993703501746,0.003940031779116667,0.018703992391211257,0.013775637325111334,0.00395596881808479,0.004034186793401551,0.004835182936310983,0.02072836664641528,0.0044148757884826355,0.017511157157652373,2.0816681711721685e-17,0.0052827380952380956,0.005803571428571429,1.6812949070542256,76.75955825219604
262147,0,20,M3,1,False,0.032683389179669495,0.801437597305469,0.7497816503880119,0.35,0.0,0.0,0.49215499800629925,0.2673284148553958,0.6132068322040141,0.07420814093349473,0.0,0.26686673136427996,3.1204502838663757,8.220164174214005,0.1600404676755758,0.5569097781525466,8.89623102401199,3.5709787447995183,2.9318454768087463,0.4341203987604647,0.05380969015246112,0.022132744115261914,0.0077244990789506595,0.07990254291113708,-0.01872335758620751,-0.0003390223938374117,0.3128316749752133,0.04141856883177319,0.946875,0.008827239723186464,0.008569351759514971,1.1678490827399024,0.04581796572211505,0.07993966567978608,0.046180081138849104,0.004080549700686013,0.019663996925524202,0.014098212386287598,0.004197713401933852,0.004478786884038174,0.005268477284335929,0.020446807014665683,0.004315198132097912,0.017361805541667222,2.0816681711721685e-17,0.005456349206349206,0.006001984126984127,1.7618871360334163,75.15125466422978
262147,0,20,M2+O,2,False,0.04984208134719618,0.801437597305469,0.7497816503880119,0.35,0.0,0.0,0.49215499800629925,0.2673284148553958,0.6132068322040141,0.07420814093349473,0.07464393350596943,0.0,3.1204502838663757,8.220164174214005,0.1598592092680714,0.5543529616501126,8.903613159177274,3.5312292506646656,2.9633095146913893,0.46744647224741176,0.05008373606532071,0.019479531286655513,-0.0011800972245417456,0.07913265379102818,-0.01836944529630479,-0.0018754371236315373,0.3068485283464302,0.03984963157986721,0.934375,0.008921121972116726,0.00858408066444872,1.170674068920073,0.04619387775071584,0.09015964758101981,0.06189580420688048,0.0041157447706128125,0.018670212116738093,0.01444715410047759,0.004431518240520457,0.0037980202970640847,0.004988559634783698,0.020855071095825135,0.004458076668616458,0.014229334430440983,2.0816681711721685e-17,0.0052827380952380956,0.005902777777777778,1.7077680555925299,77.50164471906673
262147,0,20,M4,3,False,0.027628783836379494,0.801437597305469,0.7497816503880119,0.35,0.0,0.0,0.49215499800629925,0.2673284148553958,0.6132068322040141,0.07420814093349473,0.07464393350596943,0.26686673136427996,3.1204502838663757,8.220164174214005,0.15954548617403097,0.5578852849854063,9.032480849166202,3.587921114232981,2.922776618832402,0.42566854682021144,0.055128119405002354,0.028931152616877797,0.007762342060644824,0.07988875324965461,-0.018012167372869866,-0.0002715563583223883,0.314322537250484,0.04186151534160722,0.94375,0.009214020577620774,0.009708497302498781,1.1737177208650955,0.042346007144767064,0.08662850516506398,0.04816209106310449,0.004269488741219804,0.01965660203538455,0.014477895538136712,0.004635749081292713,0.004300614181001253,0.005448247829581155,0.020583075439569602,0.004343815058636502,0.01572882174014739,2.0816681711721685e-17,0.00560515873015873,0.006150793650793651,1.7053070460581077,76.3644135936364
262147,0,21,M2,0,False,0.2154037126880188,0.801437597305469,0.7497816503880119,0.35,0.0,0.0,0.14331607213243844,0.12460818756772674,0.44033395033329725,0.31354479265162216,0.0,0.0,5.890122597105801,8.60335953719914,0.17041931397900845,0.5984526635505385,7.628677788556111,3.5960821150325595,2.90114067921819,0.31026222448419993,0.029587591598008722,0.048047198521565616,0.020429494660058656,0.07103489235684979,0.0014734842385997608,-0.0009535958078393356,0.051906819200639914,0.0035537027103120407,0.559375,0.003239642198232664,0.011672362075617419,0.7498106903087725,0.0521602889952028,0.07794570080489352,0.04336774912029682,0.002206540755770339,0.022572525309651557,0.016619422395247014,0.004717969959070174,0.005176951321145899,0.0032765934503018366,0.006138376165165127,0.001882237016013508,0.03000650971039451,2.0816681711721685e-17,4.96031746031746e-05,4.96031746031746e-05,1.3460727219975088,8142.924929942582
262147,0,21,M3,1,False,0.3044523688967688,0.801437597305469,0.7497816503880119,0.35,0.0,0.0,0.14331607213243844,0.12460818756772674,0.44033395033329725,0.31354479265162216,0.0,-0.2916295423172414,5.890122597105801,8.60335953719914,0.17095616265702826,0.5875722572880735,7.324597513817798,3.5891340931294273,2.9423526119130328,0.32714292394068906,0.021724740179725352,0.03607515983960676,0.011848133356112168,0.07068095251971254,-0.0004259923570256183,-0.0021464786407459965,0.04174281331598058,0.002162997336153281,0.5374999999999999,0.0028455993933730254,0.010715528626839462,0.717939620958448,0.05769244113811979,0.08829992998640916,0.06236802222466759,0.0019921845210021894,0.020526005430715005,0.016111883890667915,0.004605070341830061,0.004500083889619899,0.002708832785505357,0.006205581176297473,0.0017582927668331428,0.030448043177408516,2.0816681711721685e-17,4.96031746031746e-05,4.96031746031746e-05,1.376982068952113,8100.353180356497
262147,0,21,M2+O,2,False,0.06311841336023838,0.801437597305469,0.7497816503880119,0.35,0.0,0.0,0.14331607213243844,0.12460818756772674,0.44033395033329725,0.31354479265162216,0.24245845871081995,0.0,5.890122597105801,8.60335953719914,0.1670472822356796,0.6069001918657342,7.9189193643931555,3.69820703550477,2.914516737263452,0.40973639813465934,0.04773376328398991,0.07383515484112857,0.033178316968865834,0.07591722849871238,0.005477177390977008,0.0012317094005031449,0.1157019053842851,0.013119487623390899,0.71875,0.004843419742487499,0.013307504222000633,0.7570884813151921,0.07431132753080476,0.11062405751706385,0.07507286907951151,0.0023116085138450804,0.02175799746460614,0.020332153189648223,0.006444253486051284,0.00635162772854849,0.003432352899843548,0.010881026046898492,0.0023203070841311883,0.036479160717684644,2.0816681711721685e-17,4.96031746031746e-05,4.96031746031746e-05,1.3613283098655786,8165.29513119747
262147,0,21,M4,3,False,0.1111182792539621,0.801437597305469,0.7497816503880119,0.35,0.0,0.0,0.14331607213243844,0.12460818756772674,0.44033395033329725,0.31354479265162216,0.24245845871081995,-0.2916295423172414,5.890122597105801,8.60335953719914,0.16765929319360495,0.5917504099334975,7.6651599079828765,3.674560971302707,2.9455481908550833,0.4304899749876758,0.04034569436403716,0.06531647325443987,0.02871693507454657,0.07498603354724627,0.003728101568414111,0.0002509355463520325,0.10920277634195732,0.011902218679958245,0.7125000000000001,0.0044589644594335105,0.012054124410680678,0.7315970751601851,0.07363802437558975,0.11539593482500397,0.08125156371375003,0.0021644210447764674,0.02043795721348095,0.02040486419768491,0.006429265281440858,0.005611283517929843,0.003040472199337879,0.010208126911798279,0.0022368953002067185,0.037500000000000006,2.0816681711721685e-17,4.96031746031746e-05,4.96031746031746e-05,1.3636291459265522,8162.085608695569
262147,0,22,M2,0,False,0.40579397474595547,0.801437597305469,0.7497816503880119,0.35,0.0,0.0,0.2340536013245583,0.44237179462099546,0.6821013414300978,0.13693118499757778,0.0,0.0,4.5555651700124145,11.834662965498865,0.1360382283920608,0.5941668503333175,12.386854671108287,3.9940423921228367,2.733920748057393,0.665733258244037,0.013957618206621806,-0.0022249082764103003,-0.010729765880897637,0.06780256672018523,-0.01703000228047412,-0.011609007018916649,0.04337365943378182,0.0074765378757126084,0.6343750000000001,0.002872660222251902,0.005784611308591811,1.0944971370928775,0.05907432279953389,0.08584606688671254,0.08404143807953217,0.0018448620259525423,0.019651605892668848,0.013123407885437945,0.006046983476121818,0.001596734563345479,0.002538748679631624,0.005427755514030916,0.0017443368072593394,0.03497581009307242,2.0816681711721685e-17,0.00845734126984127,0.009300595238095238,1.9475973378846776,1446.4014735901087
262147,0,22,M3,1,False,0.4242302475533297,0.801437597305469,0.7497816503880119,0.35,0.0,0.0,0.2340536013245583,0.44237179462099546,0.6821013414300978,0.13693118499757778,0.0,-0.15740945897996425,4.5555651700124145,11.834662965498865,0.13595275629499642,0.5910793293020198,12.393664692225736,3.979246119598497,2.7196834282570985,0.6512249176512497,0.012712320726647915,-0.004526636686853723,-0.013099746467297259,0.06693732867911253,-0.016998648999164877,-0.012080628335434707,0.041276420311421126,0.0071083827907856625,0.634375,0.0027562135741435604,0.005363914310454712,1.1002133256112037,0.057748710514433824,0.08288948864417812,0.08382385585964135,0.0017929382408015506,0.019189645080562957,0.01319535161022812,0.006000101168537899,0.001521400831784304,0.0023270576135311057,0.005382944803139669,0.0017372213359783178,0.03345355922768159,2.0816681711721685e-17,0.00835813492063492,0.00927579365079365,1.9099332020375122,1452.9128630955652
262147,0,22,M2+O,2,False,0.3857245160202807,0.801437597305469,0.7497816503880119,0.35,0.0,0.0,0.2340536013245583,0.44237179462099546,0.6821013414300978,0.13693118499757778,0.12330638894698835,0.0,4.5555651700124145,11.834662965498865,0.13571981725335727,0.59208488522385,12.796128982812522,4.003872326333118,2.688401001872254,0.6136747738642965,0.015319691800702199,0.0009532699552535027,-0.0094970734139711,0.06823956491906955,-0.01602629138021096,-0.010843702686481748,0.04766104554859843,0.008206873247381952,0.65,0.0032488338190779166,0.0057954645958375114,1.2163518596133365,0.04597845091405132,0.07797985085430074,0.07140705161677938,0.002145140632144228,0.021520783656186503,0.014175760851529438,0.006693858085890229,0.0015281814693787247,0.002743182493992528,0.006084468436844128,0.0020026659739137884,0.03322900339562814,2.0816681711721685e-17,0.008432539682539682,0.009399801587301587,2.043165824268766,1405.5240195364279
262147,0,22,M4,3,False,0.40389350596423373,0.801437597305469,0.7497816503880119,0.35,0.0,0.0,0.2340536013245583,0.44237179462099546,0.6821013414300978,0.13693118499757778,0.12330638894698835,-0.15740945897996425,4.5555651700124145,11.834662965498865,0.13564977401971684,0.5893043597530591,12.806776129968425,3.9990052796320317,2.689658124946728,0.6262438489784198,0.014057486261447275,-0.0016957061548635924,-0.011344682493749723,0.06773715248502474,-0.01604328882272013,-0.011236468009275597,0.045422709934667155,0.007779978569683193,0.640625,0.0031197587868851766,0.005640314817128494,1.2255452917734326,0.047377626425840744,0.0803503947158899,0.0757673908806738,0.002087650376600189,0.0210695896482935,0.014243364019043534,0.0066238979305257625,0.001459984578341033,0.002534112945528504,0.006085808767122235,0.0020049665854624276,0.03360888709354516,2.0816681711721685e-17,0.008432539682539682,0.009250992063492064,2.0449615722310743,1410.9663415679404
262147,0,23,M2,0,False,0.03453798474274818,0.801437597305469,0.7497816503880119,0.35,0.0,0.0,0.3459912556689233,0.16752985613526084,0.2611784478649497,0.17002054078342238,0.0,0.0,5.330007710959762,5.436608745716512,0.17664185963474596,0.5240196445107019,5.6044310862282885,3.2625256475764877,3.2451910607946566,0.36095393302298356,0.05334881028886398,0.0392909716504411,0.02582278273990433,0.077164279586796,-0.0020331638492628646,0.002391135263622987,0.28523917531465975,0.021852935240770036,0.834375,0.007480040353653763,0.012602025757246688,0.7387979321479807,0.051403840786932574,0.10040255711472452,0.056416004658648176,0.003063364840142837,0.019173708204987042,0.015833602922703083,0.0033602100663750038,0.005267895840684609,0.004737354624388394,0.021480067589668972,0.003368646494079334,0.035858155162621884,1.3877787807814457e-17,0.0,0.0,1.4817787462929815,806.9560548625884
262147,0,23,M3,1,False,0.01682740849915948,0.801437597305469,0.7497816503880119,0.35,0.0,0.0,0.3459912556689233,0.16752985613526084,0.2611784478649497,0.17002054078342238,0.0,0.1385877847671509,5.330007710959762,5.436608745716512,0.17628387571829462,0.529576283081267,5.7287501478278715,3.2953696045538923,3.2326655290369395,0.4029016038409156,0.05844597700052803,0.047332819100870685,0.030723609730111606,0.07715911120758889,-0.001115693789129743,0.0030196162033423505,0.2896685341757377,0.022879464908475172,0.85,0.007652675087819942,0.013181537202781334,0.7498927656592027,0.05678520284469052,0.0972943625286092,0.05454445724407223,0.0032050735490853667,0.01994307112634061,0.015975435883191138,0.0033316099181891043,0.005662143153697503,0.004964213014072335,0.021048249390852824,0.003363475225164478,0.034761089357690345,2.0816681711721685e-17,0.0,0.0,1.4777863916908902,867.4475332570446
262147,0,23,M2+O,2,False,0.02986174012870215,0.801437597305469,0.7497816503880119,0.35,0.0,0.0,0.3459912556689233,0.16752985613526084,0.2611784478649497,0.17002054078342238,0.04387590931230058,0.0,5.330007710959762,5.436608745716512,0.17635830439334732,0.5240971655274547,5.591746595227974,3.2653284366546584,3.2631428467706787,0.3388102399129097,0.05453129852945776,0.04549471548564997,0.02699627549656223,0.07732179489856597,-0.0012622797698643338,0.002605062603176381,0.2856714307665529,0.022036692001043138,0.8499999999999999,0.0077373999305303245,0.012315426731446845,0.7249291201573111,0.04923072023416793,0.1019344599663646,0.05033274034070529,0.0031837988849706313,0.018960158010635404,0.016028298128116132,0.0032975951224154874,0.005265131014313691,0.004812250743620349,0.022087484624819367,0.003462415054273093,0.03162277660168379,2.0816681711721685e-17,0.0,0.0,1.4679281632701957,816.0246910090046
262147,0,23,M4,3,False,0.013616868263856828,0.801437597305469,0.7497816503880119,0.35,0.0,0.0,0.3459912556689233,0.16752985613526084,0.2611784478649497,0.17002054078342238,0.04387590931230058,0.1385877847671509,5.330007710959762,5.436608745716512,0.17598179375069123,0.5305529179200807,5.714892053214109,3.3149041750973645,3.2605067510526426,0.376124665297852,0.05963758321910319,0.0533356210811983,0.031337195264275766,0.07755255042856019,-0.0003373935533736816,0.0032342424850678635,0.2901107615288989,0.023076402889628755,0.8625,0.007914170919880427,0.013601202590152607,0.7364593552590329,0.054291801107576004,0.0990351746046218,0.05861807217490827,0.0033242348651759297,0.019675211649363925,0.016114534514891202,0.0032399652176579984,0.0056694000892473844,0.004996335296913703,0.021655616398381625,0.0034573392349105565,0.031124748994971828,2.0816681711721685e-17,0.0,0.0,1.4696534152115455,859.705189092404
262147,0,24,M2,0,False,0.20756996374008668,0.801437597305469,0.7497816503880119,0.35,0.0,0.0,0.3791542425751686,0.28226221750688424,0.6319925566203892,0.29938503356734153,0.0,0.0,3.3136513018980622,7.8000976936891675,0.15233299952532117,0.5901151600138691,10.629424536175483,3.8864091986178537,2.7574441043409412,0.5265400557643176,0.02908008239603131,0.028765494152780728,0.0022773322940440113,0.07560033278359274,-0.012242204531242917,-0.0036221404314901937,0.13494196198495229,0.017663824950451656,0.78125,0.005914860361508932,0.00794711636911622,1.0691600542667083,0.0821796866000851,0.07735101648429468,0.06654655205856355,0.0024772453403496797,0.02364006105656411,0.015236430627619308,0.00531762409168238,0.0037427097448230005,0.004063556258495682,0.012733773845230292,0.0028542263749324406,0.038696199210430646,2.0816681711721685e-17,0.014459325396825397,0.01572420634920635,1.9824840219800364,167.82647102651583
262147,0,24,M3,1,False,0.19480619282417527,0.801437597305469,0.7497816503880119,0.35,0.0,0.0,0.3791542425751686,0.28226221750688424,0.6319925566203892,0.29938503356734153,0.0,0.06778144016861914,3.3136513018980622,7.8000976936891675,0.1522620411438179,0.5925273560469746,10.656897255508383,3.880905670228233,2.76108535326333,0.5374749196773474,0.03034959184809043,0.03078286630689689,0.0030774643264362828,0.07592729198376413,-0.012025823602462337,-0.0034325951855391683,0.13703800476922143,0.018014416492035175,0.78125,0.005980242164148133,0.008278752973395347,1.0700289981401037,0.08186475768560958,0.07790570521011206,0.06653179415410856,0.0025156638496397323,0.024097943979596415,0.015307518679864305,0.005330770958250367,0.0038549153141148023,0.0041559169059892515,0.012665644109202479,0.0028512613885376703,0.0394955166231983,2.0816681711721685e-17,0.014682539682539682,0.015922619047619047,1.9751184306024694,167.3536469487851
262147,0,24,M2+O,2,False,0.14417464046115966,0.801437597305469,0.7497816503880119,0.35,0.0,0.0,0.3791542425751686,0.28226221750688424,0.6319925566203892,0.29938503356734153,0.20407124519520659,0.0,3.3136513018980622,7.8000976936891675,0.15084284017503974,0.5951537106707079,10.834729148291814,3.825928183126741,2.786258873981661,0.5497575828437345,0.035879169702926504,0.04523795564315255,0.0038523800900170345,0.07981490656208926,-0.009793306819160012,-0.0027285798144293617,0.1535036073752255,0.021784287776129917,0.8125,0.006894783697788452,0.01045233413712752,1.0334204539018406,0.06713457793949074,0.0934228152715062,0.0838797267190711,0.002940367946330018,0.02512511822956953,0.018199744619722104,0.00688234903276692,0.004231019892748331,0.004239738356834199,0.014546317874623047,0.0029839711227574047,0.03178705187126775,2.0816681711721685e-17,0.015004960317460318,0.01607142857142857,2.250933385957689,164.9379060369222
262147,0,24,M4,3,False,0.13382501901119115,0.801437597305469,0.7497816503880119,0.35,0.0,0.0,0.3791542425751686,0.28226221750688424,0.6319925566203892,0.29938503356734153,0.20407124519520659,0.06778144016861914,3.3136513018980622,7.8000976936891675,0.1507589644853331,0.5966646638784403,10.862696793766665,3.8241626506413944,2.777513683423768,0.5523896724688432,0.03712801931989436,0.046971952090701354,0.004262116756394426,0.08007460602007653,-0.009597605030154683,-0.002549980623486739,0.15550545157744144,0.02214969241449531,0.815625,0.006965516929508435,0.010560149070212108,1.0345677705607075,0.0672560322260627,0.09076898133452166,0.079530108221882,0.0029789192913934766,0.025484163435501223,0.018185452509538406,0.006884056526392544,0.0043681596287173646,0.004321678954583994,0.014544392462983237,0.0029665851211517808,0.031858655940471395,1.3877787807814457e-17,0.015054563492063492,0.016319444444444445,2.2559165964071175,164.33296639475054
262147,0,25,M2,0,False,0.0012524846388660019,0.801437597305469,0.7497816503880119,0.35,0.0,0.0,0.2573045510333032,0.11895239193747366,0.30287009943276644,0.05598635705388116,0.0,0.0,5.807638450991362,8.948277187533677,0.1897946395019821,0.40257764599117285,2.065041068561306,2.907594096818808,4.166112134571197,0.5199581613470197,0.0772929361442121,0.027694448306062328,0.015573181047279647,0.07635966058325015,-0.009763924188367945,-0.003674803450106798,0.42514088488544105,0.00809657304890325,0.6593749999999999,0.006103801807426885,0.010457032839955518,0.3545566897708844,0.03937681219953569,0.10602421187011922,0.06165684431997218,0.00415651838660313,0.016815496304659984,0.015605037347501122,0.0028367985647857544,0.005095051700102429,0.0053369046350086715,0.024824248062739078,0.0029622111869459615,0.04238188243027123,1.3877787807814457e-17,0.0,0.0,1.154575565612213,23.184368990349427
262147,0,25,M3,1,False,0.001364668926744987,0.801437597305469,0.7497816503880119,0.35,0.0,0.0,0.2573045510333032,0.11895239193747366,0.30287009943276644,0.05598635705388116,0.0,-0.054581019654870055,5.807638450991362,8.948277187533677,0.18981522548855573,0.40082748810605495,2.0430544345329364,2.909330982904078,4.166427739327241,0.5324461628592918,0.07454460897380147,0.021091775230148716,0.010176946286616018,0.07640210637365857,-0.01017725824672917,-0.004231101790594925,0.42299844556732297,0.00788170295138582,0.6593749999999999,0.006024799071408944,0.00993079142429689,0.3509024459727318,0.03992180962104163,0.10574421406305548,0.0659043668438704,0.004084426366314981,0.01647833523177589,0.015479051219704457,0.0028521046871993225,0.004887111981004556,0.005205484318760636,0.024948164361614275,0.002914058552569722,0.042870626599106294,1.3877787807814457e-17,0.0,0.0,1.1542910058355338,23.13457885318472
262147,0,25,M2+O,2,False,0.0012967029833533276,0.801437597305469,0.7497816503880119,0.35,0.0,0.0,0.2573045510333032,0.11895239193747366,0.30287009943276644,0.05598635705388116,0.026509277326364232,0.0,5.807638450991362,8.948277187533677,0.189663965031435,0.40149843738302055,2.050939009998012,2.896445412848116,4.143376202090986,0.548922774457633,0.07828501996081424,0.033155882076590155,0.01635818278475737,0.07625243646308323,-0.009286420657371643,-0.0033705801190059407,0.4246618455264849,0.00803151739215342,0.65625,0.006256931680192559,0.010793476889445958,0.3422836220582313,0.03629330117405465,0.1114190685659364,0.07185410661591708,0.004189639424073201,0.016552133701425983,0.01565532937429244,0.002808292872733647,0.005020076131166196,0.005443590246115458,0.024869561401255548,0.0030077578424240713,0.04422362679232297,1.3877787807814457e-17,0.0,0.0,1.1424615808801408,23.91218996095173
262147,0,25,M4,3,False,0.001384575133262214,0.801437597305469,0.7497816503880119,0.35,0.0,0.0,0.2573045510333032,0.11895239193747366,0.30287009943276644,0.05598635705388116,0.026509277326364232,-0.054581019654870055,5.807638450991362,8.948277187533677,0.18968949141341102,0.4001247610553599,2.0294005139073006,2.8915041010096556,4.153822821668266,0.5574871381552758,0.07552900286725273,0.026635543579367302,0.011021395521043618,0.07629233597599917,-0.009707670054989438,-0.00398254421119776,0.42247620920524565,0.007815001865726971,0.65625,0.006176289502375557,0.010205959193488956,0.33896606589008554,0.03797147736123927,0.11248076490778378,0.06994728926569703,0.004111230638346998,0.016225789595016686,0.015659306764512864,0.0028187097640465365,0.004800691278976269,0.005313635589779519,0.025000194720504403,0.00296084353499197,0.04398745086195986,1.3877787807814457e-17,0.0,0.0,1.1427874249042524,23.862986283862288
262147,0,26,M2,0,False,0.4362162182749233,0.801437597305469,0.7497816503880119,0.35,0.0,0.0,0.1239194576162845,0.3836667582172082,0.5768955540843308,0.16255465762541366,0.0,0.0,4.530867753084749,11.40776726230979,0.14729025870178789,0.5838071629155209,10.336667714834906,3.8169528055309256,2.768162614760003,0.5933862684513466,0.01220537303627477,0.0033119748611082044,-0.0031414813416505184,0.0697260544212405,-0.015319358365119369,-0.01111188720847188,0.022935382587195574,0.0032570538712643083,0.5531250000000001,0.0019364134939418075,0.005355856978656465,0.9004150006805565,0.05499959643296797,0.07648133703921775,0.08342826825523326,0.0016193345840240334,0.02036714478748447,0.01499179529561346,0.0054785304833024845,0.0015268503143201918,0.0023383904134413776,0.0040206670431727435,0.001361465921589323,0.024353623104855122,2.0816681711721685e-17,0.0040178571428571425,0.004761904761904762,1.576789264587628,1090.6649421077918
262147,0,26,M3,1,False,0.4666203688691155,0.801437597305469,0.7497816503880119,0.35,0.0,0.0,0.1239194576162845,0.3836667582172082,0.5768955540843308,0.16255465762541366,0.0,-0.17705247169360516,4.530867753084749,11.40776726230979,0.14723681271453126,0.5809626777508086,10.317176411868614,3.8090767975641366,2.7605631474560233,0.577593793331642,0.010202299181255264,-0.0002925100337290293,-0.0063966944267649165,0.06906930247157542,-0.015565944530263732,-0.011607685043195405,0.020329120008157505,0.0028426293089792746,0.5562499999999999,0.0017866390904307016,0.005002083013575868,0.9064393774825266,0.04778381609773165,0.07113380199952303,0.07578606322439937,0.0015397974658268652,0.019966892643444343,0.015291072926496735,0.005437683482999189,0.0013962711857902121,0.0020838844654722296,0.003949945216774458,0.0013328142762150225,0.02494786229987117,2.0816681711721685e-17,0.003993055555555555,0.0046875,1.5904548667608553,1090.0443190060162
262147,0,26,M2+O,2,False,0.4308153635985343,0.801437597305469,0.7497816503880119,0.35,0.0,0.0,0.1239194576162845,0.3836667582172082,0.5768955540843308,0.16255465762541366,0.04510557965094667,0.0,4.530867753084749,11.40776726230979,0.14722621674082878,0.5835034566935897,10.455285897536676,3.827713473403521,2.78593202274927,0.6144547421171342,0.012562485553398015,0.005128287533769328,-0.002377706374894502,0.06974516451310706,-0.014785293563002086,-0.010779060347167944,0.023606949304418146,0.0034436270822509833,0.5562500000000001,0.0020650446171105903,0.005358166743750854,0.9554339460482296,0.057521586690039955,0.0721202647416043,0.07870116098154666,0.0017321263688059236,0.020936918371680286,0.015739684046867833,0.005771172174407758,0.0015396419410657015,0.002436287549882096,0.004226057440216078,0.0014105036204619553,0.02809025631780529,2.0816681711721685e-17,0.003993055555555555,0.004761904761904762,1.608725493544615,1090.8789175441302
262147,0,26,M4,3,False,0.46129616118342043,0.801437597305469,0.7497816503880119,0.35,0.0,0.0,0.1239194576162845,0.3836667582172082,0.5768955540843308,0.16255465762541366,0.04510557965094667,-0.17705247169360516,4.530867753084749,11.40776726230979,0.14717990565475933,0.5808423115145578,10.434922214258169,3.8056480920479654,2.783816077660201,0.5970537358732348,0.010542195355265401,0.0013745500517723004,-0.005498260339100227,0.06911289255239704,-0.015059147351506427,-0.01128517891833252,0.02090164002325162,0.0029998752614698258,0.553125,0.0019075542325941912,0.00494743235391584,0.9628168970613502,0.052013328494095776,0.06665133686535497,0.0737564674708466,0.0016498925791731294,0.02053349567811799,0.016080148798687653,0.005719197195574855,0.001397757460809921,0.002165496721580304,0.00417967838675052,0.0013824243559736166,0.025194555463432963,2.0816681711721685e-17,0.003993055555555555,0.004613095238095238,1.6217300381620916,1090.2554390371527
262147,0,27,M2,0,False,0.0013465195576687166,0.801437597305469,0.7497816503880119,0.35,0.0,0.0,0.45535568585619335,0.19652263054240873,0.49972223583608866,0.10318803393042611,0.0,0.0,5.465421999804676,5.774697173386812,0.17027917105909887,0.5186727560407667,6.432065211047536,3.3701374649994635,3.201228904979951,0.4178910024435194,0.06738982165927948,0.02086892764424493,0.005285707132312046,0.08220498344593763,-0.014045068025683782,0.0009714414177656335,0.38221534290428655,0.037158703280619064,0.93125,0.009106196621886243,0.01142254113081006,0.9753149574068267,0.04868794290990963,0.0885535924312794,0.05347947234941552,0.004444240014239509,0.017932736059398897,0.01538051464970524,0.00321922221223121,0.0050960640439354195,0.0050466880925052245,0.02385701564582387,0.004796474631316147,0.014343262065048752,1.3877787807814457e-17,0.0,0.0,1.572476753763641,1935.3391435350372
262147,0,27,M3,1,False,0.00030860316607235233,0.801437597305469,0.7497816503880119,0.35,0.0,0.0,0.45535568585619335,0.19652263054240873,0.49972223583608866,0.10318803393042611,0.0,0.20781029062345624,5.465421999804676,5.774697173386812,0.1698570707018055,0.5247707094929218,6.600170582187425,3.3912051195529003,3.1898063586646153,0.4217841300520966,0.07314197237681046,0.031640853382689973,0.013435497801522306,0.0825148823016092,-0.013292769684630685,0.0022785069809536087,0.38643238799573143,0.038796952853579245,0.93125,0.009345577431118189,0.01264481337852657,0.9929980488501269,0.05376339988795051,0.0898404572208833,0.05328513636656733,0.004599220264429345,0.018806554342223936,0.015225893368833029,0.0032667531064846256,0.005601210248330705,0.00534815257636276,0.023442156626610765,0.004724664271294479,0.014343262065048752,2.0816681711721685e-17,0.0,0.0,1.5804740472320922,2062.2289517515437
262147,0,27,M2+O,2,False,0.0004572347439437888,0.801437597305469,0.7497816503880119,0.35,0.0,0.0,0.45535568585619335,0.19652263054240873,0.49972223583608866,0.10318803393042611,0.40116858868017596,0.0,5.465421999804676,5.774697173386812,0.15934681602344966,0.5501604679059517,7.995071740405689,3.524798794009376,3.0439046148336844,0.5161680794975314,0.11109834289234327,0.052598718659442614,0.008864737267063234,0.08698917156930787,-0.005228782035291009,0.0030316208226645507,0.40708101574741534,0.05433995925979882,0.96875,0.011307708122520067,0.019207357808445655,0.8971307570404649,0.05658558258320352,0.09721302995827535,0.08153102399122683,0.004450788571210677,0.025339923100576284,0.014145584761295208,0.0053868223091601275,0.006949635223394903,0.00502847246748671,0.02055065717620104,0.004323621246846557,0.00898494110535326,1.3877787807814457e-17,0.0,2.48015873015873e-05,1.1702424975423424,2837.737032997641
262147,0,27,M4,3,False,0.00041982780698466096,0.801437597305469,0.7497816503880119,0.35,0.0,0.0,0.45535568585619335,0.19652263054240873,0.49972223583608866,0.10318803393042611,0.40116858868017596,0.20781029062345624,5.465421999804676,5.774697173386812,0.1587380594415546,0.5559340230769786,8.185881809596665,3.5529547622589424,3.0379835983422083,0.5328962967514843,0.11543823040208101,0.0588061880416205,0.014106974410258363,0.08859563547062302,-0.00452453844806609,0.004096191066363905,0.40911934222150687,0.055758510127999324,0.96875,0.011563202383696982,0.019532189368386306,0.918370012268204,0.050518411459128235,0.10617682644100117,0.08898103513201402,0.004579086875172791,0.026118716509435706,0.014074169343385807,0.005357582051453118,0.007494413679490832,0.0052700928516457605,0.020531936913557775,0.0042599450690462975,0.00898494110535326,2.0816681711721685e-17,0.0,4.96031746031746e-05,1.167325097845774,2924.9224701132216
262147,0,28,M2,0,False,0.26944361290245117,0.801437597305469,0.7497816503880119,0.35,0.0,0.0,0.5152211816515774,0.4847004110659011,0.33325081830844283,0.09106491518213497,0.0,0.0,4.239035755861551,10.777519042603672,0.14333914021239108,0.594178919084237,12.481316347981155,3.9163837331791633,2.6862223420135667,0.5656465032291409,0.02331059850982259,0.012989630333094065,0.006709158507501371,0.07763211603449557,-0.008383107116134547,-0.0015346204726922703,0.16451012912113594,0.026337018632598713,0.8875,0.007252473674301113,0.007527879702579122,1.237901727915356,0.052317846615604124,0.08262396422547866,0.061339221853596713,0.0022198210537885373,0.019323533172060214,0.01674438115031225,0.005067881109007353,0.0027920939753829734,0.0040204846466205466,0.013617111182308825,0.003000220500561102,0.017380544678845172,2.0816681711721685e-17,0.007713293650793651,0.008333333333333333,1.9541869690583222,712.7721541627557
262147,0,28,M3,1,False,0.2540645807101183,0.801437597305469,0.7497816503880119,0.35,0.0,0.0,0.5152211816515774,0.4847004110659011,0.33325081830844283,0.09106491518213497,0.0,0.11647675698623061,4.239035755861551,10.777519042603672,0.1433039582831378,0.5963261024396946,12.50275122299378,3.918581956774866,2.673751869125666,0.5418758309073892,0.024658997814182584,0.015273737278121428,0.008346895584156074,0.0780255622277555,-0.008210737755460436,-0.001199199097762833,0.16734126468478816,0.02690194565336279,0.890625,0.007348400885412368,0.007752421862580227,1.2375059981409304,0.05113317798764279,0.07932914509823048,0.05941658309007718,0.0022746306559656058,0.01950682088582032,0.016857571629244505,0.0050886001811504015,0.0029329491276329387,0.00418274897479866,0.013579616013654974,0.002966403582011725,0.01659489755918969,2.0816681711721685e-17,0.007762896825396826,0.008382936507936508,1.961269561731274,710.858195542459
262147,0,28,M2+O,2,False,0.15233915596591838,0.801437597305469,0.7497816503880119,0.35,0.0,0.0,0.5152211816515774,0.4847004110659011,0.33325081830844283,0.09106491518213497,0.32269123986042725,0.0,4.239035755861551,10.777519042603672,0.1400068479914611,0.5996169197865284,13.310047440861975,4.029996008603197,2.6949958117537873,0.5487475692418897,0.03493553598211855,0.028879564980029793,0.003905871488312797,0.07830893004093573,-0.004450063791631058,0.00010268428815276339,0.19447769650526892,0.03351986208799003,0.9125,0.008667321579059653,0.011327387303744899,1.4177684458039839,0.07158669867492179,0.09701527263939376,0.058913850851908305,0.0027522423397193974,0.021684104927239756,0.01846132695051769,0.006501676831453203,0.003816870168336565,0.004302616296441845,0.01429917919956921,0.0032258280489713457,0.017380544678845176,2.0816681711721685e-17,0.008110119047619048,0.008655753968253969,2.0217081271232704,683.5722391005114
262147,0,28,M4,3,False,0.14069255376765072,0.801437597305469,0.7497816503880119,0.35,0.0,0.0,0.5152211816515774,0.4847004110659011,0.33325081830844283,0.09106491518213497,0.32269123986042725,0.11647675698623061,4.239035755861551,10.777519042603672,0.13990134548695146,0.6031870346008164,13.349603626811355,4.030625341445102,2.692121235797325,0.5604197470612833,0.03629986672410944,0.03104784750256178,0.0052545782897011955,0.07864127840485154,-0.004287505120898139,0.000482057237452105,0.19714063657609168,0.03412503191154094,0.9156249999999999,0.008772992310995488,0.011761441026222681,1.4128323691879876,0.07320320355709746,0.09428700273662519,0.05867190594805095,0.00280674170974735,0.021922366906497324,0.018356107669019163,0.006505057885400519,0.004017650795159333,0.004434765756600017,0.014340744798526294,0.0031846391435036907,0.017511157157652373,2.0816681711721685e-17,0.008159722222222223,0.008680555555555556,2.0026829774357093,682.7201602043606
262147,0,29,M2,0,False,0.2299625694980813,0.801437597305469,0.7497816503880119,0.35,0.0,0.0,0.17649996895343067,0.15488746632867742,0.7228590399026871,0.2593026352049765,0.0,0.0,4.764273941516876,6.0195685951039195,0.16942188440128123,0.5627389249008399,7.0803302569642295,3.611570965166738,2.937456986324884,0.3031876702311549,0.027666205746834968,0.036649930774956915,0.012240684408104371,0.07230825238057415,-0.010692231231025674,-0.00632856052030226,0.07174352057821042,0.0055022399335235665,0.6031249999999999,0.0035410544803699475,0.009463124442026617,0.8514654865907108,0.060824894943671916,0.07543355497896026,0.05089020656403253,0.002217562222674242,0.02316239650920604,0.016506275721054862,0.004017012485626254,0.004419438450729098,0.00345109709071513,0.008136767414524357,0.0019761817971914656,0.03693145396090799,2.0816681711721685e-17,0.00029761904761904765,0.00029761904761904765,1.4392347604441325,1098.755965617514
262147,0,29,M3,1,False,0.25762162513340703,0.801437597305469,0.7497816503880119,0.35,0.0,0.0,0.17649996895343067,0.15488746632867742,0.7228590399026871,0.2593026352049765,0.0,-0.09201815025880933,4.764273941516876,6.0195685951039195,0.16958248280647087,0.5588541674989409,6.99694752609414,3.593417938317674,2.958824261514359,0.30795438026290634,0.025175867485620347,0.032520856256544425,0.009608846338251976,0.0721921988355412,-0.011244912104396992,-0.006776816391116565,0.06820154108037677,0.00505252899357624,0.615625,0.0034171386507451875,0.009036846295675681,0.8459994426955313,0.06282490360422639,0.07418936710604715,0.058700440102307794,0.0021431946111233123,0.022596914003790977,0.016375590197193274,0.003986932875643206,0.00419132530512943,0.003261598741403392,0.008249516726366922,0.0019319080268892363,0.03671930407383379,2.0816681711721685e-17,0.0002728174603174603,0.00029761904761904765,1.4476749543657708,1094.7017120895703
262147,0,29,M2+O,2,False,0.1987484957506656,0.801437597305469,0.7497816503880119,0.35,0.0,0.0,0.17649996895343067,0.15488746632867742,0.7228590399026871,0.2593026352049765,0.08598722398913808,0.0,4.764273941516876,6.0195685951039195,0.16896246574143758,0.5619291265508661,7.153849355926994,3.599526360134836,2.9724493225995907,0.37388090913010646,0.030575483058352212,0.04733804435609019,0.01492964905720125,0.07429492797154924,-0.008886516855945027,-0.005663050620761084,0.08050335894315042,0.006764073669124458,0.646875,0.0039982000679569495,0.010797219682096484,0.8998921744972128,0.06430525016274807,0.08425278162688639,0.06203206638169011,0.002362560018230952,0.02346286794479693,0.018956837877979332,0.004717306858239453,0.004677759547597528,0.003570717091063214,0.00934507032433241,0.0022250443031992546,0.03490127445141986,2.0816681711721685e-17,0.0002728174603174603,0.00029761904761904765,1.5126348136359444,1088.4523543927628
262147,0,29,M4,3,False,0.2245647553024747,0.801437597305469,0.7497816503880119,0.35,0.0,0.0,0.17649996895343067,0.15488746632867742,0.7228590399026871,0.2593026352049765,0.08598722398913808,-0.09201815025880933,4.764273941516876,6.0195685951039195,0.16913787521275048,0.5578885474898447,7.072260809110759,3.593865449546071,2.985772621751012,0.3534827231085891,0.028076186702790336,0.04343208963819975,0.01269071728984014,0.07396798340964987,-0.009455169470299053,-0.006099183563029485,0.07700959177383711,0.0063044336760792186,0.640625,0.0038706351750983406,0.009697954135538357,0.895304776118505,0.06101664892460225,0.08392260726039515,0.05733585213312562,0.002290192197026577,0.022934774744025437,0.018913000246582448,0.004697298658391084,0.004426362061579446,0.003396428173055852,0.009391017422643554,0.002186988193537847,0.03512440687518201,2.0816681711721685e-17,0.0002728174603174603,0.00029761904761904765,1.5204223663572547,1085.5711434162968
262147,0,30,M2,0,False,0.14129436790106703,0.801437597305469,0.7497816503880119,0.35,0.0,0.0,0.32392693283036356,0.24095786814142706,0.4029961838386953,0.047529484281293666,0.0,0.0,3.487501574680209,7.610767846927047,0.1742753846174821,0.5202641395131407,5.743377892113274,3.2634430347085885,3.286863076687622,0.379549640059484,0.036189297884332665,0.018099279629210794,0.008561471011641198,0.07586159004878881,-0.015118566355299224,-0.004166632932933873,0.24879634522006744,0.020881941976648853,0.809375,0.006506140408517961,0.008743376425960743,0.7645091787946356,0.0368490008596448,0.07501743339032305,0.041847292382267594,0.0027768568559260604,0.01842635049296684,0.015370061136319273,0.0035840300147566865,0.0034188443168168244,0.00432736807414167,0.01832387069964685,0.003282723766948567,0.026700011704117285,2.0816681711721685e-17,0.0006696428571428571,0.000744047619047619,1.3167738827690476,128.0607429915293
262147,0,30,M3,1,False,0.19926651406053342,0.801437597305469,0.7497816503880119,0.35,0.0,0.0,0.32392693283036356,0.24095786814142706,0.4029961838386953,0.047529484281293666,0.0,-0.31326951589435337,3.487501574680209,7.610767846927047,0.17426124546670094,0.5156283245962057,5.609233911970968,3.284319442329778,3.255129334357828,0.3807060889045072,0.030007323999241657,-0.00031812903394641545,-0.009822081669768236,0.07569550585638508,-0.015616704252191606,-0.006368289601640779,0.23600508066263587,0.019108730034972595,0.8062499999999999,0.006129763238778905,0.007908873963730726,0.7482124587240578,0.030229876392733706,0.07629255379395918,0.04233187461781496,0.0024920711300821696,0.01732804261841301,0.015057306862207187,0.0035077800174119216,0.0028097665247166104,0.0036675887913312282,0.018393294002448102,0.003232722350097086,0.026954823316059782,2.0816681711721685e-17,0.0006200396825396825,0.0007192460317460318,1.2928690004213588,126.39406647396815
262147,0,30,M2+O,2,False,0.13731448418385866,0.801437597305469,0.7497816503880119,0.35,0.0,0.0,0.32392693283036356,0.24095786814142706,0.4029961838386953,0.047529484281293666,0.03193639404332568,0.0,3.487501574680209,7.610767846927047,0.1741405092264948,0.5220854941856152,5.754309933753965,3.2671782356765506,3.2854904291530413,0.3908443017536268,0.03666579628726737,0.022460995982523577,0.009531615152952715,0.07581598042026097,-0.014659471403258508,-0.003996645866842629,0.24924775532884524,0.02092860675375368,0.80625,0.006670719546401082,0.008612937438597418,0.7651907202593189,0.035054823611448245,0.0790618056216881,0.04642307014991748,0.0028714726894412666,0.018342681581163325,0.01591721560873279,0.003674154262327042,0.00335635381599901,0.004433093366524959,0.018404342247076606,0.003304615980016195,0.027338541170540413,1.3877787807814457e-17,0.0006696428571428571,0.000744047619047619,1.2994323905391596,126.7740810425042
262147,0,30,M4,3,False,0.1949033478160927,0.801437597305469,0.7497816503880119,0.35,0.0,0.0,0.32392693283036356,0.24095786814142706,0.4029961838386953,0.047529484281293666,0.03193639404332568,-0.31326951589435337,3.487501574680209,7.610767846927047,0.1741532943814747,0.5170249798282849,5.621191971852506,3.284683420374944,3.284350086530492,0.38084611279584274,0.030424858584593623,0.004010376393337617,-0.007936887612181616,0.07568996464011404,-0.015203926265911275,-0.0062202399746225075,0.2361749311869088,0.019111940082151717,0.80625,0.006284749426354022,0.007751808296812875,0.7506112138581833,0.035183887634881304,0.07817942538358083,0.04765472009250447,0.0025752817783337833,0.017242549900362284,0.015735148163504773,0.003585485238054866,0.0026992310313864515,0.0037251373858991662,0.018505244297789453,0.0032580919966964097,0.02656556354882513,1.3877787807814457e-17,0.0006200396825396825,0.0006944444444444445,1.3064035913563221,124.94071602996678
262147,0,31,M2,0,False,0.13520084073114264,0.801437597305469,0.7497816503880119,0.35,0.0,0.0,0.42486795098520824,0.1399464793535686,0.5445616655051708,0.4971414335599761,0.0,0.0,6.390808122698218,9.634067816659808,0.1460771564837378,0.6777226204170788,14.084873745655127,4.021626956259247,2.5570743736530686,0.4619336452184601,0.03713351267186835,0.04151669520128231,0.004013511412795715,0.0757641788446525,0.004700560919896256,0.0019393121917628633,0.12081084151497118,0.020127307930085332,0.7875,0.006892248564910023,0.016756954320532282,1.3697758099485677,0.0833036434833563,0.10199730881702322,0.06338483289536992,0.002232054922191902,0.024951849220892133,0.015294014968368352,0.00599679142237811,0.00525053860721191,0.003861350045044855,0.012756040936882596,0.0032016912229834945,0.04195731958391369,2.0816681711721685e-17,0.0008680555555555555,0.0009176587301587302,1.9793601922205064,44529.59131468485
262147,0,31,M3,1,False,0.09063491693454065,0.801437597305469,0.7497816503880119,0.35,0.0,0.0,0.42486795098520824,0.1399464793535686,0.5445616655051708,0.4971414335599761,0.0,0.33272642400115726,6.390808122698218,9.634067816659808,0.1450900073781233,0.6865868179805864,14.554979819422325,4.064225169696508,2.5322531887677515,0.46198969144314006,0.04308825845565114,0.04763079789060997,0.005309813072817785,0.07608259268265999,0.0061534021593969744,0.0025016787938070056,0.12886133147498863,0.022295018680582077,0.8062499999999999,0.00718908519866741,0.01842692411478883,1.4224139906540076,0.08321531703783927,0.09825449415145866,0.06513872312580182,0.0023434640297605364,0.026957379842646227,0.015763239816060832,0.006134152770862153,0.005708944146229483,0.004191024021920714,0.012289191602427278,0.0031448703870083704,0.040019526483955306,2.0816681711721685e-17,0.0009672619047619048,0.0010168650793650794,1.9349249582997876,44539.48752993007
262147,0,31,M2+O,2,False,0.11615244191778237,0.801437597305469,0.7497816503880119,0.35,0.0,0.0,0.42486795098520824,0.1399464793535686,0.5445616655051708,0.4971414335599761,0.11616431555652627,0.0,6.390808122698218,9.634067816659808,0.14548107123361717,0.6766079176763551,13.901852816881068,4.031931212634504,2.5764921273830934,0.4907427211716069,0.03948437895441809,0.04988200264275935,0.010969199938623313,0.07801947279449986,0.005462607329517272,0.0022029762929478003,0.1255882022377336,0.020785182894150697,0.803125,0.007438137415949309,0.017534528351005975,1.3645750456002803,0.08005614647425036,0.10490303062808064,0.06811677757350545,0.0021936706024253934,0.023486735726750727,0.01653845309710907,0.006610441771252561,0.0054412035649515425,0.003806218868076643,0.01413469640607293,0.0033817776885021822,0.03965180481390475,2.0816681711721685e-17,0.0008928571428571428,0.0009176587301587302,2.120938788369421,44531.12325417185
262147,0,31,M4,3,False,0.07497839967453698,0.801437597305469,0.7497816503880119,0.35,0.0,0.0,0.42486795098520824,0.1399464793535686,0.5445616655051708,0.4971414335599761,0.11616431555652627,0.33272642400115726,6.390808122698218,9.634067816659808,0.14445633345878825,0.685414587619795,14.344549176318022,4.059828575364151,2.598658869006984,0.5555423017024994,0.04548238866066816,0.05511940209766212,0.01121113859136263,0.07826532668442834,0.006898770690226008,0.0028850961163887127,0.13347831597592746,0.022923199748834944,0.809375,0.007742477132774062,0.018994515718410734,1.4145510415120905,0.07167843887359236,0.10033531104112708,0.07524502832628137,0.0022984773976969515,0.02570513944063009,0.016917947553673016,0.006751043957601413,0.0059316413866185285,0.004080905137661857,0.013726304072025328,0.003314106355623513,0.03686087300015198,2.0816681711721685e-17,0.0010168650793650794,0.0010912698412698413,2.0782524549832813,44538.73868508208
262147,1,0,M2,0,False,0.0710904399816262,0.9201421884536815,0.9240048743363345,0.35,0.0,0.0,0.41371301920153203,0.2324680272590068,0.2821753155440092,0.12108267157681221,0.0,0.0,4.979333268944174,7.367376811802387,0.1683494374986042,0.5538729675354395,7.626535405604452,3.465467788129659,3.0378184788749074,0.4527254742094494,0.04606874004796953,0.04862873676483018,0.030825289469885164,0.07966860350413912,-0.003599689605060695,0.0036323698598969348,0.27888333311432106,0.03030567462095365,0.90625,0.008127663896931269,0.012184962092449413,0.9377698710203928,0.05263372552517288,0.09126234953584382,0.070147847065116,0.0027381933093773765,0.01814177356324114,0.014600713746542393,0.003951914966879175,0.004768871282069842,0.004450477796910794,0.019987138167235033,0.0035473699683929313,0.02276464729941289,1.3877787807814457e-17,0.00017361111111111112,0.00017361111111111112,1.4967052168608377,1685.9503319115552
262147,1,0,M3,1,False,0.0905348761044176,0.9201421884536815,0.9240048743363345,0.35,0.0,0.0,0.41371301920153203,0.2324680272590068,0.2821753155440092,0.12108267157681221,0.0,-0.11108825253322721,4.979333268944174,7.367376811802387,0.16852943470710224,0.549198202162843,7.556647366295856,3.451889873885512,3.0519911844286085,0.45248126117983317,0.042970897807163955,0.04053859256301293,0.026633270721049172,0.07892016149718559,-0.004270359073462824,0.0029280846936556616,0.27561850836418106,0.029491410463928953,0.9,0.008025239115093364,0.011732879107165854,0.9314504095591138,0.04673860692707452,0.09711173736034778,0.07378817731979576,0.002604072192256002,0.017758583905115154,0.014575827602768052,0.004025590483940146,0.004444051779932197,0.004267981767281245,0.02017803250753311,0.0035473164787458815,0.023717082451262847,2.0816681711721685e-17,0.00017361111111111112,0.00017361111111111112,1.5016755846722414,1672.131523622823
262147,1,0,M2+O,2,False,0.06508542379682684,0.9201421884536815,0.9240048743363345,0.35,0.0,0.0,0.41371301920153203,0.2324680272590068,0.2821753155440092,0.12108267157681221,0.055557584002110465,0.0,4.979333268944174,7.367376811802387,0.16798547679599593,0.5505218047415512,7.604838129756187,3.493281769984401,3.046437215942576,0.4299161374294477,0.04710831263844733,0.05491356212049273,0.031274472342009633,0.0801602459921849,-0.0029752409179786008,0.0036976905582231734,0.27953710852992536,0.030540155974215204,0.90625,0.008429834633924133,0.012590122664610579,0.910990853130536,0.05238039451174605,0.09715313891586787,0.07365452109546047,0.0028769045601410364,0.017971256587758968,0.014941522562939173,0.003914737800721003,0.004762666155452887,0.0045075173173069515,0.020453682519617662,0.003615331658943415,0.025361962989222005,2.0816681711721685e-17,0.00017361111111111112,0.00017361111111111112,1.4589033968537206,1653.7625346178863
262147,1,0,M4,3,False,0.0838538695577381,0.9201421884536815,0.9240048743363345,0.35,0.0,0.0,0.41371301920153203,0.2324680272590068,0.2821753155440092,0.12108267157681221,0.055557584002110465,-0.11108825253322721,4.979333268944174,7.367376811802387,0.16818395142161416,0.5473168222707961,7.535148615916686,3.491238170151673,3.0698290953194807,0.4661760205691079,0.04399240531054979,0.04685783427832554,0.027187920968618533,0.07933453223685896,-0.0036389860607307077,0.003048634194969367,0.27628147817486676,0.0297131844634178,0.896875,0.008323638260708298,0.012008528575405956,0.904624766800649,0.05033910851555215,0.09646801807017906,0.082515926032856,0.0027383730685038806,0.017551578972046917,0.014948476444944842,0.003995906398272001,0.004435589868590242,0.004312657436252252,0.020644237241592082,0.003615407727711985,0.026797368496427654,2.0816681711721685e-17,0.00017361111111111112,0.00017361111111111112,1.4661271882556766,1641.1765791161733
262147,1,1,M2,0,False,0.09952192895563239,0.9201421884536815,0.9240048743363345,0.35,0.0,0.0,0.3070111525245011,0.14284441171853884,0.642547759693116,0.19074446022102418,0.0,0.0,4.031212909147143,9.391205415129662,0.17172265868962971,0.540459523811073,6.370570744970485,3.4434233356248747,3.145435861289219,0.4585794935219035,0.0416325549492418,0.06950664440794692,0.03990456712680095,0.07633950017075158,-0.011626693546219369,-0.0001735891918355657,0.20029726003776765,0.017770320224045122,0.809375,0.006158795232087762,0.010589601853068011,0.8879526254883379,0.051142403869264115,0.08648643669675776,0.06452039428885516,0.0026331981594734555,0.021352349450197747,0.016408731406548364,0.0031812002741557414,0.005235766294795959,0.0043670994550584616,0.01639168262339363,0.0028659262786435878,0.036003110398038295,2.0816681711721685e-17,0.0003720238095238095,0.0004464285714285714,1.5081392940607223,355.08644235682857
262147,1,1,M3,1,False,0.07672818941023013,0.9201421884536815,0.9240048743363345,0.35,0.0,0.0,0.3070111525245011,0.14284441171853884,0.642547759693116,0.19074446022102418,0.0,0.09740700935944913,4.031212909147143,9.391205415129662,0.17146979044465938,0.5446897445566201,6.449461119207486,3.4464942547454784,3.157835884189618,0.4571564114783613,0.04510457826563326,0.0773732350165583,0.0437076682222793,0.07700886921242805,-0.010793263548656172,0.0006174183357410099,0.20368113537791604,0.018471343024553107,0.8125,0.006256209409065413,0.010986304815239252,0.8952386797930972,0.05337322664487414,0.08951888932145899,0.06575079476599228,0.0027405309794867982,0.02168118335043589,0.016455772284920817,0.0031715048751586746,0.005565347167439986,0.004558698857266397,0.016102991177387244,0.0028921598925551444,0.03400367627183861,2.0816681711721685e-17,0.0003720238095238095,0.0005456349206349206,1.4928322336142847,358.89261397994255
262147,1,1,M2+O,2,False,0.0003505443984754864,0.9201421884536815,0.9240048743363345,0.35,0.0,0.0,0.3070111525245011,0.14284441171853884,0.642547759693116,0.19074446022102418,0.49734065916059195,0.0,4.031212909147143,9.391205415129662,0.15636368936379938,0.5942730490672437,9.218758619545307,3.7485565334924495,2.907379736307414,0.5651039306908354,0.10365769147672584,0.0837411441335842,0.03199959267073016,0.09316382407824667,0.00017201275513671968,0.0030839159175497554,0.3183075880097034,0.04840351715285056,0.96875,0.009132935354208865,0.0178118607186307,0.8418531738213682,0.07011398332156514,0.09906423949899366,0.08771398937971776,0.003990175158871859,0.02913460857651037,0.016477320009657605,0.006198283335986663,0.008978828732582758,0.004562797650126985,0.016295373362605527,0.002299644294505164,0.011967838846954227,2.0816681711721685e-17,0.0006200396825396825,0.0006696428571428571,1.1208972380657634,282.4806113105174
262147,1,1,M4,3,False,0.0003806189891787689,0.9201421884536815,0.9240048743363345,0.35,0.0,0.0,0.3070111525245011,0.14284441171853884,0.642547759693116,0.19074446022102418,0.49734065916059195,0.09740700935944913,4.031212909147143,9.391205415129662,0.1560691145890828,0.5969068264719322,9.30120668308869,3.7598189776954665,2.9002380816220397,0.5586815626792149,0.10594296059930537,0.08783765863757353,0.03460711177121115,0.09418148914229046,0.0006850228760155435,0.0035495997083686,0.3186105760911545,0.04885508387627178,0.965625,0.009230395209010681,0.018166633821478442,0.8527820180885511,0.07277539175089318,0.09757040599634498,0.08148274375841737,0.004070977326112175,0.02955047075051388,0.016506262886579734,0.006304999618331178,0.009179140254796362,0.004663037136500267,0.01642008212189596,0.0023120273189555784,0.012680981494611,2.0816681711721685e-17,0.0006696428571428571,0.0007192460317460318,1.1141987770452215,285.4371492114642
262147,1,2,M2,0,False,0.484688754542158,0.9201421884536815,0.9240048743363345,0.35,0.0,0.0,0.15824501533061267,0.47178818037443365,0.47792880423367023,0.06573836363332915,0.0,0.0,6.196548670530319,10.978457712568343,0.1405440648896924,0.5935341170165487,11.31360040046971,3.9796789198570766,2.7050693636047374,0.6225757875047301,0.008863324805754955,0.011033935883009317,0.017038654808095896,0.06705648909828904,-0.01392425768057891,-0.010445344639832486,0.02193052551224358,0.004435261849466706,0.609375,0.0022686467993001842,0.006283476931946826,0.8445591143998598,0.05847564073026566,0.06855336139172111,0.07994420229306849,0.0013855058103188732,0.019430772784957653,0.01547784074808194,0.004673752475380145,0.0015823734110500193,0.0021096577475141743,0.003265988818883944,0.0013542781789143209,0.027469206243840874,2.0816681711721685e-17,0.0012152777777777778,0.001388888888888889,1.384086531767219,30146.94484633009
262147,1,2,M3,1,False,0.43216166260142574,0.9201421884536815,0.9240048743363345,0.35,0.0,0.0,0.15824501533061267,0.47178818037443365,0.47792880423367023,0.06573836363332915,0.0,0.30806223507970565,6.196548670530319,10.978457712568343,0.1406279810736959,0.5992894713680854,11.346794771349318,3.9801272276334005,2.7181232920457603,0.6603099807166586,0.012315762673569208,0.019472262582423596,0.02327204023697182,0.06800288835321842,-0.013595631808641373,-0.009230617667952908,0.027225602916292054,0.005353826057558244,0.63125,0.002481590282654151,0.006710397343117771,0.8397701372654561,0.056352087763026935,0.07400766000183702,0.08887391842842746,0.001515506975667016,0.019918503150328892,0.015573134215746291,0.004683036381647199,0.0018999696132564455,0.0025696093932508434,0.0035599158735186162,0.0014573366976195334,0.02809025631780529,2.0816681711721685e-17,0.0012648809523809524,0.001488095238095238,1.439858886303828,30147.06267571052
262147,1,2,M2+O,2,False,0.4350066534154125,0.9201421884536815,0.9240048743363345,0.35,0.0,0.0,0.15824501533061267,0.47178818037443365,0.47792880423367023,0.06573836363332915,0.16815945603584587,0.0,6.196548670530319,10.978457712568343,0.13992933608184338,0.595710551128759,11.800579370601632,3.9412914866330953,2.7093308344924605,0.5849737530058856,0.01197570553698926,0.016137275533308876,0.01861559981692627,0.06765302571598526,-0.012614658197567699,-0.008902382973450921,0.033152353006159214,0.0065991200262705526,0.63125,0.0028468939690179094,0.007454561083557678,0.9903924128936179,0.060096898810571425,0.050933677359219054,0.05560093046207455,0.001719749045638092,0.021244782075309353,0.016679070170070705,0.005549035688794468,0.00174267163368418,0.002559667695612448,0.00426036899775744,0.001548449182488121,0.033502176546208656,2.0816681711721685e-17,0.0012152777777777778,0.0014384920634920636,1.529703457605145,30148.084791897043
262147,1,2,M4,3,False,0.38431316845718033,0.9201421884536815,0.9240048743363345,0.35,0.0,0.0,0.15824501533061267,0.47178818037443365,0.47792880423367023,0.06573836363332915,0.16815945603584587,0.30806223507970565,6.196548670530319,10.978457712568343,0.1399481456901886,0.6031778285439662,11.827999139810554,3.9207189460942047,2.720787579654284,0.6057689678514169,0.015500297392061399,0.025310334814673714,0.02509502032379673,0.0690012290417509,-0.012176453844870046,-0.007766656853710175,0.03849973979999617,0.0076342399879302195,0.6562500000000001,0.0030803366944167276,0.008102116868148573,0.9800427522310179,0.05558155070214466,0.062345425023671665,0.06256683307973515,0.0018582082996834654,0.02179135435611647,0.017008112070331417,0.005629756636492901,0.0021314851642516815,0.0029718722585744656,0.004328478299246378,0.001637853812067334,0.033189795118379384,2.0816681711721685e-17,0.001240079365079365,0.0014632936507936508,1.5140655526779498,30148.26782411674
262147,1,3,M2,0,False,0.06264656924967459,0.9201421884536815,0.9240048743363345,0.35,0.0,0.0,0.5052951307501644,0.15757877576155158,0.5863521392457187,0.3515334376207748,0.0,0.0,3.688997507560998,6.22103673312813,0.15241261525009475,0.6157385969480369,11.896075058719187,3.8601423676618234,2.677425855085545,0.5020765613412164,0.04757409394875953,0.08469125208723047,0.032790368454783766,0.07914802070469065,0.0012129592938600674,0.005978278768416315,0.2195292830522661,0.032842236551637885,0.896875,0.008431453197408293,0.01399040442429883,1.517997609139233,0.06027346806073554,0.09244833692328959,0.07035090114339107,0.0025612646660416725,0.022192420887028535,0.015024393967188028,0.004649125319936468,0.00556900470232254,0.004490851473414569,0.017467671036292938,0.0035085999194483645,0.02867517436738615,2.0816681711721685e-17,0.006919642857142857,0.007316468253968254,2.0705179675881102,282.45029404821855
262147,1,3,M3,1,False,0.11200738421961483,0.9201421884536815,0.9240048743363345,0.35,0.0,0.0,0.5052951307501644,0.15757877576155158,0.5863521392457187,0.3515334376207748,0.0,-0.3379333501681685,3.688997507560998,6.22103673312813,0.1531965230739047,0.6035386919030288,11.65380696330767,3.8363494710606636,2.687714297305115,0.45233091267172887,0.039942774363641353,0.06782141444407722,0.028179862464067167,0.07656665206086541,-0.0007183166854916002,0.004861194384210143,0.21129801824903652,0.030560156986211052,0.890625,0.008198157665627889,0.012660505766149983,1.4980178140785398,0.06529455604860263,0.0907041227360363,0.06318032392030966,0.0023210892658675044,0.021165164920031856,0.014717655291572387,0.004335142847054654,0.004977946707466464,0.004066800249605524,0.018130901735644567,0.003569672593062086,0.02858421402919217,2.0816681711721685e-17,0.0065228174603174606,0.006845238095238095,1.9504857116367837,280.5063634934249
262147,1,3,M2+O,2,False,0.061779642923233846,0.9201421884536815,0.9240048743363345,0.35,0.0,0.0,0.5052951307501644,0.15757877576155158,0.5863521392457187,0.3515334376207748,0.0219864356587544,0.0,3.688997507560998,6.22103673312813,0.15232140647645878,0.6159965410071648,11.891518250933252,3.859333041394807,2.6795286796279063,0.5008656537345162,0.047730560111195273,0.08641335015755916,0.03354465520032143,0.07941454046015141,0.0013840846320528166,0.005933644293783692,0.2194536601544233,0.03277628386405938,0.903125,0.008540113193106465,0.014222606380002807,1.5026424305960375,0.06021872906973122,0.09442780680540717,0.06931532657768578,0.0026045538402624134,0.02220728381084514,0.015105209532535663,0.004798579440457279,0.005586591354906988,0.004495774296453729,0.017732593316963145,0.003542076499318652,0.026797368496427654,2.0816681711721685e-17,0.006919642857142857,0.007366071428571428,2.0712680205997485,284.87439516457323
262147,1,3,M4,3,False,0.11104850801872294,0.9201421884536815,0.9240048743363345,0.35,0.0,0.0,0.5052951307501644,0.15757877576155158,0.5863521392457187,0.3515334376207748,0.0219864356587544,-0.3379333501681685,3.688997507560998,6.22103673312813,0.15311977555750106,0.6031786565215971,11.646055087599384,3.834487844122471,2.7039180074952602,0.4722994646130975,0.04007245631120033,0.06966633451194107,0.028937705639310727,0.07683093525674997,-0.0005378830004448419,0.004881438256504316,0.21117444302111918,0.03048062153745526,0.89375,0.008303327258375291,0.012767966022174284,1.4806322245858614,0.06473310485426942,0.09280108628941777,0.06186155006459638,0.0023605191741229332,0.02113230685634012,0.014878058961445608,0.004451794598160718,0.0049921703283265385,0.004075779367893413,0.018396130263930464,0.00360958895203372,0.02617051457907034,2.0816681711721685e-17,0.006473214285714286,0.006870039682539682,1.940838778602182,282.8160524763895
262147,1,4,M2,0,False,0.3240813973861689,0.9201421884536815,0.9240048743363345,0.35,0.0,0.0,0.43848861446604137,0.38926240351387964,0.7371985567733645,0.4234090699730806,0.0,0.0,6.015863294713199,11.226854318752885,0.12162287239136008,0.651557265916147,17.109300421267616,4.223097858825694,2.403703100724159,0.5916207537205136,0.01956063267416136,0.038661692957680585,0.01812248447570626,0.07637294941116318,-0.007722208705658496,-0.002510505126409363,0.06639861515062787,0.013111526640516284,0.721875,0.0046171681580141535,0.00990798534304706,1.3296840632417477,0.06218069902066255,0.05458617894591746,0.0555581201694468,0.0016955004297153624,0.02323135143850482,0.013274090012663312,0.004781050660546691,0.002927060551482962,0.0032047218322932723,0.007140934529252659,0.0019567005283180703,0.0325860239724538,2.0816681711721685e-17,0.007663690476190476,0.00855654761904762,2.6650308280070876,25789.360711474532
262147,1,4,M3,1,False,0.33442237419855875,0.9201421884536815,0.9240048743363345,0.35,0.0,0.0,0.43848861446604137,0.38926240351387964,0.7371985567733645,0.4234090699730806,0.0,-0.07367196269333365,6.015863294713199,11.226854318752885,0.12166097181412372,0.6487285306565385,17.06873017185992,4.225038437836927,2.4178786243996613,0.6065061523416747,0.01875873830521714,0.03730397584983468,0.017621289053984687,0.07601638393209859,-0.007928655173237596,-0.002717570809723544,0.06522095743055778,0.01285947284887975,0.721875,0.004576068810735809,0.009465954557734186,1.3301822854122967,0.05901774069297343,0.05481263368011563,0.0558666967073677,0.0016691790723548706,0.023046815345595127,0.013451340031057307,0.004750951604898781,0.002868156527421148,0.003129035621080145,0.007162254291786081,0.0019473881962753666,0.0325860239724538,2.0816681711721685e-17,0.007614087301587301,0.008482142857142856,2.6885128742451547,25667.49132884005
262147,1,4,M2+O,2,False,0.3221482751085922,0.9201421884536815,0.9240048743363345,0.35,0.0,0.0,0.43848861446604137,0.38926240351387964,0.7371985567733645,0.4234090699730806,0.03886794626102078,0.0,6.015863294713199,11.226854318752885,0.12157654122935448,0.6521914802387387,17.17389352947601,4.2311323999268575,2.398150063556383,0.5950637688598654,0.019715898907631008,0.040566504603532866,0.018145041832537807,0.07656756470686585,-0.007524527851570936,-0.002479353238276305,0.06641282068722332,0.013061190238027303,0.725,0.004728678779328482,0.010452596946699992,1.334931371798743,0.06689331691735954,0.058212153884709766,0.05760846883243523,0.0017335386572681635,0.023239832102814408,0.013824858096677209,0.005031578113891233,0.0029422668249081247,0.0032132689047337645,0.007423860044539195,0.0019795812308222227,0.03354101966249685,2.0816681711721685e-17,0.007663690476190476,0.008482142857142856,2.7142272136739525,25503.60497286304
262147,1,4,M4,3,False,0.3325213410947336,0.9201421884536815,0.9240048743363345,0.35,0.0,0.0,0.43848861446604137,0.38926240351387964,0.7371985567733645,0.4234090699730806,0.03886794626102078,-0.07367196269333365,6.015863294713199,11.226854318752885,0.12161630557515038,0.6491957277946739,17.134292852359692,4.223680041517346,2.415079884060137,0.6040310251869778,0.0189091532402414,0.03918772784681311,0.017763925251999577,0.07618438875626507,-0.007734624850997938,-0.0027068013837140852,0.06522543903721553,0.012809361236851394,0.71875,0.004686575968949367,0.010254328378251383,1.335250850677921,0.06430646221351662,0.05724334828439533,0.058002702663434644,0.0017068354124129574,0.02304468085870695,0.013953685609019996,0.004993607004604885,0.002880806939770112,0.003146310684599282,0.007445993380479832,0.001970367750396135,0.034118360159890455,2.0816681711721685e-17,0.007638888888888889,0.008482142857142856,2.7379936563614886,25388.549730158484
262147,1,5,M2,0,False,0.3970370463123399,0.9201421884536815,0.9240048743363345,0.35,0.0,0.0,0.11271710437722504,0.19076136524569792,0.31634031841531396,0.040480249263974095,0.0,0.0,3.098991063889116,5.594099240377545,0.18621064047866878,0.4796558016567941,3.4142538708930026,3.106761008583268,3.668181634853907,0.4570129314993667,0.013900925153004631,0.051509825457066345,0.04398679122514756,0.0722340845494134,-0.013702721084716006,-0.008126658914038305,0.07253115383884091,0.0021002042425712028,0.56875,0.002511235996116921,0.006725879945649597,0.4614070438068205,0.039584377197969596,0.11222110505894412,0.09866634592426665,0.0014633736723911118,0.019643552190854577,0.014952415041975281,0.0027960563645217196,0.0025290265748623263,0.002974632187514925,0.006873649097567716,0.0011320492806530058,0.02085415626040366,1.3877787807814457e-17,0.00029761904761904765,0.00029761904761904765,1.1386516879377224,54.531797604866945
262147,1,5,M3,1,False,0.3677774757175306,0.9201421884536815,0.9240048743363345,0.35,0.0,0.0,0.11271710437722504,0.19076136524569792,0.31634031841531396,0.040480249263974095,0.0,0.04869014248251913,3.098991063889116,5.594099240377545,0.18621774012938203,0.48166040024292983,3.429058724604708,3.1081100189513715,3.6578715469482326,0.4501362425212335,0.015999508980292988,0.05937564349136969,0.050352548825184515,0.07235912113165771,-0.01333651220550143,-0.007445862721742115,0.07595576253250248,0.002274003242971866,0.5687500000000001,0.0025708788401740536,0.007018119136958639,0.4615046665625719,0.04090396676147294,0.10592419706229624,0.09571255839816777,0.0015508469732235046,0.019894452431198768,0.01509067678574714,0.0027818205674269587,0.0027548118898386275,0.003187787418551406,0.0069262436104741,0.0011639154542432582,0.023217719526258385,2.0816681711721685e-17,0.00029761904761904765,0.00029761904761904765,1.1340487280808018,54.76670633722096
262147,1,5,M2+O,2,False,0.192507018082813,0.9201421884536815,0.9240048743363345,0.35,0.0,0.0,0.11271710437722504,0.19076136524569792,0.31634031841531396,0.040480249263974095,0.13870930994198497,0.0,3.098991063889116,5.594099240377545,0.1847223729107737,0.48717457865889136,3.5773531320720475,3.1198280283788824,3.6390318286560603,0.5629956201032638,0.0305732650173815,0.07602476971598629,0.047553953971049556,0.0743760959398932,-0.009769698942191506,-0.005173090333067256,0.12986352921856792,0.005377699146261274,0.63125,0.003436863352652604,0.007803486151446551,0.47646972338245214,0.030516448398001696,0.09439300364095944,0.07707720727396611,0.0020418527593361563,0.020417315064152175,0.017447642167303504,0.0035042861065088886,0.0034548951472300996,0.003939078423653859,0.009125778143766446,0.0014450035795675852,0.03255604142602926,2.0816681711721685e-17,0.00029761904761904765,0.0003224206349206349,1.1155608149512635,51.364937450500435
262147,1,5,M4,3,False,0.17374424352834886,0.9201421884536815,0.9240048743363345,0.35,0.0,0.0,0.11271710437722504,0.19076136524569792,0.31634031841531396,0.040480249263974095,0.13870930994198497,0.04869014248251913,3.098991063889116,5.594099240377545,0.18470956645745656,0.48863123457691426,3.5913611317207232,3.1301677103414907,3.6319081826921025,0.5589642264755212,0.032536655198449,0.08261082197083162,0.052816255207718994,0.0746126544434631,-0.00939508922461419,-0.004572454677105434,0.13240315157475674,0.005569872852066614,0.6375,0.003499643843048918,0.007895829002418907,0.4749189974068029,0.032460472806639794,0.09087382326214245,0.08161708008339463,0.0021382685675285693,0.020615874330957972,0.017292151992388427,0.003477541738301208,0.003677022175189419,0.004101809319626405,0.009301638276040606,0.0014694783862174178,0.030448043177408516,2.0816681711721685e-17,0.00029761904761904765,0.00034722222222222224,1.1086733473146686,51.61440087242721
262147,1,6,M2,0,False,0.33393080445978346,0.9201421884536815,0.9240048743363345,0.35,0.0,0.0,0.24740017238073053,0.2888998185550328,0.5580466752871871,0.22097220967603354,0.0,0.0,5.264328494202346,8.049855879507959,0.15153550431508905,0.5944077437716193,10.501385669664195,3.876359752391245,2.8122947362630883,0.6463398313869555,0.01881991180589644,0.044665641322566035,0.027070452402700715,0.0721426592863447,-0.011293272354037093,-0.004010478459973051,0.06391537835482591,0.009134296003584319,0.6625000000000001,0.003931843439687157,0.009090938918429296,0.9908378884583204,0.055801616612291945,0.06922693115445974,0.10410170066807639,0.001712979802846899,0.02284980099650264,0.015212924924574177,0.004763333387005745,0.003272267587127166,0.0034141979212109785,0.0067713978159688855,0.0018866976506674636,0.03966001344763598,2.0816681711721685e-17,0.0011160714285714285,0.0013392857142857143,1.5780576968894626,4688.781981275179
262147,1,6,M3,1,False,0.2888631434232508,0.9201421884536815,0.9240048743363345,0.35,0.0,0.0,0.24740017238073053,0.2888998185550328,0.5580466752871871,0.22097220967603354,0.0,0.18312492715194817,5.264328494202346,8.049855879507959,0.15128862317394198,0.5981353701341676,10.608841385929141,3.8725418115504615,2.7758983943564264,0.5918261813204622,0.02241627428807253,0.05285501565988599,0.031630372101114974,0.0732856355176631,-0.010338233010533998,-0.0031541752374914774,0.06915060263411245,0.010113659618602052,0.6781250000000001,0.004088388271936734,0.009630277323339025,0.9851082626698655,0.05721787612597039,0.06370477414792067,0.10110036355197234,0.0018353185734985486,0.023256725760588404,0.014942420610363032,0.004790062631886393,0.003638638467767248,0.003732373547584086,0.006679198983324885,0.001953792742061453,0.03762998305872592,2.0816681711721685e-17,0.001140873015873016,0.0013392857142857143,1.5498109312051243,4689.127165762231
262147,1,6,M2+O,2,False,0.20445538402768298,0.9201421884536815,0.9240048743363345,0.35,0.0,0.0,0.24740017238073053,0.2888998185550328,0.5580466752871871,0.22097220967603354,0.2625326522402505,0.0,5.264328494202346,8.049855879507959,0.1490297037814781,0.5973620870837408,10.988302876207756,3.8596967481237403,2.7788880742859177,0.6041249409933489,0.029641991222404032,0.06047816584605886,0.026848860070436638,0.07924268445563326,-0.00727767747422651,-0.0017979661682855277,0.10201657035362957,0.017135172988072156,0.796875,0.005266886283330834,0.01152644826149456,1.0323493141410875,0.06113980521055421,0.07751422163850902,0.07743015356963578,0.0022732247070435577,0.024410538263371973,0.018362372794553758,0.006599213553480311,0.004308927075370085,0.0037168984918363834,0.009370627570476783,0.0022188715861133643,0.03368628244552966,2.7755575615628914e-17,0.0011656746031746032,0.001240079365079365,1.7323619366311531,4697.244466673974
262147,1,6,M4,3,False,0.16962769001242714,0.9201421884536815,0.9240048743363345,0.35,0.0,0.0,0.24740017238073053,0.2888998185550328,0.5580466752871871,0.22097220967603354,0.2625326522402505,0.18312492715194817,5.264328494202346,8.049855879507959,0.14870535872631035,0.6023437518030729,11.108986959340852,3.896706189341433,2.781461281434087,0.6119522100592505,0.03324520156291934,0.06832438304629486,0.031092610116541637,0.08051754733068772,-0.006290462493700009,-0.001065808418254348,0.10626481669937386,0.018171694841070975,0.821875,0.005436311182876492,0.011752630341174904,1.0329536180471262,0.05546746097518022,0.08768081551071004,0.10861441222402714,0.002398486574584638,0.025003380997409144,0.01809948317899614,0.006780972052072247,0.0047225137159546335,0.003975468090386937,0.009445459412111125,0.0022590223951211704,0.028856234883758942,2.0816681711721685e-17,0.0012152777777777778,0.0012896825396825397,1.7160420285093771,4698.051744234493
262147,1,7,M2,0,False,0.00018980848404675545,0.9201421884536815,0.9240048743363345,0.35,0.0,0.0,0.3608797624707223,0.11507770599029078,0.3852312066592276,0.0776035660920321,0.0,0.0,4.72552586439997,9.198351218365133,0.18327199513604117,0.44954555997852286,3.4134195615154295,3.1143510875019977,3.7909534161541045,0.5443252777557195,0.09737959452542831,0.04641280402384777,0.023252555495873947,0.07991940846590673,-0.008516869015869061,0.00015604319219571488,0.47752597838256416,0.022379113545455277,0.83125,0.00818974296633053,0.01553628379328975,0.5912117905305604,0.044353491198167214,0.11058315288579847,0.08826343897666296,0.004454864615501429,0.016192312493273967,0.014744962544195734,0.0022700514803406123,0.005936238496576573,0.005402337831561614,0.025095164017179136,0.004487857239337494,0.033189795118379384,1.3877787807814457e-17,0.0,0.0,1.2576320437415445,68.4627070748648
262147,1,7,M3,1,False,0.0004445437821999247,0.9201421884536815,0.9240048743363345,0.35,0.0,0.0,0.3608797624707223,0.11507770599029078,0.3852312066592276,0.0776035660920321,0.0,-0.2017381898127496,4.72552586439997,9.198351218365133,0.18346392763362868,0.44043765068358287,3.309982223538234,3.064851278040793,3.7856778035089356,0.45489702712813374,0.08889324534264001,0.021122178601365414,0.004060585325103639,0.07941329442517438,-0.01004740313836212,-0.002234174153781682,0.4730289764055418,0.021177457583998742,0.8125,0.007958477262463145,0.013235099206306174,0.5703559601943347,0.047506135161425066,0.10527954159570525,0.06207391253814454,0.004188912441553179,0.015234119201942176,0.0146013540905048,0.002325042316227729,0.005178147728853958,0.004983368363013444,0.025424810448773216,0.0044234168651485105,0.03520771695712934,2.0816681711721685e-17,0.0,0.0,1.225870321452046,66.57103815613517
262147,1,7,M2+O,2,False,0.00020375698516392616,0.9201421884536815,0.9240048743363345,0.35,0.0,0.0,0.3608797624707223,0.11507770599029078,0.3852312066592276,0.0776035660920321,0.06863570054080875,0.0,4.72552586439997,9.198351218365133,0.1826334750777045,0.44895927977619826,3.3726584671722972,3.088535965906063,3.663895378539751,0.395735370336202,0.1007660014242035,0.05651128134451633,0.024382343668062453,0.07976381497938673,-0.007713676182328052,0.00045041348387699965,0.4753273931460644,0.022570350994609443,0.809375,0.008604435359261234,0.014983585689530976,0.533853180172971,0.040946245034850066,0.10880816637409921,0.06253935717081249,0.004472191340652873,0.015909821472677374,0.014274381343353806,0.0022134505242638897,0.005707418633824448,0.005546695918877168,0.025191883030615262,0.004549198018304449,0.038788623224686215,1.3877787807814457e-17,0.0,0.0,1.2231538523116816,77.28211919077893
262147,1,7,M4,3,False,0.000358768004591626,0.9201421884536815,0.9240048743363345,0.35,0.0,0.0,0.3608797624707223,0.11507770599029078,0.3852312066592276,0.0776035660920321,0.06863570054080875,-0.2017381898127496,4.72552586439997,9.198351218365133,0.18287660076523155,0.4382113227592176,3.2725566502350354,3.060378904731106,3.7585916236100663,0.3912693381478513,0.09232078232654703,0.031923698635180915,0.005743161701399711,0.07924861485089832,-0.00920705305594729,-0.001836943338452305,0.47092620769456917,0.02138506801079045,0.8093750000000001,0.008361393312969544,0.013526452089487646,0.5143930726070741,0.04029080819291351,0.10497723799113655,0.05481719088047036,0.004140312138124744,0.014826877164698032,0.014352707430805483,0.0022016697947311904,0.004901240181835386,0.005172009454188248,0.025568198710805113,0.004490219202360652,0.03452618269757991,1.3877787807814457e-17,0.0,0.0,1.1887205319446377,67.79748732119715
262147,1,8,M2,0,False,0.36495621717821125,0.9201421884536815,0.9240048743363345,0.35,0.0,0.0,0.3273518878500909,0.41219047045579005,0.5059866728261113,0.05351897999527138,0.0,0.0,5.661376485135406,11.565369953401387,0.14589715208405352,0.5766918428014388,10.559412773370562,3.8271750902216213,2.823215497568918,0.6093865385154736,0.016013241119288736,0.014410957781236215,0.015981586725682582,0.07058562735937932,-0.016489698614603265,-0.007841634641453854,0.08982015682343042,0.014926466142045968,0.76875,0.004685038114717265,0.008937490754710257,1.00909593000427,0.05496887552942314,0.09736264906791016,0.09759439492749704,0.0018549845580247012,0.018713827424871887,0.013854077219670496,0.004840788498706252,0.0019141905974019919,0.003168528842969016,0.008425786797487568,0.0020625532105975238,0.029536347664078803,2.0816681711721685e-17,0.0011160714285714285,0.001240079365079365,1.4364471250040651,10339.689995173047
262147,1,8,M3,1,False,0.40495901311051247,0.9201421884536815,0.9240048743363345,0.35,0.0,0.0,0.3273518878500909,0.41219047045579005,0.5059866728261113,0.05351897999527138,0.0,-0.27241570344194765,5.661376485135406,11.565369953401387,0.14578114218694027,0.5699647892468129,10.539715100195112,3.8226489988297323,2.8369908085609445,0.6054917801443346,0.013169247968579087,0.004933181924658379,0.008790626633877165,0.06986147793547268,-0.016631131980049597,-0.009101816092765825,0.08432021580064755,0.013843130151411948,0.7625,0.004491226976550557,0.008728182778958083,1.0124407799730653,0.05307633993463007,0.10295328817681118,0.10494274263232944,0.0017225222377195344,0.01799056063159777,0.013430667366963292,0.004729289011236564,0.0015870871061783118,0.0027403737451418045,0.00830999375358352,0.002044742383665209,0.03145764348029479,2.0816681711721685e-17,0.0010912698412698413,0.0011904761904761906,1.3967124474887678,10339.636422124178
262147,1,8,M2+O,2,False,0.17960786477050114,0.9201421884536815,0.9240048743363345,0.35,0.0,0.0,0.3273518878500909,0.41219047045579005,0.5059866728261113,0.05351897999527138,0.3552409291858432,0.0,5.661376485135406,11.565369953401387,0.14197237118402653,0.5838357665804554,11.733376887977595,3.9136490731646063,2.6904829157619314,0.5233635057933604,0.03187447708475127,0.031789426793042266,0.015673936695776117,0.07607690513175401,-0.012037874274183853,-0.0038176099397562615,0.1413249227445909,0.025810511258468546,0.884375,0.006345311820638089,0.010941174163727857,1.1390786043634895,0.06111261418065782,0.06671441643070762,0.056863260553686915,0.00258999776503867,0.020776912643550235,0.01651421836428274,0.006875782402710297,0.003259892152172333,0.0037943441719439615,0.009920107790079116,0.0022595500020144176,0.025706172248443883,2.0816681711721685e-17,0.0011160714285714285,0.001314484126984127,1.6237890345694415,10341.666099874006
262147,1,8,M4,3,False,0.20889441578487195,0.9201421884536815,0.9240048743363345,0.35,0.0,0.0,0.3273518878500909,0.41219047045579005,0.5059866728261113,0.05351897999527138,0.3552409291858432,-0.27241570344194765,5.661376485135406,11.565369953401387,0.14203729507416002,0.5800578622088732,11.666010067855755,3.923013811831687,2.7094837446145252,0.5361421443691781,0.028907591615988867,0.021753281708769844,0.008128756769683524,0.0750089729340104,-0.012322993261625883,-0.0050322037575096035,0.13635390634590824,0.024565514789085342,0.875,0.006110092870706179,0.01002520971481632,1.1433275279147888,0.06869509054531754,0.06491211755011303,0.05723870636980726,0.0024232162784331985,0.019873050472438345,0.016064711558579543,0.006661102384539193,0.0027995120830627304,0.0033938998148512244,0.009715364088530172,0.002261328712818008,0.024579802006254373,2.7755575615628914e-17,0.0010416666666666667,0.0012896825396825397,1.5284793503004932,10341.536775297009
262147,1,9,M2,0,False,0.25436914041872727,0.9201421884536815,0.9240048743363345,0.35,0.0,0.0,0.2246222570538521,0.18270770007992873,0.42887789057567716,0.44230817962120045,0.0,0.0,3.341906509362161,5.166776251979172,0.15181698931825854,0.6305214757901123,11.821177670947755,4.0172171762395665,2.5790990399055564,0.47336288971160323,0.02580823873867112,0.09599635586160671,0.05046783552749029,0.07540273886122943,0.0048171585891765714,0.0026562200237592176,0.05442841411428173,0.009909397857189419,0.690625,0.0038679874233981714,0.01242571382419702,0.9196377852614852,0.06581677566806518,0.07701459194455723,0.04814958227317781,0.0016447472303406877,0.02321923938704435,0.020151242442634068,0.005877295264894787,0.004789530759175348,0.0032926723009090715,0.004999375255623014,0.0015806497076380696,0.03452618269757991,2.0816681711721685e-17,0.017609126984126984,0.018328373015873017,1.645107417612227,200.9222140831507
262147,1,9,M3,1,False,0.1847028726888597,0.9201421884536815,0.9240048743363345,0.35,0.0,0.0,0.2246222570538521,0.18270770007992873,0.42887789057567716,0.44230817962120045,0.0,0.28608088316395874,3.341906509362161,5.166776251979172,0.15116767082405308,0.6379604355061128,11.987963125020533,4.0627166177383,2.5960804044520343,0.4879989889957299,0.03247391960247499,0.10894881415561884,0.052582906949649844,0.07697677572031637,0.006265622084053025,0.00344104279634082,0.06402118932191586,0.011933736222196147,0.70625,0.004099109889974341,0.012787456549937,0.9594943198113008,0.06237162971680421,0.0757073859208134,0.056027110768712945,0.001783380714456681,0.0242662557326778,0.02013757978951347,0.006052571419089279,0.005365738857432316,0.0036794120036837655,0.005017636335992168,0.0016761334103425585,0.035612205304735994,2.0816681711721685e-17,0.01865079365079365,0.01939484126984127,1.596203995367198,201.660667656247
262147,1,9,M2+O,2,False,0.24818628754227567,0.9201421884536815,0.9240048743363345,0.35,0.0,0.0,0.2246222570538521,0.18270770007992873,0.42887789057567716,0.44230817962120045,0.05071990291090424,0.0,3.341906509362161,5.166776251979172,0.15168226029920706,0.6301962228237536,11.719549220902746,4.028102086871703,2.610611349595035,0.502467607027044,0.026346836117459752,0.10103194595166297,0.054057067802033267,0.07540338534786954,0.005257924519825541,0.0028894364323648167,0.05575201595447825,0.010118447647131908,0.6875,0.0040745316944046425,0.01280436844451356,0.9056551823976214,0.06252293224355686,0.07583749482323081,0.045585711311148025,0.001638351249637136,0.023343770996031066,0.020367446715269247,0.006073920739876835,0.004935326644006172,0.0033210783092394195,0.005619078721589756,0.0016396095173301423,0.035502347340234656,2.0816681711721685e-17,0.017485119047619048,0.0185515873015873,1.6842569992429444,201.17707744587597
262147,1,9,M4,3,False,0.17936637829319577,0.9201421884536815,0.9240048743363345,0.35,0.0,0.0,0.2246222570538521,0.18270770007992873,0.42887789057567716,0.44230817962120045,0.05071990291090424,0.28608088316395874,3.341906509362161,5.166776251979172,0.1510192755209453,0.6392928206670613,11.887314018180419,4.055240857947911,2.617533766902321,0.5115689266392675,0.03302085462044871,0.11353760139587765,0.055920133384984826,0.07668861583402452,0.006670658950882974,0.0036004926797732094,0.06532849224507556,0.012125932016457798,0.703125,0.004307058405014029,0.012943973014286566,0.9488770870938001,0.06349433368126087,0.07883713514125548,0.05709025909356592,0.001787247460739668,0.024376027372685186,0.0202668229551212,0.006261730106333798,0.00549713512363467,0.0036857786215919106,0.005600845993181667,0.0017208025748970822,0.03460152633916602,2.0816681711721685e-17,0.01882440476190476,0.01939484126984127,1.6376204260882248,201.77166593279654
262147,1,10,M2,0,False,0.3823757472109179,0.9201421884536815,0.9240048743363345,0.35,0.0,0.0,0.1316666482947767,0.2498424048999523,0.7028423110023141,0.10273466228960343,0.0,0.0,5.565240954048932,8.395200815051794,0.16329813758875614,0.5369128513586032,7.0600572753852955,3.571480288647211,3.071871039259668,0.5573797690254774,0.01555402214185839,0.03216088874240465,0.01663267793508364,0.06909171053894853,-0.02402062363950328,-0.01441195617311867,0.04241170384610583,0.004772061525261751,0.6062500000000001,0.0023119175817981484,0.00638101284221754,0.7876220010835231,0.06189182913237931,0.07893315778109489,0.07335977037888244,0.001840909056816345,0.020706097260794316,0.013294439714908401,0.003847751060743747,0.002059063185748081,0.002682491383442662,0.0046014581296572096,0.0014948955445645447,0.03411836015989045,2.0816681711721685e-17,0.0002232142857142857,0.0002232142857142857,1.3700253105758593,5821.28431710407
262147,1,10,M3,1,False,0.3365469915200906,0.9201421884536815,0.9240048743363345,0.35,0.0,0.0,0.1316666482947767,0.2498424048999523,0.7028423110023141,0.10273466228960343,0.0,0.1631396964192391,5.565240954048932,8.395200815051794,0.16324355971821788,0.5400454629762713,7.10504330596501,3.583427461566942,3.025986060014364,0.5389147624911583,0.01896160403830241,0.04269575818904112,0.025257432671701514,0.06976338254667179,-0.023631790055202082,-0.013129027282638655,0.04728550309379781,0.005369036589850048,0.6125,0.002473120191185664,0.006630311906881561,0.7874062541055894,0.06180875102060796,0.08442179536188812,0.07333153737930535,0.001965840993245033,0.021360910956662694,0.01356561180243905,0.0038618073541826356,0.0024027055488765607,0.003091645296772344,0.0047056014958184655,0.001577527992477794,0.03520771695712935,2.0816681711721685e-17,0.0002232142857142857,0.0002232142857142857,1.3636609115305598,5912.075572496134
262147,1,10,M2+O,2,False,0.378984740080781,0.9201421884536815,0.9240048743363345,0.35,0.0,0.0,0.1316666482947767,0.2498424048999523,0.7028423110023141,0.10273466228960343,0.028715294985613527,0.0,5.565240954048932,8.395200815051794,0.16326866484572655,0.5370138511537469,7.101814530394675,3.569317525598363,3.0348984145779543,0.5512814163797152,0.01579862400378812,0.03444378220247258,0.018346590555946042,0.06937144238375195,-0.02366659831413638,-0.01414258616311149,0.04277334905240958,0.0048469691989343954,0.6,0.0024014944322082606,0.006816692849102124,0.8068543437869701,0.0672663407741566,0.07731401953921613,0.07838987840063986,0.001918285280710442,0.02121172073676254,0.014258655264537696,0.004066347096222567,0.0020694199010292216,0.0027895123093103235,0.004962776428096064,0.0015291906476860358,0.031291638925864305,2.0816681711721685e-17,0.0002232142857142857,0.0002232142857142857,1.400869563380811,5746.773768724939
262147,1,10,M4,3,False,0.33300959717578743,0.9201421884536815,0.9240048743363345,0.35,0.0,0.0,0.1316666482947767,0.2498424048999523,0.7028423110023141,0.10273466228960343,0.028715294985613527,0.1631396964192391,5.565240954048932,8.395200815051794,0.16320552490194062,0.5406535832138046,7.1477523658217885,3.5847508742643357,3.0081960116850404,0.5076641850396468,0.019232703211509116,0.045080067303531646,0.026585353798709632,0.07014915156658108,-0.02325893236028904,-0.01287520501107347,0.0477331909453846,0.005454235329606487,0.6187499999999999,0.0025678772489289695,0.006752910580552172,0.8058704573301075,0.06498496477155774,0.08168166853449502,0.06733464679763454,0.002047990312398039,0.02186840469510607,0.014510718360508207,0.004089715937646042,0.0024289459658070407,0.0032020673825783243,0.005004035642295544,0.0016162023120699226,0.03531849137963474,2.0816681711721685e-17,0.0002232142857142857,0.0002232142857142857,1.381581030937801,5833.488386506141
262147,1,11,M2,0,False,0.003878707517011288,0.9201421884536815,0.9240048743363345,0.35,0.0,0.0,0.47562341731973,0.1345462879767425,0.3737773862667382,0.2305695352875695,0.0,0.0,4.313042040448636,8.777857530862093,0.1659400288617674,0.5652652881866638,8.272528822685526,3.5655332291933908,2.9958461459983816,0.5088209297688202,0.06487563923106367,0.07753138069021326,0.037122193854054616,0.08229039697159579,0.003707953953660968,0.006939605509349705,0.31962050496990213,0.03824615582047719,0.9437500000000001,0.009364681741974171,0.014585182231536287,1.1037215218749798,0.048250889442073806,0.09627384605610698,0.0792262577563144,0.0031937847078727134,0.018924854872942747,0.014410079627967727,0.0031588885172049784,0.00608264054085109,0.004834498799723521,0.022202558854168924,0.004117783515622476,0.01637770333919462,2.0816681711721685e-17,0.00029761904761904765,0.0003720238095238095,1.6099645581956659,517.9860111317472
262147,1,11,M3,1,False,0.01100356660170323,0.9201421884536815,0.9240048743363345,0.35,0.0,0.0,0.47562341731973,0.1345462879767425,0.3737773862667382,0.2305695352875695,0.0,-0.132857234403491,4.313042040448636,8.777857530862093,0.1663355512233719,0.5596993180342819,8.147268963374433,3.563055696051883,2.9643169720445997,0.46144251429285743,0.06081357484762344,0.0685270239942142,0.03338946062492094,0.08151628342290873,0.0026520374655439236,0.006318543159838931,0.3175194971450013,0.037181029628901484,0.9375,0.009256122947820413,0.014112932963968138,1.0904487398480769,0.046931700494039996,0.10273723443594093,0.08045799545323513,0.0030556053428511458,0.01843067750282462,0.014295845983106903,0.003099086212324374,0.005741056692576471,0.004632123631452782,0.02260299132045053,0.004156715845735341,0.02015564437074637,2.0816681711721685e-17,0.00029761904761904765,0.0003720238095238095,1.5715273925879236,510.9475275868872
262147,1,11,M2+O,2,False,0.0006226847352325205,0.9201421884536815,0.9240048743363345,0.35,0.0,0.0,0.47562341731973,0.1345462879767425,0.3737773862667382,0.2305695352875695,0.1877194508660889,0.0,4.313042040448636,8.777857530862093,0.16320698479344814,0.5701052429740773,8.385274097599975,3.635972796367666,2.962563996711955,0.41335525704426795,0.0749238290591088,0.08977938649761436,0.040003945807815695,0.08396605248001524,0.005894312720530041,0.006772561830925943,0.327819085554265,0.041112596363052145,0.93125,0.010443121892212574,0.018297057050270623,1.00243714585157,0.07278915513085685,0.0994339559379028,0.04725644075317863,0.0036676925755293487,0.02116929979771157,0.014652792782418305,0.003968886975733779,0.006334151515474542,0.004845327633530035,0.023717582399312088,0.004258306690420272,0.02183031149571623,2.0816681711721685e-17,0.0003720238095238095,0.00034722222222222224,1.520935073895163,481.39803713632955
262147,1,11,M4,3,False,0.0005748315358620972,0.9201421884536815,0.9240048743363345,0.35,0.0,0.0,0.47562341731973,0.1345462879767425,0.3737773862667382,0.2305695352875695,0.1877194508660889,-0.132857234403491,4.313042040448636,8.777857530862093,0.16366218912939687,0.5643157946918906,8.264805838158628,3.6168155210352575,2.9736188832776618,0.41278358714866414,0.07094254601858638,0.08173607532771143,0.03672707076770604,0.08310165779455328,0.004935265100945667,0.006193581626368096,0.3261724351058475,0.0401190769265279,0.921875,0.010325779838534992,0.01771776795067011,0.9839781101904178,0.06676060703206134,0.10504445189777474,0.05742463650254687,0.003526446042541174,0.02071940455117018,0.014482411930488505,0.0037203676807102946,0.006018855092147217,0.004659595651542839,0.024042710536190767,0.004312862171520245,0.025400438808545544,2.0816681711721685e-17,0.00034722222222222224,0.0003224206349206349,1.5115669214106215,475.3102846860002
262147,1,12,M2,0,False,0.14783187338480397,0.9201421884536815,0.9240048743363345,0.35,0.0,0.0,0.5283482315018774,0.3328876707156261,0.457244448363781,0.1455146569506814,0.0,0.0,4.954742657020688,6.8926228834316134,0.14849631422955592,0.5905747934640517,11.6715741823146,3.7832870799802976,2.793570869787063,0.5049017338046712,0.03542891506420526,0.0333402255090557,0.01669106411391363,0.07909628629150924,-0.010382466068509235,0.0019284376802598242,0.219430192525703,0.03453753437773821,0.921875,0.00818967780986624,0.012220377796683795,1.4927156159357138,0.06814803972387617,0.09218540803377286,0.054398038510031006,0.0026923401383579745,0.018408402652196405,0.013341484283596952,0.0055669011378257655,0.003937182827228582,0.004320901379852346,0.017056823019847133,0.0034256672060345196,0.015116733278059779,2.0816681711721685e-17,0.0016865079365079366,0.0020089285714285712,1.9376902420505215,2528.6906863846575
262147,1,12,M3,1,False,0.1803762354551538,0.9201421884536815,0.9240048743363345,0.35,0.0,0.0,0.5283482315018774,0.3328876707156261,0.457244448363781,0.1455146569506814,0.0,-0.22406192403286693,4.954742657020688,6.8926228834316134,0.14868244566112912,0.5855292225612589,11.566984263189342,3.771029948405031,2.8266889243997255,0.5210575747040652,0.03180468389640534,0.02357537402862541,0.01096500086114218,0.07745751370059023,-0.011060817471117534,0.0007758024638915017,0.21419867947964147,0.03328105720751562,0.921875,0.00802392671970449,0.011109001692760018,1.4971373373384012,0.06505404723979098,0.09944581158786686,0.06446685117088728,0.00253389280376903,0.01772432261974113,0.013100473878296113,0.005540697092815217,0.0034924000476758603,0.004008764274994591,0.01725466881352475,0.0034534503646522783,0.016437222747978642,2.0816681711721685e-17,0.0015376984126984127,0.0019097222222222222,1.8634494194682238,2528.5271554404476
262147,1,12,M2+O,2,False,0.13535621194610706,0.9201421884536815,0.9240048743363345,0.35,0.0,0.0,0.5283482315018774,0.3328876707156261,0.457244448363781,0.1455146569506814,0.10161489625486209,0.0,4.954742657020688,6.8926228834316134,0.14788771004709012,0.5920123604552068,11.802813563907396,3.776484786411295,2.759255800625029,0.4802907014721647,0.03692455831124407,0.03935176705063266,0.016745253730459125,0.07966040464205229,-0.009560455739220696,0.0021912554496256826,0.22189852409131955,0.035263953765490554,0.921875,0.008663706633422256,0.013093615707357469,1.4433661775599134,0.06439704757916896,0.10125425826598392,0.05258045206960213,0.0029196425603136315,0.01918160336383017,0.014466820391071004,0.005970618521026183,0.004002323334040512,0.004367956738171506,0.017748183934026076,0.003493439250163794,0.01823958035884232,2.0816681711721685e-17,0.0016617063492063492,0.0020089285714285712,1.9641996683053724,2530.2590087637855
262147,1,12,M4,3,False,0.16701784218362173,0.9201421884536815,0.9240048743363345,0.35,0.0,0.0,0.5283482315018774,0.3328876707156261,0.457244448363781,0.1455146569506814,0.10161489625486209,-0.22406192403286693,4.954742657020688,6.8926228834316134,0.14812383042430882,0.5856625527446637,11.686868872579858,3.762518980775723,2.7800591469451317,0.4773507510284289,0.03324961841947453,0.02972919890612251,0.011113621146774956,0.07824219356635409,-0.0102379304987247,0.0010584518107926025,0.2166412279089478,0.03392514298624031,0.915625,0.008486788837515814,0.012235654433129016,1.442718992467866,0.05977904442464435,0.10371783042368705,0.05710893087824577,0.0027573751002535553,0.01838332930315393,0.014427980107847276,0.005871289224106917,0.003528717640169298,0.004050847295608866,0.017940172655660343,0.0035248510487048052,0.017511157157652373,2.0816681711721685e-17,0.0015128968253968254,0.001884920634920635,1.99151536991026,2530.0797860114326
262147,1,13,M2,0,False,0.0980061937833039,0.9201421884536815,0.9240048743363345,0.35,0.0,0.0,0.19160756780765953,0.10117971124439723,0.5988673171959817,0.11719459330247321,0.0,0.0,4.166520392987877,9.900185617618263,0.18666696945832198,0.4623885087430361,2.9697245607454716,3.036147008541779,3.787979880318949,0.4733601260190097,0.041829224098055076,0.07616694453834724,0.05136106112422864,0.07294622217266707,-0.015442382693748608,-0.004728454699163492,0.20423414145726637,0.005345492935297593,0.640625,0.0043680907996471825,0.009068638666891126,0.5067843157885231,0.041385908460151,0.10833781939836735,0.07181470074237178,0.002619509614147688,0.020618187612058227,0.016354819079900006,0.0031638102981029655,0.004985388246424026,0.004345439561031398,0.016203338270135537,0.002056856760198665,0.04010890123567751,2.0816681711721685e-17,0.0,0.0,1.2454225210736927,129.70711162093656
262147,1,13,M3,1,False,0.02049135083243347,0.9201421884536815,0.9240048743363345,0.35,0.0,0.0,0.19160756780765953,0.10117971124439723,0.5988673171959817,0.11719459330247321,0.0,0.24830152671784156,4.166520392987877,9.900185617618263,0.18613967286890332,0.47355000338513964,3.13610755732119,3.0559854921918674,3.696497949852596,0.46710484515156825,0.05715192704861956,0.10986015335886497,0.0726710845463161,0.07398108370511136,-0.01220670607827748,-0.001735678694738865,0.21801288921424983,0.006564101973580301,0.6531250000000001,0.004682438280562601,0.010649343605617437,0.5267161117895551,0.0393872119755046,0.10752827625378264,0.08186354740079141,0.0030421135802216346,0.021459263381751758,0.016577811351095775,0.0031293682931603927,0.0063091684515204855,0.005088554138545912,0.015272410530361295,0.0022858250157236264,0.041449957277822774,1.3877787807814457e-17,0.0,0.0,1.230815413124832,155.22904023813715
262147,1,13,M2+O,2,False,0.08775633861222543,0.9201421884536815,0.9240048743363345,0.35,0.0,0.0,0.19160756780765953,0.10117971124439723,0.5988673171959817,0.11719459330247321,0.036378440419058695,0.0,4.166520392987877,9.900185617618263,0.18650297236683017,0.46444605200643246,2.9610584488105562,3.030884830219885,3.8079576235984787,0.513204187418894,0.04334482653640865,0.08351952351329892,0.054121950483095635,0.07337606972718193,-0.014620447683370707,-0.0043304429331667066,0.2062068056405974,0.005511897309315811,0.634375,0.004567189224784927,0.009508797822394235,0.4928128440820641,0.038921175747853094,0.1135867237967256,0.08143139555000124,0.00278526440645357,0.020705720590022084,0.01695270073449111,0.003148056479663381,0.005096922003921656,0.004504010835697424,0.01677189117918237,0.002111232472404012,0.039454285255216576,1.3877787807814457e-17,0.0,0.0,1.2341594975746593,119.43170226381307
262147,1,13,M4,3,False,0.01602755280942478,0.9201421884536815,0.9240048743363345,0.35,0.0,0.0,0.19160756780765953,0.10117971124439723,0.5988673171959817,0.11719459330247321,0.036378440419058695,0.24830152671784156,4.166520392987877,9.900185617618263,0.18594576680884284,0.4720155161082358,3.1259225485864257,3.0554056102604727,3.7134797320728756,0.46893898320351046,0.05864990576698407,0.11645333058522288,0.07461339991659893,0.07446862173742239,-0.011392764886998285,-0.0014270301708485186,0.21980419351299785,0.00673145684317399,0.653125,0.004888992391928976,0.010655455350967407,0.5128842040301532,0.04118191998099469,0.1058640429814237,0.08184840319058556,0.003228063323353711,0.021431418906136535,0.01672108330166793,0.003185728592728146,0.006412097211286911,0.005231496572188139,0.015838919673340304,0.0023256415843746023,0.03965180481390475,1.3877787807814457e-17,0.0,0.0,1.2214971737482898,143.322664512688
262147,1,14,M2,0,False,0.3824624101292025,0.9201421884536815,0.9240048743363345,0.35,0.0,0.0,0.27048005373217165,0.36894328719968383,0.27894342318177223,0.26852824616378107,0.0,0.0,6.389856506604701,10.496874457225204,0.14568566737785474,0.6458874170444138,13.378785524314925,4.062509628799181,2.5672921714925563,0.496895593538823,0.015395310657727673,0.057536415475827454,0.04026407639861068,0.07784436033120808,0.0031363240127894724,0.0008924964461445378,0.05015261645825761,0.008140545622793129,0.659375,0.004257303816912325,0.009304773147322476,0.9480829953021025,0.07193752251416823,0.053326089567550757,0.040183863263470274,0.0013814499833209658,0.020539939571208452,0.01730460901693299,0.004262788247417756,0.0034695940515575853,0.0032394877731616997,0.005240358093354479,0.001790296830861163,0.03769912410565176,2.0816681711721685e-17,0.0010416666666666667,0.0010168650793650794,1.6742027622567215,44460.62668218186
262147,1,14,M3,1,False,0.3760667176838692,0.9201421884536815,0.9240048743363345,0.35,0.0,0.0,0.27048005373217165,0.36894328719968383,0.27894342318177223,0.26852824616378107,0.0,0.027264878060668685,6.389856506604701,10.496874457225204,0.14565397296273494,0.6464461005657436,13.40399803073052,4.062998952770933,2.559691622918293,0.4913525710716462,0.015857677566775606,0.0584476740354328,0.04046996888610334,0.07798817053872978,0.0032973620955333125,0.0009781546730996422,0.050835223180189744,0.008284086075128093,0.6625000000000001,0.004277278434970927,0.009341481511166538,0.9494653789686203,0.0728039455722025,0.05278359296297112,0.04002769811797708,0.0013969429972419047,0.02057873807312787,0.017291905697560055,0.0042970543584621565,0.003511234134092679,0.0032796111753610846,0.005236088755729068,0.0018000329318069038,0.03859512058969803,2.0816681711721685e-17,0.0010416666666666667,0.0010416666666666667,1.6690401155916497,44460.901771686156
262147,1,14,M2+O,2,False,0.36484943382070906,0.9201421884536815,0.9240048743363345,0.35,0.0,0.0,0.27048005373217165,0.36894328719968383,0.27894342318177223,0.26852824616378107,0.09194735766059345,0.0,6.389856506604701,10.496874457225204,0.14538639693336655,0.6443631162847464,13.325459824937163,4.070575185177856,2.5482399584242743,0.4919476108231044,0.016645223903589905,0.06341808199294999,0.04089849780884924,0.0788716820922657,0.004162100829283375,0.0014057565695781964,0.05367946455159704,0.00881145878700772,0.66875,0.004640679784356184,0.00938137513205299,0.9582782012105383,0.07917259720376031,0.052860779435232576,0.04711118689404468,0.001410861683632297,0.02077004941916705,0.01848837221263192,0.004723889608392779,0.0036958498782238896,0.003289954096751355,0.006204507192019243,0.0019149786089485423,0.035612205304736,2.0816681711721685e-17,0.0009424603174603175,0.000992063492063492,1.7491360033461927,44473.83397132729
262147,1,14,M4,3,False,0.35848942996318733,0.9201421884536815,0.9240048743363345,0.35,0.0,0.0,0.27048005373217165,0.36894328719968383,0.27894342318177223,0.26852824616378107,0.09194735766059345,0.027264878060668685,6.389856506604701,10.496874457225204,0.1453512199324421,0.6453110544565815,13.352815858861181,4.070815757305635,2.5486929731616303,0.49346597795162805,0.017116264604224864,0.06435151528556951,0.04116900933923879,0.07899254960659521,0.004325889932406016,0.0014821783860274186,0.054363225424423976,0.008959268512377211,0.66875,0.004661562736690433,0.009573165178611847,0.9600763002630374,0.08030468060641997,0.051089981022465245,0.048930347188349425,0.0014271904028856609,0.020808343047328336,0.018470310192985156,0.004759958226246696,0.0037402172152539385,0.0033289499201059523,0.006201908475530698,0.0019237183563051445,0.035612205304736,2.0816681711721685e-17,0.0009424603174603175,0.000992063492063492,1.7443841928414474,44474.27658777392
262147,1,15,M2,0,False,0.05614810716221282,0.9201421884536815,0.9240048743363345,0.35,0.0,0.0,0.3940499079413713,0.20372390595990375,0.6686163335107267,0.06355384261476883,0.0,0.0,3.606406543403864,6.723187608644366,0.1687648416630051,0.5246418843262888,6.70293606296884,3.3551216632062517,3.204721687844893,0.44874695221915867,0.04871210724179224,0.028551993418660236,0.007270543661983958,0.07837564995071362,-0.023278303149541272,-0.004976947258925036,0.2987919053695004,0.029451580676793168,0.8875,0.0075082208893263065,0.008484120480394918,1.1096075354928752,0.051206577101703094,0.09161141408244121,0.058587114044316484,0.003680403031605667,0.01863904223582725,0.014447587809101587,0.0035628800137700277,0.003992588710083646,0.004671028708131133,0.020059344229161055,0.00393931314869346,0.023048861143232215,2.0816681711721685e-17,0.0006696428571428571,0.0007688492063492063,1.413335018052897,171.36534053722664
262147,1,15,M3,1,False,0.05711584700219968,0.9201421884536815,0.9240048743363345,0.35,0.0,0.0,0.3940499079413713,0.20372390595990375,0.6686163335107267,0.06355384261476883,0.0,-0.007599563617259275,3.606406543403864,6.723187608644366,0.16877119479684002,0.5244290897588846,6.698717292845871,3.3555864790817314,3.206216761809903,0.4480932904025952,0.048532702843184415,0.02797493331415398,0.0067947278744286445,0.07834888536598653,-0.023292559806046637,-0.005058423273236934,0.29856030698177605,0.029395643551050323,0.8875,0.0075008058928707514,0.00845393256364576,1.1088565650338937,0.05108442234465093,0.09205679412218362,0.05831572057174216,0.0036744411335287775,0.01861163098774979,0.014454342803645279,0.0035583187019859607,0.0039727879285321455,0.004654669419025628,0.020067415706372705,0.003939312321048869,0.023048861143232215,2.0816681711721685e-17,0.0006696428571428571,0.0007688492063492063,1.4113198715475297,171.35687580108524
262147,1,15,M2+O,2,False,0.00012716310936914226,0.9201421884536815,0.9240048743363345,0.35,0.0,0.0,0.3940499079413713,0.20372390595990375,0.6686163335107267,0.06355384261476883,0.3004872556272591,0.0,3.606406543403864,6.723187608644366,0.16296138079762523,0.5370769075967322,7.449979321019569,3.513710394638465,3.108112879045092,0.4491782707664904,0.07576525169824816,0.05214994314184752,0.011942172384498555,0.08258953633357909,-0.01704259542772456,-0.0020847083456237234,0.3337846400010785,0.040472599304502685,0.95,0.009182443448754449,0.012809684436422811,0.9671678963211809,0.06502886106787473,0.0922926450632515,0.06147827767300008,0.00410267066191043,0.021943257297273533,0.015117272611057421,0.0053740160616721185,0.004626154787159546,0.004951691170137623,0.01913439703484878,0.0038934846360877255,0.015138251770487455,2.0816681711721685e-17,0.0006944444444444445,0.0008680555555555555,1.2265641291446627,168.58260230192676
262147,1,15,M4,3,False,0.0001322924055895297,0.9201421884536815,0.9240048743363345,0.35,0.0,0.0,0.3940499079413713,0.20372390595990375,0.6686163335107267,0.06355384261476883,0.3004872556272591,-0.007599563617259275,3.606406543403864,6.723187608644366,0.16297449099794986,0.5369204449940956,7.44568566568069,3.5134790114715226,3.1080425800166678,0.4471380282028856,0.07560275699086554,0.05167488576444164,0.011569815614816518,0.0825510676568039,-0.017058732605314878,-0.002142159732882323,0.33362452829525635,0.04041292203028899,0.9468749999999999,0.009173920263974398,0.012768156497913283,0.9669241502292001,0.06521945966887127,0.09183633222763563,0.06260892781564625,0.004094925210840661,0.021904717621184573,0.015124910891142191,0.005370986367310205,0.00460293463131647,0.0049395109756501234,0.019132494789567266,0.0038939519872339093,0.014768173832039398,2.0816681711721685e-17,0.0006944444444444445,0.0008432539682539683,1.2251134292351142,168.5479840720111
262147,1,16,M2,0,False,0.252576184700198,0.9201421884536815,0.9240048743363345,0.35,0.0,0.0,0.4057463240809739,0.339491902804902,0.4081831085495651,0.19734403058788655,0.0,0.0,3.938230101019144,10.274940855801105,0.14995892120441634,0.5965838547141047,11.606585033336158,3.923685733266135,2.7270909339139386,0.5146939345629695,0.024814866598604643,0.0421997493171566,0.0260051328673106,0.07538478595358189,-0.007334783157061591,0.0005670675303572144,0.1353181516898337,0.019996223800674912,0.8062499999999999,0.006286299477391118,0.008055398570456446,1.2036280667133992,0.05785598949113719,0.08940613949307681,0.09415590466330358,0.0019190607332852288,0.020884363753296272,0.014907143460215863,0.005236235427095377,0.0035779238759375944,0.003940900638754543,0.011888264634090137,0.0025563889999817846,0.035612205304735994,2.0816681711721685e-17,0.007043650793650794,0.007614087301587301,1.802609708069555,384.92697915368854
262147,1,16,M3,1,False,0.20480718207694934,0.9201421884536815,0.9240048743363345,0.35,0.0,0.0,0.4057463240809739,0.339491902804902,0.4081831085495651,0.19734403058788655,0.0,0.22910888325422996,3.938230101019144,10.274940855801105,0.14964713369845867,0.6022740590952904,11.689114911127142,3.931446296116508,2.688992492578106,0.4949220385769778,0.029304664763930302,0.05181581834087012,0.030162419588896185,0.07701517041809937,-0.00641348526350882,0.001484239246940198,0.14192301195855578,0.02139579509193941,0.815625,0.006453205878246366,0.009204055962937746,1.197770217431464,0.06248261526905194,0.07704729751220697,0.08602606154587482,0.002075449763274229,0.0214784023259038,0.014960524544390057,0.005248931489455553,0.004022334030238891,0.004258497363664627,0.01169257874608479,0.0025895902645524634,0.03671930407383379,2.0816681711721685e-17,0.007291666666666667,0.0078125,1.7588015326006077,389.48809629445907
262147,1,16,M2+O,2,False,0.25135913114101954,0.9201421884536815,0.9240048743363345,0.35,0.0,0.0,0.4057463240809739,0.339491902804902,0.4081831085495651,0.19734403058788655,0.023601876858286377,0.0,3.938230101019144,10.274940855801105,0.14989655654392245,0.5964179525175207,11.629069690699623,3.9307271955668037,2.7064297909266544,0.5006501625072819,0.024924061504543994,0.04402127325278547,0.026690392584315076,0.0756905387616785,-0.007164636041021645,0.0005464778898810582,0.13530018703944519,0.02001842197546604,0.809375,0.006385659011523948,0.008227514295734798,1.2005934517465162,0.06064193220017185,0.08491530556388192,0.08884585543110825,0.00196400640842306,0.020912577116389105,0.015270473830580309,0.005307848969736216,0.003612655391976826,0.003940209524526395,0.012106047146567423,0.002568078894884545,0.03391740887803784,2.0816681711721685e-17,0.007018849206349207,0.007614087301587301,1.8193979846771509,382.3933110488009
262147,1,16,M4,3,False,0.20348724190364648,0.9201421884536815,0.9240048743363345,0.35,0.0,0.0,0.4057463240809739,0.339491902804902,0.4081831085495651,0.19734403058788655,0.023601876858286377,0.22910888325422996,3.938230101019144,10.274940855801105,0.14957381870914244,0.6021643239718131,11.71480652330885,3.9345437413890596,2.7016751637965926,0.48301419495835896,0.029436258462574236,0.05360669277767447,0.03058267504478947,0.07708310296211976,-0.006238590774308748,0.0014944290294603114,0.14193813917354925,0.021437890803523228,0.809375,0.006555081086193135,0.0092903303255915,1.1953531278796683,0.06044612667913572,0.08245014680873348,0.09003950242018431,0.00212176465263163,0.02150387977519114,0.015235740638240075,0.0053987970558817934,0.00405835536875182,0.004265200591372551,0.011905703772426855,0.0025949331682776906,0.03657718722099883,2.0816681711721685e-17,0.007316468253968254,0.007862103174603174,1.7758710978365753,386.75354338916526
262147,1,17,M2,0,False,0.19167710571601426,0.9201421884536815,0.9240048743363345,0.35,0.0,0.0,0.28696249634958804,0.21941615258976566,0.5165418740361929,0.08793037523714164,0.0,0.0,5.1766509604640305,6.5015790313482285,0.1715977566124197,0.5268429283602567,6.164463687340759,3.3944235652883687,3.2385269189232146,0.4211867559859557,0.030599185487102488,0.038905014496165166,0.025155201894765195,0.07549593314655101,-0.0186198532296454,-0.0053658318340879824,0.18450031928993518,0.016480493006473588,0.8,0.005596871475848603,0.007532626797668924,0.8365830739861478,0.06182948036023519,0.09553035525668026,0.05683163421475878,0.002450089219973931,0.01991555891911333,0.015150229742432434,0.00378505693084112,0.0034560403938420888,0.004059276267019153,0.014813256901850072,0.0025850618940920487,0.02776388541492947,2.0816681711721685e-17,9.92063492063492e-05,0.0001240079365079365,1.3400093406216254,2220.784715443876
262147,1,17,M3,1,False,0.25448036800885454,0.9201421884536815,0.9240048743363345,0.35,0.0,0.0,0.28696249634958804,0.21941615258976566,0.5165418740361929,0.08793037523714164,0.0,-0.24325488042086363,5.1766509604640305,6.5015790313482285,0.17168430101587817,0.5214673467205668,6.070161320328256,3.3728291010011286,3.221562777455984,0.42137570834087523,0.02460990907112786,0.018452754419908367,0.008407162619575512,0.07430761780981877,-0.01948245659607367,-0.007716544494309257,0.17510656087892393,0.015092083742567935,0.7875000000000001,0.0053513974594423435,0.007181412957377062,0.8279572791934419,0.05236568401157831,0.08982440455249462,0.06063474964595304,0.0021926035047762564,0.0189524644289092,0.014703324186075995,0.0038442281575447033,0.002729366770383554,0.0034497315132244444,0.015005313661717149,0.0025368820102673983,0.03078825533651861,2.0816681711721685e-17,9.92063492063492e-05,9.92063492063492e-05,1.2966664335326321,2194.009079928701
262147,1,17,M2+O,2,False,0.11257871228909283,0.9201421884536815,0.9240048743363345,0.35,0.0,0.0,0.28696249634958804,0.21941615258976566,0.5165418740361929,0.08793037523714164,0.1571969305868237,0.0,5.1766509604640305,6.5015790313482285,0.16992103405084236,0.5356790735494594,6.382385083814823,3.426121528033913,3.2196155595560967,0.4909671412681458,0.039809225663624714,0.05597495878388503,0.02712488165102721,0.07757566140093852,-0.01566281303582865,-0.003815403516162,0.20609752801825948,0.020011077775744856,0.80625,0.006471287317965017,0.009824214556806288,0.8402310062773389,0.055916992317985824,0.09600739010728182,0.058158598973601414,0.002957664483114628,0.02069857007074845,0.017386149590094505,0.0043270768820594194,0.003730656686087422,0.004385193454525536,0.016034591109486195,0.002775366228084582,0.03255604142602926,2.0816681711721685e-17,0.0001240079365079365,0.0001240079365079365,1.4067623689679731,2169.5469595590603
262147,1,17,M4,3,False,0.16113898918449587,0.9201421884536815,0.9240048743363345,0.35,0.0,0.0,0.28696249634958804,0.21941615258976566,0.5165418740361929,0.08793037523714164,0.1571969305868237,-0.24325488042086363,5.1766509604640305,6.5015790313482285,0.17011585383790523,0.527009233725893,6.2854729568290075,3.4170718508850513,3.1825252812137954,0.4484161524420291,0.03387522788549864,0.03651990020297159,0.012628942488845517,0.07621795221255319,-0.01658139424730371,-0.005987704971141747,0.1976095583842726,0.01849787084623028,0.7875000000000001,0.006198426703878752,0.00857288661663562,0.8376300691770207,0.05230832281996011,0.08432349851651372,0.05428942472323524,0.002673947780523477,0.019525912128739813,0.01752319776238013,0.0043061501213342585,0.0029234216881318547,0.0038511424484958725,0.016094466866863142,0.0027343622494952697,0.034610932762158646,1.3877787807814457e-17,0.0001240079365079365,0.0001240079365079365,1.2939823245722502,2150.0377732311285
262147,1,18,M2,0,False,0.35994842121972054,0.9201421884536815,0.9240048743363345,0.35,0.0,0.0,0.21026689126156273,0.3072119062245035,0.3519839565269649,0.3787901129537533,0.0,0.0,3.8420952023006976,7.101360463537276,0.14521783129076526,0.6389774942461108,13.22188053142446,4.137158486609751,2.563864286812781,0.5222333515600821,0.01740371452366302,0.07447684118572413,0.04464105833742008,0.07540153160629937,0.002249828942141506,0.0007816089401031976,0.036673719232944095,0.006834354352117905,0.609375,0.0033788598286555323,0.010067643006472202,0.8524219572426526,0.07212828052231729,0.06553567624134612,0.056157965790398535,0.001456666203796318,0.0212080495070714,0.017568074864818033,0.005209707789438961,0.0034645110251907496,0.003050424539828943,0.003739009595546479,0.0015367254544747645,0.031694751800048326,2.7755575615628914e-17,0.014112103174603175,0.015178571428571428,1.6590228919149699,491.43302817418817
262147,1,18,M3,1,False,0.36781058996078175,0.9201421884536815,0.9240048743363345,0.35,0.0,0.0,0.21026689126156273,0.3072119062245035,0.3519839565269649,0.3787901129537533,0.0,-0.032129946071654536,3.8420952023006976,7.101360463537276,0.14526033697600588,0.6377817829766081,13.20203195233079,4.136813751601891,2.565431619574795,0.5206870784325169,0.016821289221227137,0.07326520597886975,0.04442267709336163,0.07521848584653178,0.0020850646652226185,0.0006931722045108444,0.03586440732968686,0.006653687757862037,0.609375,0.0033554428188546717,0.009863042446946458,0.8501974829492069,0.07186009670536143,0.06605179019921337,0.05701008635204293,0.0014418779237597614,0.02113205406243421,0.017605253295572502,0.005175211299207137,0.0034161778663033223,0.0030042051090758467,0.003732896109933978,0.0015254056261192561,0.031694751800048326,2.0816681711721685e-17,0.014012896825396826,0.01507936507936508,1.6652953683021443,490.45956917642206
262147,1,18,M2+O,2,False,0.12554226775427532,0.9201421884536815,0.9240048743363345,0.35,0.0,0.0,0.21026689126156273,0.3072119062245035,0.3519839565269649,0.3787901129537533,0.4367824238124445,0.0,3.8420952023006976,7.101360463537276,0.1407768424895114,0.639616725851399,13.421185812800175,4.1400000409110405,2.61488778168778,0.6484040229878906,0.03839122051078541,0.09250476994551685,0.054499077709023604,0.08218809002356835,0.006774414334182665,0.003634002354415246,0.11427735804853337,0.021986611397773102,0.828125,0.005510133623638576,0.013205042116044228,0.971876083760518,0.05409007857057172,0.08146360460950142,0.08449894575054336,0.002133750334630099,0.024806440003262327,0.0178378431287525,0.007390504006192506,0.0053789913002544485,0.00357943286522868,0.009167071460766452,0.002575443067800928,0.03258602397245379,2.7755575615628914e-17,0.015104166666666667,0.016096230158730157,1.7440131272972932,540.5848842991393
262147,1,18,M4,3,False,0.12985134137560478,0.9201421884536815,0.9240048743363345,0.35,0.0,0.0,0.21026689126156273,0.3072119062245035,0.3519839565269649,0.3787901129537533,0.4367824238124445,-0.032129946071654536,3.8420952023006976,7.101360463537276,0.14082625547484118,0.639263753817058,13.403424160489317,4.144434495504825,2.6100979843795855,0.6411587729377348,0.037849920172343475,0.0913059513092417,0.05425267743006006,0.08205315778126454,0.006644191576708164,0.0035564960595285897,0.11375404413047471,0.021838187558828454,0.828125,0.005487048886592805,0.013212371649548303,0.9688295207212451,0.05532975793916223,0.08194768052459676,0.08564094857066501,0.0021160529895728744,0.02470321647129667,0.017849420156337503,0.0074102896663981455,0.005332583316000456,0.0035548266428176677,0.0091319020831388,0.0025712583878570523,0.03258602397245379,2.0816681711721685e-17,0.01507936507936508,0.016121031746031748,1.7505942287884113,540.5285702948221
262147,1,19,M2,0,False,0.0014412709450353917,0.9201421884536815,0.9240048743363345,0.35,0.0,0.0,0.5377583326771856,0.1078785758284304,0.7122988943010569,0.0458333252557459,0.0,0.0,6.147785859182477,10.109249056316912,0.1735850297524362,0.45936495274585476,4.736505918086642,3.239584842548571,3.6146503512758152,0.5601847716329484,0.16165981231637513,0.02659316011667736,-0.0017923707946893644,0.0854385749839732,-0.013588259162585959,0.0018560200840307128,0.6164373481386867,0.04895112870821877,0.934375,0.011376448804288466,0.02066053386400193,0.8225736959222982,0.05602209717974076,0.11471958769716956,0.10248336927339385,0.007320745540864707,0.014578487404213806,0.013520111089017206,0.002480972029043786,0.007147695631111173,0.005724233589867266,0.023771673282882697,0.006904933324913414,0.01627802071301463,1.3877787807814457e-17,0.0,0.0,1.3479130474515983,66.91281483777419
262147,1,19,M3,1,False,0.0014526240055396321,0.9201421884536815,0.9240048743363345,0.35,0.0,0.0,0.5377583326771856,0.1078785758284304,0.7122988943010569,0.0458333252557459,0.0,0.002734182681888353,6.147785859182477,10.109249056316912,0.17358068511909408,0.45941222751852046,4.738423440447551,3.2397509713607713,3.6152380895261227,0.5604426150521702,0.1617325727104155,0.02683391764438317,-0.0015879969240051714,0.08545016475427304,-0.013582798249309724,0.0018704912613668875,0.6164455122054505,0.04897442116695801,0.934375,0.01137921619885989,0.020674101966889433,0.8230279520566057,0.05601923733695293,0.11416602355663118,0.10210858767994828,0.007322200950023133,0.014590616567905283,0.013516820669076847,0.0024805493708899774,0.007154057064752993,0.0057261943114204445,0.02376965507261848,0.006904676933566411,0.01627802071301463,1.3877787807814457e-17,0.0,0.0,1.3482407876142615,67.03025769588727
262147,1,19,M2+O,2,False,0.001902281465416255,0.9201421884536815,0.9240048743363345,0.35,0.0,0.0,0.5377583326771856,0.1078785758284304,0.7122988943010569,0.0458333252557459,0.06353756950472862,0.0,6.147785859182477,10.109249056316912,0.17294776068706336,0.46062577086085926,4.632706722356014,3.2497646117107744,3.5754097500515076,0.5378583261432183,0.1626275848960819,0.03372948999241143,-0.0013163675300114038,0.08521394553902126,-0.013842864765914297,0.0017633397077516143,0.6128013845113827,0.04858344404873353,0.9156249999999999,0.011753770931247454,0.021953291422065604,0.7352030410589937,0.05416386750303293,0.10628468057161887,0.09456087694871551,0.007092261149634138,0.013844001092274717,0.013335963724841105,0.0023026529392995484,0.006661557437351624,0.005874750469301879,0.023886250207684104,0.006933075857852736,0.021271435267356392,1.3877787807814457e-17,0.0,0.0,1.3484454201001652,80.40068466623678
262147,1,19,M4,3,False,0.0019340934173516734,0.9201421884536815,0.9240048743363345,0.35,0.0,0.0,0.5377583326771856,0.1078785758284304,0.7122988943010569,0.0458333252557459,0.06353756950472862,0.002734182681888353,6.147785859182477,10.109249056316912,0.1729427619519113,0.4607242661059907,4.634554210232002,3.249613811098755,3.574609978270786,0.5378661353036063,0.1627009948947486,0.03396701678608119,-0.001124560993785103,0.08522375033269275,-0.013837705022416213,0.0017938282081862182,0.6128104329866202,0.048606600368696115,0.9156249999999999,0.011756657452796878,0.021968586058288917,0.7356130726347836,0.0541155829922237,0.10634248681663358,0.09466704890712162,0.007094651070044296,0.013858988025290531,0.013330683181629695,0.0023027152262675155,0.006668574167936678,0.005877582367147446,0.02388362843100283,0.006932684438867231,0.021271435267356392,2.0816681711721685e-17,0.0,0.0,1.3487756116244067,80.54309495341002
262147,1,20,M2,0,False,0.06628270434796683,0.9201421884536815,0.9240048743363345,0.35,0.0,0.0,0.49215499800629925,0.2673284148553958,0.6132068322040141,0.07420814093349473,0.0,0.0,3.1204502838663757,8.220164174214005,0.1588121094772379,0.5521658351609161,9.10507156875834,3.5926482756406237,2.9558841984462427,0.5054915501920563,0.046889815924931355,0.024884459731843108,0.006027357408378359,0.07903062876550951,-0.020248989263843067,-0.001746698687063535,0.29363964288455713,0.03853939096072361,0.934375,0.008403407242134555,0.007772716478246979,1.3374705747709534,0.054506323639976026,0.09129450105093924,0.04684951919046266,0.003707529335007629,0.018066241374016908,0.013326371496688015,0.004180433949206829,0.003893589437105517,0.004724110314329005,0.019743495052083643,0.0038853383515715565,0.018096241552690805,2.0816681711721685e-17,0.006448412698412698,0.00716765873015873,1.5995643857073132,78.22774023412539
262147,1,20,M3,1,False,0.03792312319854562,0.9201421884536815,0.9240048743363345,0.35,0.0,0.0,0.49215499800629925,0.2673284148553958,0.6132068322040141,0.07420814093349473,0.0,0.26686673136427996,3.1204502838663757,8.220164174214005,0.158542879036381,0.558511523436392,9.185825133011772,3.5966233794860782,2.9495112887621024,0.48634132268266805,0.05251885557446746,0.03939757930619622,0.01673844560628945,0.08064574018912815,-0.019794648782960885,0.00028613995565287837,0.30069892420864486,0.0403765311370788,0.9375,0.008629717161671768,0.009408794418903943,1.3301545007303366,0.05663177403934895,0.10371068950885287,0.05028987308113955,0.0038755471288989553,0.01910033185114276,0.013543717830845669,0.004230627142437082,0.004516141299088545,0.00516906504438402,0.019442669047205492,0.003843073868707588,0.01796988221070652,2.0816681711721685e-17,0.006646825396825397,0.007415674603174603,1.7109810161445869,79.43676828941372
262147,1,20,M2+O,2,False,0.06002000418733091,0.9201421884536815,0.9240048743363345,0.35,0.0,0.0,0.49215499800629925,0.2673284148553958,0.6132068322040141,0.07420814093349473,0.07464393350596943,0.0,3.1204502838663757,8.220164174214005,0.15836582514199704,0.5559496214811606,9.205801035663384,3.5895628988733286,2.9301918824265782,0.41791223391530985,0.04800754754472431,0.03166769929999701,0.006849545065978663,0.07987347444586948,-0.019794115136270947,-0.0016847741633940353,0.294334396241713,0.038894984790960915,0.928125,0.008766137337124794,0.008461372740155824,1.3000252218741961,0.053827832048139575,0.09465919238760812,0.04976342644056054,0.0038704466367157097,0.01798552555813906,0.01427701619973074,0.00458295166065265,0.003727110530620228,0.004855715789347845,0.019989273769493877,0.00389983616474331,0.01705918007994522,2.0816681711721685e-17,0.006473214285714286,0.00716765873015873,1.746185143028282,77.83704461202908
262147,1,20,M4,3,False,0.03301056042338593,0.9201421884536815,0.9240048743363345,0.35,0.0,0.0,0.49215499800629925,0.2673284148553958,0.6132068322040141,0.07420814093349473,0.07464393350596943,0.26686673136427996,3.1204502838663757,8.220164174214005,0.1580419398991684,0.5618901441919975,9.292888027083213,3.633170525745191,2.942246144610486,0.4720523770314635,0.05369687183237848,0.045959103341417826,0.017728478748712057,0.08172966653153427,-0.019348001006169853,0.0003035199339406951,0.30142945251232367,0.040806682875144315,0.940625,0.009003761815167235,0.010006731428835883,1.295652059400438,0.06457243142909576,0.10409506983129853,0.056298957313351175,0.004056226187424486,0.01913385620770428,0.014483626446582774,0.004684914844422253,0.0044098715445288475,0.00529679643645303,0.019691910673863333,0.003832032105479761,0.014590771912410937,2.0816681711721685e-17,0.006696428571428571,0.007341269841269841,1.751631793587698,77.40834207322655
262147,1,21,M2,0,False,0.24015616336261644,0.9201421884536815,0.9240048743363345,0.35,0.0,0.0,0.14331607213243844,0.12460818756772674,0.44033395033329725,0.31354479265162216,0.0,0.0,5.890122597105801,8.60335953719914,0.16681026837027763,0.6131429043986465,8.733562443122262,3.776739715092515,2.7382477623371293,0.3647165504427363,0.02736570667017168,0.0899856092558628,0.05835487876891889,0.07488924656744587,0.006364452535362884,0.0027175507788828653,0.045680573014180416,0.005419681264410142,0.6156250000000001,0.0031363014998527766,0.0122861329132187,0.7400584864134249,0.07062948461885611,0.07987332462749351,0.06844904790531034,0.0017587812693063258,0.02238118444416318,0.01844317536135557,0.004156688005053334,0.005186151989899571,0.0033593109176012553,0.00471346739192811,0.001859063701782262,0.03497581009307242,2.0816681711721685e-17,0.0001984126984126984,0.0001984126984126984,1.3799109572754191,9201.9765666551
262147,1,21,M3,1,False,0.3415227061021303,0.9201421884536815,0.9240048743363345,0.35,0.0,0.0,0.14331607213243844,0.12460818756772674,0.44033395033329725,0.31354479265162216,0.0,-0.2916295423172414,5.890122597105801,8.60335953719914,0.16749800678357118,0.5965532020575107,8.39638549531157,3.719254994669982,2.7783963145389325,0.3674682714283563,0.01886976083802538,0.07276149237851762,0.04967752472786298,0.07345351028023528,0.0037891703925351334,0.001287106971455535,0.03567557149753374,0.003702209940783883,0.596875,0.002843343951699283,0.0101955068592944,0.7076481986102147,0.07123256980031623,0.07258669724804763,0.06141149957131929,0.001556636559391398,0.02155777721646451,0.018469507301490985,0.004087269325023871,0.004528293360288664,0.0028247055648492427,0.004712348465106867,0.0017009505552026502,0.03306204709834727,2.0816681711721685e-17,0.00017361111111111112,0.00017361111111111112,1.4029437736781323,8935.806179536103
262147,1,21,M2+O,2,False,0.09349266223524405,0.9201421884536815,0.9240048743363345,0.35,0.0,0.0,0.14331607213243844,0.12460818756772674,0.44033395033329725,0.31354479265162216,0.24245845871081995,0.0,5.890122597105801,8.60335953719914,0.1637633477304626,0.6179351897611923,8.820219251249465,3.8492968631684015,2.7313927197514993,0.39571232049864374,0.04302895873896622,0.10771959973706555,0.06071978597880692,0.07955337051232782,0.01012431087024654,0.004777248629860684,0.10233577036035506,0.01436615946485065,0.746875,0.004686463260619763,0.016975430090183527,0.7651970498335778,0.052226544092903296,0.07278000675961922,0.04971668918447737,0.0020320772917437747,0.024237881650926572,0.020354472396260318,0.006038109239944595,0.006296781497918729,0.0036171022629580504,0.009822727282674658,0.0022916768603042734,0.029036166384929903,2.0816681711721685e-17,0.00017361111111111112,0.0001984126984126984,1.3256003282179645,9104.446080199585
262147,1,21,M4,3,False,0.15663288453697674,0.9201421884536815,0.9240048743363345,0.35,0.0,0.0,0.14331607213243844,0.12460818756772674,0.44033395033329725,0.31354479265162216,0.24245845871081995,-0.2916295423172414,5.890122597105801,8.60335953719914,0.16453180814358895,0.6045962001595705,8.531086297368745,3.808218483444732,2.7804912417771397,0.4170957256275109,0.034897646943602076,0.0931762219524302,0.054255103186070595,0.07819374001981513,0.007750447293372659,0.003474528364328662,0.09597288991608782,0.012780334007362677,0.7250000000000001,0.004391971535165767,0.01493783018768012,0.7145260667666852,0.04813683990145572,0.07288655031912995,0.05548476090488725,0.001788847003315448,0.023308281068762607,0.020565963361384155,0.006046930932174448,0.0056410161223019685,0.003195666191291901,0.009343501756045421,0.0021609244379756642,0.036799003609699364,2.0816681711721685e-17,0.00014880952380952382,0.0001984126984126984,1.3585522572777373,8982.411786265797
262147,1,22,M2,0,False,0.4224306564856232,0.9201421884536815,0.9240048743363345,0.35,0.0,0.0,0.2340536013245583,0.44237179462099546,0.6821013414300978,0.13693118499757778,0.0,0.0,4.5555651700124145,11.834662965498865,0.13335896141346937,0.5999027686643219,12.723564746232189,4.092958035007791,2.669627481974952,0.6833548165999643,0.012748092927009501,0.010070169834753758,0.00040675521703991725,0.06691686878084108,-0.018025467734413037,-0.01142684300662516,0.040014313552730565,0.0079759946920133,0.66875,0.002826720845186494,0.00665117529967547,0.9968387084995171,0.052564099463684746,0.09152244925287904,0.10223426265476296,0.0017142434147875676,0.020953568073261333,0.01443264024618623,0.005109798159049292,0.0021797569141089423,0.002449077994574436,0.004560361934903072,0.0016390139011735348,0.02656556354882513,2.0816681711721685e-17,0.009821428571428571,0.011235119047619048,1.697919809140751,1397.2812171517096
262147,1,22,M3,1,False,0.44328306175633087,0.9201421884536815,0.9240048743363345,0.35,0.0,0.0,0.2340536013245583,0.44237179462099546,0.6821013414300978,0.13693118499757778,0.0,-0.15740945897996425,4.5555651700124145,11.834662965498865,0.13328093600865104,0.5984799452281894,12.73442088369438,4.0830385296483,2.6868491236149605,0.7159447036663804,0.011348441516946004,0.006880435680999927,-0.001539191980997029,0.06622916293588145,-0.017957677043436718,-0.011995804074449485,0.037956043605369014,0.007676052360257221,0.659375,0.002733147068921705,0.006542824015094604,0.997383344822112,0.05356994385292558,0.09770583849292937,0.10896134179785905,0.001659075079421041,0.020400054832415925,0.014421730976469092,0.005041296043900142,0.002077537558831833,0.0022508012444109786,0.004472536582475162,0.0016036945971693907,0.026306981804583105,2.0816681711721685e-17,0.009697420634920635,0.011135912698412699,1.6588722758376517,1392.8312684492896
262147,1,22,M2+O,2,False,0.4026405254361294,0.9201421884536815,0.9240048743363345,0.35,0.0,0.0,0.2340536013245583,0.44237179462099546,0.6821013414300978,0.13693118499757778,0.12330638894698835,0.0,4.5555651700124145,11.834662965498865,0.133079319838242,0.6022714370536216,13.14883727450727,4.131142959479933,2.7030702418028136,0.7188143673463832,0.014065007506912586,0.013121195522037594,0.004014380438583061,0.06747462293551763,-0.017303168084911058,-0.01087520017312459,0.04366205666131868,0.008650283674947825,0.671875,0.00315181933779527,0.007301786200167151,1.0562452958290267,0.06390669692060527,0.07734640413296547,0.07315096475927388,0.0019792965773471616,0.021747606356164146,0.01474330699643412,0.005748474760057226,0.0020808672844944342,0.002689232904796016,0.005480988227518883,0.001827892428342471,0.02737423895441357,2.0816681711721685e-17,0.009895833333333333,0.011111111111111112,1.9258939759631815,1354.8759313037958
262147,1,22,M4,3,False,0.4234638731308583,0.9201421884536815,0.9240048743363345,0.35,0.0,0.0,0.2340536013245583,0.44237179462099546,0.6821013414300978,0.13693118499757778,0.12330638894698835,-0.15740945897996425,4.5555651700124145,11.834662965498865,0.13301894966137434,0.598999780227929,13.161656029500396,4.130318404294438,2.7090441199173836,0.7263889143751936,0.012632338785925214,0.009381751987464777,0.0021345302290528053,0.06686833721214522,-0.017260460604424523,-0.011371780078104434,0.041519851244306835,0.00830814941101879,0.6625,0.0030470568102469757,0.006851298692489976,1.0610562772103087,0.06665746505497441,0.08015977059706435,0.07686310850012505,0.0019195574159457424,0.021144451429381015,0.014683971450586395,0.005730972474003788,0.0019696110521614002,0.0024891288229728953,0.005458514872521,0.0017855188273760865,0.028321075779944048,2.0816681711721685e-17,0.009796626984126984,0.010987103174603175,1.9362897660943394,1346.5758001749136
262147,1,23,M2,0,False,0.06525303868046808,0.9201421884536815,0.9240048743363345,0.35,0.0,0.0,0.3459912556689233,0.16752985613526084,0.2611784478649497,0.17002054078342238,0.0,0.0,5.330007710959762,5.436608745716512,0.17370415354565769,0.5462729412838422,6.51570965825379,3.375973049703532,3.0821292520684063,0.43812874272455427,0.04708907070010908,0.07059518195327627,0.04365116576179266,0.07847368319011847,0.001443822186175153,0.004547758832551613,0.2481170553454062,0.022934778215864645,0.8625,0.00724184998276256,0.013177020113372311,0.796699786369506,0.04794892312559564,0.10190738257890261,0.07277378438869825,0.002568497180730362,0.018972873382662826,0.015113935147007243,0.0033007878913090165,0.005395890462249819,0.004465819914393505,0.018906220812539426,0.00317341649543837,0.032113081446662826,1.3877787807814457e-17,4.96031746031746e-05,7.440476190476191e-05,1.4105457170198783,2574.1146163059548
262147,1,23,M3,1,False,0.039125240226658836,0.9201421884536815,0.9240048743363345,0.35,0.0,0.0,0.3459912556689233,0.16752985613526084,0.2611784478649497,0.17002054078342238,0.0,0.1385877847671509,5.330007710959762,5.436608745716512,0.17330347451332345,0.5510873748853664,6.633484871453161,3.3885927243947895,3.070253798791927,0.4534009871249295,0.05231434159406467,0.08181521228342946,0.04853844039576917,0.07939750482486095,0.002701747065383701,0.005370751298392595,0.25219058936305505,0.024063381455935545,0.8687499999999999,0.007374413322215925,0.013755290253988238,0.8064318913956852,0.051110948284606314,0.10636239616056267,0.07953491812009564,0.0027425535648632165,0.01954739743049308,0.015106905961732316,0.003208485520649858,0.005840694832061091,0.004726377245056005,0.018508416950392563,0.0031942571724253646,0.03223449239556907,2.0816681711721685e-17,4.96031746031746e-05,7.440476190476191e-05,1.4336573629659781,2612.578839484281
262147,1,23,M2+O,2,False,0.060029845953876344,0.9201421884536815,0.9240048743363345,0.35,0.0,0.0,0.3459912556689233,0.16752985613526084,0.2611784478649497,0.17002054078342238,0.04387590931230058,0.0,5.330007710959762,5.436608745716512,0.17343973535453527,0.5449368884305832,6.48507928397685,3.385834136535013,3.107478823038011,0.4353128960964592,0.04803354324647677,0.07635988729602707,0.04479199414968675,0.07886635327940901,0.0020220335327755697,0.004680839744075446,0.2486535049718846,0.023144263433738686,0.8687499999999999,0.0074890084866953595,0.013452156246109076,0.7730176215442556,0.0548945333916132,0.09924873796661135,0.06639105073587459,0.00268283587130108,0.01885825696399222,0.01524290020325328,0.003122695176826258,0.005432925587708521,0.004516229828711294,0.019524173500849003,0.0032387168459949056,0.03190970333090965,1.3877787807814457e-17,4.96031746031746e-05,9.92063492063492e-05,1.4058178346013572,2571.8083185622754
262147,1,23,M4,3,False,0.03501431364220509,0.9201421884536815,0.9240048743363345,0.35,0.0,0.0,0.3459912556689233,0.16752985613526084,0.2611784478649497,0.17002054078342238,0.04387590931230058,0.1385877847671509,5.330007710959762,5.436608745716512,0.17302062642501134,0.5498603406492315,6.601499339330109,3.41566536515525,3.1201573311309203,0.4639844325068004,0.053284591547708364,0.08740708555815897,0.04977929707317903,0.07982055472531238,0.0032769005084008684,0.005498171816866655,0.2527059229043339,0.024288175438233646,0.86875,0.007625024516793926,0.013736859575577342,0.7835033548393836,0.0568307077257394,0.10553897223563251,0.08103547627473096,0.0028604246705650847,0.019434565176388117,0.015180185786373944,0.0030376250170408535,0.005871688392874545,0.004771027652121352,0.01912319978055443,0.0032553553956413714,0.032556041426029254,2.0816681711721685e-17,4.96031746031746e-05,9.92063492063492e-05,1.4033825291737099,2611.157410593603
262147,1,24,M2,0,False,0.23078386510394894,0.9201421884536815,0.9240048743363345,0.35,0.0,0.0,0.3791542425751686,0.28226221750688424,0.6319925566203892,0.29938503356734153,0.0,0.0,3.3136513018980622,7.8000976936891675,0.1491212513567297,0.5940929278705579,11.468385972168988,3.929189096514775,2.741512560676086,0.5949646152898735,0.026886117733240705,0.05360593977460486,0.022840743384072902,0.07596538709564975,-0.011731605981902031,-0.0016420125884284535,0.12106941428746441,0.016815693130593383,0.75625,0.005566401696396329,0.009796537092961162,1.1490510013758497,0.05098967413980594,0.09012817885271884,0.07416117212559163,0.002076641871189405,0.023217843452961913,0.01545032400097564,0.005366837206164229,0.003721733009941321,0.003975627306268747,0.01054734706604376,0.0022334095863394943,0.041300474169997936,2.0816681711721685e-17,0.01949404761904762,0.021453373015873016,1.9312078650649758,219.72426865288833
262147,1,24,M3,1,False,0.21645835074274253,0.9201421884536815,0.9240048743363345,0.35,0.0,0.0,0.3791542425751686,0.28226221750688424,0.6319925566203892,0.29938503356734153,0.0,0.06778144016861914,3.3136513018980622,7.8000976936891675,0.1490603136716745,0.5967356884830951,11.487140519974782,3.9329818276274295,2.748660419251506,0.5942962052881362,0.02823887105099567,0.056830172388376114,0.024412746728112538,0.07637105706837885,-0.011466518559878906,-0.0013571454963767831,0.12310952602414132,0.017219655059248898,0.7593749999999999,0.0056160469922384,0.01050011252383799,1.1461821527538585,0.04778762259250712,0.08887966438427322,0.07498298114414556,0.0021149656301559802,0.0233898887928537,0.01535481818293085,0.005445513758152088,0.0038404935713507444,0.004074415316757375,0.010497194411669419,0.0022408452767808894,0.04113462400055052,2.0816681711721685e-17,0.01966765873015873,0.021527777777777778,1.9166935456167487,220.10429958541403
262147,1,24,M2+O,2,False,0.17098991520279255,0.9201421884536815,0.9240048743363345,0.35,0.0,0.0,0.3791542425751686,0.28226221750688424,0.6319925566203892,0.29938503356734153,0.20407124519520659,0.0,3.3136513018980622,7.8000976936891675,0.14784624789868842,0.5957090598976843,11.61475580972299,3.970302538339573,2.690052191855584,0.5054982189452605,0.03282104628183044,0.06616708888474322,0.026634715707907826,0.08083094821608328,-0.00985651132401374,-0.001180092349281173,0.13794323338601458,0.02072126709847375,0.84375,0.006483346936905712,0.011756734893466219,1.0640092472322202,0.06405364218046929,0.07761327288292544,0.06382217272167702,0.0025334798811352086,0.02469650979332225,0.01652985345457244,0.006890172697342701,0.004196495353908811,0.003987238341412677,0.012866917738492127,0.002500505813894956,0.031581574269395334,2.0816681711721685e-17,0.01966765873015873,0.021825396825396824,2.144444416118897,209.84822564817904
262147,1,24,M4,3,False,0.15883976220615253,0.9201421884536815,0.9240048743363345,0.35,0.0,0.0,0.3791542425751686,0.28226221750688424,0.6319925566203892,0.29938503356734153,0.20407124519520659,0.06778144016861914,3.3136513018980622,7.8000976936891675,0.1477688265169866,0.5973552480397941,11.633425419855298,3.976572958086744,2.7045385943347986,0.5310585910495598,0.0341633551731203,0.0692284916874,0.027690512164005546,0.08113020634193617,-0.009605483288907637,-0.0009266451748503931,0.1398588150118469,0.021144200372396026,0.846875,0.006537382807355184,0.011965340854563513,1.064100855825879,0.06264081744922122,0.07700190485219476,0.06877795197727951,0.0025771840572787956,0.02487430867839969,0.016429667364419052,0.006960797898987119,0.004332941261180346,0.004062476519987516,0.012859274831485365,0.0024916956125130827,0.03009317129073194,2.0816681711721685e-17,0.01984126984126984,0.021800595238095237,2.1482073807218427,209.57753678527945
262147,1,25,M2,0,False,0.00048603645392701834,0.9201421884536815,0.9240048743363345,0.35,0.0,0.0,0.2573045510333032,0.11895239193747366,0.30287009943276644,0.05598635705388116,0.0,0.0,5.807638450991362,8.948277187533677,0.1888708236165639,0.42472626004756986,2.457728624419532,2.970700623451731,4.065476304375119,0.5404625612309126,0.06995209791226678,0.04755772696172979,0.02948944806469502,0.07677854463003858,-0.009180098378910841,-0.002626769442161861,0.3937058700515925,0.009733515612173614,0.68125,0.006047824347800953,0.010954407060966249,0.4242138387754787,0.04179507698671788,0.11783808659819867,0.09644618337137222,0.0033920412907658248,0.016854801649399256,0.014920096055499984,0.002541828338162923,0.005079459885145553,0.005046100980786873,0.023795383702711635,0.0029609030705124244,0.03949551662319829,1.3877787807814457e-17,0.0,0.0,1.146109581596891,33.23399941483961
262147,1,25,M3,1,False,0.0016437129374577098,0.9201421884536815,0.9240048743363345,0.35,0.0,0.0,0.2573045510333032,0.11895239193747366,0.30287009943276644,0.05598635705388116,0.0,-0.054581019654870055,5.807638450991362,8.948277187533677,0.1888988220795062,0.42171374738541895,2.43430217844005,2.9722390195933244,4.054363821283083,0.5388054648421321,0.0669559789351678,0.03840313947096241,0.02257106069534256,0.07668076042806107,-0.009750547650093706,-0.003384765805126656,0.39167155329145376,0.00949072242435927,0.6875,0.0059809052086497155,0.010294120206103576,0.41969610037311095,0.04237971615653716,0.12340255054160329,0.09954866241913324,0.0033041099672220632,0.016526454593858573,0.014855676509451457,0.002540077582823704,0.004813767253242385,0.004894691800911323,0.0239120686896531,0.0029186265388858003,0.03939648884524271,1.3877787807814457e-17,0.0,0.0,1.1478215765679187,32.985836793067755
262147,1,25,M2+O,2,False,0.0005216050777104989,0.9201421884536815,0.9240048743363345,0.35,0.0,0.0,0.2573045510333032,0.11895239193747366,0.30287009943276644,0.05598635705388116,0.026509277326364232,0.0,5.807638450991362,8.948277187533677,0.18874098639920023,0.4226633454289598,2.4388579053758046,2.956627977703815,4.0750902675516,0.5750013410053598,0.0708734437438491,0.05294581807599531,0.03028860322060232,0.07660454041200566,-0.008736482188617788,-0.002394091218619262,0.39331476389964637,0.009721427937842603,0.6875,0.006198208428617131,0.010776636884961112,0.4070004987966027,0.03986699088175131,0.11704161064954706,0.10075408186815465,0.0034213812637333444,0.016598741718940126,0.014913466883961828,0.002520904076814603,0.005048428616694499,0.00514283001308292,0.023836510765731917,0.002999029985213108,0.03913118960624632,1.3877787807814457e-17,0.0,0.0,1.1337081552016612,32.88753398250459
262147,1,25,M4,3,False,0.0010966618601149442,0.9201421884536815,0.9240048743363345,0.35,0.0,0.0,0.2573045510333032,0.11895239193747366,0.30287009943276644,0.05598635705388116,0.026509277326364232,-0.054581019654870055,5.807638450991362,8.948277187533677,0.18877395284925835,0.41941296540786766,2.415741270962,2.9597720236347893,4.068049973674779,0.573322804449533,0.06786846936280684,0.04389396456307489,0.023703284213948544,0.07650646184108686,-0.009305592769009321,-0.0031365856425874935,0.3912692195951934,0.00948125924014362,0.6812499999999999,0.006129801481532147,0.010163700526372995,0.40264955741472275,0.04264795036388138,0.11315118795999736,0.0949198793448884,0.0033229971697302106,0.016266760217164344,0.014931164749523228,0.002510253744271432,0.004772829330385913,0.005005927456263435,0.023962685867394626,0.0029579442897617,0.04053676314984543,1.3877787807814457e-17,0.0,0.0,1.1359122745557855,32.64127928292139
262147,1,26,M2,0,False,0.44707884928677266,0.9201421884536815,0.9240048743363345,0.35,0.0,0.0,0.1239194576162845,0.3836667582172082,0.5768955540843308,0.16255465762541366,0.0,0.0,4.530867753084749,11.40776726230979,0.14364464645477976,0.5944727375595871,11.090996597085894,3.976736189500122,2.696433454949764,0.627403211602183,0.011447968707942326,0.022812979743028004,0.014442598858195668,0.06802774076563536,-0.015221034763066963,-0.009951240735068725,0.02034022712289312,0.003963557114945669,0.5968749999999999,0.001954488881224684,0.005449736407332468,0.6952110446134554,0.0515038954740345,0.07015377986559175,0.08130064084722274,0.001453291915560412,0.021103294064165026,0.0157324049145556,0.004621165382400185,0.002109454363541867,0.002185373335365513,0.00321409324453747,0.001400082727982832,0.025194555463432966,2.0816681711721685e-17,0.0052827380952380956,0.006324404761904762,1.4960930354275297,1138.2572471131043
262147,1,26,M3,1,False,0.47997303721950246,0.9201421884536815,0.9240048743363345,0.35,0.0,0.0,0.1239194576162845,0.3836667582172082,0.5768955540843308,0.16255465762541366,0.0,-0.17705247169360516,4.530867753084749,11.40776726230979,0.14360449081162857,0.5903416221889655,11.068785085598899,3.9640055407855357,2.7515783231788067,0.6520721401962989,0.009282500941993087,0.018053990311724676,0.010190339899335784,0.06728127605816892,-0.015445405843673139,-0.010669908962202858,0.017802504892295113,0.0036141417957370756,0.584375,0.0018422548167958861,0.005290815520221619,0.6954959398183547,0.051213967426827836,0.07874161833123178,0.09048139719663915,0.0013714647379862734,0.020688885488990214,0.016083647591871926,0.004625815095040181,0.0019426037728845706,0.0019102275807517627,0.003071029109953437,0.0013599759569201861,0.029481191037676886,2.0816681711721685e-17,0.00523313492063492,0.006175595238095238,1.4954736372868316,1140.246867395327
262147,1,26,M2+O,2,False,0.44272134908985,0.9201421884536815,0.9240048743363345,0.35,0.0,0.0,0.1239194576162845,0.3836667582172082,0.5768955540843308,0.16255465762541366,0.04510557965094667,0.0,4.530867753084749,11.40776726230979,0.14359652754046043,0.5942330112041722,11.202565293267408,3.986719450666115,2.712069648965115,0.6408214326456083,0.011739548285688933,0.02427799567878482,0.015385291937242591,0.0679988733908129,-0.01484638367037547,-0.009680165125827813,0.02075348625418895,0.004096896565966827,0.5906250000000001,0.0020588226251499237,0.006101895464307976,0.7210992023753724,0.05371585675300935,0.07188465080468888,0.07184792331558167,0.0015279978761881788,0.02133270991724337,0.01628615226403739,0.004968634054846683,0.002116084781141801,0.0023058856346690956,0.0034760432955943214,0.001435503281046297,0.028946340442273524,2.0816681711721685e-17,0.005208333333333333,0.0062748015873015876,1.5264935604159344,1135.6088478624322
262147,1,26,M4,3,False,0.47577937326703423,0.9201421884536815,0.9240048743363345,0.35,0.0,0.0,0.1239194576162845,0.3836667582172082,0.5768955540843308,0.16255465762541366,0.04510557965094667,-0.17705247169360516,4.530867753084749,11.40776726230979,0.14356479748354808,0.590294054490987,11.178786451259349,3.963533162233845,2.7377898862410106,0.6435404393188754,0.009552048657195621,0.019388904311119767,0.011441440497337647,0.06718726368486175,-0.015094256780518338,-0.010402070826826714,0.018152542617086383,0.003736061638677979,0.58125,0.001939365643916276,0.005910301449261574,0.7222032517966122,0.054716047139525395,0.07330773069212952,0.07594127478408252,0.0014434372212275015,0.020889390127872793,0.01667130967838862,0.004956509130728419,0.0019384671282632142,0.0020262452566925026,0.0033791497749202054,0.001393939039827577,0.028090256317805287,2.7755575615628914e-17,0.005109126984126984,0.006175595238095238,1.5544437038294485,1137.447378509971
262147,1,27,M2,0,False,0.009355009287178504,0.9201421884536815,0.9240048743363345,0.35,0.0,0.0,0.45535568585619335,0.19652263054240873,0.49972223583608866,0.10318803393042611,0.0,0.0,5.465421999804676,5.774697173386812,0.16814550587380647,0.5335363713528547,7.036472837536741,3.4411139920344134,3.144201068220574,0.3782464190734315,0.061423707508773275,0.03928104794703294,0.017578102192716057,0.08195310896102928,-0.013733783230722765,0.0018068078323895099,0.3543978304453369,0.03709156876215419,0.9312499999999999,0.008903095631175991,0.012409010097721824,1.0695037095966646,0.054177902582598504,0.09087206029803863,0.03967112990925121,0.0038653286111234426,0.017701393348127516,0.014479060194906714,0.003590907192188016,0.005073049379044414,0.004862117191151529,0.022469798546070285,0.004335126894631798,0.018185960702329328,1.3877787807814457e-17,2.48015873015873e-05,4.96031746031746e-05,1.5472096804645639,3151.5627683715807
262147,1,27,M3,1,False,0.001103712785465489,0.9201421884536815,0.9240048743363345,0.35,0.0,0.0,0.45535568585619335,0.19652263054240873,0.49972223583608866,0.10318803393042611,0.0,0.20781029062345624,5.465421999804676,5.774697173386812,0.16768893006692417,0.541461775179815,7.19568551430892,3.483214092808258,3.137953002585677,0.4186762048139021,0.06756721636197108,0.05497778660025185,0.027356029257218,0.08300333428819576,-0.012637335210002792,0.0034340573478006914,0.35793860780273234,0.038707889135701196,0.9375,0.009092378124552252,0.013814630155553223,1.0880525539143608,0.06133113624438918,0.09576651114615209,0.04952494374116754,0.004062625145550588,0.018603463988823312,0.014490972130887216,0.0036713254201477573,0.00573778273390084,0.005207808366007039,0.02202765069145222,0.00429527088755351,0.014790199457749037,2.0816681711721685e-17,2.48015873015873e-05,4.96031746031746e-05,1.5665492879714524,3174.5013941111174
262147,1,27,M2+O,2,False,0.00034634480603083876,0.9201421884536815,0.9240048743363345,0.35,0.0,0.0,0.45535568585619335,0.19652263054240873,0.49972223583608866,0.10318803393042611,0.40116858868017596,0.0,5.465421999804676,5.774697173386812,0.15767922055045253,0.5545893563458296,8.518253952275629,3.574000593603569,3.0007906101139095,0.520066752024567,0.10241062412891946,0.06723025896366346,0.020283584768650602,0.08843886538015819,-0.005275308813329551,0.003017322092994822,0.3850054920735879,0.054259716825442394,0.971875,0.011057080748671025,0.018202176361906783,0.9307094771120221,0.07023112648287826,0.09628664143864944,0.07155618942612674,0.0043019806499052056,0.02497100854816066,0.014246791882694763,0.005271972570665514,0.006934625673857177,0.0048759616992523225,0.020285666791160423,0.003858201853211198,0.010174262872562316,2.0816681711721685e-17,4.96031746031746e-05,9.92063492063492e-05,1.1294390620243238,3473.7720178193513
262147,1,27,M4,3,False,0.00042873711103525976,0.9201421884536815,0.9240048743363345,0.35,0.0,0.0,0.45535568585619335,0.19652263054240873,0.49972223583608866,0.10318803393042611,0.40116858868017596,0.20781029062345624,5.465421999804676,5.774697173386812,0.15704670208664356,0.5621823818493019,8.696768933382028,3.60023621013915,3.015316939632929,0.5751122184945282,0.10717668770514263,0.07753037722555482,0.028089895795467796,0.09058091403925789,-0.004417274898764435,0.004257933059119767,0.3861842148005703,0.055601406915037774,0.98125,0.011261936833556183,0.01919097283913845,0.9531975916227668,0.06579574107392132,0.10374434694185261,0.08393796403007552,0.00449720140810353,0.025934910835495616,0.014333570649529746,0.005377342862578398,0.007460070580563606,0.005139516382109758,0.020284522686080515,0.0038317662180202892,0.007739239842086132,1.3877787807814457e-17,4.96031746031746e-05,9.92063492063492e-05,1.2177008351457919,3485.2926690323975
262147,1,28,M2,0,False,0.27954755045844903,0.9201421884536815,0.9240048743363345,0.35,0.0,0.0,0.5152211816515774,0.4847004110659011,0.33325081830844283,0.09106491518213497,0.0,0.0,4.239035755861551,10.777519042603672,0.1415620911375033,0.6053915618039242,13.148474280309294,4.005376444172063,2.648372073900832,0.5510345441238838,0.022428974924943088,0.02278628483702374,0.020528269590582276,0.07794049618728104,-0.007593684436350667,-0.00040634934435365396,0.15490107385217053,0.02530045589748357,0.871875,0.007053283194500033,0.007551917037552612,1.316631004519261,0.07988071256377534,0.10245048210741979,0.07576749230185195,0.0019513302308399355,0.018392851775506078,0.014892657753342142,0.005568764408308416,0.002834123511806442,0.0038905273658666603,0.0127879236922712,0.0027237074104766233,0.018239580358842322,2.0816681711721685e-17,0.008779761904761905,0.009474206349206349,1.9206439208151984,688.5586238007837
262147,1,28,M3,1,False,0.2615372744619527,0.9201421884536815,0.9240048743363345,0.35,0.0,0.0,0.5152211816515774,0.4847004110659011,0.33325081830844283,0.09106491518213497,0.0,0.11647675698623061,4.239035755861551,10.777519042603672,0.14152608977446757,0.6059416216630455,13.148866730164645,4.0165401778574035,2.641610375954597,0.5492711095709645,0.023989530292941118,0.026233147507345962,0.022755915935993503,0.07867674728021011,-0.007356735251017014,2.542932041329788e-05,0.157727669858999,0.0258942018721548,0.8812499999999999,0.007128551088487865,0.007631315309340854,1.3144144230503856,0.08128107849905064,0.11210995637592565,0.08760552198493475,0.00201462104290552,0.018707258173032006,0.015122159310801318,0.00554798261305128,0.0030242805024771704,0.004041129836234568,0.012766089583977347,0.0027122063891846684,0.01760385847856467,2.0816681711721685e-17,0.00890376984126984,0.009573412698412699,1.9570197229816775,686.2782143980961
262147,1,28,M2+O,2,False,0.16530552642371704,0.9201421884536815,0.9240048743363345,0.35,0.0,0.0,0.5152211816515774,0.4847004110659011,0.33325081830844283,0.09106491518213497,0.32269123986042725,0.0,4.239035755861551,10.777519042603672,0.13857417244439915,0.6081764866449156,13.788096298294159,4.03802740225056,2.6091454054519354,0.5452240484863212,0.03343544121108964,0.034054120963346195,0.015464619374318993,0.08128593726711708,-0.004845178312608802,0.0013205152250248195,0.18282437032322288,0.0317481179527858,0.921875,0.00844459300719045,0.011484651461544345,1.3763982629248226,0.07810377004687935,0.09644996465618279,0.04828907588954139,0.002529554770148104,0.019975381763770016,0.016884871142697176,0.0066939506131680196,0.003934013608785811,0.004149250015384953,0.01421947561309938,0.0030143826108198165,0.01987919242994208,2.0816681711721685e-17,0.009126984126984128,0.00992063492063492,2.043075748480665,670.6750380132744
262147,1,28,M4,3,False,0.15144748737504982,0.9201421884536815,0.9240048743363345,0.35,0.0,0.0,0.5152211816515774,0.4847004110659011,0.33325081830844283,0.09106491518213497,0.32269123986042725,0.11647675698623061,4.239035755861551,10.777519042603672,0.13847483340764224,0.6108956513023692,13.801048133036353,4.047535038858939,2.61738955928614,0.5665396070734074,0.035006266563557306,0.03721851144594431,0.017571787113116705,0.0818255844663199,-0.0046650413955310254,0.0016746297169513641,0.18538172828520183,0.0323360488853696,0.921875,0.008529888641249697,0.01247971209617175,1.3715561503390958,0.07892379409431678,0.09331355485041867,0.04731574341169559,0.0025973308605676745,0.0203934952816348,0.0168437933403357,0.006760513528116817,0.004145548737778102,0.004272094836340113,0.014272247663792812,0.002983520210792694,0.019879192429942082,2.0816681711721685e-17,0.009226190476190476,0.01001984126984127,2.1078705533980564,669.0877828812291
262147,1,29,M2,0,False,0.2562978341653841,0.9201421884536815,0.9240048743363345,0.35,0.0,0.0,0.17649996895343067,0.15488746632867742,0.7228590399026871,0.2593026352049765,0.0,0.0,4.764273941516876,6.0195685951039195,0.16522581896579042,0.5734010922478348,7.979249786603473,3.66343566540687,2.9211263669898306,0.5079456030252715,0.025432448465325094,0.07374711509373957,0.04282815142479548,0.07295821760471302,-0.009031261512946734,-0.002771175227291157,0.061893182621625575,0.006353241359303045,0.6375000000000001,0.003378691627528498,0.010712915642023082,0.791876609962237,0.056355384162094076,0.07432014905276858,0.06838334466897877,0.0018680126668996558,0.023438311745382523,0.016621351541927242,0.0035434540788794873,0.004613167504237781,0.003578048067592542,0.006485126431943939,0.0018818458688719603,0.03992179855667828,2.0816681711721685e-17,0.00047123015873015874,0.0006696428571428571,1.4490109649111946,1449.4983845530815
262147,1,29,M3,1,False,0.28666465685037357,0.9201421884536815,0.9240048743363345,0.35,0.0,0.0,0.17649996895343067,0.15488746632867742,0.7228590399026871,0.2593026352049765,0.0,-0.09201815025880933,4.764273941516876,6.0195685951039195,0.16541272908321075,0.5698081226265393,7.899435980933467,3.6684800092257963,2.917778663870979,0.48397580337242707,0.022824429898464595,0.0678198425501732,0.039110903134749075,0.07239998403697079,-0.009768634134762234,-0.003342866070985616,0.05857714020302911,0.00584614897775705,0.628125,0.003283467446057596,0.010616857919020235,0.7865298291013229,0.05593838400944949,0.07178031536266768,0.06280573403052007,0.0017915301228794334,0.023210721736796062,0.016549920667759347,0.0035108109915607225,0.004373636966725791,0.0033866061805727554,0.0065715452635895545,0.0018259406334816934,0.03978293970619399,2.0816681711721685e-17,0.0004464285714285714,0.0006448412698412698,1.4634678929313265,1436.190212419194
262147,1,29,M2+O,2,False,0.2289550808159325,0.9201421884536815,0.9240048743363345,0.35,0.0,0.0,0.17649996895343067,0.15488746632867742,0.7228590399026871,0.2593026352049765,0.08598722398913808,0.0,4.764273941516876,6.0195685951039195,0.16481663143455982,0.5734797672494452,8.005919255748683,3.6503917368143677,2.8967426173561277,0.465789516140338,0.027824974067655973,0.08377274569091697,0.04706110184787393,0.07453005938586245,-0.00757544288727424,-0.002073558413062947,0.06917550043920809,0.007689565528656878,0.65,0.0038136404917729063,0.012314028359267938,0.7961797383014073,0.06686107108252193,0.06729469448505555,0.055047800269973815,0.0019960459233060303,0.02395480582566372,0.018577489444803398,0.0044133416070895265,0.0048384256274501235,0.0036947019763505836,0.007949135044671964,0.00199442326749997,0.03505947327993772,2.0816681711721685e-17,0.00047123015873015874,0.0006944444444444445,1.517160465103602,1391.0665267652294
262147,1,29,M4,3,False,0.25806229360219496,0.9201421884536815,0.9240048743363345,0.35,0.0,0.0,0.17649996895343067,0.15488746632867742,0.7228590399026871,0.2593026352049765,0.08598722398913808,-0.09201815025880933,4.764273941516876,6.0195685951039195,0.16502030472720058,0.5687867675346667,7.92872877325223,3.6464056821547794,2.923390286825223,0.46505555303013757,0.02518366969472269,0.07798887989355618,0.04375967083494608,0.07391895390613853,-0.008324821073421017,-0.002613152852585875,0.06593239009230356,0.00716862464987815,0.65,0.0037148412919624147,0.01182863735706395,0.7918389041112359,0.06632058862593565,0.0658862605753396,0.055285253347903476,0.0019142416951281776,0.023709096408948478,0.018669550968262262,0.004365065674047237,0.004590108655908825,0.0035186039447897264,0.008012825407832857,0.0019472520113093528,0.03651483716701108,2.0816681711721685e-17,0.00047123015873015874,0.0006200396825396825,1.5215342724504097,1377.7388169854698
262147,1,30,M2,0,False,0.1503305627202278,0.9201421884536815,0.9240048743363345,0.35,0.0,0.0,0.32392693283036356,0.24095786814142706,0.4029961838386953,0.047529484281293666,0.0,0.0,3.487501574680209,7.610767846927047,0.17291674575938815,0.5258695271756187,6.168108135565161,3.325887247986584,3.2633326727102894,0.41751496665259713,0.03511044023378514,0.032263054577612055,0.021921079545545816,0.07720592766594098,-0.015542100335091449,-0.0038597742645190784,0.23670915318938382,0.020909150620744537,0.83125,0.006423124781701862,0.007021970620302665,0.8875793772777665,0.042378663399437425,0.0841375989737306,0.05285581736242726,0.002576442342459779,0.01846385526513185,0.01471984335781421,0.003542698729217205,0.0034664920435206223,0.004253962809101371,0.017413113816917607,0.00304839809204076,0.027338541170540413,2.0816681711721685e-17,0.0008680555555555555,0.0008928571428571428,1.2893400002847448,136.06222761358546
262147,1,30,M3,1,False,0.21714452687565503,0.9201421884536815,0.9240048743363345,0.35,0.0,0.0,0.32392693283036356,0.24095786814142706,0.4029961838386953,0.047529484281293666,0.0,-0.31326951589435337,3.487501574680209,7.610767846927047,0.17291069658552963,0.5222429844429667,6.03738993302651,3.31962953677178,3.2517829068135833,0.3962890054745695,0.028136417381324195,0.005648336205515133,-0.0012853629636602483,0.07554104391829489,-0.01642622028610074,-0.006789150206359244,0.22396676354020922,0.018909173486177433,0.8312499999999999,0.006106420555791261,0.006616109398806356,0.8626354071128399,0.03811977999821851,0.07800895320946956,0.0393859779167543,0.0022667943561283195,0.017373926384977544,0.01425699844041763,0.003644078499656859,0.00265608140040374,0.0035476075056578823,0.01747981434700541,0.0029867270997692283,0.02695482331605978,2.0816681711721685e-17,0.0007936507936507937,0.0008928571428571428,1.245710315185106,135.90524260062466
262147,1,30,M2+O,2,False,0.14666039167024011,0.9201421884536815,0.9240048743363345,0.35,0.0,0.0,0.32392693283036356,0.24095786814142706,0.4029961838386953,0.047529484281293666,0.03193639404332568,0.0,3.487501574680209,7.610767846927047,0.1727829226510274,0.5265529904479491,6.156842667646949,3.3428264288349046,3.278618601929698,0.4355388187834368,0.03553957165114929,0.03649446408472925,0.023160510517412622,0.07744487052866378,-0.015167584181400337,-0.003696451286529689,0.2370139766882681,0.02098373213545158,0.828125,0.006583546541221061,0.007289491999354857,0.8688407000973607,0.046155014995623016,0.08801291409841606,0.051519006129124176,0.002660363350074164,0.018318465647385568,0.015340463951540496,0.0035394670254275183,0.003423453665361139,0.0043365286931620044,0.017541243158073424,0.003059544509205761,0.026207803386269005,2.0816681711721685e-17,0.0008432539682539683,0.0008680555555555555,1.3178273837379286,136.04552440439784
262147,1,30,M4,3,False,0.21327950156000694,0.9201421884536815,0.9240048743363345,0.35,0.0,0.0,0.32392693283036356,0.24095786814142706,0.4029961838386953,0.047529484281293666,0.03193639404332568,-0.31326951589435337,3.487501574680209,7.610767846927047,0.1728045728755157,0.5206332733427328,6.024433019951939,3.3293868409916225,3.2512258586391853,0.38560531071017584,0.028499476172397724,0.00980213136988114,0.0001375403179530027,0.07580849328255776,-0.016059558549769162,-0.006647872213655344,0.22410673307650192,0.018948763203918147,0.8187499999999999,0.006257856825097064,0.006567258920575173,0.8444142066861553,0.036903692205525,0.08322418258368972,0.042559771982095485,0.002331462309174215,0.01713051266785358,0.014867410709337886,0.003623984686856868,0.0025577324085781184,0.003599734917717657,0.017647004681771453,0.003000198193200417,0.028458668860881973,2.0816681711721685e-17,0.000818452380952381,0.0008680555555555555,1.2928633040555078,135.86492123488148
262147,1,31,M2,0,False,0.15889444687962712,0.9201421884536815,0.9240048743363345,0.35,0.0,0.0,0.42486795098520824,0.1399464793535686,0.5445616655051708,0.4971414335599761,0.0,0.0,6.390808122698218,9.634067816659808,0.14273050703832751,0.6847909340066446,15.161395450417835,4.155847370079801,2.3919709968015184,0.40516045644553517,0.03443193746353114,0.0924447127563108,0.0387628644343628,0.07747778911114393,0.011970591731238128,0.005200404288171314,0.1104783994863622,0.020302155222064036,0.784375,0.0065531882861117104,0.01628622157567891,1.4046587829459352,0.07582269890342125,0.0770851203419269,0.049867799171118284,0.0018559017851269525,0.023999741542141198,0.015692854770556697,0.0053279060944516135,0.005081777793516699,0.00387944516843264,0.01012636252288986,0.0023910647085890534,0.03119787319139987,2.0816681711721685e-17,0.001314484126984127,0.0013392857142857143,2.011741893863295,44494.66317442896
262147,1,31,M3,1,False,0.10549678126389864,0.9201421884536815,0.9240048743363345,0.35,0.0,0.0,0.42486795098520824,0.1399464793535686,0.5445616655051708,0.4971414335599761,0.0,0.33272642400115726,6.390808122698218,9.634067816659808,0.14164849352357117,0.6999057984907862,15.622854439728426,4.204930711205506,2.3913726821037833,0.4121411877662587,0.041044621538163725,0.10230067352871335,0.03862658390274889,0.07869686383720415,0.014145600788551198,0.005971316697058735,0.1182138194880966,0.02244976518712444,0.809375,0.006753270918822397,0.01800273805059154,1.459709145062756,0.0788516602804097,0.07789786257679371,0.050767186696561196,0.001990682507291147,0.02452258087505035,0.015705161463780083,0.005442957006405202,0.005536742434178359,0.0042122301733069365,0.009693829539927179,0.002457823434625314,0.033297506788546996,2.0816681711721685e-17,0.0014384920634920636,0.0014632936507936508,1.9598447369534144,44497.92369465393
262147,1,31,M2+O,2,False,0.14129622447363221,0.9201421884536815,0.9240048743363345,0.35,0.0,0.0,0.42486795098520824,0.1399464793535686,0.5445616655051708,0.4971414335599761,0.11616431555652627,0.0,6.390808122698218,9.634067816659808,0.14216464263127826,0.690003294908489,15.066801758663553,4.120273277881092,2.4428293368804352,0.4174161669212651,0.036442100206694486,0.09908822911546476,0.04328764776771031,0.07898499944148438,0.013056466209741515,0.005501307717279412,0.11488661309430356,0.02074652971998118,0.809375,0.007086173161491427,0.016989191540037474,1.4218065130873805,0.0822505835953997,0.08426323320537202,0.04807644996688123,0.0018975493127146186,0.02453859837871138,0.016288412242598044,0.005796542324205539,0.005354809902931836,0.003852330379638124,0.01169506296567561,0.002736515804184468,0.028584214029192173,2.0816681711721685e-17,0.001314484126984127,0.0013392857142857143,1.9818583113302726,44494.48578776523
262147,1,31,M4,3,False,0.09102680998515056,0.9201421884536815,0.9240048743363345,0.35,0.0,0.0,0.42486795098520824,0.1399464793535686,0.5445616655051708,0.4971414335599761,0.11616431555652627,0.33272642400115726,6.390808122698218,9.634067816659808,0.14104585513369178,0.7028463779334999,15.54707470962366,4.122195430418548,2.4049996442723964,0.42318276509549135,0.043095186482459386,0.1078718965792912,0.042619526421089605,0.08029493947636489,0.015154297248895662,0.006285441875238297,0.12242071638344647,0.022894962940533926,0.8125,0.007291650594085902,0.019288692455985666,1.492550872542622,0.08144975137006556,0.0809456433562279,0.03818749072243387,0.0020557928593989113,0.02516041920279132,0.016139879976358257,0.005856143570600487,0.00578316889167271,0.00419056382580837,0.01127386195270693,0.0027969523311931663,0.030448043177408516,2.0816681711721685e-17,0.0014136904761904762,0.0015625,1.9491763158809665,44497.78143861329
262147,2,0,M2,0,False,0.06454418448476043,0.9814488944947632,0.8223632107649363,0.35,0.0,0.0,0.41371301920153203,0.2324680272590068,0.2821753155440092,0.12108267157681221,0.0,0.0,4.979333268944174,7.367376811802387,0.16877330396602735,0.5469492485527128,7.566457470164785,3.471199947267844,3.088068740016409,0.47118354240733723,0.04719213952228632,0.046537309363005944,0.02981942663564035,0.07936893774087625,-0.004451562721491483,0.002625493009119891,0.2824078234206122,0.03045263028719297,0.9312499999999999,0.008190944164863071,0.011350325640159923,0.9693375383525998,0.05630459196874865,0.11830165856993125,0.08355588027991105,0.002780757332677075,0.018057828340158802,0.013659029515270562,0.003884953015109671,0.004841782865457528,0.004651272406132486,0.020639244977262494,0.003614571013395367,0.01760385847856467,2.0816681711721685e-17,0.0001984126984126984,0.0001984126984126984,1.5269295945602788,1679.8906484420017
262147,2,0,M3,1,False,0.08321455900590703,0.9814488944947632,0.8223632107649363,0.35,0.0,0.0,0.41371301920153203,0.2324680272590068,0.2821753155440092,0.12108267157681221,0.0,-0.11108825253322721,4.979333268944174,7.367376811802387,0.16895288281566084,0.5427769126363202,7.5021317257802265,3.453441327565951,3.1003947847814572,0.479956780803555,0.04408196138971943,0.0391646052152998,0.025930201076750734,0.07868587376130179,-0.004997872541373953,0.0019609418485261815,0.2793847051909414,0.029657032930987575,0.91875,0.008101725588686336,0.010878518560471222,0.96453971193702,0.05229065329240944,0.11966165161172002,0.09332878427198087,0.0026497298519587414,0.017490372078416826,0.013584956254291666,0.0039215408866617694,0.004518132463086844,0.00445673851537796,0.02079337347866273,0.003620538197968035,0.020854156260403666,2.0816681711721685e-17,0.0001984126984126984,0.00017361111111111112,1.5306374490797108,1662.5861967765484
262147,2,0,M2+O,2,False,0.05834134609969776,0.9814488944947632,0.8223632107649363,0.35,0.0,0.0,0.41371301920153203,0.2324680272590068,0.2821753155440092,0.12108267157681221,0.055557584002110465,0.0,4.979333268944174,7.367376811802387,0.1684122515775196,0.5457543639813706,7.540704321897298,3.4969750485058197,3.075154819107113,0.4713944625253965,0.048321394784910904,0.05329071584626882,0.03025014487504272,0.07994544129411872,-0.0038633503910043858,0.0026124231298473377,0.28295399588730663,0.030692402359686385,0.921875,0.008493095212472643,0.01189051601024849,0.9406993069134494,0.0561914880374105,0.11061718608545246,0.09342990525352146,0.002934016178831429,0.017606408805757923,0.013815390739789211,0.0037774027918703558,0.004807383150300117,0.004663423806536691,0.02120028692837835,0.003687104204681952,0.020900931996763523,2.0816681711721685e-17,0.0001984126984126984,0.0001984126984126984,1.4846747931962119,1651.0547570425688
262147,2,0,M4,3,False,0.07625844770809766,0.9814488944947632,0.8223632107649363,0.35,0.0,0.0,0.41371301920153203,0.2324680272590068,0.2821753155440092,0.12108267157681221,0.055557584002110465,-0.11108825253322721,4.979333268944174,7.367376811802387,0.1686096892051676,0.5414918309622873,7.4778639188505895,3.4981277725366646,3.0973997485988374,0.48058369970527853,0.045193238212116016,0.04591242085306005,0.02650943006541333,0.07910837145955754,-0.004407907115087221,0.002014644599806362,0.2799687902634871,0.02988560771145385,0.9125,0.008399910177072138,0.011603422134704873,0.936026141625791,0.05433098480572757,0.11016939840064822,0.0912880648741697,0.0027958355621081174,0.01701372228429438,0.013767582809596264,0.0038447890917619573,0.004480662833069359,0.004486604060592601,0.02134792756325131,0.0036936441516461477,0.02066599461272874,2.0816681711721685e-17,0.0001984126984126984,0.0001984126984126984,1.4905362332243552,1635.436841929476
262147,2,1,M2,0,False,0.09409955287167526,0.9814488944947632,0.8223632107649363,0.35,0.0,0.0,0.3070111525245011,0.14284441171853884,0.642547759693116,0.19074446022102418,0.0,0.0,4.031212909147143,9.391205415129662,0.17218899302455226,0.535453542454918,6.253602904583259,3.4258897495353158,3.0922926945266695,0.4036598862742091,0.042403231447446246,0.05429594381285799,0.02976841593488943,0.07509335433931885,-0.013199868729731756,-0.002800876354031471,0.20315755852709266,0.017519826335686377,0.809375,0.006209738582837185,0.009877670157483183,0.896378860188254,0.0506081084671623,0.10213351641818451,0.06549125987312913,0.0027252682140008837,0.021709904425239183,0.01585096324049486,0.0032993614622367504,0.005110212215697829,0.00443177384920491,0.017510087521581726,0.0028609207444093127,0.03103047896826602,1.3877787807814457e-17,0.0003224206349206349,0.0003720238095238095,1.4670046609204401,322.21064307371944
262147,2,1,M3,1,False,0.07186028485778706,0.9814488944947632,0.8223632107649363,0.35,0.0,0.0,0.3070111525245011,0.14284441171853884,0.642547759693116,0.19074446022102418,0.0,0.09740700935944913,4.031212909147143,9.391205415129662,0.17193594108131202,0.5387135169426323,6.32283742687314,3.4411798511919667,3.0916702919099883,0.41877383744338015,0.04589074066197057,0.06135985161686165,0.03366625660817319,0.07566799881962566,-0.012515447834805113,-0.002072982309633352,0.2064748915294849,0.0182012448447531,0.8156249999999999,0.006296209885559544,0.010291427521806822,0.9011313654251869,0.05436847617931973,0.09978964216822671,0.06370716472295071,0.002826011624027739,0.022387664089016504,0.01608117964652985,0.0032683560465128158,0.005441468891081244,0.004608107913204719,0.01725351976581127,0.0028787151257432726,0.03218396016133916,2.0816681711721685e-17,0.0003224206349206349,0.0003720238095238095,1.4502712799374842,328.2613751784361
262147,2,1,M2+O,2,False,0.00027617316506748236,0.9814488944947632,0.8223632107649363,0.35,0.0,0.0,0.3070111525245011,0.14284441171853884,0.642547759693116,0.19074446022102418,0.49734065916059195,0.0,4.031212909147143,9.391205415129662,0.15668344357354497,0.5894889310398013,9.099567074911455,3.7138005514945474,2.9262632864926035,0.5456485694214335,0.10602629545502376,0.07690072950423676,0.02798762300100248,0.09382131703287537,-0.0011351948048982392,0.0018381274703172111,0.3215308804794615,0.04858635400749547,0.971875,0.00917945390243162,0.01747491686197469,0.8260015440840428,0.0781741227634315,0.11376456375750715,0.09858428430852056,0.004064794502180559,0.028084190596057598,0.01612132727085186,0.005868001797348872,0.008810423081262836,0.004443355397322033,0.017123626042463917,0.0025435898245772122,0.012884705080055188,2.0816681711721685e-17,0.0005456349206349206,0.0005208333333333333,1.1607682241037187,285.8702991625465
262147,2,1,M4,3,False,0.0003021145984682377,0.9814488944947632,0.8223632107649363,0.35,0.0,0.0,0.3070111525245011,0.14284441171853884,0.642547759693116,0.19074446022102418,0.49734065916059195,0.09740700935944913,4.031212909147143,9.391205415129662,0.1563930962673454,0.5930444995723536,9.175379617429432,3.734043875957374,2.898483013695255,0.5347921007148917,0.10828456113671633,0.08082090708723215,0.0303210734261344,0.09474524668949602,-0.0007960506935828227,0.002289814898120007,0.3216942795124445,0.04899568306565327,0.96875,0.009268093932799064,0.018016201618714884,0.8365550974043199,0.08357396404344736,0.10998488856894499,0.09491622572437507,0.004140245239057261,0.02841059985501556,0.016212323082993575,0.00593127408872518,0.00901302512373211,0.0045456314227464885,0.017277573368515053,0.0025443359900670214,0.012808688457449497,2.0816681711721685e-17,0.0006200396825396825,0.0006200396825396825,1.1469719824249252,301.5897367678126
262147,2,2,M2,0,False,0.48195503303712495,0.9814488944947632,0.8223632107649363,0.35,0.0,0.0,0.15824501533061267,0.47178818037443365,0.47792880423367023,0.06573836363332915,0.0,0.0,6.196548670530319,10.978457712568343,0.14041183612031455,0.5924023802181855,11.47603047842448,3.9511230720711805,2.719187106216131,0.6174450087559782,0.009041843281423323,0.016744037268789216,0.019873713735702517,0.06693617122369944,-0.014332330493440782,-0.011411815609523323,0.022048578964020613,0.005080038813233357,0.6093750000000001,0.0022894861945272804,0.007476058732471212,0.8738042951090654,0.060067138813449515,0.06942825359385152,0.06498849568846134,0.001372008959176516,0.020177461383151588,0.014415108359947729,0.004091527238020419,0.0018585284946679211,0.002164086042095228,0.003018481805554306,0.0012941178242734247,0.025502757203878956,2.7755575615628914e-17,0.0011904761904761906,0.0013392857142857143,1.414521711500158,30147.25250163994
262147,2,2,M3,1,False,0.4283214596995612,0.9814488944947632,0.8223632107649363,0.35,0.0,0.0,0.15824501533061267,0.47178818037443365,0.47792880423367023,0.06573836363332915,0.0,0.30806223507970565,6.196548670530319,10.978457712568343,0.14045655701413945,0.5992497359485379,11.52409154700022,3.977665819414052,2.674011246132516,0.5839934424322466,0.012586490997162855,0.02402906521793366,0.024653507404361234,0.06855021172211614,-0.014042592072425763,-0.010201813669907153,0.027206242867107974,0.0058803344160071325,0.634375,0.0024704984985205957,0.007822603399354817,0.8716957009805523,0.05542751446378015,0.06334390727847308,0.05168981091448011,0.0014930423432814516,0.02057019957110327,0.01425229790366882,0.004050241424333232,0.002152383770349715,0.0025858308115768516,0.0032911649152760503,0.001411550155082359,0.02727894105349399,2.0816681711721685e-17,0.0012152777777777778,0.0014136904761904762,1.3755989788007885,30147.468644254084
262147,2,2,M2+O,2,False,0.4327741961349548,0.9814488944947632,0.8223632107649363,0.35,0.0,0.0,0.15824501533061267,0.47178818037443365,0.47792880423367023,0.06573836363332915,0.16815945603584587,0.0,6.196548670530319,10.978457712568343,0.13983681971033257,0.5948950519934001,11.915079842615379,3.9859803826669165,2.695560351192698,0.5919894558040679,0.012131381778613105,0.023251840550364444,0.021649983833930766,0.06719747221049946,-0.013197408940117604,-0.00989737968645852,0.03316768576243197,0.007154866626930953,0.625,0.00283438364912508,0.007575273228031665,0.9908619738396347,0.059420941394699514,0.0686179697116593,0.05572438644553917,0.0016710211017092985,0.021427936295347394,0.015619294277048685,0.00506244388916828,0.0019693635793102235,0.0025084776313108728,0.0042630471077198685,0.0014821988571459947,0.03322900339562814,2.7755575615628914e-17,0.001140873015873016,0.001388888888888889,1.539490456192678,30148.56757374878
262147,2,2,M4,3,False,0.38106356281677645,0.9814488944947632,0.8223632107649363,0.35,0.0,0.0,0.15824501533061267,0.47178818037443365,0.47792880423367023,0.06573836363332915,0.16815945603584587,0.30806223507970565,6.196548670530319,10.978457712568343,0.13981147232622432,0.6002320865551356,11.974808084985458,3.9891814755081363,2.680171204628301,0.5871712117213623,0.015746911532497788,0.03200746540369542,0.026640520146020117,0.06857291330581167,-0.012824565825387494,-0.008741496263086903,0.038304817355565984,0.008068854406658606,0.65625,0.0030363923767450286,0.008393177316260408,0.9852254414440196,0.05572104486019202,0.0629531937346142,0.05599387155395646,0.0018079311744907333,0.02196124426117979,0.015746022661689923,0.005194024637595479,0.0023410285438436986,0.002919853612048323,0.004330016443456887,0.0015680134302898262,0.03590351654086268,2.0816681711721685e-17,0.0012648809523809524,0.0014632936507936508,1.5475907421501653,30148.91012131976
262147,2,3,M2,0,False,0.061546100443433525,0.9814488944947632,0.8223632107649363,0.35,0.0,0.0,0.5052951307501644,0.15757877576155158,0.5863521392457187,0.3515334376207748,0.0,0.0,3.688997507560998,6.22103673312813,0.15289526527514402,0.612178884963217,11.876267497069598,3.8825844144457706,2.6653423764794066,0.42246203163686985,0.04774724201207547,0.06618579646918371,0.023714227405613787,0.07768099255232146,-0.0017364728794427857,0.00401804377159691,0.22142720744072536,0.03239226319542371,0.890625,0.008530584955471973,0.012750524326359276,1.5173215955949177,0.06320114040994103,0.10011404653130145,0.046984283462113446,0.0026148340494407214,0.023922420994980993,0.014984952805915417,0.004572860761403309,0.0054889152262603555,0.004554222872689599,0.018879936642191317,0.003715097120637473,0.03169475180004832,2.0816681711721685e-17,0.006572420634920635,0.007043650793650794,1.9876666283501936,280.7632951814859
262147,2,3,M3,1,False,0.10976467692655119,0.9814488944947632,0.8223632107649363,0.35,0.0,0.0,0.5052951307501644,0.15757877576155158,0.5863521392457187,0.3515334376207748,0.0,-0.3379333501681685,3.688997507560998,6.22103673312813,0.1537037773346402,0.5999367761791916,11.638781311389305,3.8540228559092213,2.6764128795351265,0.44166415633526857,0.040227303708947816,0.051530212097143945,0.01931674882153351,0.07599708968102159,-0.003370096897466324,0.0027691675606059027,0.2134095120623279,0.030277216815455164,0.878125,0.008327002856756681,0.01091662537837832,1.492769609129886,0.07463962021189419,0.10051039521010445,0.05313156922538099,0.002396511795391331,0.02140809498234098,0.013978570203797,0.004290353506419627,0.004820035238740116,0.004179654399952741,0.019425439348763455,0.0037742416025437226,0.032264773747850764,2.0816681711721685e-17,0.006150793650793651,0.006622023809523809,2.083759445910723,278.302424217075
262147,2,3,M2+O,2,False,0.06054208408684743,0.9814488944947632,0.8223632107649363,0.35,0.0,0.0,0.5052951307501644,0.15757877576155158,0.5863521392457187,0.3515334376207748,0.0219864356587544,0.0,3.688997507560998,6.22103673312813,0.1528052437944224,0.6107847348866595,11.867924417702245,3.904060794653371,2.66766691968824,0.4297641263063556,0.047930217037004196,0.0681369356066939,0.024597757379248984,0.07794226387278697,-0.0015813424303680887,0.003977266504959734,0.22129989226152763,0.0323035538917785,0.89375,0.008639188497241981,0.01257242882971933,1.5068657911450247,0.060328566305074494,0.1023562525658122,0.04778866244741876,0.0026546945086652093,0.023758925952616868,0.015148158864776837,0.0046980163089943485,0.005507611432756561,0.0045642567209179,0.019187244866471886,0.0037542935246393508,0.03223449239556907,2.0816681711721685e-17,0.006622023809523809,0.006919642857142857,2.0057394516707707,284.0726335369303
262147,2,3,M4,3,False,0.10860137123270103,0.9814488944947632,0.8223632107649363,0.35,0.0,0.0,0.5052951307501644,0.15757877576155158,0.5863521392457187,0.3515334376207748,0.0219864356587544,-0.3379333501681685,3.688997507560998,6.22103673312813,0.1536280527732509,0.5987220224128692,11.629473447689982,3.8571873642577845,2.685279884687879,0.4382709880283704,0.04038635168881097,0.0536586737627453,0.02027778375812217,0.07613286486547541,-0.003182269827313241,0.0028142761417630363,0.21324259815431712,0.030188671258483683,0.878125,0.008431796552616243,0.010818493985031763,1.4801143041578255,0.07458059409679452,0.10027455626127225,0.05249975046882989,0.002432597599638438,0.021242788468994328,0.014133585871775744,0.004408045582261572,0.0048252514727270225,0.004195957040473979,0.01973073907647308,0.00381984481415033,0.032264773747850764,2.0816681711721685e-17,0.006051587301587302,0.006572420634920635,2.102242996480135,280.82930017364214
262147,2,4,M2,0,False,0.32127438131784447,0.9814488944947632,0.8223632107649363,0.35,0.0,0.0,0.43848861446604137,0.38926240351387964,0.7371985567733645,0.4234090699730806,0.0,0.0,6.015863294713199,11.226854318752885,0.12191359992878545,0.6430199117902143,17.5314404374478,4.201676879140308,2.380486007709464,0.5228411515466703,0.019769541907169057,0.033020168189181257,0.007355818199232537,0.07558138150035232,-0.00916633742503359,-0.004271750034189936,0.06782464009820824,0.013972044213463524,0.746875,0.0046270980296900955,0.008626344854764018,1.4876734454529597,0.07539134145005433,0.05913090964427512,0.050447246164063535,0.0017172541014000996,0.02422731325532777,0.01458910822865148,0.004468223876588056,0.003067435606281059,0.0032433090880974796,0.0076638173860851195,0.0021064486067311466,0.02939272514869397,2.0816681711721685e-17,0.00716765873015873,0.007837301587301587,2.4680453309095487,28882.401117090332
262147,2,4,M3,1,False,0.331702983871807,0.9814488944947632,0.8223632107649363,0.35,0.0,0.0,0.43848861446604137,0.38926240351387964,0.7371985567733645,0.4234090699730806,0.0,-0.07367196269333365,6.015863294713199,11.226854318752885,0.12195871546590409,0.6409871014775739,17.485700729921266,4.193519477863962,2.384741531076303,0.5276722118813093,0.018957249523736286,0.03173571212388054,0.007302899027005623,0.07519897114522375,-0.009327979389321317,-0.004447333058301766,0.06665702988406541,0.013704017148571725,0.740625,0.004591760570742447,0.008451525315515967,1.4862653604727503,0.07504934863992026,0.05838701747600602,0.0511266445325804,0.001691679560474232,0.023957258716991118,0.014722183277549575,0.004460090510686714,0.0030131422705936234,0.003166155521907598,0.007676897980162873,0.002093964900223312,0.030006509710394515,2.0816681711721685e-17,0.007142857142857143,0.0078125,2.490711612491962,28718.14647639007
262147,2,4,M2+O,2,False,0.3194246032061458,0.9814488944947632,0.8223632107649363,0.35,0.0,0.0,0.43848861446604137,0.38926240351387964,0.7371985567733645,0.4234090699730806,0.03886794626102078,0.0,6.015863294713199,11.226854318752885,0.12186571071691545,0.6427544893204893,17.582137782869502,4.18961055152546,2.40667242138049,0.563290150303479,0.01991720821682113,0.03535230098723159,0.007840846245881005,0.07590236816332775,-0.008952633382284218,-0.004362917052198285,0.06781661283642093,0.01396457862873452,0.740625,0.004739864474602978,0.009229158603924639,1.4919541669039411,0.07742898822738804,0.06734886279666218,0.054068517500303725,0.001757663827492641,0.02395785093519027,0.014923493313465616,0.004768222698023006,0.003067194674505011,0.0032403544375041193,0.007972389970655393,0.002132710591306349,0.03136437403063121,2.0816681711721685e-17,0.007192460317460317,0.0078125,2.515393280314277,28451.52491999059
262147,2,4,M4,3,False,0.3298596175185884,0.9814488944947632,0.8223632107649363,0.35,0.0,0.0,0.43848861446604137,0.38926240351387964,0.7371985567733645,0.4234090699730806,0.03886794626102078,-0.07367196269333365,6.015863294713199,11.226854318752885,0.12191406428252566,0.6407807821819304,17.536832216278224,4.177825779586201,2.4099658753299287,0.5598109514875047,0.019101671290041713,0.03398504643344497,0.007928608342120086,0.07552414768662738,-0.009121776866655853,-0.0045424617755786415,0.06664377089918466,0.013699948573573833,0.740625,0.004703923030656572,0.008960025140288767,1.4896216032394618,0.07659925645980893,0.06703611887295341,0.05681148477859908,0.0017317794194289275,0.023647106067481174,0.015037844845765407,0.004749659652475687,0.003010348022716027,0.00317892859695818,0.007986791164813045,0.0021211936571220026,0.03136437403063121,2.0816681711721685e-17,0.007093253968253968,0.007787698412698413,2.5383413727328556,28287.820656536784
262147,2,5,M2,0,False,0.3900853152579653,0.9814488944947632,0.8223632107649363,0.35,0.0,0.0,0.11271710437722504,0.19076136524569792,0.31634031841531396,0.040480249263974095,0.0,0.0,3.098991063889116,5.594099240377545,0.18633780171595835,0.47584467012203013,3.3654681737303536,3.108733339849551,3.7192751078183743,0.5184636781195541,0.014401215131568498,0.05510044526901114,0.04527875848639602,0.0714849695706127,-0.014481296486901381,-0.009454656366322558,0.07277199630040798,0.0020423684229946178,0.5718749999999999,0.0025230407102809923,0.006186116608361287,0.4493438512783842,0.046654041464309674,0.13929193378651,0.12968179450828932,0.0014864032318439486,0.020069945244750385,0.014919830071004982,0.0027373891914747803,0.0026586679052729577,0.0030095651191060563,0.006835813924669833,0.0010831551398594072,0.02370335331410586,2.0816681711721685e-17,0.00029761904761904765,0.0003224206349206349,1.1517453993635243,57.53441242910951
262147,2,5,M3,1,False,0.3609490980583358,0.9814488944947632,0.8223632107649363,0.35,0.0,0.0,0.11271710437722504,0.19076136524569792,0.31634031841531396,0.040480249263974095,0.0,0.04869014248251913,3.098991063889116,5.594099240377545,0.18634288991052939,0.47743545278318117,3.37658623318818,3.112946925541757,3.7297138470820204,0.516667452759062,0.01651150492809516,0.06212088895497549,0.05080044363939163,0.07170137143338925,-0.014167700379243985,-0.008881972527742112,0.07611407144582111,0.0021916868478240956,0.575,0.0025748757838437728,0.006197863750714122,0.4491345535965012,0.045689027649548776,0.13473192809568554,0.12574175418480849,0.001568575124964719,0.020417834523662234,0.0150357406116609,0.0027200619850807836,0.0028845933969894578,0.0032207210775403497,0.006874705685861257,0.0011124755954129903,0.022821773229381916,2.0816681711721685e-17,0.00029761904761904765,0.0003224206349206349,1.1579469473013662,57.75845921606468
262147,2,5,M2+O,2,False,0.18379520307271052,0.9814488944947632,0.8223632107649363,0.35,0.0,0.0,0.11271710437722504,0.19076136524569792,0.31634031841531396,0.040480249263974095,0.13870930994198497,0.0,3.098991063889116,5.594099240377545,0.1848493253593928,0.4791474584657232,3.5270692669539967,3.128645508586345,3.633062206855243,0.5634151957639731,0.03147065917416593,0.07996130521278218,0.049384320814827055,0.07450904275971637,-0.010676975216706464,-0.00649604726380517,0.1309207774977793,0.005376081733316133,0.6375,0.0034305133284404073,0.007129060856398037,0.4582002703546224,0.05068595253517761,0.10394361285815407,0.10841434994114668,0.002092241247551471,0.019765875850293765,0.016899462156588788,0.003187109738758912,0.0035454344469928885,0.003913459113885199,0.009582047952495792,0.0014541239917269173,0.03491060010942235,2.0816681711721685e-17,0.00029761904761904765,0.00034722222222222224,1.134706902877563,54.855355470885186
262147,2,5,M4,3,False,0.16541726402582405,0.9814488944947632,0.8223632107649363,0.35,0.0,0.0,0.11271710437722504,0.19076136524569792,0.31634031841531396,0.040480249263974095,0.13870930994198497,0.04869014248251913,3.098991063889116,5.594099240377545,0.1848349680823258,0.4803905682721037,3.5369749737773826,3.133690447530512,3.641056023833113,0.5754442853081624,0.033440656394968765,0.08592448450806267,0.05380487548498951,0.07469819944470449,-0.010354952731195886,-0.005972268522761386,0.13330610404297724,0.005540891319912217,0.6375,0.003486489769489208,0.0073255635009679045,0.45630332130329526,0.05132431354681004,0.10626624705541171,0.1108499218650539,0.0021905909810365186,0.0200460509281463,0.016773864070350992,0.0031612939294076584,0.0037668542909723517,0.004064782217797958,0.009777864261806561,0.0014760558925880215,0.03275540667838924,1.3877787807814457e-17,0.00029761904761904765,0.00034722222222222224,1.1324807781773845,55.13130014755126
262147,2,6,M2,0,False,0.32681948998341454,0.9814488944947632,0.8223632107649363,0.35,0.0,0.0,0.24740017238073053,0.2888998185550328,0.5580466752871871,0.22097220967603354,0.0,0.0,5.264328494202346,8.049855879507959,0.15206862965584506,0.589760292038288,10.57933700116628,3.8291805140812416,2.7652278911403396,0.5540748942586944,0.019361622521207066,0.03824547831307743,0.02006894806239975,0.07199588632331275,-0.012388947159904278,-0.006029908728281272,0.06501904377867901,0.00947999953164435,0.675,0.003964163887523835,0.008990521314303463,1.0612962020660093,0.06970499241898753,0.0684127747541585,0.06227675630018463,0.0017215376328559078,0.023243584768584243,0.014800442039995297,0.004364565513671911,0.003329829215873155,0.0034542593109641384,0.007166596188493371,0.0018370562787553629,0.03651483716701107,2.0816681711721685e-17,0.0010664682539682539,0.001240079365079365,1.511140974649992,4688.90443745615
262147,2,6,M3,1,False,0.28154189720360384,0.9814488944947632,0.8223632107649363,0.35,0.0,0.0,0.24740017238073053,0.2888998185550328,0.5580466752871871,0.22097220967603354,0.0,0.18312492715194817,5.264328494202346,8.049855879507959,0.15180995582775608,0.5966311809168153,10.691110640127608,3.840871882655626,2.78594416666524,0.5914772937678993,0.023018710941275902,0.04574107920163571,0.0240492288253052,0.07314511330035398,-0.011586934818468939,-0.005240103797370969,0.07021675845075301,0.01045894850102048,0.684375,0.004104547621912641,0.009500767894552092,1.0614701517407508,0.06707905243884399,0.06443758197268773,0.06458716741879572,0.0018353554543558285,0.02403027744863079,0.014878847226676968,0.00439130293514937,0.0037019653283814256,0.0037511878737044105,0.007077446341479644,0.001905971830077523,0.03671930407383379,2.0816681711721685e-17,0.001140873015873016,0.0012896825396825397,1.4796003313346502,4689.9533905910275
262147,2,6,M2+O,2,False,0.19530815097066842,0.9814488944947632,0.8223632107649363,0.35,0.0,0.0,0.24740017238073053,0.2888998185550328,0.5580466752871871,0.22097220967603354,0.2625326522402505,0.0,5.264328494202346,8.049855879507959,0.14957905220312429,0.5932453591595341,10.878198151200667,3.849613183940404,2.757705483518148,0.5245613324573832,0.030539470517701436,0.057591454985060866,0.02154448472366618,0.07920843852838655,-0.008407343651662558,-0.003985619781336243,0.10381161936948481,0.01734780409245807,0.809375,0.005299735274395081,0.011292418551973507,1.0161489461840825,0.07482525331379233,0.07123342397749882,0.04740920367268715,0.0022712130028472327,0.023268124651153767,0.016974640392096584,0.006644649622632986,0.004249962642733273,0.003648520183540796,0.010167105956071978,0.00225084647397558,0.031030478968266023,2.0816681711721685e-17,0.0010416666666666667,0.0012648809523809524,1.6568457503515694,4699.7758702993715
262147,2,6,M4,3,False,0.1611067098560906,0.9814488944947632,0.8223632107649363,0.35,0.0,0.0,0.24740017238073053,0.2888998185550328,0.5580466752871871,0.22097220967603354,0.2625326522402505,0.18312492715194817,5.264328494202346,8.049855879507959,0.1492407074008258,0.5977560737462814,11.000674216125585,3.8843547138686727,2.763632726299903,0.5393904789123412,0.03416571391256572,0.06492407949427853,0.02441875671099515,0.08070487526713313,-0.00755695460645594,-0.0033121716068014347,0.10788568484844703,0.018314459521604508,0.8125,0.005454060213496231,0.011806794902566965,1.0196167737099922,0.0756583501096114,0.06944781788041235,0.05035635866309868,0.0023910889015926746,0.02404269876912891,0.01679987090680407,0.006747240299728853,0.004700900113130208,0.0038657814947930906,0.010258824832603094,0.002299527344091815,0.029047375096555625,2.0816681711721685e-17,0.0011160714285714285,0.0014136904761904762,1.6289096479993532,4702.207271430806
262147,2,7,M2,0,False,0.00013778326218800662,0.9814488944947632,0.8223632107649363,0.35,0.0,0.0,0.3608797624707223,0.11507770599029078,0.3852312066592276,0.0776035660920321,0.0,0.0,4.72552586439997,9.198351218365133,0.18345904895874404,0.4429247615264825,3.300027167092362,3.0972442766584702,3.788244993858505,0.5047327463853974,0.09957581593715087,0.04201422684099645,0.02072021114482832,0.0798340453507195,-0.009574015313247898,-0.0010510379768300972,0.4825492709983796,0.02164994034250441,0.825,0.008217363917272543,0.014362412512288055,0.5601308123738166,0.04364356917895824,0.10627034820886733,0.07737933772878733,0.00454921179988771,0.016412908958023414,0.014577743811102661,0.002259336127476605,0.005923369524746622,0.0055803385703146035,0.02560247398042423,0.004443907270738536,0.0338501600193165,1.3877787807814457e-17,0.0,0.0,1.2759560327263637,79.03722982900844
262147,2,7,M3,1,False,0.000461327089915649,0.9814488944947632,0.8223632107649363,0.35,0.0,0.0,0.3608797624707223,0.11507770599029078,0.3852312066592276,0.0776035660920321,0.0,-0.2017381898127496,4.72552586439997,9.198351218365133,0.18364362016458585,0.43356779049623595,3.217841592269311,3.071606981872488,3.807758098899826,0.453218645283124,0.09113150053308203,0.019306170500967414,0.0034030905122619548,0.07931467853823015,-0.010653912265729626,-0.003105876197023477,0.4786981740299795,0.020548987819634802,0.8156249999999999,0.008013504843440747,0.012895449698430015,0.5463563202315083,0.04599352873421457,0.12358637352310052,0.07660076635890833,0.00424476409401221,0.01514849602786529,0.014286272323598387,0.002335993311681574,0.005183839048978769,0.005181235907415639,0.025795228433823793,0.004402709823349012,0.03556647239090958,1.3877787807814457e-17,0.0,0.0,1.2418454546980837,70.8935357266502
262147,2,7,M2+O,2,False,0.00015086177748089416,0.9814488944947632,0.8223632107649363,0.35,0.0,0.0,0.3608797624707223,0.11507770599029078,0.3852312066592276,0.0776035660920321,0.06863570054080875,0.0,4.72552586439997,9.198351218365133,0.1828207526773058,0.44181482972910663,3.2602353302333125,3.0778104054078135,3.722217947942404,0.4726742448285667,0.10314159343742604,0.05228147622084191,0.021393190860868203,0.07976130724455739,-0.008820537845234212,-0.0007287124948146847,0.48005873619399786,0.021867438404026628,0.815625,0.00863097507250214,0.014326466260724936,0.5041142074483222,0.03933927864083332,0.10706312653204914,0.0866433484460767,0.004589638689702128,0.01600700511115946,0.013984312199201829,0.002171062875079951,0.005663640533564334,0.005709925478859272,0.025712902010090043,0.0045321834211369,0.038111336349350614,1.3877787807814457e-17,0.0,0.0,1.2394114516160515,67.4769593957729
262147,2,7,M4,3,False,0.000433051919701862,0.9814488944947632,0.8223632107649363,0.35,0.0,0.0,0.3608797624707223,0.11507770599029078,0.3852312066592276,0.0776035660920321,0.06863570054080875,-0.2017381898127496,4.72552586439997,9.198351218365133,0.18305538316386818,0.43386048473881733,3.1820109390336455,3.0550959932334534,3.7910601265326465,0.4469190497226291,0.09474989202874859,0.030061091691210122,0.003970988353822098,0.07924914940465157,-0.009867907603007996,-0.0027844873135125037,0.4764104853590517,0.020802339067782765,0.796875,0.008414727532850205,0.01360311550904634,0.4916829176149769,0.0411990349729726,0.1061282057689184,0.07185080920733528,0.004200111093187169,0.014711209747178046,0.013864957053525369,0.002200069013809234,0.004877739708615989,0.005325125780998661,0.02595235964131582,0.004498542912673296,0.039122870016568737,1.3877787807814457e-17,0.0,0.0,1.1874500486863,60.92130387053973
262147,2,8,M2,0,False,0.36094859994294826,0.9814488944947632,0.8223632107649363,0.35,0.0,0.0,0.3273518878500909,0.41219047045579005,0.5059866728261113,0.05351897999527138,0.0,0.0,5.661376485135406,11.565369953401387,0.1458699359736004,0.572170086941179,10.665418470481473,3.8542418916846617,2.8171193671966113,0.624814651984676,0.016311731661533428,0.018079984027751683,0.013360688190502366,0.07180694957702911,-0.01711817907780795,-0.00878880777397719,0.09009926829139014,0.015254945809224159,0.775,0.004697746006285689,0.01077289088029181,1.0862346566239391,0.06888223082162041,0.09807078164605802,0.08715694758243299,0.0018842634102713574,0.01852058912761748,0.01301077831772725,0.004343842141894476,0.0021343904125432213,0.003295028359025241,0.008322725254932039,0.0018737338951454944,0.0273861278752583,2.0816681711721685e-17,0.0010912698412698413,0.0012152777777777778,1.4676246305906009,10339.86853647305
262147,2,8,M3,1,False,0.4016820279777861,0.9814488944947632,0.8223632107649363,0.35,0.0,0.0,0.3273518878500909,0.41219047045579005,0.5059866728261113,0.05351897999527138,0.0,-0.27241570344194765,5.661376485135406,11.565369953401387,0.14577370604483506,0.5678015320314993,10.635903703743857,3.844617812973637,2.787188203393965,0.5756585284428095,0.013400275733774527,0.009666032830538069,0.007460796776542687,0.07015109899280911,-0.017201195200005678,-0.009887684694538544,0.08483332992285171,0.014281005760237895,0.7750000000000001,0.004533400502134621,0.01006168197246442,1.0897934379387035,0.06500432436827289,0.09919943670093806,0.07937138554629582,0.0017475314166151574,0.017814274192624855,0.012695495704107683,0.004399428688706034,0.001803120482865433,0.0028487332206964594,0.00821298452487386,0.001846103010791191,0.027003086243366083,2.0816681711721685e-17,0.0010416666666666667,0.001140873015873016,1.4201844066410256,10339.784084168814
262147,2,8,M2+O,2,False,0.17663212429528494,0.9814488944947632,0.8223632107649363,0.35,0.0,0.0,0.3273518878500909,0.41219047045579005,0.5059866728261113,0.05351897999527138,0.3552409291858432,0.0,5.661376485135406,11.565369953401387,0.14198252439223724,0.5798648962704382,11.539580245273719,3.894909657655282,2.721908010933847,0.5488394199393234,0.03219023552408376,0.03716421378232607,0.01596065601935262,0.0767990836228126,-0.013314444076129877,-0.00470698571528816,0.14118857452575417,0.02591088093960106,0.88125,0.006334790948138935,0.011410350849676256,1.0943034777724594,0.07247765602895181,0.0707066609552193,0.04706893963936968,0.0025595476408983788,0.019912488160715638,0.015510845098803813,0.006534898975467693,0.0033358858456892333,0.003727800393009388,0.010384653190566188,0.0021275609036803564,0.02085415626040366,2.0816681711721685e-17,0.0009424603174603175,0.0012896825396825397,1.5497256143772853,10342.096579636162
262147,2,8,M4,3,False,0.2059579172848583,0.9814488944947632,0.8223632107649363,0.35,0.0,0.0,0.3273518878500909,0.41219047045579005,0.5059866728261113,0.05351897999527138,0.3552409291858432,-0.27241570344194765,5.661376485135406,11.565369953401387,0.14206313798841885,0.5751617819914859,11.481585510767362,3.891680376984454,2.739919695301789,0.5464134634987384,0.02919418823203763,0.0272178590165832,0.008580750496627845,0.07556761988543875,-0.013497667126023028,-0.005670941764326288,0.13665569809848066,0.02477876663443907,0.875,0.006126770595946307,0.011614527719770059,1.0998481951923822,0.0722079449369948,0.0746911449381273,0.05017802773120822,0.0023826074048126093,0.01893672760796807,0.01517842884057629,0.006324164016292879,0.002867795088945921,0.0033752619520209725,0.01015097312399824,0.002124218620374977,0.024579802006254373,2.0816681711721685e-17,0.0009424603174603175,0.0012152777777777778,1.4792085872448224,10341.88452404324
262147,2,9,M2,0,False,0.24836228934045865,0.9814488944947632,0.8223632107649363,0.35,0.0,0.0,0.2246222570538521,0.18270770007992873,0.42887789057567716,0.44230817962120045,0.0,0.0,3.341906509362161,5.166776251979172,0.152528290613398,0.6233265644246708,11.276706880349183,4.023124750316381,2.619913955959753,0.4564900659247875,0.026346277421993705,0.0693038167932937,0.0286258581146423,0.07466894407152652,0.0017971281056232418,0.0004552327680908408,0.05461957365797848,0.009332389554839008,0.65625,0.003906524313538173,0.010883984834424704,0.8895787253689819,0.06110260140256324,0.056954786445074256,0.04776502815204882,0.0017441703915771474,0.025672865441513985,0.020113728846659604,0.006400812672517725,0.005042384255112121,0.0032513951293412923,0.006141328110152513,0.0017365290374747656,0.034118360159890455,2.0816681711721685e-17,0.016790674603174603,0.017782738095238095,1.5276561303074678,196.0932667842319
262147,2,9,M3,1,False,0.17895237050887278,0.9814488944947632,0.8223632107649363,0.35,0.0,0.0,0.2246222570538521,0.18270770007992873,0.42887789057567716,0.44230817962120045,0.0,0.28608088316395874,3.341906509362161,5.166776251979172,0.15185396816187008,0.6330824950252832,11.409827978624886,4.0367508953920765,2.6025979456499195,0.45182603012180755,0.033079067948071375,0.08027715309355726,0.031356524592415363,0.07566856433677496,0.003046423142763998,0.0012654534040535742,0.0642679476804239,0.01140680244667814,0.6625000000000001,0.004116016337244853,0.013030510951321626,0.9048132775589237,0.059917908381821164,0.060389675522812894,0.0479406896598948,0.0018357900993307902,0.027166945046340592,0.020602596813958353,0.006563616821469536,0.0055934105282960216,0.0036582829079819875,0.00610996687828022,0.0017838805727097774,0.03491060010942235,2.0816681711721685e-17,0.01746031746031746,0.018328373015873017,1.4727859588338323,196.45451963811027
262147,2,9,M2+O,2,False,0.24128234716099056,0.9814488944947632,0.8223632107649363,0.35,0.0,0.0,0.2246222570538521,0.18270770007992873,0.42887789057567716,0.44230817962120045,0.05071990291090424,0.0,3.341906509362161,5.166776251979172,0.1523941447189059,0.6253710643634725,11.147391893519178,4.021584427812083,2.6420223900760935,0.4848805297836671,0.02697556012608552,0.07503206953445077,0.03242118075345159,0.07448481123553632,0.00215410482560634,0.0006795703637675443,0.055949158211226424,0.009545115546004002,0.64375,0.0041102537585325,0.011464077680169762,0.8762099134991029,0.06637666081395356,0.062288868814825225,0.051262591821814946,0.0017394908837156684,0.024959738461125255,0.020432882248325585,0.006739962593060599,0.00515891815619638,0.0032608946249712387,0.006851624799080918,0.0018101820340995496,0.034723611083334445,2.0816681711721685e-17,0.01644345238095238,0.01773313492063492,1.567418541304054,195.35787461764693
262147,2,9,M4,3,False,0.17280208015936366,0.9814488944947632,0.8223632107649363,0.35,0.0,0.0,0.2246222570538521,0.18270770007992873,0.42887789057567716,0.44230817962120045,0.05071990291090424,0.28608088316395874,3.341906509362161,5.166776251979172,0.15170294595891193,0.6333040376881304,11.279031096913124,4.023632929952603,2.63950802881147,0.4784998804556124,0.03372628858902145,0.08538668389218257,0.03455224365070957,0.07532038127944177,0.003347971974323464,0.0014474534376379019,0.0655594587170596,0.011612334147349197,0.6625,0.004321705404077736,0.012829058992882461,0.8934007794096077,0.06012455492566792,0.06420741660320337,0.05001445429208053,0.0018350907197337031,0.02643276665795709,0.020888699655829904,0.00690756472889906,0.0056976491544392435,0.003653200786745557,0.006799972082481734,0.0018422559195520388,0.03520771695712935,1.3877787807814457e-17,0.017261904761904763,0.018328373015873017,1.513804730155858,195.58920346685164
262147,2,10,M2,0,False,0.375728034874033,0.9814488944947632,0.8223632107649363,0.35,0.0,0.0,0.1316666482947767,0.2498424048999523,0.7028423110023141,0.10273466228960343,0.0,0.0,5.565240954048932,8.395200815051794,0.16352009256454048,0.5292542523976722,7.0075436718853235,3.565874793449781,3.0133214830889408,0.5034722056755905,0.016038342902977912,0.030287565549082067,0.010978822187626493,0.06833523322945052,-0.025006319978616933,-0.01651403263310062,0.04311237533716554,0.004707555121098545,0.6218750000000001,0.0023269829613736773,0.0059355073319747875,0.8261580326796854,0.04932630872956839,0.08993452728839756,0.08184177412190702,0.0018737527701128299,0.020905980811865548,0.013926945625540135,0.0035670459939301786,0.0021344785184676286,0.002697022070715527,0.0045155102185786096,0.0013797244418195023,0.03161248105311149,2.0816681711721685e-17,0.00017361111111111112,0.0001984126984126984,1.3407764092975039,6144.594583008826
262147,2,10,M3,1,False,0.32959257120452173,0.9814488944947632,0.8223632107649363,0.35,0.0,0.0,0.1316666482947767,0.2498424048999523,0.7028423110023141,0.10273466228960343,0.0,0.1631396964192391,5.565240954048932,8.395200815051794,0.16345532306949093,0.5328029249110366,7.051168733860544,3.5844801182090755,3.007811912207673,0.5042107862249838,0.019500694955663884,0.03972433567347839,0.01830933525174434,0.06941456985351396,-0.024690709920219038,-0.015328581418623314,0.047963136744148566,0.005264107009801844,0.621875,0.0024676209066209864,0.006414222750986986,0.8240167200320864,0.05388976297287194,0.08488855796630179,0.07248113300702781,0.0019978382997449754,0.021740649051220258,0.014251027586439622,0.003528486978831815,0.0024743494909117204,0.0030984846880929813,0.004586588388331114,0.0014570873424078568,0.03679015663190359,2.0816681711721685e-17,0.00017361111111111112,0.0001984126984126984,1.3180331040137139,6270.2442453427
262147,2,10,M2+O,2,False,0.37216213352779076,0.9814488944947632,0.8223632107649363,0.35,0.0,0.0,0.1316666482947767,0.2498424048999523,0.7028423110023141,0.10273466228960343,0.028715294985613527,0.0,5.565240954048932,8.395200815051794,0.1634947054390507,0.5285233585967287,7.038769689909353,3.5622949349049,3.013419475030285,0.48530327152181413,0.01629666649560788,0.032860384275862776,0.01293819247463042,0.06886381414539412,-0.024687065688647633,-0.016275484490885526,0.043434488461550735,0.004778058683333933,0.621875,0.002410983968306834,0.005762684227080648,0.8410394741942723,0.050078293318272224,0.0852772452779662,0.08362540314709056,0.001946818400395888,0.02125385875459409,0.014766775696189694,0.0037724841235063215,0.0021455090200127925,0.0027970278035424918,0.004945748401907147,0.0014398623227839503,0.03060798847251046,2.0816681711721685e-17,0.00017361111111111112,0.0001984126984126984,1.3582930573573957,6056.312929923617
262147,2,10,M4,3,False,0.3259381379611062,0.9814488944947632,0.8223632107649363,0.35,0.0,0.0,0.1316666482947767,0.2498424048999523,0.7028423110023141,0.10273466228960343,0.028715294985613527,0.1631396964192391,5.565240954048932,8.395200815051794,0.1634210014033307,0.5332311316723791,7.083561513432162,3.5924866435307363,3.010356896626356,0.4805214669575156,0.019785436968625125,0.04243372948712891,0.02051445709813532,0.07000431243688995,-0.024352615229888054,-0.01509269327060436,0.04835808147685915,0.0053444555140924905,0.621875,0.0025570205175308794,0.006325769077288156,0.8383939181504428,0.05030954016837171,0.08989388935901463,0.07280994700404789,0.0020770499833873556,0.022085967697073088,0.015073950731328315,0.003724216323745999,0.002503178192750733,0.0031756320472366957,0.00495306313233559,0.0015227918744998904,0.036505921323350635,2.0816681711721685e-17,0.0001984126984126984,0.0001984126984126984,1.3359602801164177,6176.877511413317
262147,2,11,M2,0,False,0.0028692036245075094,0.9814488944947632,0.8223632107649363,0.35,0.0,0.0,0.47562341731973,0.1345462879767425,0.3737773862667382,0.2305695352875695,0.0,0.0,4.313042040448636,8.777857530862093,0.1663925043897007,0.5614313956826066,8.218541635143321,3.5319093776216848,2.9858984376677977,0.40960348512665523,0.0656131599860107,0.062207309745897436,0.03109075351470979,0.0807588202204822,0.0010148903296917004,0.00514927894075225,0.32324036331373524,0.03783041891379511,0.946875,0.009452727048369733,0.013885753650178842,1.1120743217989928,0.05578607622418992,0.1119087991921016,0.0691548098560233,0.003286096550796943,0.01939674297370057,0.013978227808784317,0.003045359775910863,0.005911321591842419,0.004948823974695066,0.023283201735332566,0.004170550577037008,0.01611724619778453,2.0816681711721685e-17,0.00029761904761904765,0.00029761904761904765,1.633738562243185,573.0627618640623
262147,2,11,M3,1,False,0.009183900276501537,0.9814488944947632,0.8223632107649363,0.35,0.0,0.0,0.47562341731973,0.1345462879767425,0.3737773862667382,0.2305695352875695,0.0,-0.132857234403491,4.313042040448636,8.777857530862093,0.166784678046132,0.5562693816525721,8.106017996793142,3.5453635789583746,2.9901388480645616,0.40428315460845704,0.061589564651415026,0.05439153533537762,0.02758229654096868,0.08010796293548125,0.00017460184456074938,0.004574002451997864,0.32123640938526754,0.03683637271259437,0.94375,0.009357471619238947,0.013459860508612996,1.1004162043522225,0.05245754714035256,0.10855401312878162,0.06265794180208419,0.0031570657244068393,0.018499967058146823,0.01368380311299739,0.0030450939121141798,0.005565823161596056,0.004775583514091537,0.02361947967485883,0.0042234056733162694,0.018185960702329328,2.0816681711721685e-17,0.00029761904761904765,0.00029761904761904765,1.6517359963072233,558.9023853705071
262147,2,11,M2+O,2,False,0.0004832760120885758,0.9814488944947632,0.8223632107649363,0.35,0.0,0.0,0.47562341731973,0.1345462879767425,0.3737773862667382,0.2305695352875695,0.1877194508660889,0.0,4.313042040448636,8.777857530862093,0.16363881061361046,0.566390786139291,8.375305493595029,3.6202242692125646,2.9498718540636912,0.38322625476568684,0.07621706262033665,0.07668554121862961,0.03448658145034003,0.08283159718845634,0.0033940124941423174,0.005014255426285847,0.3311746255559854,0.040852642411376,0.9375,0.010538703647515751,0.016761286015487382,1.0229067073902762,0.051765100033881004,0.12204677671599523,0.06784054300782649,0.003758840658622141,0.02094518398686025,0.013572855582039507,0.0037028837677889085,0.006047738434612933,0.004913326672495634,0.024823411339559034,0.004408989076352663,0.021650635094610966,2.0816681711721685e-17,0.0003224206349206349,0.00029761904761904765,1.5682095634776618,546.2524521629505
262147,2,11,M4,3,False,0.0004444165049852245,0.9814488944947632,0.8223632107649363,0.35,0.0,0.0,0.47562341731973,0.1345462879767425,0.3737773862667382,0.2305695352875695,0.1877194508660889,-0.132857234403491,4.313042040448636,8.777857530862093,0.16408874743681162,0.5606671056246568,8.269918128680132,3.609279553115358,2.953845761770606,0.3756260788194458,0.0722835516179077,0.06964039967275407,0.031188907321555645,0.08190205845276674,0.0026942364294891595,0.004480063541630774,0.32968366968347246,0.039910065185256,0.9343750000000001,0.010433574793765228,0.016510928558235452,1.0069592054019232,0.05063528469113947,0.11875162613580759,0.060028647356082196,0.0036216615483285622,0.02042220480852097,0.013254861986240252,0.0035151990019966248,0.005719020855368499,0.0047993457425718105,0.02509119149459702,0.0044799486075827195,0.022229274054723424,2.0816681711721685e-17,0.00034722222222222224,0.0003224206349206349,1.5224770451008922,533.2031656744105
262147,2,12,M2,0,False,0.14217224388319774,0.9814488944947632,0.8223632107649363,0.35,0.0,0.0,0.5283482315018774,0.3328876707156261,0.457244448363781,0.1455146569506814,0.0,0.0,4.954742657020688,6.8926228834316134,0.1488440589060719,0.5868597021357587,11.820867165532873,3.793602068850909,2.809674626692245,0.4814395520668855,0.03609221511850286,0.032818161991316624,0.013434013586687483,0.07976939235584124,-0.011204267741237107,0.0008231932854917718,0.22166977600311769,0.034823711739105055,0.93125,0.00826669216104092,0.011515965710925209,1.608019757646084,0.058038865521170026,0.1000688614641126,0.05989040509022129,0.0027658742212787754,0.01776034417746513,0.011946991906682946,0.005132888720092487,0.004070964478628331,0.0044118178269833925,0.017586473615518718,0.003390540129936795,0.018185960702329328,2.0816681711721685e-17,0.001488095238095238,0.0017609126984126984,1.981269431037813,2527.5941469462105
262147,2,12,M3,1,False,0.1745255578578434,0.9814488944947632,0.8223632107649363,0.35,0.0,0.0,0.5283482315018774,0.3328876707156261,0.457244448363781,0.1455146569506814,0.0,-0.22406192403286693,4.954742657020688,6.8926228834316134,0.14903987147963701,0.5813191695087457,11.711579746986926,3.7737720288938013,2.7926507261484064,0.46757980870373284,0.03243358862630123,0.02366500357963057,0.008446671198529692,0.07831663668547556,-0.011741880759241069,-0.00020240864187251093,0.21670854730572886,0.0336366836169785,0.9281250000000001,0.00812265304756729,0.010675515807749272,1.6113967408661838,0.05195472342523522,0.10090295630455642,0.06756400097639201,0.0026008823529900947,0.016967247808158684,0.011795878595632877,0.005076335675883742,0.0036289483534152045,0.004088241653916697,0.017746089970859167,0.0034136694099276593,0.017659245689817367,2.0816681711721685e-17,0.001388888888888889,0.0016617063492063492,1.952941155422022,2527.243662280503
262147,2,12,M2+O,2,False,0.12970222840867163,0.9814488944947632,0.8223632107649363,0.35,0.0,0.0,0.5283482315018774,0.3328876707156261,0.457244448363781,0.1455146569506814,0.10161489625486209,0.0,4.954742657020688,6.8926228834316134,0.14823954063245973,0.5841586970166456,11.882213740517244,3.818366753317621,2.7484784386670107,0.4623066360724363,0.03761552227690147,0.03977702444674552,0.014389674846317682,0.0800549749849628,-0.010456954502328576,0.000885689709613993,0.22387808671562592,0.03539957248243813,0.925,0.008742639870336523,0.012665428245519868,1.5254800071194679,0.0778461638076742,0.10748868455058527,0.05738388215068783,0.0029910308558933523,0.018043993669283262,0.012792183409231982,0.005702387734933757,0.0040796059841150855,0.00446483609420778,0.018399867424838713,0.003514301124439536,0.017677669529663688,2.0816681711721685e-17,0.001488095238095238,0.0017113095238095238,2.041148598297764,2529.232633436715
262147,2,12,M4,3,False,0.1610757085648007,0.9814488944947632,0.8223632107649363,0.35,0.0,0.0,0.5283482315018774,0.3328876707156261,0.457244448363781,0.1455146569506814,0.10161489625486209,-0.22406192403286693,4.954742657020688,6.8926228834316134,0.1484854726993656,0.579628588064252,11.761547156141742,3.7957995105032403,2.7714744604478807,0.47380043865661725,0.033908330007297746,0.03058312713817406,0.009667080675224921,0.0781026640438994,-0.010998377859350005,-0.00013010810502393625,0.21895699023489218,0.03413423628952454,0.91875,0.008587144002216107,0.012327371102114607,1.5207562535745243,0.07075801929995432,0.11255320679635344,0.06840818098538215,0.002817593040338333,0.017155440609152445,0.012798922006212575,0.005634251459826758,0.0036074370094229115,0.0041593177794476644,0.018541299572523123,0.0035296625714847283,0.019297560294849015,2.0816681711721685e-17,0.0014384920634920636,0.0016121031746031745,2.063504296044149,2528.8101079093944
262147,2,13,M2,0,False,0.09169782627959366,0.9814488944947632,0.8223632107649363,0.35,0.0,0.0,0.19160756780765953,0.10117971124439723,0.5988673171959817,0.11719459330247321,0.0,0.0,4.166520392987877,9.900185617618263,0.1869346165416469,0.45300137775728944,2.831345354252842,3.0108377426836554,3.844738302136731,0.49638175273433677,0.042752455145030364,0.06327959252993492,0.042186614875480706,0.07287008606604703,-0.0169160988015859,-0.007424925065440649,0.2076357416380366,0.004809840483655193,0.615625,0.004384097828935797,0.009184895509763072,0.48365253598591085,0.045108432991136094,0.11356236521527793,0.07350695713920082,0.002717128017176341,0.020892371345234733,0.01619207182367025,0.0030980037588240173,0.004899823034533557,0.0044677700464167205,0.017129740670738577,0.0019894442546298,0.04126104650070492,1.3877787807814457e-17,0.0,0.0,1.2387612441804565,128.09059615023452
262147,2,13,M3,1,False,0.017322563726546305,0.9814488944947632,0.8223632107649363,0.35,0.0,0.0,0.19160756780765953,0.10117971124439723,0.5988673171959817,0.11719459330247321,0.0,0.24830152671784156,4.166520392987877,9.900185617618263,0.18641440733499393,0.4637921548764733,2.975848500817907,3.0521454256267004,3.8325151570266023,0.5514581188146126,0.05816596697932612,0.09386084171240275,0.06318483874949173,0.07348540346222854,-0.01417219396408693,-0.00463343963684058,0.22114387711761965,0.005933009678558353,0.628125,0.004665002629038682,0.010370909943961821,0.4994060306284022,0.04900157945372879,0.11510210481338835,0.08060744741171304,0.0031062254324005357,0.022448352330707605,0.016815579442658934,0.003080891335968795,0.00621241063171449,0.005157057253422985,0.016256604889501054,0.0021904514469672973,0.04004392119910336,2.0816681711721685e-17,0.0,0.0,1.2063278794141294,145.763503210256
262147,2,13,M2+O,2,False,0.08095327883051295,0.9814488944947632,0.8223632107649363,0.35,0.0,0.0,0.19160756780765953,0.10117971124439723,0.5988673171959817,0.11719459330247321,0.036378440419058695,0.0,4.166520392987877,9.900185617618263,0.18677403889852714,0.45483632458311873,2.8210329657461806,2.9982399811154323,3.8774457704971055,0.5448391615623676,0.04440028376107387,0.07113010937303955,0.044836318127398134,0.07345338094391718,-0.016089258475334545,-0.007064959672575533,0.20947289496965943,0.004994444588875117,0.609375,0.004580512821664806,0.008994898299552738,0.4690661843008264,0.0396147356547487,0.12300921266563106,0.08150130349371314,0.002890279832815507,0.020636107843592717,0.01649254233034269,0.0030283203060719965,0.004984578463291367,0.004601665662877282,0.0178125459238974,0.0020599110216944273,0.04311292101369766,2.0816681711721685e-17,0.0,0.0,1.2355244294965515,117.91527600913453
262147,2,13,M4,3,False,0.012903941308873897,0.9814488944947632,0.8223632107649363,0.35,0.0,0.0,0.19160756780765953,0.10117971124439723,0.5988673171959817,0.11719459330247321,0.036378440419058695,0.24830152671784156,4.166520392987877,9.900185617618263,0.18622454205550254,0.4648086374289695,2.9641885197309374,3.0405326871675795,3.852665201804081,0.6125427230804358,0.059792062310673265,0.10104728961401549,0.06505954344767911,0.07426682740399826,-0.013344720437283603,-0.004363237419476975,0.22273503038887993,0.0061044077014970975,0.621875,0.004869130321300494,0.010294089135543825,0.4850709460569286,0.04295316982728161,0.12225471944863003,0.07712899082985407,0.0032989425423123452,0.022089859222518243,0.016844567414069023,0.0030332554834617688,0.006302207487611647,0.005268762240239769,0.016940647785078068,0.002248047989901031,0.040560846781923406,1.3877787807814457e-17,0.0,0.0,1.2285560934656106,134.40608151483423
262147,2,14,M2,0,False,0.3739649543514601,0.9814488944947632,0.8223632107649363,0.35,0.0,0.0,0.27048005373217165,0.36894328719968383,0.27894342318177223,0.26852824616378107,0.0,0.0,6.389856506604701,10.496874457225204,0.14647799464533526,0.6431375171372388,13.216339355430332,4.02017887880405,2.6056265844587507,0.500769412642579,0.016015038486813314,0.05292481885290819,0.0335068457194397,0.07599590906857775,0.0018137256857775866,-0.00020481422134971177,0.050638064229917,0.008682379973564622,0.671875,0.004327000712802971,0.007210736760841861,0.9627666408574497,0.08289453036584622,0.06620865726074171,0.05704505684661338,0.0013580233247202276,0.022025619779455694,0.0163516536321669,0.0043623604104866195,0.0036374902233068875,0.0033063623631066695,0.005691635831314428,0.0018043320264339332,0.03679015663190359,2.0816681711721685e-17,0.0009672619047619048,0.0010416666666666667,1.5895389718216213,44458.83931763218
262147,2,14,M3,1,False,0.3675876121099218,0.9814488944947632,0.8223632107649363,0.35,0.0,0.0,0.27048005373217165,0.36894328719968383,0.27894342318177223,0.26852824616378107,0.0,0.027264878060668685,6.389856506604701,10.496874457225204,0.14644491873602938,0.6438762645931667,13.238833985690812,4.026304539833296,2.601147857009478,0.49437366808566696,0.01648157734611735,0.05378372579306213,0.03379082908121474,0.07613188490619485,0.001958675936102737,-0.00014464632544503768,0.05130825523264247,0.008823066539714663,0.675,0.004345052880613449,0.007218169621521001,0.9638037999214696,0.08406901132600308,0.0666859609263406,0.057602193404382704,0.0013704892217670532,0.02212403797319465,0.01634298826571845,0.004376377038860054,0.003681566333193926,0.00334806303725624,0.0056892909977307015,0.0018133615271427699,0.03736085295243316,2.0816681711721685e-17,0.0009672619047619048,0.0010416666666666667,1.5836712466695602,44460.00744431598
262147,2,14,M2+O,2,False,0.35550294153145434,0.9814488944947632,0.8223632107649363,0.35,0.0,0.0,0.27048005373217165,0.36894328719968383,0.27894342318177223,0.26852824616378107,0.09194735766059345,0.0,6.389856506604701,10.496874457225204,0.14617182076044563,0.6445855365227937,13.188946236538966,3.9954813389321577,2.603732847815002,0.5203798286492752,0.017343268844838982,0.06088615180103534,0.03510511598546123,0.077384197106138,0.0028532394184504193,0.00012564144409600488,0.05421776901035321,0.009358081572814118,0.684375,0.004711281694351165,0.008339692248971282,0.9981163126654841,0.08936686012360781,0.06479473023621271,0.05902867754451911,0.0013868466429798722,0.021065848542962673,0.01728824312965425,0.005025649306589129,0.003833239315180736,0.003357656369559464,0.006830058687055584,0.001963055787492443,0.03892266638262766,2.0816681711721685e-17,0.0009176587301587302,0.0009672619047619048,1.661421630470004,44471.53324766293
262147,2,14,M4,3,False,0.349192763245357,0.9814488944947632,0.8223632107649363,0.35,0.0,0.0,0.27048005373217165,0.36894328719968383,0.27894342318177223,0.26852824616378107,0.09194735766059345,0.027264878060668685,6.389856506604701,10.496874457225204,0.14613437449028033,0.6450340613799228,13.211606012448826,3.997568806029366,2.601242684199796,0.5174017320590415,0.017817131497897473,0.061765988862127995,0.0352597966883275,0.07750686353026709,0.0030001983042972284,0.00019484229601193087,0.0548835305982759,0.009501034782052654,0.6875,0.004730255642798425,0.008337483932108659,0.9989983179862104,0.08886967658055356,0.0646116093555618,0.05949741444100082,0.0014000461932319123,0.02116081999184468,0.017277515324040482,0.005047606311900089,0.003881998713224169,0.003386367294648438,0.006831198232285982,0.0019718349611877947,0.03859512058969803,2.0816681711721685e-17,0.0009176587301587302,0.0009672619047619048,1.6559137119802985,44473.40609778145
262147,2,15,M2,0,False,0.052078836256739015,0.9814488944947632,0.8223632107649363,0.35,0.0,0.0,0.3940499079413713,0.20372390595990375,0.6686163335107267,0.06355384261476883,0.0,0.0,3.606406543403864,6.723187608644366,0.16888930794743698,0.5227575561674702,6.578332232741395,3.3642059381770473,3.2306604652198807,0.4570141361002305,0.04952828404498247,0.028230117900059987,0.004376731027228227,0.07779916859227838,-0.024359080054653044,-0.006182786711556044,0.30134905436319537,0.029006560687772277,0.8812500000000001,0.00754870670961644,0.009600759992243288,1.1106205208442772,0.05448053123844521,0.09404833248637948,0.06371666547317707,0.00378553870479688,0.018446125487613943,0.014200848934229746,0.0033896745415520064,0.004002515510779791,0.004811006497900832,0.02045113587045,0.003856606819471557,0.02882237267586877,1.3877787807814457e-17,0.0006696428571428571,0.000744047619047619,1.4375437470412735,171.73071777805322
262147,2,15,M3,1,False,0.05302043731339715,0.9814488944947632,0.8223632107649363,0.35,0.0,0.0,0.3940499079413713,0.20372390595990375,0.6686163335107267,0.06355384261476883,0.0,-0.007599563617259275,3.606406543403864,6.723187608644366,0.16889551945321526,0.5225356229962421,6.574925741319342,3.3623002579771075,3.229538765612316,0.4575276847781722,0.04934862325019086,0.027706353917687984,0.003899822264194567,0.07776868598487477,-0.02436710352817796,-0.006261248490925296,0.3011312903051275,0.02895538664804821,0.8812500000000001,0.00754225958574479,0.009527574691653223,1.1101328101937984,0.0543040841652829,0.09450708885616219,0.06409112568008078,0.003778459362084113,0.018410590663133535,0.01419425030835419,0.0033861539050567603,0.003982491953524528,0.004797476216889999,0.020457546170514405,0.0038575872067283076,0.02882237267586877,2.0816681711721685e-17,0.0006696428571428571,0.0007192460317460318,1.4353092000229686,171.72492740975034
262147,2,15,M2+O,2,False,0.00010875857744330426,0.9814488944947632,0.8223632107649363,0.35,0.0,0.0,0.3940499079413713,0.20372390595990375,0.6686163335107267,0.06355384261476883,0.3004872556272591,0.0,3.606406543403864,6.723187608644366,0.16305411682562945,0.5347606485781987,7.272106935185429,3.5383333654526865,3.0991115992058775,0.44985936168857427,0.07703497960134958,0.052866336993741485,0.011295400458221607,0.08294284831664561,-0.018392967259914413,-0.0030947472734521434,0.3353376268994279,0.04025525476589793,0.953125,0.009205447668675664,0.012493098777345767,0.9433886025101155,0.06772508428114152,0.10358180519890094,0.06693553563418837,0.004202836337377509,0.021430373909255878,0.014581978247419965,0.005260052581552713,0.00454663457241987,0.00493807848298421,0.019681520470071937,0.003925063478939377,0.014768173832039398,1.3877787807814457e-17,0.000818452380952381,0.0008680555555555555,1.220345827721506,170.65616759961736
262147,2,15,M4,3,False,0.000116646444470834,0.9814488944947632,0.8223632107649363,0.35,0.0,0.0,0.3940499079413713,0.20372390595990375,0.6686163335107267,0.06355384261476883,0.3004872556272591,-0.007599563617259275,3.606406543403864,6.723187608644366,0.16306688454375834,0.5345972017026923,7.268871098718367,3.5365892964218313,3.099549848078538,0.45073133730377957,0.0768731025548278,0.05241808925462526,0.010882029781383983,0.08289728528068507,-0.018402274691053905,-0.003150830174953625,0.335196867561396,0.04020108059755942,0.953125,0.0091977609697594,0.012475733553716123,0.9433168494486082,0.06788356631263125,0.1040498310611151,0.06688631555686395,0.004193563771402334,0.021390266138765213,0.014595635778380977,0.0052580731512345165,0.004523328700091379,0.004927727025221276,0.0196784417700021,0.003925790103433607,0.014768173832039398,1.3877787807814457e-17,0.0007936507936507937,0.0008680555555555555,1.218791267626441,170.63384166382275
262147,2,16,M2,0,False,0.24577695149320913,0.9814488944947632,0.8223632107649363,0.35,0.0,0.0,0.4057463240809739,0.339491902804902,0.4081831085495651,0.19734403058788655,0.0,0.0,3.938230101019144,10.274940855801105,0.15038547075962688,0.5906586485529599,11.830756461739144,3.878623075473399,2.724815908227005,0.5245553654635877,0.025417232008687285,0.04072285958482548,0.021510822235609912,0.07549452745173701,-0.008305879346450846,-0.0009587882314966495,0.13672095097609843,0.020687829047619323,0.825,0.00635206613151865,0.007315770793295635,1.3196430406382955,0.05997319074847682,0.07310337695167073,0.06349250854988563,0.001973609644715341,0.020677975023923763,0.013745481913488272,0.004844618490485056,0.00371332837038745,0.003992296871055155,0.012458394202352462,0.0026346801077907368,0.031950482521134686,2.0816681711721685e-17,0.006845238095238095,0.007341269841269841,1.7321427756908894,409.13232009965793
262147,2,16,M3,1,False,0.1982733793155413,0.9814488944947632,0.8223632107649363,0.35,0.0,0.0,0.4057463240809739,0.339491902804902,0.4081831085495651,0.19734403058788655,0.0,0.22910888325422996,3.938230101019144,10.274940855801105,0.15006812589919244,0.5948549804548255,11.916962360964794,3.897330745035125,2.699465864762562,0.4910167470496343,0.029949483066317697,0.05018653684674927,0.025342605329879614,0.07695190226757717,-0.0074488633282477,-0.00010076044187591832,0.1432160724574456,0.022029056955876918,0.825,0.006498336372882051,0.007854506332735527,1.3152613821601655,0.06434717614535032,0.07253587727339665,0.06313768858086341,0.0021205459700150094,0.021727870297101156,0.013960168510164385,0.004806311446902555,0.0041781213095201586,0.004343708791367187,0.012299319265427313,0.0026641083724227538,0.033229003395628134,2.0816681711721685e-17,0.006944444444444444,0.007490079365079365,1.6856711206206447,415.41115393668855
262147,2,16,M2+O,2,False,0.24453596273715203,0.9814488944947632,0.8223632107649363,0.35,0.0,0.0,0.4057463240809739,0.339491902804902,0.4081831085495651,0.19734403058788655,0.023601876858286377,0.0,3.938230101019144,10.274940855801105,0.15032164101956605,0.590365423552353,11.843652559407586,3.8643365958174147,2.72094071139537,0.49758754632349667,0.02553031868562502,0.042918132969711524,0.022652958795007717,0.07552596312863469,-0.008130397328264989,-0.000978539075845573,0.13663901936747064,0.020698813478653787,0.8250000000000001,0.006451976433525574,0.007529782847496019,1.3111187416332475,0.060981286534044464,0.07697328724214433,0.06250655160246138,0.00201777087637304,0.020497561324527926,0.0141268580469743,0.004989086420501128,0.0037374786345631345,0.003998616640675184,0.012712999735242451,0.0026561550229968773,0.030956959368344517,2.0816681711721685e-17,0.006746031746031746,0.007341269841269841,1.7483376189638034,405.2100178074933
262147,2,16,M4,3,False,0.19695438373859667,0.9814488944947632,0.8223632107649363,0.35,0.0,0.0,0.4057463240809739,0.339491902804902,0.4081831085495651,0.19734403058788655,0.023601876858286377,0.22910888325422996,3.938230101019144,10.274940855801105,0.14999275400597825,0.5946069318082732,11.932725155804622,3.8767183407669963,2.709677991812654,0.4841848884629383,0.03008310528837963,0.05244408679232848,0.02614844369224189,0.07689576000300893,-0.007262584371105618,-0.00012301114517960328,0.14315425471028137,0.022052156864769343,0.825,0.006600765990604856,0.0079998534014847,1.3081366217679053,0.06635827651651229,0.07287945868747685,0.06431162494105105,0.002166271612393012,0.02157259730285181,0.014199908682446664,0.004991658004584748,0.00420589045906934,0.004343320315713154,0.012554666270149192,0.002683333138029398,0.033229003395628134,2.0816681711721685e-17,0.006795634920634921,0.007465277777777778,1.7022109138937882,411.1781949040742
262147,2,17,M2,0,False,0.18447188315077892,0.9814488944947632,0.8223632107649363,0.35,0.0,0.0,0.28696249634958804,0.21941615258976566,0.5165418740361929,0.08793037523714164,0.0,0.0,5.1766509604640305,6.5015790313482285,0.1718766218401963,0.5233324885490753,6.057741761683025,3.358817847863538,3.331671575064833,0.5663660754333885,0.03134519025510548,0.03747865605833546,0.021634884971059025,0.07480129567466953,-0.019563842768280167,-0.006900564096462266,0.18689838953417326,0.016215051237653905,0.796875,0.005628871482872669,0.008016274240807324,0.8557317091573858,0.05674847775508592,0.14503785585620974,0.13554120641780532,0.0025317247948680407,0.019872554139321544,0.014894694970660424,0.0036575389117430267,0.003546828659392409,0.004177979697672986,0.01523684092354248,0.0025061905451384454,0.02519455546343297,2.0816681711721685e-17,9.92063492063492e-05,0.00014880952380952382,1.3729968060430637,2045.0264591556468
262147,2,17,M3,1,False,0.24694579971069552,0.9814488944947632,0.8223632107649363,0.35,0.0,0.0,0.28696249634958804,0.21941615258976566,0.5165418740361929,0.08793037523714164,0.0,-0.24325488042086363,5.1766509604640305,6.5015790313482285,0.17196515357066997,0.5183869327911916,5.976745109393435,3.3568702687897525,3.248561822375717,0.46808914857881845,0.025291148624868996,0.01907688624635427,0.007365373338360367,0.07352041922010173,-0.02022379045888943,-0.00906430499523925,0.17790794524111725,0.014952554420691518,0.796875,0.005415976059664756,0.007457356531090396,0.8494306132235414,0.05232346991243532,0.10430016520240838,0.06924462726429524,0.002260634106858519,0.018638256394774462,0.014376643664937844,0.003689111769758337,0.0028219377441895646,0.003602699807589797,0.015397680317874715,0.0024795059425508238,0.026008311972649564,2.0816681711721685e-17,9.92063492063492e-05,0.00014880952380952382,1.3239513007829986,1990.8758045394497
262147,2,17,M2+O,2,False,0.10492587457544869,0.9814488944947632,0.8223632107649363,0.35,0.0,0.0,0.28696249634958804,0.21941615258976566,0.5165418740361929,0.08793037523714164,0.1571969305868237,0.0,5.1766509604640305,6.5015790313482285,0.1702048823891109,0.5262385637204567,6.2269643467934435,3.4211551250233336,3.203237201426486,0.4810747424801032,0.04084979132439885,0.055861475492120685,0.025475515545067898,0.07781089502179517,-0.01677858034400475,-0.005328756183428516,0.20831829327800858,0.01974027939293056,0.8125,0.006494821491697978,0.008769773114118732,0.831794522793003,0.06002944798680702,0.10071544000851168,0.07100107451878371,0.0030423586469080694,0.019909976526283478,0.016664896503332496,0.0042387853342372855,0.0037655568807102562,0.004442409571574416,0.016714973413151403,0.002771789081044778,0.03243583409338094,2.0816681711721685e-17,0.00014880952380952382,0.00014880952380952382,1.4229629956656014,2090.6742076781006
262147,2,17,M4,3,False,0.15239797463324203,0.9814488944947632,0.8223632107649363,0.35,0.0,0.0,0.28696249634958804,0.21941615258976566,0.5165418740361929,0.08793037523714164,0.1571969305868237,-0.24325488042086363,5.1766509604640305,6.5015790313482285,0.1703987269174141,0.520754404496967,6.1506944840706606,3.4372595721559636,3.208652913562535,0.47082317799196893,0.034867872806334806,0.03797298672128199,0.012502488499182441,0.0759441449996129,-0.01749314338358631,-0.0073555545401449915,0.20044097548246087,0.01835366773757891,0.8031250000000001,0.006252825358264577,0.008166165679926476,0.8312839742060558,0.05723825099249326,0.0946983944461059,0.07571498330118889,0.002725595877994929,0.018504277001524957,0.01676070484067461,0.0042580497564401396,0.002952353715792438,0.003912053633923195,0.016720290096826518,0.002737804133098213,0.032745467243574335,2.0816681711721685e-17,0.00014880952380952382,0.00014880952380952382,1.280471425312607,2053.020548100307
262147,2,18,M2,0,False,0.353659800076244,0.9814488944947632,0.8223632107649363,0.35,0.0,0.0,0.21026689126156273,0.3072119062245035,0.3519839565269649,0.3787901129537533,0.0,0.0,3.8420952023006976,7.101360463537276,0.14600136599856553,0.6329263803853736,12.807040486136113,3.9626750104667368,2.631433520500598,0.5849555340503979,0.017882860552188483,0.06429186073269925,0.033563114254762404,0.07247326417655345,0.0001722080537946949,-0.0006818307366640562,0.036758405614625136,0.007034133122430888,0.6187499999999999,0.0034330915916644146,0.009441953789775097,0.9225796626324098,0.07601935397935426,0.06578695978100839,0.061040198260062795,0.0014896970808400084,0.024260489592984873,0.018802608783298366,0.005800002681770285,0.00382364160268917,0.003060176550225194,0.004336147788633926,0.0015507943014098,0.03896446030252012,2.0816681711721685e-17,0.012996031746031747,0.014285714285714285,1.5470425435338013,474.0001463867347
262147,2,18,M3,1,False,0.36143431603647325,0.9814488944947632,0.8223632107649363,0.35,0.0,0.0,0.21026689126156273,0.3072119062245035,0.3519839565269649,0.3787901129537533,0.0,-0.032129946071654536,3.8420952023006976,7.101360463537276,0.14604625763708118,0.6322890428010283,12.790146443711695,3.953009935739808,2.6353669318871376,0.5876448356447812,0.01730158422300892,0.06325789360965087,0.03326574219723213,0.07235900947746539,2.9253687922060814e-05,-0.0007716216852378076,0.03596235041964424,0.006859118015953651,0.615625,0.0034113653063973775,0.009321996141813962,0.9216828830638254,0.07541326452429499,0.06511616907615,0.06133208296924603,0.0014765796811112024,0.024093810791844188,0.018789478682621874,0.00578087024645408,0.003764537766048681,0.0030160028499365134,0.004331354502829873,0.0015427431701356925,0.03700190028903921,2.0816681711721685e-17,0.012996031746031747,0.01423611111111111,1.5540976430659483,472.3079597521678
262147,2,18,M2+O,2,False,0.1161838475312347,0.9814488944947632,0.8223632107649363,0.35,0.0,0.0,0.21026689126156273,0.3072119062245035,0.3519839565269649,0.3787901129537533,0.4367824238124445,0.0,3.8420952023006976,7.101360463537276,0.14135538542155973,0.6373026003935371,13.123675464597389,4.139905733084157,2.5922292699122895,0.5903011369669076,0.039575581445470874,0.08643393338146023,0.044874277079650554,0.08151455529586774,0.004909258793807795,0.0021238818315353703,0.11625115120412587,0.022144540785465905,0.825,0.005588469909211579,0.011673763418992502,0.9957406526201987,0.063107565805628,0.07859019566903042,0.057026197348634546,0.0022168804274169665,0.023457913093790736,0.01768471444726401,0.008350977836785983,0.0056930305616554626,0.0034320159701571864,0.009934576830739773,0.002663818389657046,0.029580398915498077,2.0816681711721685e-17,0.014657738095238095,0.015327380952380952,1.6534298891922603,505.2036866564831
262147,2,18,M4,3,False,0.12035585945090997,0.9814488944947632,0.8223632107649363,0.35,0.0,0.0,0.21026689126156273,0.3072119062245035,0.3519839565269649,0.3787901129537533,0.4367824238124445,-0.032129946071654536,3.8420952023006976,7.101360463537276,0.14140901559318542,0.6358564653340271,13.10744249177723,4.138697248303432,2.5959237214286164,0.5925287896094076,0.03903072107298011,0.0855410050398581,0.04487011685123754,0.08140582550768866,0.004815887545974982,0.002051450010668796,0.11576923312092055,0.02200854607328632,0.825,0.0055669194663674594,0.011523132797110978,0.9935694100043693,0.06390638137818457,0.0782552800998322,0.05762416728589693,0.0022019026127794434,0.02334202881632159,0.01767894012474859,0.008358520443059687,0.0056434412949273125,0.0034109886552223644,0.009895025380826792,0.0026620796668242754,0.029580398915498077,2.0816681711721685e-17,0.014484126984126985,0.01525297619047619,1.6596813563264292,505.3443804170561
262147,2,19,M2,0,False,0.002993138851599752,0.9814488944947632,0.8223632107649363,0.35,0.0,0.0,0.5377583326771856,0.1078785758284304,0.7122988943010569,0.0458333252557459,0.0,0.0,6.147785859182477,10.109249056316912,0.17361260100177142,0.45683215873694216,4.6531136579886505,3.2363468252636736,3.5656606084117977,0.4979620997349311,0.16379514720670674,0.02542494963549328,-0.0032520655755047504,0.08550150538112603,-0.014434985637795293,0.0012003378484280517,0.6189455338019976,0.04839460747486231,0.934375,0.011401262345750228,0.020676793150037925,0.7925235858908753,0.051072312494200515,0.0980630395112815,0.07215105280817997,0.007306891797085921,0.0147079411128621,0.013147045339900782,0.00243421085223418,0.007094336257105533,0.005870074465449142,0.024057424308973237,0.0068541564565535555,0.015624999999999998,1.3877787807814457e-17,0.0,0.0,1.3308087704803002,79.39310764301726
262147,2,19,M3,1,False,0.0030456478735575374,0.9814488944947632,0.8223632107649363,0.35,0.0,0.0,0.5377583326771856,0.1078785758284304,0.7122988943010569,0.0458333252557459,0.0,0.002734182681888353,6.147785859182477,10.109249056316912,0.17360834464835467,0.45690751295489995,4.654572850201771,3.2363920141685476,3.567579504959075,0.4987494772674222,0.16386653772632373,0.025641456827987973,-0.0030977831584525816,0.08551303480973708,-0.014434326124151233,0.0012263744172387222,0.6189488503590685,0.04841585625916394,0.934375,0.011403708243727112,0.020681102690097913,0.7928043512969373,0.051060629030345625,0.09836741253374279,0.07246061576441157,0.007309076385166305,0.014723443332068537,0.013148763434972534,0.002433792410279517,0.007100551392853203,0.0058722787416339095,0.024056639389372005,0.0068535483258559205,0.015624999999999998,1.3877787807814457e-17,0.0,0.0,1.3310059396611165,79.5106990473089
262147,2,19,M2+O,2,False,0.00403867719880403,0.9814488944947632,0.8223632107649363,0.35,0.0,0.0,0.5377583326771856,0.1078785758284304,0.7122988943010569,0.0458333252557459,0.06353756950472862,0.0,6.147785859182477,10.109249056316912,0.1729728827758884,0.4579012001381422,4.545978533324122,3.260373016495808,3.5442819637591167,0.4896511698803223,0.16482589249157412,0.03256124344957006,-0.0028646819823957195,0.08536860446075098,-0.014789207782317557,0.000995637391443487,0.6151596549088119,0.04800926084576701,0.9156249999999999,0.011777653051169928,0.022101377923540656,0.7057756707777779,0.05549102257977799,0.10754859012610314,0.07980903341364125,0.007092510241561226,0.013994045244681636,0.01298531762911198,0.002216684390385404,0.0065993444797557334,0.006021016270078206,0.024165317226059763,0.006899625404499971,0.019213032686174247,1.3877787807814457e-17,0.0,0.0,1.3294077749709214,71.70765428532371
262147,2,19,M4,3,False,0.0041104861465729265,0.9814488944947632,0.8223632107649363,0.35,0.0,0.0,0.5377583326771856,0.1078785758284304,0.7122988943010569,0.0458333252557459,0.06353756950472862,0.002734182681888353,6.147785859182477,10.109249056316912,0.17296798442210615,0.458032924292212,4.5473620921109195,3.260654538309995,3.5442901903059365,0.490137022446004,0.16489768476499267,0.03277602885658674,-0.002717346430334811,0.08537860636978395,-0.014788998846950348,0.0010140341934063398,0.6151631026174748,0.048029894490150674,0.9156249999999999,0.01178022909865251,0.02211411577956765,0.7060173601610181,0.0553807629181281,0.10755590971409151,0.08013175628224763,0.007095856712053237,0.014011760943572895,0.012990881566273654,0.0022164373617988595,0.006606223945964891,0.006025205750344424,0.02416397454877248,0.006898824566499339,0.019213032686174247,2.0816681711721685e-17,0.0,0.0,1.3295971216428295,71.81734990486363
262147,2,20,M2,0,False,0.06314417011767229,0.9814488944947632,0.8223632107649363,0.35,0.0,0.0,0.49215499800629925,0.2673284148553958,0.6132068322040141,0.07420814093349473,0.0,0.0,3.1204502838663757,8.220164174214005,0.15891070313965822,0.5516980603452132,9.037896122433313,3.597190738891924,2.982992323652457,0.49254125935836723,0.04749993701895039,0.025418504901170626,0.0011647481458994546,0.07875468495854221,-0.02138018100320596,-0.0025581843777958534,0.29543155644512886,0.038076669643975936,0.928125,0.008456412332843312,0.009069315222588125,1.418552518088014,0.05269793650660424,0.11239176106568045,0.04837473804875754,0.0037640635576380063,0.01754831737767759,0.012711480997304417,0.004019276915963659,0.003924454443954114,0.00479244781235663,0.020101411893468698,0.003746394448652044,0.019348099605215326,2.0816681711721685e-17,0.006324404761904762,0.007217261904761905,1.6365872937099784,82.9447677292534
262147,2,20,M3,1,False,0.03523170702375299,0.9814488944947632,0.8223632107649363,0.35,0.0,0.0,0.49215499800629925,0.2673284148553958,0.6132068322040141,0.07420814093349473,0.0,0.26686673136427996,3.1204502838663757,8.220164174214005,0.15863485166244362,0.557006444802612,9.105445591121661,3.618370064748009,2.957094046630185,0.471050342638115,0.05315682411330155,0.03865235170067666,0.010634962429999582,0.08085822002338872,-0.021057435278590615,-0.0006951674346823116,0.30214551675886564,0.03983270042888519,0.9468749999999999,0.008652263140733602,0.010153075601063549,1.4025598351527782,0.05763973089268715,0.10578140119260898,0.047909182601295563,0.003960143075911078,0.01872131005942819,0.012905169938991417,0.004203111934613541,0.004558459870587904,0.00523347515658035,0.019873708361877143,0.0036924979834089327,0.01736180554166722,2.0816681711721685e-17,0.006448412698412698,0.007390873015873016,1.7037181053837702,84.47148542967871
262147,2,20,M2+O,2,False,0.056952813125469785,0.9814488944947632,0.8223632107649363,0.35,0.0,0.0,0.49215499800629925,0.2673284148553958,0.6132068322040141,0.07420814093349473,0.07464393350596943,0.0,3.1204502838663757,8.220164174214005,0.15845315056894604,0.5514308261600526,9.105384974864938,3.6246691081778755,2.9702702499915405,0.44717241119323936,0.048617450488888506,0.03237540078039546,0.0029366810064500905,0.08016492653463886,-0.021046041825682045,-0.0026561248479683892,0.29583317267419285,0.03840459205208894,0.934375,0.008816716323267448,0.009879912480359784,1.3645642102686746,0.06392449442673326,0.10469687549887433,0.04914893936008293,0.003921919379354575,0.01709686096660886,0.013624112029737135,0.004533197328243724,0.003743723904407891,0.0048913381455520195,0.02038407471810126,0.0038180204664969683,0.015624999999999998,1.3877787807814457e-17,0.006225198412698412,0.007217261904761905,1.692298716233664,80.7807048868575
262147,2,20,M4,3,False,0.030481759550440062,0.9814488944947632,0.8223632107649363,0.35,0.0,0.0,0.49215499800629925,0.2673284148553958,0.6132068322040141,0.07420814093349473,0.07464393350596943,0.26686673136427996,3.1204502838663757,8.220164174214005,0.158124181115017,0.5576572643870907,9.173275330128245,3.647018378433455,2.9562111441825007,0.44610928476902323,0.054329126011132996,0.045591256325350896,0.012538373857309376,0.0821926821839279,-0.02073986459493656,-0.0008470236263263685,0.3025174674698258,0.040218021971536795,0.940625,0.009024789289018143,0.010778585992639537,1.3520163778596943,0.06802634400630055,0.1080147348320328,0.047624129178516064,0.004139603368477253,0.018399923051787056,0.013671730750438212,0.004698594741684013,0.004440957624105932,0.005337825094044813,0.020171822711378913,0.0037451311830039155,0.015288033174131107,2.0816681711721685e-17,0.006448412698412698,0.007242063492063492,1.7196704281495052,82.17274395813955
262147,2,21,M2,0,False,0.23771764940678863,0.9814488944947632,0.8223632107649363,0.35,0.0,0.0,0.14331607213243844,0.12460818756772674,0.44033395033329725,0.31354479265162216,0.0,0.0,5.890122597105801,8.60335953719914,0.16743049626951725,0.6106319091265608,8.430017396219668,3.678244244485116,2.790525578342983,0.35592728771135007,0.027583907394964583,0.06426857327787824,0.034702974344865745,0.07233651199228888,0.0032796198406031037,-4.082094877759859e-05,0.045681920240066794,0.005083086961112075,0.59375,0.003164793581064914,0.011492580015572563,0.7582249368653248,0.04691323359158848,0.07337123368811979,0.06505970672158529,0.0018374992189866342,0.02344606558754803,0.017003920379080162,0.004509252605050097,0.00514283561499882,0.003223605508770774,0.0054793834587896295,0.0018314205926095565,0.033502176546208656,2.0816681711721685e-17,9.92063492063492e-05,9.92063492063492e-05,1.3137434884291954,8172.027661492278
262147,2,21,M3,1,False,0.33764102207677865,0.9814488944947632,0.8223632107649363,0.35,0.0,0.0,0.14331607213243844,0.12460818756772674,0.44033395033329725,0.31354479265162216,0.0,-0.2916295423172414,5.890122597105801,8.60335953719914,0.16812074198712024,0.5968502189785403,8.136340952891125,3.6509813882901305,2.8104400401569842,0.35085588471277235,0.01916500086763491,0.04871287373909038,0.025241561296755477,0.07128539318295332,0.001051077693581049,-0.001361371422798966,0.0358137881718226,0.0033405044777188677,0.5656249999999999,0.002896585055747643,0.010735095995226328,0.7263565312570174,0.05038428771070734,0.07814858002703666,0.07658632292560169,0.0016678612926326834,0.02130442383570453,0.01661689152944909,0.004506078020635533,0.00443468965776513,0.002651216991927256,0.0054838978081688345,0.0016844247708482155,0.034975810093072414,2.0816681711721685e-17,9.92063492063492e-05,9.92063492063492e-05,1.3710730962543032,8169.463083660173
262147,2,21,M2+O,2,False,0.08809912220222559,0.9814488944947632,0.8223632107649363,0.35,0.0,0.0,0.14331607213243844,0.12460818756772674,0.44033395033329725,0.31354479265162216,0.24245845871081995,0.0,5.890122597105801,8.60335953719914,0.1643494744261492,0.6118351784758337,8.558558912082214,3.8237198634573746,2.8083635598320242,0.40946561222041206,0.04380220454479259,0.0899936516582617,0.04570713918930738,0.07848864551907828,0.006890983759554101,0.0021581761495896128,0.10343285144857774,0.013826036268838405,0.728125,0.004703418875200663,0.014217895746846359,0.7740765027698656,0.05926989977034305,0.09012966105404799,0.06329753394984967,0.0020386022947151876,0.02179869253609929,0.01956048210042716,0.006248839898951787,0.006240031754531109,0.003291717996474096,0.010573878510234246,0.002384379308503509,0.035639616884398,2.0816681711721685e-17,0.0001240079365079365,0.00014880952380952382,1.3022778771990902,8583.04955941066
262147,2,21,M4,3,False,0.148926515014257,0.9814488944947632,0.8223632107649363,0.35,0.0,0.0,0.14331607213243844,0.12460818756772674,0.44033395033329725,0.31354479265162216,0.24245845871081995,-0.2916295423172414,5.890122597105801,8.60335953719914,0.16511657066418473,0.5977090983426613,8.314508871133771,3.7863044375008315,2.8207027972249534,0.41639537653262004,0.03575749759095405,0.07764216110386613,0.03988631532423301,0.07709333847403022,0.0049938781552394725,0.0010184038151851865,0.09730504920231708,0.012403882962155083,0.71875,0.004429885877629574,0.012974297283343313,0.7320802326373622,0.06322319226957908,0.09470485642767904,0.07085217940775122,0.0018645992018624458,0.020314482082546367,0.019557879529587936,0.006182977455821428,0.005491308206716133,0.0029448091830699213,0.0100504487027481,0.0022774365792085373,0.038426065372348495,2.0816681711721685e-17,9.92063492063492e-05,9.92063492063492e-05,1.3369196852457823,8168.085729963521
262147,2,22,M2,0,False,0.4169042255127313,0.9814488944947632,0.8223632107649363,0.35,0.0,0.0,0.2340536013245583,0.44237179462099546,0.6821013414300978,0.13693118499757778,0.0,0.0,4.5555651700124145,11.834662965498865,0.1333461418236946,0.5928857323191787,12.73876830182012,4.079320937147165,2.684165168767878,0.6878993551277033,0.013131667572807872,0.011236189587987139,1.6493011461313906e-05,0.06840109329311903,-0.019017574543475187,-0.012735752569361977,0.04051588068303039,0.008475589503251857,0.68125,0.0028375897109960612,0.005111207310438182,1.046253762932625,0.06496453223890788,0.08294320526882348,0.0753294735437225,0.0017017956619810432,0.021889508062297416,0.015280021284946892,0.004471813029217291,0.002203554815321474,0.0024646213720417916,0.004324461862777137,0.0015724537055037176,0.026565563548825135,2.0816681711721685e-17,0.01001984126984127,0.011185515873015873,1.7156510384748427,1603.6593206316843
262147,2,22,M3,1,False,0.43855786429700305,0.9814488944947632,0.8223632107649363,0.35,0.0,0.0,0.2340536013245583,0.44237179462099546,0.6821013414300978,0.13693118499757778,0.0,-0.15740945897996425,4.5555651700124145,11.834662965498865,0.1332822933580799,0.59016965583716,12.734238013564406,4.064784498193262,2.6850838094200338,0.6864643765522234,0.011663594118378627,0.008574061648670795,-0.00149408893414733,0.06750405132236198,-0.018925930097548237,-0.013217092200874903,0.03848979591739794,0.008221390318559663,0.6781250000000001,0.002759363438421527,0.005217569817642369,1.0499032215996729,0.0687047139112551,0.0846738884993463,0.0773639981379718,0.0016465425886603375,0.021377328061607956,0.015319399482288701,0.004452778750796677,0.0021093699075935175,0.0022727604672567723,0.004238509925523744,0.0015338033995564689,0.026207803386269008,2.0816681711721685e-17,0.009846230158730158,0.011111111111111112,1.7161130685550174,1614.4770624822445
262147,2,22,M2+O,2,False,0.39766644725290523,0.9814488944947632,0.8223632107649363,0.35,0.0,0.0,0.2340536013245583,0.44237179462099546,0.6821013414300978,0.13693118499757778,0.12330638894698835,0.0,4.5555651700124145,11.834662965498865,0.13307906754725762,0.5947451888798024,13.142213719608634,4.107419161579735,2.635502523631076,0.6495446388194035,0.014420736129965167,0.01482475820828177,0.003504267740344947,0.06837167032080713,-0.01851183966312603,-0.012238481273340766,0.04402831412959476,0.009012639868808613,0.6812499999999999,0.003151981738101528,0.005992461693947221,1.10865267421024,0.06805590335771773,0.08887152891582357,0.08426858960839634,0.0019356656096253472,0.02210165343901803,0.015412853327539985,0.005163723088859553,0.0021534623410309605,0.0026436095693472958,0.005440098841230295,0.0018139161720833424,0.028458668860881973,2.0816681711721685e-17,0.00974702380952381,0.011135912698412699,1.849179019099592,1488.0521329842263
262147,2,22,M4,3,False,0.4192914081473998,0.9814488944947632,0.8223632107649363,0.35,0.0,0.0,0.2340536013245583,0.44237179462099546,0.6821013414300978,0.13693118499757778,0.12330638894698835,-0.15740945897996425,4.5555651700124145,11.834662965498865,0.133035753453267,0.5925015943188785,13.138777970321549,4.106358585900667,2.6402539573594628,0.6543862572392543,0.012921512796939025,0.011665282702315365,0.0016076719947265734,0.06743116653885203,-0.018434262841072527,-0.012748050618585378,0.04193401345025494,0.008725280904886747,0.675,0.0030624377168337307,0.005806299909920128,1.1153785762238266,0.06597611126027288,0.08782144502467058,0.07994691743948108,0.0018747537537908076,0.02151066606377955,0.015497391525886306,0.00517656796915133,0.0020443329703208647,0.0024488276070936095,0.005424702777814572,0.0017685555120909792,0.02958039891549808,2.0816681711721685e-17,0.009523809523809525,0.011061507936507937,1.8802172942046527,1487.0861676014174
262147,2,23,M2,0,False,0.05955018729779302,0.9814488944947632,0.8223632107649363,0.35,0.0,0.0,0.3459912556689233,0.16752985613526084,0.2611784478649497,0.17002054078342238,0.0,0.0,5.330007710959762,5.436608745716512,0.17420653151203502,0.5361663421820936,6.422770004172747,3.369416312207165,3.11684404058305,0.42109589143528525,0.048098282146410584,0.06088837100964005,0.03855307662273462,0.07773528993836493,-0.00019424264053519765,0.0027507377360907427,0.25194006313999795,0.022589085191387626,0.859375,0.00730182249957798,0.01192748603670944,0.8124020944295636,0.04976252317906995,0.10197605787209192,0.0716478281638995,0.0025908103165325417,0.019132565901641117,0.014663384760892548,0.003257282079771426,0.005350371304806609,0.004637214010714358,0.019802189696636587,0.003179434159607115,0.03360888709354516,2.0816681711721685e-17,4.96031746031746e-05,4.96031746031746e-05,1.4595602133403054,2531.244608004871
262147,2,23,M3,1,False,0.0346755009443174,0.9814488944947632,0.8223632107649363,0.35,0.0,0.0,0.3459912556689233,0.16752985613526084,0.2611784478649497,0.17002054078342238,0.0,0.1385877847671509,5.330007710959762,5.436608745716512,0.1738076671353455,0.5418120956556403,6.527772516577252,3.380736513337567,3.074810592641227,0.40080601382460174,0.05333415699124054,0.07099384698009235,0.04353318805690457,0.07831064190791438,0.0008606130302921161,0.003620970362320862,0.25581640698567876,0.023654357725897912,0.88125,0.007418505579173973,0.01254516670072741,0.8205571985964986,0.05558203128414232,0.09316215000944851,0.07158033334642012,0.00274259672188954,0.02014821668620675,0.01478050050424015,0.0032471949162412588,0.005796454972672572,0.0048774956457473305,0.01944583351239256,0.003182521979719635,0.028458668860881973,2.0816681711721685e-17,4.96031746031746e-05,4.96031746031746e-05,1.449103366142685,2588.0286982313723
262147,2,23,M2+O,2,False,0.05390227320142373,0.9814488944947632,0.8223632107649363,0.35,0.0,0.0,0.3459912556689233,0.16752985613526084,0.2611784478649497,0.17002054078342238,0.04387590931230058,0.0,5.330007710959762,5.436608745716512,0.17394592356443467,0.5357783511986278,6.395894557867104,3.369789297758631,3.1466606955616276,0.44562077556956686,0.049170952949614675,0.06728797871519988,0.039965369555423416,0.07817022080106915,0.000402570985072943,0.0029262648834217273,0.25242737383854,0.022813902561495264,0.8656250000000001,0.0075486208605656,0.012619666722162795,0.7905173271343767,0.05633534440511746,0.1110513463612033,0.07433483592653128,0.0027091357835061316,0.01869660024339651,0.014653031545314357,0.003136604792897894,0.005361466533646014,0.004694328086706656,0.020522816675260753,0.0032614422527036625,0.03152999563907359,2.0816681711721685e-17,4.96031746031746e-05,4.96031746031746e-05,1.4467423643619501,2528.010927878973
262147,2,23,M4,3,False,0.03031433852577016,0.9814488944947632,0.8223632107649363,0.35,0.0,0.0,0.3459912556689233,0.16752985613526084,0.2611784478649497,0.17002054078342238,0.04387590931230058,0.1385877847671509,5.330007710959762,5.436608745716512,0.1735290714444588,0.5418045554845672,6.499403606861458,3.400036135000211,3.1235793213441747,0.435951020372789,0.05443136252581231,0.07723333437426733,0.04508131912628635,0.07874711401109791,0.0014532766655995337,0.003699700229116707,0.25625834029597594,0.023870374058275724,0.871875,0.007668873902919805,0.013547600036970083,0.7996911321498895,0.06131907917502182,0.10787713557889114,0.09279158177505048,0.0028653574281986447,0.019690237686391863,0.014835461005309573,0.0031633617965654438,0.005807376499086036,0.004899061061200649,0.020167753664347563,0.0032582432024815785,0.03258602397245379,2.0816681711721685e-17,7.440476190476191e-05,4.96031746031746e-05,1.4414534191978867,2586.03464151597
262147,2,24,M2,0,False,0.22451348304090674,0.9814488944947632,0.8223632107649363,0.35,0.0,0.0,0.3791542425751686,0.28226221750688424,0.6319925566203892,0.29938503356734153,0.0,0.0,3.3136513018980622,7.8000976936891675,0.14938054063230827,0.593422971783166,11.634507666102039,3.9293217781435086,2.7067438262374397,0.5430615588651838,0.027462857708194732,0.04699506465089663,0.013376744518646623,0.07658927166735259,-0.013006030738243801,-0.0035186672928938564,0.12259077132427232,0.01707980023793204,0.765625,0.005615623066614462,0.009444307973194292,1.2805274006145555,0.08165716698348362,0.08972174899041133,0.06681646387421902,0.0021272122214871098,0.024087513446740948,0.016029451184935508,0.005144335261862312,0.003823537512689258,0.004053261621294567,0.011455525615461913,0.0023153159083863293,0.04049659193479537,2.0816681711721685e-17,0.01865079365079365,0.01984126984126984,1.836852601541465,204.93308874146393
262147,2,24,M3,1,False,0.21032501816838364,0.9814488944947632,0.8223632107649363,0.35,0.0,0.0,0.3791542425751686,0.28226221750688424,0.6319925566203892,0.29938503356734153,0.0,0.06778144016861914,3.3136513018980622,7.8000976936891675,0.1493129986800255,0.5963686980497758,11.650513599317874,3.9379590202197665,2.7059967866964976,0.5400208134911169,0.028821263470349797,0.04980587061981015,0.014672671436289364,0.07697532316396372,-0.012791964516017728,-0.0032337176181697165,0.12458192404624382,0.01748085377409698,0.7749999999999999,0.005658851377944185,0.009491146966344866,1.2794307341038504,0.07999786584439385,0.08992125526168869,0.06749950104502951,0.0021639374645618316,0.024464041659943297,0.016046554800214143,0.005194531822317781,0.00395202068657384,0.004152380845855691,0.011410220286174196,0.0023201189143945023,0.04107919181288746,2.0816681711721685e-17,0.018774801587301587,0.02003968253968254,1.8217780075457588,204.63581604758906
262147,2,24,M2+O,2,False,0.1645654467953774,0.9814488944947632,0.8223632107649363,0.35,0.0,0.0,0.3791542425751686,0.28226221750688424,0.6319925566203892,0.29938503356734153,0.20407124519520659,0.0,3.3136513018980622,7.8000976936891675,0.14811036724589977,0.5943916136614642,11.70511883387249,3.9095359744355647,2.7196992633181236,0.5466269151402552,0.03351493430752059,0.06045830498818905,0.019266098399805406,0.08160477597303983,-0.011179316640524005,-0.002962875325317347,0.13963334753318618,0.021026951972576514,0.81875,0.006537147711478249,0.010452425691802065,1.155863400949809,0.07700613674322591,0.09120884704583612,0.05804652130233084,0.0025981667784473078,0.024010663123603844,0.016822358079464774,0.006565813474591888,0.004205523787401045,0.004115281757904357,0.013898028115570194,0.0026383073420164728,0.03125,2.0816681711721685e-17,0.018725198412698412,0.020436507936507937,2.1212918495626014,190.39584447697297
262147,2,24,M4,3,False,0.1525941726433183,0.9814488944947632,0.8223632107649363,0.35,0.0,0.0,0.3791542425751686,0.28226221750688424,0.6319925566203892,0.29938503356734153,0.20407124519520659,0.06778144016861914,3.3136513018980622,7.8000976936891675,0.14802699427167917,0.5963462240108589,11.725121593210773,3.906215256252631,2.7076261501984344,0.5289252687182237,0.034863968034219185,0.06316326081625527,0.020038703925282585,0.08191099881358538,-0.010975173268294286,-0.0027483229837128157,0.14147330352531365,0.02142517884477079,0.825,0.006585795242376826,0.0106938925111998,1.1577296040128011,0.07638122352575064,0.08555404903736714,0.05635303116302945,0.0026404307049200195,0.02435814871452153,0.0167557805156155,0.006602858615174373,0.0043603856784476275,0.004202397235868304,0.013886913460347027,0.0026276671107274617,0.030276503540974914,2.0816681711721685e-17,0.018874007936507935,0.0205109126984127,2.107945364460788,190.20411248639553
262147,2,25,M2,0,False,0.0005743450589664424,0.9814488944947632,0.8223632107649363,0.35,0.0,0.0,0.2573045510333032,0.11895239193747366,0.30287009943276644,0.05598635705388116,0.0,0.0,5.807638450991362,8.948277187533677,0.18901546801816627,0.4178340034067133,2.3822366769161185,2.965209307697655,4.08557692114527,0.5964008893471663,0.0715306001465153,0.04507191244800862,0.028043326891386687,0.07647716781651642,-0.010105293022591968,-0.0037787026258121405,0.3981694378788222,0.009361814743910426,0.675,0.0060637713536782715,0.01061323492963632,0.40255579259992114,0.04012327073301588,0.13138175206255473,0.11647025631619469,0.003450121621643192,0.01690167644022573,0.014752174313651091,0.0025018634918319346,0.005110363511183746,0.00515497297421036,0.024236901489883247,0.0029120322459644764,0.04401704215414752,1.3877787807814457e-17,0.0,0.0,1.1547700425050882,35.28339002683727
262147,2,25,M3,1,False,0.0008532797416642117,0.9814488944947632,0.8223632107649363,0.35,0.0,0.0,0.2573045510333032,0.11895239193747366,0.30287009943276644,0.05598635705388116,0.0,-0.054581019654870055,5.807638450991362,8.948277187533677,0.18904248404478272,0.4149110171247581,2.3637227998490067,2.967332239225134,4.079343356207941,0.580324448188856,0.06854258523916441,0.03679119743988038,0.02186319824424757,0.07639241114284792,-0.010551464002278584,-0.004462711661531161,0.3963536606499942,0.009142343304639231,0.66875,0.006004950872427861,0.009966203143949295,0.39950393439064513,0.04105983250962894,0.12289430570885264,0.11178781959498417,0.0033534693509322754,0.01647434491853521,0.014670688236718141,0.002499429203314879,0.0048453847879104716,0.005003868458567787,0.024316546711689226,0.0028786384592871784,0.043987450861959855,1.3877787807814457e-17,0.0,0.0,1.1563759502488629,34.92493175618191
262147,2,25,M2+O,2,False,0.0006109140002747495,0.9814488944947632,0.8223632107649363,0.35,0.0,0.0,0.2573045510333032,0.11895239193747366,0.30287009943276644,0.05598635705388116,0.026509277326364232,0.0,5.807638450991362,8.948277187533677,0.18888573240865886,0.4177005577200765,2.363912616570639,2.95785216799941,4.070426599830672,0.5774253547676274,0.07252514723046212,0.05056873218163065,0.028440026617854622,0.07649202998803217,-0.009688567841492503,-0.003573940959861165,0.3976800581681461,0.00936396693649455,0.671875,0.006213026714722165,0.010190694404268626,0.38567116981480964,0.04246975141793652,0.12067320613725332,0.1080759638025528,0.0034857358036742,0.016546248487358414,0.01467585968029708,0.0024645842297688265,0.005072688775342804,0.005255512463062615,0.024296434585944604,0.0029602916662161477,0.041825219166590544,1.3877787807814457e-17,0.0,0.0,1.1417124191797852,34.916990980021495
262147,2,25,M4,3,False,0.0006550981229244386,0.9814488944947632,0.8223632107649363,0.35,0.0,0.0,0.2573045510333032,0.11895239193747366,0.30287009943276644,0.05598635705388116,0.026509277326364232,-0.054581019654870055,5.807638450991362,8.948277187533677,0.18891762575538865,0.41447500520783254,2.345765360206798,2.9522928526620484,4.045478910463423,0.5861337345194899,0.0695284367022212,0.04236626347721871,0.02264197800280572,0.07639319621327886,-0.010133757365278712,-0.004232178255284435,0.39587360648001235,0.009149677050894714,0.665625,0.006152672935125721,0.009678408555723068,0.38277134561777,0.043339418132784205,0.11663751913699294,0.10097742422452619,0.003375703847577566,0.016121563517092843,0.014633971614463868,0.002457489874995027,0.004798295381268485,0.005112336370400225,0.02438232403537592,0.002927259523740766,0.04299194449739004,1.3877787807814457e-17,0.0,0.0,1.1437816144123336,34.561613474302206
262147,2,26,M2,0,False,0.4420402647932639,0.9814488944947632,0.8223632107649363,0.35,0.0,0.0,0.1239194576162845,0.3836667582172082,0.5768955540843308,0.16255465762541366,0.0,0.0,4.530867753084749,11.40776726230979,0.1438017839041804,0.5845973217409487,11.167065372343657,3.9419542552539886,2.7189723572210944,0.6189411200513095,0.011793474590185208,0.023721995794282337,0.013424012640305101,0.06787206955131334,-0.015975258230267554,-0.011238866886413783,0.020516100450150884,0.004224547318785545,0.596875,0.001960483454686285,0.004243148612294606,0.7597355218573986,0.052909037992921334,0.05103260710133343,0.06462567976649641,0.0014422378606975175,0.021867184301456424,0.015137327456400883,0.0040889729009285156,0.002159157237730797,0.0022108701011347306,0.00296714727242974,0.0013532408757651105,0.026405787717847008,2.0816681711721685e-17,0.005109126984126984,0.005729166666666666,1.4271949501510575,1123.632613335434
262147,2,26,M3,1,False,0.47573043226598294,0.9814488944947632,0.8223632107649363,0.35,0.0,0.0,0.1239194576162845,0.3836667582172082,0.5768955540843308,0.16255465762541366,0.0,-0.17705247169360516,4.530867753084749,11.40776726230979,0.14378952408482615,0.5817903175839289,11.131003626207336,3.929121867631274,2.7198089031817108,0.6111560965882334,0.009561642883267836,0.019514328847013734,0.009878078044219335,0.0670029362127667,-0.016168206812223904,-0.011907694780726827,0.018006547636721958,0.003927361473553815,0.590625,0.001866217696693551,0.003945324172527702,0.7596900099703618,0.05919350851475599,0.055381791105751664,0.07551871670418606,0.001362828045161728,0.021377608241973777,0.015424256851367463,0.0041209156012488556,0.002001935967093697,0.0019484937499806157,0.002849570449712028,0.0013105506077019183,0.027469206243840874,2.0816681711721685e-17,0.005009920634920635,0.005704365079365079,1.4596044105970778,1124.9037417575105
262147,2,26,M2+O,2,False,0.43781232272063897,0.9814488944947632,0.8223632107649363,0.35,0.0,0.0,0.1239194576162845,0.3836667582172082,0.5768955540843308,0.16255465762541366,0.04510557965094667,0.0,4.530867753084749,11.40776726230979,0.14375329877418963,0.5857377530917053,11.2716332468817,3.9112802601023984,2.7468723410874043,0.6381312747618604,0.012077826042662321,0.025921266274402808,0.015637297222661394,0.06790181853274824,-0.01562968753329953,-0.011118651278813566,0.020908973878902552,0.0043479834072013765,0.60625,0.0020577715220239014,0.004343256052988041,0.7806874024290505,0.0562014066351594,0.051830792428351105,0.06544176464511833,0.0015065378089665895,0.021808571599351696,0.015597689843263884,0.004446342623363518,0.002164844574932868,0.002295554507754181,0.0033105203674962114,0.0013987197536723195,0.028458668860881973,2.0816681711721685e-17,0.005084325396825397,0.005753968253968254,1.4570822216296135,1122.0065313956045
262147,2,26,M4,3,False,0.4716319126524874,0.9814488944947632,0.8223632107649363,0.35,0.0,0.0,0.1239194576162845,0.3836667582172082,0.5768955540843308,0.16255465762541366,0.04510557965094667,-0.17705247169360516,4.530867753084749,11.40776726230979,0.14375048875639543,0.5826790723458204,11.233574411451535,3.8925056392639505,2.7431370428857895,0.6359622433501209,0.009825161630451901,0.02152129491532228,0.011834612484837038,0.06709909129511382,-0.015846216493724676,-0.01180357795567508,0.018347000139424256,0.0040299670838084,0.59375,0.0019563894245605484,0.004116466635240787,0.7806352347596263,0.057204748171021336,0.054158328684558645,0.0730842117025124,0.0014234301304252202,0.021308358641325364,0.01593414993000222,0.0044452134490988865,0.0019999608815792678,0.0020392369854326125,0.003241350240490681,0.0013502206245604583,0.02882237267586877,2.7755575615628914e-17,0.0050347222222222225,0.0055307539682539686,1.4890015403775583,1123.053356889533
262147,2,27,M2,0,False,0.00672954343204756,0.9814488944947632,0.8223632107649363,0.35,0.0,0.0,0.45535568585619335,0.19652263054240873,0.49972223583608866,0.10318803393042611,0.0,0.0,5.465421999804676,5.774697173386812,0.1684467076058562,0.530142224682696,6.897449542621793,3.4291807984637135,3.214546772633494,0.44852076775078775,0.06273790712884338,0.03651867736077086,0.015286449095671359,0.08158480492705342,-0.014691817498851888,0.0007543993380830917,0.3585593494603415,0.03654291142316014,0.934375,0.008959593727258632,0.012015865614753683,1.07936950387788,0.0649629682662557,0.10159084081464134,0.053035351926038,0.003973150514633972,0.017656002708682016,0.013855623007575911,0.0034382241945456137,0.005095637951326751,0.005047487809725032,0.023099162005916687,0.00436788191690552,0.01690583602389029,2.0816681711721685e-17,4.96031746031746e-05,4.96031746031746e-05,1.5786865298366821,3209.3662076798187
262147,2,27,M3,1,False,0.00045071049906351566,0.9814488944947632,0.8223632107649363,0.35,0.0,0.0,0.45535568585619335,0.19652263054240873,0.49972223583608866,0.10318803393042611,0.0,0.20781029062345624,5.465421999804676,5.774697173386812,0.16799352634625636,0.5356888994401858,7.035222234202394,3.45991455407354,3.2429660120335555,0.5074255454207662,0.06888277389975397,0.05082579852967579,0.024381795116452,0.08274212094482565,-0.01383297344350836,0.0021956847408997077,0.3616973208687233,0.03807655128291384,0.9375,0.009125186657152645,0.013256471979478913,1.0919313889870377,0.07214850924385062,0.10892265761631334,0.058352331653977546,0.004183037145122488,0.01889301922730737,0.014024819032321402,0.0035165908745623123,0.0057673268266773235,0.005372182652012938,0.022733847768328205,0.004316623528468487,0.014790199457749037,2.0816681711721685e-17,4.96031746031746e-05,4.96031746031746e-05,1.5990658771816841,3236.1701299499628
262147,2,27,M2+O,2,False,0.00029984374345417837,0.9814488944947632,0.8223632107649363,0.35,0.0,0.0,0.45535568585619335,0.19652263054240873,0.49972223583608866,0.10318803393042611,0.40116858868017596,0.0,5.465421999804676,5.774697173386812,0.15788639081570904,0.5547925600809649,8.377463750654094,3.5986107400508685,2.992458531377192,0.5042823437750803,0.10449027031438521,0.06498055689187295,0.01895056169759088,0.08957938591741284,-0.006268082239128181,0.002251070076139619,0.38777640951852366,0.054082568794463486,0.965625,0.011105976449157513,0.018374305587380086,0.9290249902719858,0.07034183600048387,0.11762100283799909,0.08075147025025131,0.004442801645630213,0.02469116671867409,0.013744316329005378,0.005101178715619108,0.006869308455422607,0.004893979015123722,0.020835750265942848,0.003948038152686647,0.010915155747858112,2.0816681711721685e-17,4.96031746031746e-05,4.96031746031746e-05,1.1529398528033414,3430.4770406054736
262147,2,27,M4,3,False,0.0003658283905157149,0.9814488944947632,0.8223632107649363,0.35,0.0,0.0,0.45535568585619335,0.19652263054240873,0.49972223583608866,0.10318803393042611,0.40116858868017596,0.20781029062345624,5.465421999804676,5.774697173386812,0.15726343757416178,0.5602526050741,8.53293718463599,3.6389421400870385,2.9881424288101255,0.5210090725107308,0.10918388349596167,0.07480564775100992,0.02636281285665905,0.09184515460479914,-0.005656368915687948,0.003322971388010281,0.3884884623825306,0.055251714750242126,0.96875,0.011292191336875066,0.01907685171936088,0.9503678982349792,0.07317347225906949,0.11589492456835955,0.08644523884327311,0.004652678613125582,0.02556610790156831,0.013780542406091644,0.005226923306805204,0.007406077533248685,0.005139303552706128,0.02089194388221753,0.0039014689221909143,0.010077822185373187,2.0816681711721685e-17,4.96031746031746e-05,4.96031746031746e-05,1.2270471469523279,3456.0114541211924
262147,2,28,M2,0,False,0.2753310900906967,0.9814488944947632,0.8223632107649363,0.35,0.0,0.0,0.5152211816515774,0.4847004110659011,0.33325081830844283,0.09106491518213497,0.0,0.0,4.239035755861551,10.777519042603672,0.1417205074218696,0.6043498617595187,13.46421463126476,3.9427029911723968,2.6586797935382265,0.5340619510246746,0.022788450677406303,0.02608096662394485,0.018684603418601203,0.07890890651490978,-0.00814462528905041,-0.0006415852189614441,0.1545846650417947,0.02604379079558021,0.8875,0.007105539106056321,0.0076782815162999025,1.4378392709610588,0.06792349751202013,0.09746056711494629,0.07531834122366542,0.00196556666073437,0.017030226414624736,0.012777034436439568,0.005530350515448698,0.0030725730948746024,0.003958848932821381,0.013009197644498136,0.0026582710208073396,0.020155644370746368,2.0816681711721685e-17,0.008407738095238095,0.009375,1.9885192940454872,918.9939580543896
262147,2,28,M3,1,False,0.25729628937311266,0.9814488944947632,0.8223632107649363,0.35,0.0,0.0,0.5152211816515774,0.4847004110659011,0.33325081830844283,0.09106491518213497,0.0,0.11647675698623061,4.239035755861551,10.777519042603672,0.14168023650062378,0.605048808719242,13.47192503615879,3.974520138871065,2.644629794034699,0.5417590224132247,0.024363306963536877,0.029426611376141075,0.02049816214501532,0.07938399427800459,-0.00795623883883912,-0.00023880025802298444,0.15728033789814932,0.026606049433943672,0.8875,0.007169774242857167,0.007665413943984225,1.434801991678815,0.06890325147834332,0.10515975647754153,0.0873233215030492,0.0020306967818976385,0.017273537920389756,0.01293970785978299,0.005584776996660936,0.0032560245362929234,0.004112800116147084,0.012997621503998382,0.002645045889328514,0.01909406539564933,2.0816681711721685e-17,0.00845734126984127,0.009399801587301587,1.9600244727107183,912.6749295909165
262147,2,28,M2+O,2,False,0.16206749341569318,0.9814488944947632,0.8223632107649363,0.35,0.0,0.0,0.5152211816515774,0.4847004110659011,0.33325081830844283,0.09106491518213497,0.32269123986042725,0.0,4.239035755861551,10.777519042603672,0.13871794946823413,0.604992190463842,13.987847136497662,4.012866791256203,2.6350000134282388,0.5649910976967747,0.03379166899879775,0.03975365695583222,0.01484924264390304,0.08175857382926649,-0.005728736894957414,0.0005837475680402875,0.1819307494626583,0.03216010740234438,0.925,0.008501481579229976,0.01113194519428177,1.472890698433626,0.07462787369971842,0.09799969380770811,0.0588066832825219,0.0025379921134579537,0.017688836643278655,0.014596897474706555,0.006749445841018211,0.0039440730423156226,0.004166669282359158,0.01475921551809506,0.003144302169288332,0.015138251770487457,2.0816681711721685e-17,0.008506944444444444,0.009672619047619048,1.9883732969294274,689.4466588467222
262147,2,28,M4,3,False,0.1482335554773954,0.9814488944947632,0.8223632107649363,0.35,0.0,0.0,0.5152211816515774,0.4847004110659011,0.33325081830844283,0.09106491518213497,0.32269123986042725,0.11647675698623061,4.239035755861551,10.777519042603672,0.13861492978923126,0.6076529802783288,14.003244472703669,4.022849030665169,2.6336658551236596,0.5676253318158566,0.03537568488976736,0.043133878506119896,0.01696779935730324,0.0821549910531433,-0.005563180208419138,0.0009433652319443399,0.1843119055755201,0.03270609542098332,0.921875,0.008577053383332726,0.011742862658749504,1.4671390165230282,0.07585056431306228,0.09594278406352309,0.05470735582016165,0.0026081136924704417,0.01811110110975572,0.014609961455311637,0.00687843759700616,0.00415730248128765,0.004285358218141867,0.014827825512047971,0.003130247783573866,0.015116733278059779,2.0816681711721685e-17,0.008680555555555556,0.009672619047619048,2.042393202369328,695.9857825713633
262147,2,29,M2,0,False,0.2504605221306231,0.9814488944947632,0.8223632107649363,0.35,0.0,0.0,0.17649996895343067,0.15488746632867742,0.7228590399026871,0.2593026352049765,0.0,0.0,4.764273941516876,6.0195685951039195,0.1658263772215564,0.5677376508015433,7.92745773424045,3.6259632959107364,2.909420143367351,0.46267263933432046,0.025945112812389953,0.05280550975555068,0.02553232972656042,0.07243708609657518,-0.010756917011581714,-0.005944811278944469,0.06254536043440573,0.006338082524955411,0.6375,0.003407036850146643,0.0093650762706227,0.8361451695050919,0.06900092869246838,0.06830047865701344,0.05351530662015044,0.0018865160165487047,0.023909117210291986,0.016734733144632023,0.0037234624540210216,0.004510000441995062,0.00341907425221934,0.007240930226087434,0.001793939598717389,0.03608439182435161,2.0816681711721685e-17,0.0003968253968253968,0.000496031746031746,1.3909092963204963,1603.4158805321968
262147,2,29,M3,1,False,0.28063443432186835,0.9814488944947632,0.8223632107649363,0.35,0.0,0.0,0.17649996895343067,0.15488746632867742,0.7228590399026871,0.2593026352049765,0.0,-0.09201815025880933,4.764273941516876,6.0195685951039195,0.16601829284748015,0.5643957344034483,7.853385476302594,3.6138581923654938,2.9300277680615774,0.4817448807702084,0.023325184422271644,0.04745538571712237,0.02227683440290221,0.071859035699825,-0.011374092716797735,-0.006551566982626695,0.059244661046945896,0.00581120398474782,0.64375,0.0033210009814289604,0.00913284659287315,0.8316634264598413,0.06810602761840852,0.07057144017547962,0.05672963668789279,0.0018175994121605386,0.023274991660206124,0.016464163856242494,0.0037210113564439947,0.004264168868424982,0.0032398036307766495,0.0073228964560234505,0.0017443465690672308,0.03442231592053814,2.0816681711721685e-17,0.0003968253968253968,0.00047123015873015874,1.4073448979346783,1588.6277016478823
262147,2,29,M2+O,2,False,0.2216544590628463,0.9814488944947632,0.8223632107649363,0.35,0.0,0.0,0.17649996895343067,0.15488746632867742,0.7228590399026871,0.2593026352049765,0.08598722398913808,0.0,4.764273941516876,6.0195685951039195,0.16543452164044686,0.5685819247817487,7.923689597260222,3.6410863886511464,2.934081908182731,0.42201443176117803,0.028506162499264926,0.06488099932571599,0.030373559053769705,0.07448275106582564,-0.009285749618878524,-0.005350024597517897,0.0699831906357632,0.00757245998674138,0.659375,0.003831312151658671,0.01143350078009928,0.846302057293881,0.06738532968779574,0.0832919915830728,0.05647627535718618,0.0020146067497417617,0.02350015840912836,0.018767614981207225,0.004579010612497022,0.004722104956264915,0.0034888920802192136,0.008846302792268664,0.002014754776676201,0.039322054350368486,2.0816681711721685e-17,0.0003968253968253968,0.0005208333333333333,1.4614859823355553,1584.327315950616
262147,2,29,M4,3,False,0.2503525696077857,0.9814488944947632,0.8223632107649363,0.35,0.0,0.0,0.17649996895343067,0.15488746632867742,0.7228590399026871,0.2593026352049765,0.08598722398913808,-0.09201815025880933,4.764273941516876,6.0195685951039195,0.1656427710522835,0.56470488324421,7.8513480996255085,3.6452992230074615,2.936857185993654,0.4159738198710684,0.025861186648038888,0.059687502972473785,0.02738111982830879,0.07388471929528312,-0.009910902257323741,-0.005847347982292147,0.06677415339553153,0.007047734722401002,0.6499999999999999,0.0037411757659039464,0.01079171305154421,0.8424112404243501,0.0649574959638885,0.08115466930981297,0.05347102208428472,0.0019422473489660258,0.022878394306769256,0.01865282171671572,0.004560600461066006,0.004456752115031874,0.0033137949816153377,0.008904363274198395,0.0019709800991608638,0.03872983346207417,1.3877787807814457e-17,0.0003968253968253968,0.0005208333333333333,1.4773418394187334,1568.152273255606
262147,2,30,M2,0,False,0.14450737893481022,0.9814488944947632,0.8223632107649363,0.35,0.0,0.0,0.32392693283036356,0.24095786814142706,0.4029961838386953,0.047529484281293666,0.0,0.0,3.487501574680209,7.610767846927047,0.17305743725915004,0.5236270491557975,6.077287664259112,3.342619109094279,3.273249863013673,0.4475071736402343,0.03579060237779159,0.03504322056069388,0.022590011002531732,0.0765632181307335,-0.016255552661759248,-0.004866852483897768,0.23815096997775587,0.020610048506092604,0.8375,0.006452806716817948,0.006726102536754122,0.8913030215325066,0.04640869498776604,0.10724794451668879,0.06789981400150344,0.0026287307906879285,0.018360434785410575,0.014254431739052258,0.003477653915576679,0.0035785446975010087,0.004391405180760435,0.01765687193175155,0.0029271434202818463,0.026418112473578927,2.0816681711721685e-17,0.0007936507936507937,0.000818452380952381,1.3119036222545124,136.23103756130837
262147,2,30,M3,1,False,0.21007768989084086,0.9814488944947632,0.8223632107649363,0.35,0.0,0.0,0.32392693283036356,0.24095786814142706,0.4029961838386953,0.047529484281293666,0.0,-0.31326951589435337,3.487501574680209,7.610767846927047,0.17305045213719075,0.5160088670975478,5.972835016718152,3.345641041777104,3.2895237924950402,0.4494670814314531,0.0287912463256357,0.010921393933283173,0.002903244467251394,0.07474715605629613,-0.016873711545479016,-0.007561631805982112,0.226151398382754,0.01883769374874191,0.828125,0.00617990668030607,0.00703249247732444,0.8732206482167508,0.0395442845608753,0.09640076091523958,0.06399539538216709,0.0022823264896475234,0.017037309882258326,0.013842348913310753,0.0035696812484515734,0.002763003323200013,0.003656245883137673,0.017669515053601384,0.002895538425235521,0.02699102860211148,2.0816681711721685e-17,0.0007192460317460318,0.0007192460317460318,1.2609486266147116,136.12466053951206
262147,2,30,M2+O,2,False,0.1407679839802906,0.9814488944947632,0.8223632107649363,0.35,0.0,0.0,0.32392693283036356,0.24095786814142706,0.4029961838386953,0.047529484281293666,0.03193639404332568,0.0,3.487501574680209,7.610767846927047,0.17292499579164408,0.5240005822308108,6.057797735324473,3.3490109233757313,3.2663616918078198,0.4512558834804985,0.036236571736141664,0.03945207634698586,0.024016989789858126,0.0768400286262244,-0.015937060848166602,-0.004700720745081272,0.2383806243895697,0.020656959974126553,0.825,0.006611138442552449,0.007286064418978488,0.8683953797460991,0.047438585373175295,0.11066905260346903,0.08027845465211128,0.002712361278185722,0.018043210958543884,0.014811990445748812,0.003490512153497409,0.003537385102037157,0.004468790504036452,0.017820000861509873,0.0029551390647239288,0.028136571693556888,1.3877787807814457e-17,0.0007688492063492063,0.000818452380952381,1.3361338355098096,136.25200148050152
262147,2,30,M4,3,False,0.20611517281438826,0.9814488944947632,0.8223632107649363,0.35,0.0,0.0,0.32392693283036356,0.24095786814142706,0.4029961838386953,0.047529484281293666,0.03193639404332568,-0.31326951589435337,3.487501574680209,7.610767846927047,0.17294484633252216,0.5160755492238538,5.954096623130999,3.3424375404128166,3.2395609507227356,0.4043135289262577,0.02917226376886927,0.01519197267369531,0.004479653780487732,0.07510557791960942,-0.0165582772999259,-0.0073668954590679105,0.2262861397073188,0.018867120047448577,0.8218749999999999,0.006328953738710696,0.0071603772797420515,0.8513946321606187,0.043914390579871086,0.08875899228256083,0.052876358008854894,0.002335931237012203,0.016639498805472958,0.014330489026943808,0.0035462243846853133,0.0026698896849606853,0.003723934660187108,0.01784916269324939,0.0029219074448850243,0.027374238954413568,2.0816681711721685e-17,0.0007192460317460318,0.000744047619047619,1.3067445629265153,136.13598283065787
262147,2,31,M2,0,False,0.15818860188174919,0.9814488944947632,0.8223632107649363,0.35,0.0,0.0,0.42486795098520824,0.1399464793535686,0.5445616655051708,0.4971414335599761,0.0,0.0,6.390808122698218,9.634067816659808,0.14330260317492077,0.6860309321560499,14.758565237783298,4.084332593502518,2.480255864983884,0.4824198693632675,0.03449337786989767,0.06480753794583038,0.0182001710262423,0.076169845117501,0.007322256101941078,0.002850471365588666,0.11052717630724926,0.020029953904727237,0.8031250000000001,0.006662895299086705,0.016820912551697896,1.4009020347881458,0.0755350022604942,0.08850845268832994,0.04533912650735782,0.0019494341555698139,0.025574805282995095,0.015651024124764653,0.00598150798041386,0.0051699124133139035,0.0038040498827762452,0.01151775900205038,0.002738655479704478,0.04068905206973165,2.0816681711721685e-17,0.0012648809523809524,0.0012152777777777778,1.8991120398927832,44535.54856957201
262147,2,31,M3,1,False,0.10521441519788295,0.9814488944947632,0.8223632107649363,0.35,0.0,0.0,0.42486795098520824,0.1399464793535686,0.5445616655051708,0.4971414335599761,0.0,0.33272642400115726,6.390808122698218,9.634067816659808,0.1421735264880586,0.6989679111671383,15.142169978119309,4.141172053426821,2.447808393106695,0.47361787515858866,0.041059088497529726,0.07362485174562243,0.020100530129013257,0.07689627896100104,0.009223160004748682,0.0035877342544463424,0.1182707872517305,0.02226188629161517,0.8125,0.006834840117185749,0.018346274399727438,1.4472039057219903,0.08143382940152902,0.08725682551949877,0.04041438935619721,0.002047462424402393,0.02758938008182642,0.015989890733125796,0.00614618697539887,0.005684102897661498,0.0041130675519748545,0.011126810108843428,0.0027526121711284562,0.041708312520807325,2.0816681711721685e-17,0.001314484126984127,0.0013640873015873015,1.8211662168903988,44541.496020806946
262147,2,31,M2+O,2,False,0.1392346143233689,0.9814488944947632,0.8223632107649363,0.35,0.0,0.0,0.42486795098520824,0.1399464793535686,0.5445616655051708,0.4971414335599761,0.11616431555652627,0.0,6.390808122698218,9.634067816659808,0.14272227124521547,0.6861710627193638,14.602655959162245,4.137240731227559,2.5264938412713702,0.5195675792839347,0.03667160369225265,0.07440871794091074,0.0250163984899221,0.07886427312900547,0.008098007633888096,0.0031808447261148726,0.11491723336030861,0.020532641907318305,0.815625,0.007188668748797859,0.01798601845694428,1.411637278924609,0.0999385108104992,0.10887705650258336,0.0687439785474041,0.0019310398649255223,0.024463309354139928,0.01651008485331964,0.006469971977483651,0.005414877086981075,0.0037044474121484057,0.013073461748767298,0.0030595260285893907,0.03892266638262765,2.0816681711721685e-17,0.001240079365079365,0.001240079365079365,2.0280903702112902,44535.34341768303
262147,2,31,M4,3,False,0.08934826681418191,0.9814488944947632,0.8223632107649363,0.35,0.0,0.0,0.42486795098520824,0.1399464793535686,0.5445616655051708,0.4971414335599761,0.11616431555652627,0.33272642400115726,6.390808122698218,9.634067816659808,0.14156326090851223,0.6988636834285158,14.977222347723735,4.1865900278121675,2.4991973320698744,0.5400067804982018,0.04332135978126198,0.08143974017545254,0.02610084455390764,0.07962149847586786,0.009888339256643772,0.0038696697448521713,0.12244712302635864,0.022681249187792293,0.825,0.007369743340893746,0.019109187388170988,1.457192985160069,0.09180373164791766,0.10509274146741296,0.06096483360821695,0.002039582147371548,0.026257717690541558,0.01663415742565215,0.006563283637105407,0.005920411802015081,0.003979214773162925,0.012684433168199533,0.0030707427785199343,0.03926406329796582,2.0816681711721685e-17,0.0013392857142857143,0.001388888888888889,1.9530838200664,44541.29587527894
262147,3,0,M2,0,False,0.03621590949151248,0.8252450737589101,0.6041389676819094,0.35,0.0,0.0,0.41371301920153203,0.2324680272590068,0.2821753155440092,0.12108267157681221,0.0,0.0,4.979333268944174,7.367376811802387,0.17175611727980622,0.5298509400459998,6.596697393401229,3.3223983407219,3.1871661461400267,0.37689316008442497,0.05294866446968388,0.017445007722695426,0.010008937771727403,0.08013706892956779,-0.007079405330071642,0.001328441774257548,0.321968682606065,0.030660939051863033,0.9125000000000001,0.00843719888843492,0.011159145347964302,0.8756982489345828,0.05525284496559724,0.08238467189895905,0.04426900580727642,0.003443860248846617,0.018412457819602573,0.015363385520458624,0.003592894616877307,0.004602505290593727,0.004735408665353849,0.022430538962931394,0.0039248477467846675,0.01677050983124842,2.0816681711721685e-17,4.96031746031746e-05,4.96031746031746e-05,1.5197281155406064,1359.2732659169446
262147,3,0,M3,1,False,0.04971343348863255,0.8252450737589101,0.6041389676819094,0.35,0.0,0.0,0.41371301920153203,0.2324680272590068,0.2821753155440092,0.12108267157681221,0.0,-0.11108825253322721,4.979333268944174,7.367376811802387,0.1719110466520482,0.5280333782234904,6.5112283327028235,3.319104372141061,3.2129548910869783,0.38808993582808504,0.05002390426984153,0.013028821301117016,0.006244759637747413,0.08006780869768648,-0.007361911866095345,0.0008741736996418354,0.3184775213731741,0.029890895105382634,0.90625,0.008309487191050761,0.010684577301711426,0.8688871454750868,0.05138079034909929,0.08654000523903072,0.056788122257249295,0.003331363212635336,0.017926549462299407,0.01528947567294798,0.0036052315444983986,0.004372936838033272,0.004570013871444989,0.02261423723271433,0.003946824501020711,0.01875,2.0816681711721685e-17,4.96031746031746e-05,4.96031746031746e-05,1.5136577798620183,1357.659313669167
262147,3,0,M2+O,2,False,0.030915396515962763,0.8252450737589101,0.6041389676819094,0.35,0.0,0.0,0.41371301920153203,0.2324680272590068,0.2821753155440092,0.12108267157681221,0.055557584002110465,0.0,4.979333268944174,7.367376811802387,0.17136869302365534,0.5286067146453495,6.599522906870416,3.3594333639806937,3.2086757007622073,0.40902511872664205,0.054261196376106144,0.024266780402526045,0.009887738549128857,0.07999248072914027,-0.006247013923591936,0.0015007051539717674,0.3226376247782837,0.030956563272257,0.9,0.008753000744390541,0.011300314117018297,0.8649292478540049,0.04506959103670678,0.10215602884376206,0.07359058118413497,0.003589118577888728,0.018152687139641292,0.0156761664961946,0.003643614032778839,0.004492434048414212,0.004865910514362021,0.022843612131304942,0.004048357082180645,0.022360679774997894,2.0816681711721685e-17,4.96031746031746e-05,7.440476190476191e-05,1.4830781614873136,1361.8500296312527
262147,3,0,M4,3,False,0.04347840977239248,0.8252450737589101,0.6041389676819094,0.35,0.0,0.0,0.41371301920153203,0.2324680272590068,0.2821753155440092,0.12108267157681221,0.055557584002110465,-0.11108825253322721,4.979333268944174,7.367376811802387,0.1715415298489734,0.5268687314512109,6.514669583195678,3.336489449663869,3.260446596282928,0.467970234409412,0.051326896407019026,0.01992255544482536,0.006762403412232188,0.0799260732757412,-0.0065425845454105645,0.00102909901258793,0.31911933689410404,0.030172174696780425,0.890625,0.008620837214941517,0.010760426194812102,0.8583011841298747,0.046053136549038254,0.10884105589859941,0.08152694261267139,0.003473335459396268,0.01770130080559401,0.015683965387292543,0.0036546484256895577,0.004247934564897554,0.004709925080262586,0.023027457264360566,0.004066444840539447,0.025090980285087838,2.0816681711721685e-17,4.96031746031746e-05,4.96031746031746e-05,1.4804423121262358,1360.3430325751165
262147,3,1,M2,0,False,0.05870247545733751,0.8252450737589101,0.6041389676819094,0.35,0.0,0.0,0.3070111525245011,0.14284441171853884,0.642547759693116,0.19074446022102418,0.0,0.0,4.031212909147143,9.391205415129662,0.17587770006551295,0.5199845752309206,5.271857886869844,3.307619627299007,3.341628838302947,0.40138567210487386,0.048218891946327884,0.019481194988389794,0.008709507084605352,0.07439314800708596,-0.014712443282811582,-0.005567040277148759,0.2373870839422401,0.01647438715628289,0.796875,0.006420028368299587,0.011187510684851083,0.8223409704521389,0.05408242128365549,0.09764683033655155,0.05040470500075224,0.0033533563452462604,0.021288729550407493,0.01613455443759811,0.0036472133827147625,0.004631009762749833,0.004674215128609477,0.020074113236474636,0.0029161717060723928,0.03368628244552966,1.3877787807814457e-17,0.0001240079365079365,0.0001240079365079365,1.466249003930824,216.64967304333456
262147,3,1,M3,1,False,0.042358611040882926,0.8252450737589101,0.6041389676819094,0.35,0.0,0.0,0.3070111525245011,0.14284441171853884,0.642547759693116,0.19074446022102418,0.0,0.09740700935944913,4.031212909147143,9.391205415129662,0.1756736090204991,0.5230681796913339,5.3604162570528935,3.328171038828791,3.334609171021887,0.4186347255496767,0.051487968773369856,0.02377223381490026,0.01200401593901382,0.0744970778561965,-0.014281068440020531,-0.005080463332386452,0.24108866182472422,0.01709320465918715,0.8,0.006543693386080929,0.012028780539700695,0.8291726947362595,0.05541082750254111,0.10160085816870201,0.05485808145876004,0.0034380034449559877,0.021848978412782327,0.01631637705162911,0.0036167734202721706,0.0048794135903625765,0.0048221698288414975,0.019859398669949208,0.002918719459081839,0.03505947327993772,1.3877787807814457e-17,0.0001240079365079365,0.0001240079365079365,1.476439907301299,217.28651120783834
262147,3,1,M2+O,2,False,0.00024965139398883406,0.8252450737589101,0.6041389676819094,0.35,0.0,0.0,0.3070111525245011,0.14284441171853884,0.642547759693116,0.19074446022102418,0.49734065916059195,0.0,4.031212909147143,9.391205415129662,0.15925616422111177,0.5816330365059874,8.548008180127951,3.6430683817854623,3.0344654883543036,0.6770485098187172,0.11863934452624043,0.05711828421280275,0.016995562045240307,0.09040546647513636,-0.002033191175756984,0.0013538134545704257,0.3499111058868593,0.04915911068634775,0.965625,0.009458087499223888,0.017562105538796162,0.8290735824956663,0.0768692753760323,0.13775251654402013,0.15212232760787134,0.004123062704907456,0.028095270859667665,0.015539988023063962,0.0057878100362460435,0.00883090472898912,0.004460605133602411,0.016900577274517076,0.0029768210722958604,0.010915155747858112,2.0816681711721685e-17,0.000248015873015873,0.000248015873015873,1.1140942169144208,240.26798009469215
262147,3,1,M4,3,False,0.0002679914938861568,0.8252450737589101,0.6041389676819094,0.35,0.0,0.0,0.3070111525245011,0.14284441171853884,0.642547759693116,0.19074446022102418,0.49734065916059195,0.09740700935944913,4.031212909147143,9.391205415129662,0.15900797464047625,0.5857907214011107,8.630564465532139,3.6510333766160814,3.028064854364433,0.6740663117155655,0.12058181211816998,0.05870778182363421,0.017842837013119353,0.09089570302649247,-0.0017956419455987232,0.0016913038809707156,0.35046725494014563,0.04968026228512364,0.9624999999999999,0.009580337341137333,0.017748064030976746,0.8341460745127036,0.07468936388085025,0.1419869369541217,0.16013358175837658,0.004154972777358469,0.028377401430934947,0.015666993727643144,0.005779614750388972,0.00902416295589407,0.0045359487632377566,0.01704918001733547,0.002963052121089704,0.011636866703140781,2.0816681711721685e-17,0.0002728174603174603,0.000248015873015873,1.129098340386578,241.76002885822297
262147,3,2,M2,0,False,0.4775055669534065,0.8252450737589101,0.6041389676819094,0.35,0.0,0.0,0.15824501533061267,0.47178818037443365,0.47792880423367023,0.06573836363332915,0.0,0.0,6.196548670530319,10.978457712568343,0.1428308039208368,0.5835653498934846,10.83254779897295,3.8746134202133957,2.762758761411706,0.6183971600838344,0.009312860306925998,0.0002333615460409933,0.006769659816152905,0.06583093022918195,-0.014555380586942545,-0.011129609393896558,0.023650350289104144,0.00391586469126093,0.5875000000000001,0.0022809566212312173,0.005877212356397105,0.9396199593119938,0.05996327061868795,0.06368411605828371,0.07169410166425828,0.001411385650889962,0.019249174115274884,0.016568307875961637,0.005234396687079771,0.0009913452966837995,0.0021146322892252683,0.003931149679609222,0.0012515492069977822,0.02795084971874737,2.0816681711721685e-17,0.0010416666666666667,0.0011160714285714285,1.571211339744111,30142.935628155465
262147,3,2,M3,1,False,0.43345898147495127,0.8252450737589101,0.6041389676819094,0.35,0.0,0.0,0.15824501533061267,0.47178818037443365,0.47792880423367023,0.06573836363332915,0.0,0.30806223507970565,6.196548670530319,10.978457712568343,0.1429535241349016,0.5898990140371968,10.877004386177607,3.8771003544251315,2.7444105998297084,0.6177525502656341,0.012192318907541473,0.0048493046524353284,0.010639938704350215,0.06699173263008235,-0.014436225485975767,-0.010450413031017576,0.028724183451336364,0.004817581481674397,0.596875,0.002527944601717751,0.005952708141733995,0.9311271912632596,0.058928994277186585,0.06778717587207915,0.07626484083143545,0.0015133650800294826,0.019734612303209408,0.016167166891981537,0.005212182508449566,0.0012221028245484797,0.002539726929857092,0.004126494278444006,0.0012938782327558819,0.02560466672958922,2.0816681711721685e-17,0.0010664682539682539,0.0011160714285714285,1.561963158033298,30143.953202662986
262147,3,2,M2+O,2,False,0.4267005457057048,0.8252450737589101,0.6041389676819094,0.35,0.0,0.0,0.15824501533061267,0.47178818037443365,0.47792880423367023,0.06573836363332915,0.16815945603584587,0.0,6.196548670530319,10.978457712568343,0.1421072502618987,0.5887913116766854,11.27882792782414,3.917541780811619,2.7230371935578175,0.585688349226352,0.012504244088409383,0.006394510260650818,0.008605969256810496,0.06789544289865027,-0.01280514262844588,-0.009452808854090868,0.035864051330824424,0.006249320633059942,0.65625,0.002917224618295004,0.007723459570616004,1.1133094781111943,0.05457185854177471,0.062393148058842156,0.0632267494371249,0.0017972550260889177,0.021758915495133865,0.018091818412303128,0.005844703859046953,0.0012868461985344817,0.002509607798647595,0.004601141644225274,0.0015340985054240878,0.03442231592053814,2.0816681711721685e-17,0.000992063492063492,0.0010664682539682539,1.6055078939530378,30134.188146558492
262147,3,2,M4,3,False,0.384658863028291,0.8252450737589101,0.6041389676819094,0.35,0.0,0.0,0.15824501533061267,0.47178818037443365,0.47792880423367023,0.06573836363332915,0.16815945603584587,0.30806223507970565,6.196548670530319,10.978457712568343,0.14218148518440765,0.5949170889304681,11.322277325713626,3.923846096529741,2.713589495000408,0.5948046759046928,0.015414666478687855,0.011403941117434337,0.012715942496010935,0.06877050454418146,-0.012540889841938362,-0.00877408041059259,0.041133686883444265,0.007300050980671475,0.665625,0.0031873320876991246,0.00806108302362806,1.0975849690544208,0.051639468363774414,0.055398317169585175,0.055841565577665765,0.0019104490139310185,0.022185508759584725,0.017875975939573824,0.005936149245857245,0.0015819377785481824,0.002911930064300259,0.004623433157078238,0.001531152245372433,0.031197873191399866,2.7755575615628914e-17,0.000992063492063492,0.0010912698412698413,1.5905798038295673,30138.313956853963
262147,3,3,M2,0,False,0.031606356170585326,0.8252450737589101,0.6041389676819094,0.35,0.0,0.0,0.5052951307501644,0.15757877576155158,0.5863521392457187,0.3515334376207748,0.0,0.0,3.688997507560998,6.22103673312813,0.15657815402394543,0.6064131027837396,10.457497397702305,3.7583315167804123,2.7715078670792384,0.39894626062521393,0.054319399721995315,0.02116619052220211,-0.0038433711482901596,0.07724274768938277,-0.006313380664913817,0.0006421432822631158,0.2502327530992053,0.03334891311305126,0.89375,0.008931147622785799,0.012796587830076318,1.3218684676831602,0.08483287191786683,0.11125229705244048,0.06746331639273191,0.0031951657205727367,0.021778008874871344,0.014694200302166926,0.0037905017026807816,0.00489363707333645,0.004760065250036997,0.02154646588816441,0.0038486454808447585,0.025769410160110376,2.0816681711721685e-17,0.004340277777777778,0.004662698412698413,2.0102428046799634,234.5884766798598
262147,3,3,M3,1,False,0.06465705358219936,0.8252450737589101,0.6041389676819094,0.35,0.0,0.0,0.5052951307501644,0.15757877576155158,0.5863521392457187,0.3515334376207748,0.0,-0.3379333501681685,3.688997507560998,6.22103673312813,0.1572829993717698,0.5983723284407859,10.077374746808161,3.728030654299666,2.8162012305130335,0.415869390138282,0.04746099713699045,0.013556036399347469,-0.009558785171692707,0.07619789283041448,-0.0071932612890288385,-0.00010632493603013565,0.24191926910392716,0.03125354192677125,0.884375,0.008605703891149853,0.012255347873731877,1.2615804956135501,0.0783102478683971,0.11835020896587845,0.06058097073901334,0.0029947305045322295,0.0189483912284734,0.014232340259705708,0.0036204000602244202,0.004383613946164956,0.004452486613268945,0.021998656936953534,0.00396475409667707,0.025297706582481608,2.0816681711721685e-17,0.003968253968253968,0.0042906746031746035,1.9895706642012034,224.68046202726921
262147,3,3,M2+O,2,False,0.030763205365227378,0.8252450737589101,0.6041389676819094,0.35,0.0,0.0,0.5052951307501644,0.15757877576155158,0.5863521392457187,0.3515334376207748,0.0219864356587544,0.0,3.688997507560998,6.22103673312813,0.1564898510591514,0.606389947095342,10.430558965737426,3.7674172600311717,2.780634677815252,0.38648351137833387,0.054519998663581364,0.022768614946569947,-0.003182975680995362,0.0773465130347458,-0.006083553678080507,0.0006421645351855328,0.25004028267375655,0.03325363520674632,0.89375,0.009045200102843654,0.013154124700787681,1.3139339054211756,0.08571806932176107,0.11765819250020675,0.07451787519645647,0.003238748032245521,0.021670519560590917,0.01488123976617151,0.003872601464948028,0.004880506059227968,0.00477813140387418,0.021786458768006726,0.003894131195476915,0.025769410160110376,2.0816681711721685e-17,0.004340277777777778,0.004637896825396825,1.9945960895402723,235.56087133915617
262147,3,3,M4,3,False,0.06348647501255691,0.8252450737589101,0.6041389676819094,0.35,0.0,0.0,0.5052951307501644,0.15757877576155158,0.5863521392457187,0.3515334376207748,0.0219864356587544,-0.3379333501681685,3.688997507560998,6.22103673312813,0.15720855731367941,0.5986910822572034,10.057342518201125,3.7235043198828066,2.8365100461298907,0.42429731449589564,0.04765199774722928,0.015413190942574805,-0.008760442917059323,0.07637175211728028,-0.006964178936008445,-9.322639730015422e-05,0.24168564182436694,0.031154226867196207,0.8875,0.008715734675126869,0.012400080029662235,1.2548218777394797,0.07896931697252205,0.12447981735885294,0.068352688705247,0.0030333800851179587,0.01879031574283715,0.014427071998075502,0.003689764448409298,0.004362608664902901,0.004483573833868685,0.022238607203559514,0.004012445383516249,0.025617376914898994,2.0816681711721685e-17,0.0040426587301587305,0.004241071428571428,1.9853997297187655,224.67179120994317
262147,3,4,M2,0,False,0.29621381860531104,0.8252450737589101,0.6041389676819094,0.35,0.0,0.0,0.43848861446604137,0.38926240351387964,0.7371985567733645,0.4234090699730806,0.0,0.0,6.015863294713199,11.226854318752885,0.1275130796209523,0.6376648539115395,15.545308560521889,4.170401819874586,2.569988643908984,0.6347621350962478,0.02193131711321088,0.0020874513748348755,-0.02412667345315767,0.07937690735703216,-0.010848094578841281,-0.006839835407203884,0.08239398912274505,0.01551326493351499,0.76875,0.005105193070930178,0.009634519989151817,1.4622193342092191,0.06958660754406922,0.09246334479616954,0.0856267039588121,0.0021894647352877264,0.022275859731633842,0.01406842738570205,0.0062589355163016926,0.0027700390389769187,0.003441809429526726,0.009337049344862866,0.0023671964554112567,0.03676360292463186,2.0816681711721685e-17,0.004464285714285714,0.005133928571428571,2.9078799133206283,22604.490981261588
262147,3,4,M3,1,False,0.3051494566986238,0.8252450737589101,0.6041389676819094,0.35,0.0,0.0,0.43848861446604137,0.38926240351387964,0.7371985567733645,0.4234090699730806,0.0,-0.07367196269333365,6.015863294713199,11.226854318752885,0.12755843923537627,0.6358733631549909,15.505873966453048,4.169192214792247,2.5791712929102077,0.6353273960960928,0.02120250169975483,0.0011789969910027953,-0.024037171335388158,0.0789085295035151,-0.011005156651809803,-0.006974964943464239,0.08114693139062856,0.015274775950264606,0.765625,0.005050623061063751,0.009549628710587671,1.457604186407876,0.0682427919831401,0.09329478980373457,0.08673977510572073,0.0021610399297301956,0.021832260046816716,0.013993004952222436,0.006220980358397409,0.0027212352528898174,0.003374842008486947,0.009361710225011862,0.002368575476028876,0.03700190028903921,2.0816681711721685e-17,0.00441468253968254,0.0050347222222222225,2.9130853432430897,22610.583066777257
262147,3,4,M2+O,2,False,0.29402448177837126,0.8252450737589101,0.6041389676819094,0.35,0.0,0.0,0.43848861446604137,0.38926240351387964,0.7371985567733645,0.4234090699730806,0.03886794626102078,0.0,6.015863294713199,11.226854318752885,0.12744856340059962,0.6390281972949292,15.636772899902898,4.140513651712663,2.5779335790655193,0.6438644376650153,0.02211623289663068,0.00421518487472485,-0.024258819547294013,0.07994977641850066,-0.01054908808972473,-0.006893669047213274,0.08254417316421524,0.015512607329972755,0.76875,0.005237150092509801,0.010121675367581517,1.48970993058991,0.06945784456996662,0.09766094195731052,0.08765512135173698,0.0022465123921348957,0.0220201114582762,0.01459163326496294,0.006445753687847996,0.0027754250140638983,0.003451693741745583,0.009561061194215731,0.0023745172770117486,0.037045861217325386,2.0816681711721685e-17,0.0045138888888888885,0.00505952380952381,2.9736023484044316,22491.351642172172
262147,3,4,M4,3,False,0.30300261030475334,0.8252450737589101,0.6041389676819094,0.35,0.0,0.0,0.43848861446604137,0.38926240351387964,0.7371985567733645,0.4234090699730806,0.03886794626102078,-0.07367196269333365,6.015863294713199,11.226854318752885,0.1274961550739028,0.6370865544798812,15.596143147232162,4.149503728843092,2.570170188354992,0.6359931232532564,0.021385725192028048,0.003305366132585405,-0.024400005438757207,0.07960764567087338,-0.010713025882865383,-0.007019555888881099,0.081281719365046,0.01527651083986432,0.765625,0.005181383473990316,0.00994246212274884,1.4851832288272857,0.07046262474453334,0.09585880345220064,0.08652421299807385,0.0022176981424451426,0.021573614991682,0.014479499950983256,0.006389370590588862,0.0027220736613760114,0.003385583768289933,0.009585505667122548,0.0023752238142020162,0.03756071473849595,2.7755575615628914e-17,0.004439484126984127,0.0050347222222222225,2.978713673480649,22498.989559207217
262147,3,5,M2,0,False,0.40017549557591997,0.8252450737589101,0.6041389676819094,0.35,0.0,0.0,0.11271710437722504,0.19076136524569792,0.31634031841531396,0.040480249263974095,0.0,0.0,3.098991063889116,5.594099240377545,0.18757112001072918,0.4705878814300801,2.9328774083519233,3.0048496501414537,3.8723927603042787,0.4945537060776124,0.013560021132449942,0.025652728806766452,0.022584885844768324,0.07215784130395914,-0.01406351602754291,-0.009731280922735099,0.08021796834724677,0.0015382911389593985,0.5374999999999999,0.002541934470849417,0.007066326131205567,0.4475640118549964,0.036408560935657815,0.10514525337577614,0.08302481793472408,0.0014597422394859116,0.01935809715012035,0.01578131962478554,0.0031663798522928153,0.0022275572769439793,0.003026020472649727,0.007864459433141421,0.001096652510324963,0.01963203164898291,1.3877787807814457e-17,0.0001984126984126984,0.0002232142857142857,1.1625124322882103,43.39452003835408
262147,3,5,M3,1,False,0.3743855877011383,0.8252450737589101,0.6041389676819094,0.35,0.0,0.0,0.11271710437722504,0.19076136524569792,0.31634031841531396,0.040480249263974095,0.0,0.04869014248251913,3.098991063889116,5.594099240377545,0.18759287191074772,0.47141094555236096,2.9469595195441354,3.013602869037199,3.8289055946186368,0.4785160750440557,0.015392537032691748,0.030264329350801766,0.026816543810025687,0.07209502810752674,-0.013886366078786346,-0.009365049029335677,0.08366304864135757,0.001654868692799078,0.54375,0.002609114036284325,0.007182892522595562,0.4479860299193802,0.03773780199949735,0.10477839018709373,0.08325340050417444,0.0015259095638642942,0.019594920091260088,0.015742046188985052,0.003141268637103463,0.002384330010497191,0.0032145744957506753,0.007901809861995493,0.0011187405324037771,0.02085415626040366,1.3877787807814457e-17,0.0001984126984126984,0.0002232142857142857,1.1620908654656155,43.514201950903306
262147,3,5,M2+O,2,False,0.17899138169366227,0.8252450737589101,0.6041389676819094,0.35,0.0,0.0,0.11271710437722504,0.19076136524569792,0.31634031841531396,0.040480249263974095,0.13870930994198497,0.0,3.098991063889116,5.594099240377545,0.18604245004865066,0.4766845786830497,3.1362128827470412,3.0441445572508083,3.755910007959833,0.5047289276980707,0.03193344013197448,0.05428995774217034,0.031022529184514945,0.073078873807777,-0.009815626496819954,-0.006385237995089786,0.14215251781336857,0.0044215401670521445,0.6125,0.0034864335046498993,0.007946126810130048,0.4912186064115521,0.028477020687396874,0.08851023814672691,0.06432433071501159,0.002212112393344511,0.020805249052791665,0.017573484470740613,0.004246792728769487,0.0032318013886474847,0.003885096429797926,0.009182147296203912,0.0014752398232520752,0.025207472437090286,1.3877787807814457e-17,0.0001984126984126984,0.0002232142857142857,1.1086107727336822,41.24168106537326
262147,3,5,M4,3,False,0.16342122351512064,0.8252450737589101,0.6041389676819094,0.35,0.0,0.0,0.11271710437722504,0.19076136524569792,0.31634031841531396,0.040480249263974095,0.13870930994198497,0.04869014248251913,3.098991063889116,5.594099240377545,0.18604514538999795,0.4774740874203126,3.149477996459239,3.05436419000474,3.742111697502574,0.5055969432056798,0.033622570904913635,0.057931276079712254,0.033817724278149525,0.07316406968291195,-0.009596930643903103,-0.0060860841654550085,0.1448042485336163,0.004568797348224552,0.61875,0.003556256388323127,0.008056034114661026,0.49040066095442564,0.028963071867787685,0.09144716827155529,0.06839272005100332,0.002281256572567899,0.020922707623788343,0.017377535472958512,0.004200827248919617,0.003401309826953044,0.004023282285160001,0.00935204439487967,0.0014874465295866737,0.025361962989222,1.3877787807814457e-17,0.0001984126984126984,0.000248015873015873,1.1159896415714932,41.34613973053985
262147,3,6,M2,0,False,0.30840022509403925,0.8252450737589101,0.6041389676819094,0.35,0.0,0.0,0.24740017238073053,0.2888998185550328,0.5580466752871871,0.22097220967603354,0.0,0.0,5.264328494202346,8.049855879507959,0.15759140504456515,0.5713383644437123,8.921957482003886,3.6782611396261284,2.8846723499356335,0.5203488320956786,0.02068516153802826,0.005570574087224099,-0.004494627862782265,0.07127590198280817,-0.014441288389346406,-0.008636445383171328,0.07947711535156418,0.009682263130588257,0.6937500000000001,0.004206758167959656,0.00848738285340814,0.9223523436125182,0.05940494510919122,0.07774848637187708,0.0619295959665003,0.0021007004738087896,0.022500279248598817,0.015254225623179123,0.004811799767459413,0.0028412542222895874,0.0032881480699545954,0.009027220769964083,0.0021019326250622094,0.040278975077989915,2.0816681711721685e-17,0.0004464285714285714,0.0005456349206349206,1.6153517119167096,3388.978860114205
262147,3,6,M3,1,False,0.2658434989487279,0.8252450737589101,0.6041389676819094,0.35,0.0,0.0,0.24740017238073053,0.2888998185550328,0.5580466752871871,0.22097220967603354,0.0,0.18312492715194817,5.264328494202346,8.049855879507959,0.15736384121771613,0.5771169124260243,9.054511073663456,3.6770141288064546,2.8689755250547853,0.521242247138015,0.024187924609829298,0.010218528946468502,-0.0016677628685454766,0.07191996892187327,-0.013856821843275854,-0.00811388920188683,0.08532962826627583,0.010539185104210315,0.7093750000000001,0.00440607493302204,0.00902132468075956,0.9279707165705351,0.06300412619590487,0.0734406916851243,0.05955207783266491,0.00222373606039402,0.023375765532366463,0.015260935351606914,0.0049131786439690584,0.003157589041500501,0.0035971421745196637,0.008907805950480048,0.0021206652872308883,0.038788623224686215,2.0816681711721685e-17,0.00047123015873015874,0.0005456349206349206,1.605034713995364,3430.9714121431916
262147,3,6,M2+O,2,False,0.1608091670581683,0.8252450737589101,0.6041389676819094,0.35,0.0,0.0,0.24740017238073053,0.2888998185550328,0.5580466752871871,0.22097220967603354,0.2625326522402505,0.0,5.264328494202346,8.049855879507959,0.15466429961720066,0.5789647291285585,9.77592641635941,3.716653996450845,2.8897148794989262,0.5190630515011792,0.03411517523436928,0.026141277760808428,-0.0029349070767172684,0.07676419934109736,-0.009269378097128403,-0.00558990983227632,0.1251549523268935,0.018173875432061365,0.7937500000000001,0.005646510787543084,0.010535202411926544,1.1446572813183447,0.05413514641580681,0.06894486767834,0.058086748835837795,0.0027660011796682192,0.025242189479575832,0.019940872588934833,0.006797361437712919,0.003914169205656945,0.0036848387606245735,0.010604771354366884,0.002582783555165851,0.03442231592053814,2.0816681711721685e-17,0.0003720238095238095,0.00047123015873015874,1.8252133459267945,3026.91260093067
262147,3,6,M4,3,False,0.13193972587860414,0.8252450737589101,0.6041389676819094,0.35,0.0,0.0,0.24740017238073053,0.2888998185550328,0.5580466752871871,0.22097220967603354,0.2625326522402505,0.18312492715194817,5.264328494202346,8.049855879507959,0.15436333458124113,0.5857454536185613,9.916118100856803,3.7303980254348503,2.8879465300149647,0.5176273011544922,0.03747816098460605,0.02992617320416673,-0.0012318451825741178,0.07712947647755077,-0.008657178672491295,-0.005188913752247142,0.1299320600908636,0.019083108081783325,0.790625,0.005857367155713911,0.011773821544832032,1.146814725021988,0.05768869681801141,0.07457748010785031,0.06684286949705234,0.002874074652603606,0.025978544037048266,0.019723892145989234,0.006867138959802805,0.00433949008709243,0.003925711574223621,0.010748056473813486,0.00258718868581634,0.03686087300015198,2.0816681711721685e-17,0.0003720238095238095,0.000496031746031746,1.794351635981064,3057.3322954735163
262147,3,7,M2,0,False,0.000431924793390873,0.8252450737589101,0.6041389676819094,0.35,0.0,0.0,0.3608797624707223,0.11507770599029078,0.3852312066592276,0.0776035660920321,0.0,0.0,4.72552586439997,9.198351218365133,0.1847785015696434,0.4201538967531554,2.7595923997430387,3.0320256660025513,3.926836127898278,0.4762060264570595,0.1136133773783265,0.019160442378372586,0.00573219062393142,0.0793695475311039,-0.009982645324854522,-0.0020310101052389397,0.5216771760294674,0.019553739894465204,0.76875,0.008310313038542606,0.013973384070649615,0.45644573828346097,0.04809472411673573,0.1021825442973104,0.053076475936006846,0.005697945945674265,0.01614555224264544,0.015371141802514653,0.002606897104252226,0.00586120757946222,0.005803846445263277,0.026035057137906683,0.004612361314626936,0.03788001891938985,1.3877787807814457e-17,0.0,0.0,1.271469756001927,31.501333896915174
262147,3,7,M3,1,False,0.0015984481297300018,0.8252450737589101,0.6041389676819094,0.35,0.0,0.0,0.3608797624707223,0.11507770599029078,0.3852312066592276,0.0776035660920321,0.0,-0.2017381898127496,4.72552586439997,9.198351218365133,0.1849256027393379,0.41354341256035765,2.6628742853275025,3.004370292459817,3.993195667100493,0.5071226893228802,0.10590477769941187,0.005244794612369898,-0.006770244303615789,0.07942278405125058,-0.010542508950069047,-0.0035048604152585158,0.5168539746736486,0.018451590843216167,0.75625,0.00803733966013951,0.012862613355910744,0.4418809361027525,0.044290445087854007,0.10730949600904571,0.06201737215857839,0.005462958287168317,0.014946408057930722,0.014881338174843444,0.0027098823581589247,0.005388993856945895,0.00547222217984049,0.026259635620689222,0.004513409886057445,0.038154019010671295,1.3877787807814457e-17,0.0,0.0,1.267615418587629,29.54432362535181
262147,3,7,M2+O,2,False,0.00038385404289749175,0.8252450737589101,0.6041389676819094,0.35,0.0,0.0,0.3608797624707223,0.11507770599029078,0.3852312066592276,0.0776035660920321,0.06863570054080875,0.0,4.72552586439997,9.198351218365133,0.1841328786414178,0.42018126468622224,2.7383039662758906,3.0582824815045413,3.9502986207579864,0.5435595522382394,0.11730028393806421,0.029689431742356297,0.00721664432177431,0.07923932405321149,-0.009186875123693492,-0.0017099988128165746,0.5184532644308492,0.019636585088415665,0.7625,0.008734156953291581,0.014812669285523439,0.4161830093720987,0.049228016821888605,0.09185816975094581,0.0677781290464703,0.005656385345608705,0.015947655572279697,0.014964608551518911,0.0024969066375891682,0.005473688865842796,0.005911322059141059,0.02616174358439174,0.004685885664864049,0.03966001344763598,1.3877787807814457e-17,0.0,0.0,1.2383755942021735,31.980364209435596
262147,3,7,M4,3,False,0.0013939138231244218,0.8252450737589101,0.6041389676819094,0.35,0.0,0.0,0.3608797624707223,0.11507770599029078,0.3852312066592276,0.0776035660920321,0.06863570054080875,-0.2017381898127496,4.72552586439997,9.198351218365133,0.18432926162463512,0.41645203398956543,2.6473869251671873,3.023294694104914,3.9822994468169646,0.4948309710535739,0.10966080302973323,0.016282755954238507,-0.004921474369030308,0.07922971307413822,-0.009790009543123833,-0.0032752810941950915,0.5135260349493638,0.01855071906255145,0.765625,0.008447545709122754,0.01329246226358354,0.40606982977335915,0.04877561851939702,0.10264690021060224,0.08197827196450982,0.005369015792212734,0.014756078363957427,0.014782190913063561,0.0025849054746007933,0.0049390724049100665,0.005586443592742391,0.026442962070203056,0.004590229396922855,0.03728235451702766,1.3877787807814457e-17,0.0,0.0,1.193345255372327,29.96531615875922
262147,3,8,M2,0,False,0.35845611440071984,0.8252450737589101,0.6041389676819094,0.35,0.0,0.0,0.3273518878500909,0.41219047045579005,0.5059866728261113,0.05351897999527138,0.0,0.0,5.661376485135406,11.565369953401387,0.14781255159783135,0.5675064260861366,10.191140866789642,3.792827682131755,2.840601468041185,0.6132303518298652,0.016463962403936296,0.004255849714118017,0.006127861584269737,0.06997211893939087,-0.01657627643514016,-0.008598436569991923,0.0943713508018971,0.014879972565919965,0.7625000000000001,0.004778337791073994,0.007885731504615925,0.986271859301047,0.049511028593007426,0.09730230306585977,0.08359850912074528,0.0019365454163181766,0.01908250028065616,0.015303119336827202,0.004885587325753695,0.0017126733832056997,0.0031571771429053127,0.009197100795924168,0.00227430728895604,0.031124748994971828,2.0816681711721685e-17,0.0009424603174603175,0.0010168650793650794,1.5824473252113869,10336.350472706403
262147,3,8,M3,1,False,0.3918186209290295,0.8252450737589101,0.6041389676819094,0.35,0.0,0.0,0.3273518878500909,0.41219047045579005,0.5059866728261113,0.05351897999527138,0.0,-0.27241570344194765,5.661376485135406,11.565369953401387,0.14766406231411922,0.5644720925701161,10.137419739789628,3.7849311047170726,2.834288682179699,0.6219107425813036,0.014083506445163547,-0.000576887248312577,0.0012331548252641346,0.06923412242274223,-0.016535339764480288,-0.009376511700836084,0.08908918004832228,0.013873447260822926,0.753125,0.004548812088279708,0.007130497175251221,0.9792436633444694,0.0482166327160448,0.09997540944481094,0.09144684523759798,0.0018227025564900921,0.018246232360958257,0.015237420876801933,0.004808882965998,0.0014783763271741788,0.002737666528716288,0.009106852895650885,0.00228665471386745,0.03144729386873641,2.0816681711721685e-17,0.0009424603174603175,0.0010416666666666667,1.5325985108997413,10335.432216267516
262147,3,8,M2+O,2,False,0.17135112095503552,0.8252450737589101,0.6041389676819094,0.35,0.0,0.0,0.3273518878500909,0.41219047045579005,0.5059866728261113,0.05351897999527138,0.3552409291858432,0.0,5.661376485135406,11.565369953401387,0.14365312781216946,0.5801798026262474,11.58979220417569,3.9167487163677155,2.701542632900562,0.4673839372981744,0.03276938723134254,0.02317753364255471,0.007045857363593303,0.07474169954238397,-0.01124452109567645,-0.00439053252486259,0.14846739477474297,0.02620630298068566,0.8875,0.006483936033384226,0.011076017352716636,1.3104876354300063,0.044102228043902854,0.06096647062000295,0.03302620701708873,0.0026712315350054597,0.021658347621614994,0.016826722562537977,0.00692188305178643,0.0031498903577507707,0.0038432432567681164,0.009616814046788205,0.0024161306203104686,0.02165063509461097,2.0816681711721685e-17,0.0009672619047619048,0.0010664682539682539,1.6915666055508543,10267.788433100413
262147,3,8,M4,3,False,0.19488221187085672,0.8252450737589101,0.6041389676819094,0.35,0.0,0.0,0.3273518878500909,0.41219047045579005,0.5059866728261113,0.05351897999527138,0.3552409291858432,-0.27241570344194765,5.661376485135406,11.565369953401387,0.1436773606883449,0.576995769883571,11.531741312027444,3.922150022166742,2.7065715775717027,0.4564485089947488,0.03031930090790582,0.01826741359815685,0.003211511846343348,0.07442449504261267,-0.01150673459703043,-0.005066775492225978,0.14340041238876505,0.025001621614883666,0.878125,0.006210948182675174,0.009818832126916236,1.3159275878868437,0.04936187628630708,0.06237007704385579,0.03817511786322523,0.0025321012220434163,0.02100465748749527,0.016979015455319314,0.006732250602843041,0.002771796492282666,0.003499541105121769,0.009433599128239321,0.0025124487488083977,0.022807505160947934,2.0816681711721685e-17,0.0009672619047619048,0.0010168650793650794,1.6030525824781758,10240.210338688237
262147,3,9,M2,0,False,0.20913184946500354,0.8252450737589101,0.6041389676819094,0.35,0.0,0.0,0.2246222570538521,0.18270770007992873,0.42887789057567716,0.44230817962120045,0.0,0.0,3.341906509362161,5.166776251979172,0.1565870695603618,0.623322337868536,10.269570987605924,3.890728044289659,2.702763409418777,0.45468162402941303,0.029985977313919526,0.02416172349061179,-0.003794543971686909,0.0712366065517864,-0.002187581423730819,-0.00302375613315445,0.06450287009307318,0.007549926927895309,0.628125,0.004051144491659881,0.011159528784811693,0.9390916212063487,0.06970619425510112,0.0724105556800159,0.0567372631187503,0.0023315913347924065,0.024677013015097636,0.016538148080641257,0.005846599714111108,0.0046387332923905344,0.003395309836681733,0.00794130253492775,0.002150344212486391,0.03872142763810928,1.3877787807814457e-17,0.0125,0.012748015873015873,1.6433824352320052,153.83012562312913
262147,3,9,M3,1,False,0.15037659037363404,0.8252450737589101,0.6041389676819094,0.35,0.0,0.0,0.2246222570538521,0.18270770007992873,0.42887789057567716,0.44230817962120045,0.0,0.28608088316395874,3.341906509362161,5.166776251979172,0.15606237366453357,0.6284504290489583,10.494909170236237,3.9320775981284646,2.712704677627224,0.47566618649655734,0.03614733995970704,0.030482021037314466,-0.0007404613990478273,0.07223146162627422,-0.001353499554012201,-0.0024335479270141134,0.07448216825696338,0.009316615112969936,0.65,0.0043652215971401055,0.011282544416338372,0.9615655802221276,0.06711294361126748,0.07644324813403745,0.06308597212062465,0.0024812559858243453,0.02624039088360975,0.017071156048913384,0.0059429768002388925,0.005082781054222802,0.003761538237164996,0.00794696021266158,0.0021364741064522704,0.037914377220257756,2.0816681711721685e-17,0.013070436507936508,0.013293650793650793,1.6155494148070086,155.27628042544382
262147,3,9,M2+O,2,False,0.2009622307182289,0.8252450737589101,0.6041389676819094,0.35,0.0,0.0,0.2246222570538521,0.18270770007992873,0.42887789057567716,0.44230817962120045,0.05071990291090424,0.0,3.341906509362161,5.166776251979172,0.15647666212797562,0.6221209581484219,10.20767772499168,3.9206547361181165,2.6868687054469946,0.4438587791641433,0.03075761507977023,0.02813482650509852,-0.0011958682355612503,0.07164027722311907,-0.0018139212971959601,-0.002859044918875328,0.0659948032648682,0.00792860322244226,0.621875,0.0042513161218141185,0.011915609928998611,0.9335037807069473,0.06286814729450199,0.06893763069164772,0.0493099184253978,0.002356940810180766,0.024238505252263676,0.01727724926112803,0.0062196221134794925,0.0047701559076091474,0.0034316316637868767,0.008496340611767994,0.002169890555860624,0.03817960570339441,2.0816681711721685e-17,0.012450396825396825,0.01277281746031746,1.694587944493794,151.76936669490044
262147,3,9,M4,3,False,0.14338240275763564,0.8252450737589101,0.6041389676819094,0.35,0.0,0.0,0.2246222570538521,0.18270770007992873,0.42887789057567716,0.44230817962120045,0.05071990291090424,0.28608088316395874,3.341906509362161,5.166776251979172,0.15593853673101268,0.6279216380248294,10.427187268010748,3.9499414043026313,2.7206254610140155,0.487351381900112,0.03693054924382669,0.03403472233060873,0.0017401970055560337,0.07246692129167748,-0.0009883308268500905,-0.002218587032633286,0.07599255588571907,0.009680310948299168,0.6312500000000001,0.0045698636178553975,0.011940810543205034,0.953757563386854,0.06176473723975258,0.07549047067608851,0.058227758240377576,0.002507039245239217,0.025787410623200294,0.017750631757482507,0.0063250504730157295,0.005231783327781644,0.003781988242983829,0.008532783396996167,0.002134434538798463,0.03676360292463186,2.0816681711721685e-17,0.012996031746031747,0.013368055555555555,1.6670580004802402,153.41566979090751
262147,3,10,M2,0,False,0.37948573086550635,0.8252450737589101,0.6041389676819094,0.35,0.0,0.0,0.1316666482947767,0.2498424048999523,0.7028423110023141,0.10273466228960343,0.0,0.0,5.565240954048932,8.395200815051794,0.1669420327922348,0.5274279143403282,6.389449209420151,3.454150241047204,3.1348770145019715,0.4593947265209627,0.015735628236490586,0.005057023044394199,-0.004521781043318582,0.06754690512242731,-0.02322897072305433,-0.016716195795536515,0.0476765845810395,0.004271829610716953,0.6000000000000001,0.002338035508875481,0.004617714876171234,0.7872572926928254,0.07089857628828641,0.0916556150798244,0.06208639117955943,0.0018858432143027922,0.020855308096079245,0.012427087810365488,0.004392760320235312,0.0015907727857551767,0.0026360006449823877,0.005673598450489061,0.0015369608747217074,0.025413251136628175,1.3877787807814457e-17,7.440476190476191e-05,9.92063492063492e-05,1.4097139706406827,4563.439128569366
262147,3,10,M3,1,False,0.337258291585002,0.8252450737589101,0.6041389676819094,0.35,0.0,0.0,0.1316666482947767,0.2498424048999523,0.7028423110023141,0.10273466228960343,0.0,0.1631396964192391,5.565240954048932,8.395200815051794,0.16694122603829664,0.5309053258557738,6.4401191897015915,3.4656796113831208,3.1204122719390743,0.4862518810648771,0.018827794932697345,0.010852231705202765,0.0008363938761560092,0.06788859287604536,-0.023074084938401414,-0.01600515716213266,0.05280352604864161,0.00481837407184946,0.59375,0.0025287706490873304,0.004597956888793295,0.7883831112971987,0.06933258146949145,0.09505635798829211,0.07399205952892875,0.0019947982097740236,0.021580968828397214,0.012328345726989648,0.004452483090004376,0.0018171888555185017,0.0029998924209686906,0.005714610041585374,0.001568647683265599,0.027716947282604314,2.0816681711721685e-17,7.440476190476191e-05,9.92063492063492e-05,1.40220788091159,4574.257389490863
262147,3,10,M2+O,2,False,0.37522006795933066,0.8252450737589101,0.6041389676819094,0.35,0.0,0.0,0.1316666482947767,0.2498424048999523,0.7028423110023141,0.10273466228960343,0.028715294985613527,0.0,5.565240954048932,8.395200815051794,0.16690918820110673,0.5278202667548404,6.439437035966334,3.444362067816944,3.1657977420505388,0.4914724512029752,0.016033211862658152,0.007452267050606065,-0.003147491920744339,0.06784017116897124,-0.022808727263215395,-0.01641184397179179,0.048153915228808686,0.0043236996604568475,0.596875,0.00243589099361376,0.004156801047254914,0.8137488470143155,0.06886334915788152,0.09752564416623896,0.06622356027985171,0.001998795941008822,0.02150195867144539,0.013313142415191756,0.004624389832264386,0.0015816745754729871,0.0027500624796824146,0.0059529811125649795,0.0016054898722497929,0.02600831197264956,2.0816681711721685e-17,7.440476190476191e-05,9.92063492063492e-05,1.427798414732952,4549.27752963097
262147,3,10,M4,3,False,0.3330574467901985,0.8252450737589101,0.6041389676819094,0.35,0.0,0.0,0.1316666482947767,0.2498424048999523,0.7028423110023141,0.10273466228960343,0.028715294985613527,0.1631396964192391,5.565240954048932,8.395200815051794,0.16690094934169206,0.5309527063501509,6.490570952291927,3.4609292030296173,3.158093877903708,0.5045187860174237,0.01914047673664815,0.013326954178411536,0.002062827796831597,0.06821614599481829,-0.0226247358369365,-0.01572974515876574,0.053404381690516374,0.004883069928574397,0.609375,0.0026318967276204156,0.004193633024407108,0.8141803154341256,0.06966104714858957,0.0975664456572819,0.07002195214350491,0.0021121079415132547,0.022214966926907363,0.013281332525972245,0.004681589253586723,0.0018255901618575295,0.00310953681664408,0.005944678642686816,0.0016357124629155658,0.025907990241107726,2.0816681711721685e-17,9.92063492063492e-05,9.92063492063492e-05,1.4207653044380641,4559.585465939365
262147,3,11,M2,0,False,0.0004303252472812071,0.8252450737589101,0.6041389676819094,0.35,0.0,0.0,0.47562341731973,0.1345462879767425,0.3737773862667382,0.2305695352875695,0.0,0.0,4.313042040448636,8.777857530862093,0.16954382603788767,0.5445352226805842,7.039905533024852,3.405928497547942,3.180376155798216,0.4344841843420422,0.07630650287953006,0.023379318189428754,0.008641973063418363,0.07742936496197504,-0.003795280899699932,0.0024602002295219714,0.36768438762170086,0.037719874976495704,0.915625,0.009755905081742264,0.014833257041926902,0.9684246002908231,0.06071750228606077,0.1270010928110881,0.08465406156724994,0.004036607237940193,0.019040623207499285,0.014601869863262647,0.0035231905340093912,0.0055016623819083696,0.005285103149851055,0.025485235357656413,0.004255166029761551,0.024460320759684785,2.0816681711721685e-17,9.92063492063492e-05,9.92063492063492e-05,1.6692611067598973,351.13409748647365
262147,3,11,M3,1,False,0.0005647898058389435,0.8252450737589101,0.6041389676819094,0.35,0.0,0.0,0.47562341731973,0.1345462879767425,0.3737773862667382,0.2305695352875695,0.0,-0.132857234403491,4.313042040448636,8.777857530862093,0.16988128568832836,0.539932454279553,6.886577647672874,3.396333833548025,3.185413440442569,0.4424733189763717,0.07259819561326263,0.01903734628078044,0.005302929112266782,0.07722270775012811,-0.004238788529398337,0.0020817399384747935,0.3652785399879377,0.03671327610794212,0.915625,0.00960872089335134,0.014360299440691685,0.9499248011301333,0.05838310897771533,0.12831933011508873,0.08569178837643264,0.003932932794002081,0.018153205691758583,0.014409163203694878,0.0035940864907176365,0.005244484956024033,0.005163832242015419,0.025761473961379636,0.004304558087642447,0.024460320759684785,2.0816681711721685e-17,9.92063492063492e-05,9.92063492063492e-05,1.6312685700484075,351.0840018725451
262147,3,11,M2+O,2,False,0.00035426478087057986,0.8252450737589101,0.6041389676819094,0.35,0.0,0.0,0.47562341731973,0.1345462879767425,0.3737773862667382,0.2305695352875695,0.1877194508660889,0.0,4.313042040448636,8.777857530862093,0.16662368520197443,0.5448980066096303,7.337976093434151,3.4601167226762506,3.1183101067528396,0.47883707835335376,0.0880682646493468,0.03975068695833111,0.01299279151159111,0.08132658225277056,-0.0007832948625857172,0.0029558738403631735,0.37298016748199764,0.041109044026262406,0.925,0.010880412670017275,0.01568872191485678,0.934247033965911,0.07042901442850032,0.15028512501960323,0.10246293934985291,0.004399707094283349,0.021506727668904668,0.01373387569139889,0.003492682792933883,0.005449405134517129,0.005251081898359761,0.026122854358409192,0.004676422730823818,0.020412414523193152,2.7755575615628914e-17,0.00017361111111111112,0.0001240079365079365,1.5154690990493878,370.14458807068286
262147,3,11,M4,3,False,0.0003829435512323506,0.8252450737589101,0.6041389676819094,0.35,0.0,0.0,0.47562341731973,0.1345462879767425,0.3737773862667382,0.2305695352875695,0.1877194508660889,-0.132857234403491,4.313042040448636,8.777857530862093,0.16701858664812952,0.5396538780836033,7.1948154429303965,3.4497212718787447,3.134462312445699,0.45982434371285597,0.08457162443345675,0.03646407817797529,0.010366634961130532,0.08085645744038142,-0.0012104449881227618,0.0025935365920655936,0.3710550377323383,0.04016453525240891,0.9187500000000001,0.010721631240562992,0.0154627719222422,0.9178383454487881,0.06964984316588416,0.14634552047016994,0.10011204450429981,0.004295365894970384,0.02100134187306393,0.013563724628397486,0.003441322538630191,0.005157112984718209,0.005141854050577734,0.026372937530830927,0.004736097912939659,0.021830311495716223,2.0816681711721685e-17,0.00014880952380952382,0.0001240079365079365,1.4807844889107702,362.36230354113917
262147,3,12,M2,0,False,0.11641097506254876,0.8252450737589101,0.6041389676819094,0.35,0.0,0.0,0.5283482315018774,0.3328876707156261,0.457244448363781,0.1455146569506814,0.0,0.0,4.954742657020688,6.8926228834316134,0.15222951277430763,0.5702424153255453,10.607742240188179,3.749681821836906,2.8291661041373173,0.4825029559513067,0.039399511791820226,0.008697341243941878,0.00033023348244548643,0.07974650655028158,-0.012960900106497947,-9.166224305720409e-05,0.24975814085782874,0.036950080046671926,0.928125,0.008597234470338982,0.010757054398520264,1.2348735178646293,0.07043021081029095,0.10703667686742553,0.060826837457064124,0.00326883983812883,0.018956323611866017,0.01442622536360666,0.005137277945388011,0.003760286271111653,0.004588804467362953,0.01938892325191475,0.0038090837059900494,0.014411186337934383,2.0816681711721685e-17,0.0009424603174603175,0.0010912698412698413,2.025387148507313,2485.8935784739065
262147,3,12,M3,1,False,0.14349167232455376,0.8252450737589101,0.6041389676819094,0.35,0.0,0.0,0.5283482315018774,0.3328876707156261,0.457244448363781,0.1455146569506814,0.0,-0.22406192403286693,4.954742657020688,6.8926228834316134,0.15241070035027132,0.5649422747813038,10.448570989505223,3.716424915063821,2.8194468710508653,0.47903353602105253,0.036047524756685684,0.003850887171450554,-0.0037995146490919117,0.07905177977754502,-0.01325281168208376,-0.0009554523613494749,0.24423278495942582,0.03565734877181384,0.9125,0.008389539848579443,0.010276414015299065,1.2195804402173733,0.06213263749303269,0.10773532432531538,0.06706123933885919,0.003123275455708717,0.01821462974518316,0.01427566737549553,0.004985695692382972,0.003459250521437805,0.004281114813499235,0.01958391481669598,0.0039014668489072007,0.017380544678845176,2.0816681711721685e-17,0.0008680555555555555,0.0010416666666666667,2.014203005070235,2479.314773477732
262147,3,12,M2+O,2,False,0.1027015679983885,0.8252450737589101,0.6041389676819094,0.35,0.0,0.0,0.5283482315018774,0.3328876707156261,0.457244448363781,0.1455146569506814,0.10161489625486209,0.0,4.954742657020688,6.8926228834316134,0.15154229654498624,0.5714584194895209,10.787161225121359,3.744331503905922,2.8072677191462656,0.4906673331018134,0.041271159196807884,0.016194883882093464,0.00048296632093900935,0.07942372792690668,-0.011760560342634105,0.00018497844584463522,0.25278957542175184,0.03765693376658483,0.921875,0.009097780383170159,0.01190229635861166,1.240175583100086,0.0675338256539444,0.10798402852145708,0.07237373785605945,0.003507269857869768,0.01945267012559734,0.015718543656675275,0.005693904307916379,0.003658329062561699,0.00470060084346624,0.019898501180839332,0.0038845809156166865,0.016437222747978642,2.0816681711721685e-17,0.0008680555555555555,0.0010168650793650794,1.9278426072633312,2459.8287411600413
262147,3,12,M4,3,False,0.12844184688805543,0.8252450737589101,0.6041389676819094,0.35,0.0,0.0,0.5283482315018774,0.3328876707156261,0.457244448363781,0.1455146569506814,0.10161489625486209,-0.22406192403286693,4.954742657020688,6.8926228834316134,0.15177221534917346,0.5675940925093222,10.620639567772713,3.72508322628534,2.794987519510305,0.47209028880558324,0.037887252984000426,0.011509194360081756,-0.0032451668811768358,0.07873932775533188,-0.012088152647822953,-0.0005829099428345634,0.24716643936924734,0.03632698774369157,0.909375,0.00887774467734525,0.01157060950299342,1.2237311383945706,0.06548661645395618,0.09800384893257469,0.06434840064810508,0.0033587628402224306,0.018808567669002463,0.015582116008405322,0.005510841888787202,0.003312442395191849,0.004395799593272903,0.02008758337624213,0.00397737786730745,0.017806102652367994,2.0816681711721685e-17,0.000818452380952381,0.0009176587301587302,1.9313978175187825,2449.1295912310093
262147,3,13,M2,0,False,0.057964076882719796,0.8252450737589101,0.6041389676819094,0.35,0.0,0.0,0.19160756780765953,0.10117971124439723,0.5988673171959817,0.11719459330247321,0.0,0.0,4.166520392987877,9.900185617618263,0.18903335378042557,0.4291290028444278,2.217893601238688,2.936507284203518,4.087636590665573,0.48275620609250347,0.04848924774585734,0.029447205413176122,0.019412461013817543,0.07327675676837025,-0.01729679700337551,-0.010039549379343688,0.24226067327669154,0.0029438481911717024,0.553125,0.004447529184364431,0.007940239439012934,0.403392409842907,0.04616707803625017,0.11761439824707619,0.07405131227793735,0.003332466169413702,0.020520339460701226,0.01639172838288363,0.003136314773248311,0.004517195086149707,0.00483342307084207,0.019669044804558864,0.0018279299686147564,0.03636297051947214,1.3877787807814457e-17,0.0,0.0,1.2449710144088686,34.4002715135887
262147,3,13,M3,1,False,0.006497254984766391,0.8252450737589101,0.6041389676819094,0.35,0.0,0.0,0.19160756780765953,0.10117971124439723,0.5988673171959817,0.11719459330247321,0.0,0.24830152671784156,4.166520392987877,9.900185617618263,0.18868370742982218,0.4424191439127914,2.3690568850634683,2.9722666495926386,4.073617112977778,0.5335919603366676,0.06305705020293657,0.04996474316349392,0.035511637571086954,0.0731004494184638,-0.015370356651019369,-0.008044834748142356,0.25742888507305295,0.0038605330523822975,0.571875,0.004820461880582616,0.01006414669097394,0.4181034635641061,0.04908129174447818,0.12148311861718887,0.0794057981220153,0.0036314390942814635,0.02183019627968622,0.016886811736497895,0.0030613811583171994,0.0055146778932067386,0.00543205665956055,0.01888156924978586,0.002024064981295099,0.04232039254307549,1.3877787807814457e-17,0.0,0.0,1.2483838466671295,37.273942730113504
262147,3,13,M2+O,2,False,0.04836748225713418,0.8252450737589101,0.6041389676819094,0.35,0.0,0.0,0.19160756780765953,0.10117971124439723,0.5988673171959817,0.11719459330247321,0.036378440419058695,0.0,4.166520392987877,9.900185617618263,0.18887558509656704,0.4302562255248218,2.2216160702287002,2.9458148951703347,4.068422335958079,0.4573093081797386,0.05037744692584446,0.0370715261277655,0.021666789462169777,0.0738661163106335,-0.01639281222901092,-0.009589801875110757,0.2444227873065612,0.0030332915206778967,0.575,0.004649576068446456,0.008227397854704305,0.3983798908374196,0.04636676352353516,0.12700589418212407,0.07383298780637701,0.0035277184391293995,0.02044117308542371,0.016606282797907778,0.003122162667743292,0.004532971927162167,0.004967597817746797,0.02009726274780395,0.001918218544957412,0.04208127057650866,1.3877787807814457e-17,0.0,0.0,1.248644361557714,34.637286721004166
262147,3,13,M4,3,False,0.00379012883173597,0.8252450737589101,0.6041389676819094,0.35,0.0,0.0,0.19160756780765953,0.10117971124439723,0.5988673171959817,0.11719459330247321,0.036378440419058695,0.24830152671784156,4.166520392987877,9.900185617618263,0.1884984437530278,0.44268642241263123,2.372344832437155,2.977671497964457,4.012082929077584,0.4896484096048338,0.06486973402113377,0.05684408024966568,0.036012606899967936,0.07370304452461243,-0.014434902099330812,-0.0076290060020401205,0.2595619007757812,0.003939792890889282,0.596875,0.005030824289516705,0.010236827123563014,0.4121203510929607,0.04584126576878632,0.12091288373969188,0.08159739951704716,0.0038286939900424033,0.021624046031626848,0.017009437330246138,0.0030292751995893274,0.005579882048736946,0.005538097010172489,0.019309530176138803,0.002102304222330682,0.04068905206973165,1.3877787807814457e-17,0.0,0.0,1.2509310859362364,37.55195085876323
262147,3,14,M2,0,False,0.3570365870266237,0.8252450737589101,0.6041389676819094,0.35,0.0,0.0,0.27048005373217165,0.36894328719968383,0.27894342318177223,0.26852824616378107,0.0,0.0,6.389856506604701,10.496874457225204,0.15263701681492545,0.6065960855058752,11.1254442802195,3.8491376028466266,2.632193431056758,0.4239940614364397,0.01703188025618733,0.013685648249991508,0.00226069192813445,0.07584403472754922,-0.0028675956943850106,-0.0032703584594290626,0.06547459292312155,0.008400230605509703,0.6624999999999999,0.004601424228745298,0.009418880700107407,0.8635680483206357,0.0627157089427426,0.06957502431503794,0.04887917262584827,0.0016793184904159392,0.02237537370672978,0.0189142645567512,0.004517660955972643,0.003428200984064913,0.0030672646467794647,0.007444375298945795,0.002083993796095536,0.036084391824351615,2.0816681711721685e-17,0.0002728174603174603,0.00029761904761904765,1.7156956799869794,25282.757880091307
262147,3,14,M3,1,False,0.3507467784413799,0.8252450737589101,0.6041389676819094,0.35,0.0,0.0,0.27048005373217165,0.36894328719968383,0.27894342318177223,0.26852824616378107,0.0,0.027264878060668685,6.389856506604701,10.496874457225204,0.1526023184758239,0.6073121304756195,11.148049819514217,3.8473137759576908,2.6309537037245274,0.4291690011076372,0.017499460928205,0.014219234738758331,0.00250792606074012,0.07588983373949768,-0.002771224302496358,-0.003223630528095192,0.06624848336532194,0.008524657472395584,0.6624999999999999,0.004627981497151668,0.00954914742874141,0.8648334280680168,0.061551945203099596,0.07096620773026957,0.05176638382982607,0.001696027471067951,0.022494565318051468,0.01891067907528981,0.004535268454420262,0.003468392759397971,0.0031090794167660993,0.007434978809672906,0.0020871731365030856,0.03832427429188973,2.0816681711721685e-17,0.0002728174603174603,0.00029761904761904765,1.7135881538250648,25302.199973743584
262147,3,14,M2+O,2,False,0.3339861959378226,0.8252450737589101,0.6041389676819094,0.35,0.0,0.0,0.27048005373217165,0.36894328719968383,0.27894342318177223,0.26852824616378107,0.09194735766059345,0.0,6.389856506604701,10.496874457225204,0.15227270793289216,0.6129576327016844,11.195783002262111,3.876311302398655,2.649638078523811,0.4464971987539911,0.01874128579701277,0.021152737266683024,0.002087419359951454,0.07595321692677076,-0.0016321441703479418,-0.0026809402853658977,0.07012928302824496,0.00936609207383238,0.68125,0.005024041384504456,0.009533266780946735,0.9412512804202614,0.061794768398949124,0.07330024306467287,0.059991123690855915,0.0018084074815046922,0.021624116843487272,0.020551334305796382,0.004780143540589786,0.0036981059699930556,0.003217953053460273,0.008362497481820849,0.0021857701853551484,0.03704586121732539,2.0816681711721685e-17,0.00029761904761904765,0.00029761904761904765,1.7969405323036134,24858.26353548519
262147,3,14,M4,3,False,0.3278552599116971,0.8252450737589101,0.6041389676819094,0.35,0.0,0.0,0.27048005373217165,0.36894328719968383,0.27894342318177223,0.26852824616378107,0.09194735766059345,0.027264878060668685,6.389856506604701,10.496874457225204,0.15223446514468494,0.6141108789520837,11.218754638417321,3.8787862563459994,2.654687562757065,0.4540324650141857,0.019212828660577885,0.021658396341140255,0.0022983938813393775,0.07601315470193003,-0.0015334670613771843,-0.002638996353866199,0.07090965122162904,0.009494804486803845,0.68125,0.005051592797146702,0.009758231355158924,0.9425093686566297,0.06123813394832842,0.0744835480341142,0.06380005645725709,0.0018244559742028057,0.021730815037904118,0.020522626275803414,0.0047988947123368585,0.0037440435989546878,0.00325167670695909,0.008357117904642383,0.0021858950754171423,0.03704586121732539,2.0816681711721685e-17,0.00029761904761904765,0.00029761904761904765,1.7950912907074457,24875.53348630572
262147,3,15,M2,0,False,0.041595938899971874,0.8252450737589101,0.6041389676819094,0.35,0.0,0.0,0.3940499079413713,0.20372390595990375,0.6686163335107267,0.06355384261476883,0.0,0.0,3.606406543403864,6.723187608644366,0.17077054735079028,0.5165179434014023,6.134174255940545,3.287506615249877,3.2378425707544376,0.4115300240393723,0.05191433392423104,0.011496778500429565,-0.005274604722997342,0.07732439740475565,-0.022299345643135342,-0.005852716079230193,0.3181115901693191,0.029469539535728416,0.878125,0.00765167899554836,0.008538160032770779,0.9431459729701722,0.03079403189477222,0.09177079735673391,0.059980220525101734,0.004015268842720784,0.018785243869098665,0.014991824847041627,0.0033670909386154125,0.004003039418896187,0.004742611727586106,0.02156087829850032,0.004328272876895096,0.023259742582410495,1.3877787807814457e-17,0.0004464285714285714,0.000570436507936508,1.4821008577016257,152.0711478296274
262147,3,15,M3,1,False,0.04234355939782033,0.8252450737589101,0.6041389676819094,0.35,0.0,0.0,0.3940499079413713,0.20372390595990375,0.6686163335107267,0.06355384261476883,0.0,-0.007599563617259275,3.606406543403864,6.723187608644366,0.17077550758430976,0.5164387585026418,6.129913269731894,3.286559105558796,3.2420021370773044,0.41477134524940995,0.05175565646222436,0.01120081962775282,-0.005580912030112338,0.07731654449890502,-0.022301962391994314,-0.005906020465797652,0.31786731452779327,0.029418249533565,0.875,0.007642938207709233,0.008507442237259829,0.9426636938067365,0.030907510490441197,0.09193571855587486,0.06084137412723306,0.004010072934612528,0.018755584444480573,0.01499462287411535,0.003365067993217383,0.003990920915587702,0.0047331995764316155,0.021566901305180554,0.004329706781511965,0.022821773229381923,1.3877787807814457e-17,0.0004464285714285714,0.000570436507936508,1.4821206969201726,152.006718366098
262147,3,15,M2+O,2,False,0.0006119518807625485,0.8252450737589101,0.6041389676819094,0.35,0.0,0.0,0.3940499079413713,0.20372390595990375,0.6686163335107267,0.06355384261476883,0.3004872556272591,0.0,3.606406543403864,6.723187608644366,0.16476155526803787,0.5333284092165992,7.093985009042388,3.4260745536788697,3.216310072881593,0.46934805448717093,0.08072640125132988,0.037590857175308835,0.0016187621259710705,0.08040142633328311,-0.01590744280426233,-0.0024233700208140317,0.3520955389875237,0.04036628794504417,0.9437500000000001,0.00936839463920094,0.013331072009340191,0.9658204164781963,0.06205899702673211,0.09383894719700224,0.07856263439460473,0.004289882717870087,0.023270573125244144,0.014483276136757218,0.0055705569266114524,0.0044377403588227405,0.005005272703769358,0.019523284772294328,0.004453466247617297,0.01637770333919462,1.3877787807814457e-17,0.000496031746031746,0.0005952380952380953,1.229530660989255,131.04133545610188
262147,3,15,M4,3,False,0.000625022443147894,0.8252450737589101,0.6041389676819094,0.35,0.0,0.0,0.3940499079413713,0.20372390595990375,0.6686163335107267,0.06355384261476883,0.3004872556272591,-0.007599563617259275,3.606406543403864,6.723187608644366,0.1647731103870722,0.5331545804309482,7.0894963133477455,3.4252438048302514,3.215766630062716,0.4683349123187615,0.08058598142434566,0.03735756430823632,0.0014390423727507992,0.08038265203712637,-0.015918940795414477,-0.0024573519421425003,0.35191385853959034,0.04031045447282357,0.946875,0.009358472218419359,0.013302513605130989,0.9656883291604796,0.06200783749884825,0.0941368474460338,0.07877265856372595,0.004283822479546529,0.023237564350597116,0.014490892664925654,0.005568066302649613,0.004418538810735588,0.004994012155251935,0.019521235108012274,0.004454646434772768,0.016751088273104325,2.0816681711721685e-17,0.000496031746031746,0.0005952380952380953,1.2291993865851092,130.97391760551096
262147,3,16,M2,0,False,0.22200510910346422,0.8252450737589101,0.6041389676819094,0.35,0.0,0.0,0.4057463240809739,0.339491902804902,0.4081831085495651,0.19734403058788655,0.0,0.0,3.938230101019144,10.274940855801105,0.1546132790766947,0.5847806382283004,10.400608065873657,3.7395381815122075,2.8608020060557906,0.5273990180710905,0.027666097763002,0.00860742772365142,-0.0001597306588050516,0.0768454353453739,-0.0106240529830559,-0.0027269387269898524,0.16107759503737967,0.02186490940865579,0.8343750000000001,0.006707622781117257,0.007677918401202147,1.1377364008681068,0.059342062795992696,0.09125793949687457,0.08561663321055946,0.002455438171086328,0.020472521885103172,0.014856750241484267,0.005061928588269203,0.003341872587785731,0.0040754298006795845,0.014656979858566191,0.0029548326394410987,0.027658162598649484,2.0816681711721685e-17,0.004117063492063492,0.0046875,1.862354370613459,350.71703394988236
262147,3,16,M3,1,False,0.17961182403513198,0.8252450737589101,0.6041389676819094,0.35,0.0,0.0,0.4057463240809739,0.339491902804902,0.4081831085495651,0.19734403058788655,0.0,0.22910888325422996,3.938230101019144,10.274940855801105,0.15430362833749559,0.5890461146261727,10.53555214435741,3.7385936914341986,2.886044371328375,0.5761696436651327,0.03191123385039282,0.014096409998812372,0.003169196948205958,0.0777087442397584,-0.010092670603916243,-0.002157918011063704,0.16804224739610205,0.0231325938871939,0.85,0.006926055702450475,0.00833171558440617,1.1380371484268728,0.053676310036836795,0.11453576577442606,0.108398072837612,0.002598032420354968,0.02150038971775644,0.015039932076607348,0.0051305086761238025,0.0037029232889310448,0.0043996879225551445,0.014422511720413865,0.002913968831108022,0.024579802006254373,2.0816681711721685e-17,0.0042906746031746035,0.004861111111111111,1.8483804997707207,350.8310586204026
262147,3,16,M2+O,2,False,0.2201780711391343,0.8252450737589101,0.6041389676819094,0.35,0.0,0.0,0.4057463240809739,0.339491902804902,0.4081831085495651,0.19734403058788655,0.023601876858286377,0.0,3.938230101019144,10.274940855801105,0.15453903623827042,0.5845142789512616,10.447640443330496,3.726067512000234,2.8514909491922253,0.5234538358505835,0.027838510991711207,0.01070015064630272,0.00018436745369914114,0.07682947661984504,-0.010339865717628433,-0.0026728758251024732,0.16116814866076012,0.021866002045704987,0.828125,0.0068155105750536,0.00794641007334893,1.1551849158084968,0.056804271980065546,0.08851482952586069,0.07852914034700531,0.0025173524389923143,0.020353273714994936,0.015379833781920618,0.0051971263498072915,0.0033526281475950584,0.004112263635471817,0.01485476748987833,0.00298254520216682,0.028492963312602874,2.0816681711721685e-17,0.004191468253968254,0.004662698412698413,1.880558371695445,349.9786750369206
262147,3,16,M4,3,False,0.17783833833769302,0.8252450737589101,0.6041389676819094,0.35,0.0,0.0,0.4057463240809739,0.339491902804902,0.4081831085495651,0.19734403058788655,0.023601876858286377,0.22910888325422996,3.938230101019144,10.274940855801105,0.15421952232806901,0.5878709097982807,10.583534078254413,3.7345470106220224,2.8687341387975023,0.5869636108770347,0.03210013451277827,0.016169259115606644,0.0032236293420232123,0.07770225522341012,-0.009794085550603602,-0.0020862121560145663,0.16819698793468457,0.023140995105450906,0.840625,0.007036686274034148,0.00856918221321065,1.155377361705974,0.05483984474825262,0.10832194873033874,0.10292226948808739,0.0026599467141250805,0.021348820457286505,0.015480039818593484,0.005267213916798269,0.0037234697179613484,0.004433562816653931,0.014618956261396712,0.0029354905821349633,0.025907990241107723,2.0816681711721685e-17,0.004241071428571428,0.004836309523809524,1.867016664962685,351.3295132679432
262147,3,17,M2,0,False,0.16917430718207868,0.8252450737589101,0.6041389676819094,0.35,0.0,0.0,0.28696249634958804,0.21941615258976566,0.5165418740361929,0.08793037523714164,0.0,0.0,5.1766509604640305,6.5015790313482285,0.17448271222380649,0.5141129361900639,5.437788229839189,3.287796065510324,3.2931677674867283,0.36279581182196086,0.03302074968237189,0.011946159612289599,0.004038525592787624,0.07487219431723695,-0.01923053501085769,-0.0076364725904561215,0.2074115252080856,0.016046121922709145,0.778125,0.005750641313630408,0.007270175460858235,0.7672781589972835,0.04400558794723973,0.09092196645359406,0.06848484183493654,0.0028272887103168117,0.020236132314897213,0.015301217922553121,0.0036202638653538986,0.003209646085125589,0.004221841042483144,0.01687152616018195,0.0028626713624297796,0.033219205664795776,1.3877787807814457e-17,4.96031746031746e-05,4.96031746031746e-05,1.39453767559769,1804.6329167895492
262147,3,17,M3,1,False,0.2234810077761068,0.8252450737589101,0.6041389676819094,0.35,0.0,0.0,0.28696249634958804,0.21941615258976566,0.5165418740361929,0.08793037523714164,0.0,-0.24325488042086363,5.1766509604640305,6.5015790313482285,0.17451791866902705,0.5106433578636564,5.3243853174248095,3.275610320549995,3.3334103473104166,0.3879623732647948,0.027588607033160302,0.0009048910069526378,-0.007013715736962955,0.07465672131887119,-0.01953295795840743,-0.00900853508303387,0.19764446916272438,0.014863751518187043,0.778125,0.005459929114019318,0.006747562265221507,0.7552588978831795,0.0393450027831493,0.10622927260150551,0.06113440938023683,0.0025951011545332376,0.019129065558815845,0.01529226770373236,0.0035816481456882494,0.002733738983705581,0.003699410096621199,0.017034065222327536,0.0028556079594694223,0.030946442310331355,2.0816681711721685e-17,2.48015873015873e-05,4.96031746031746e-05,1.397245178059304,1801.4234706309562
262147,3,17,M2+O,2,False,0.08649389975502539,0.8252450737589101,0.6041389676819094,0.35,0.0,0.0,0.28696249634958804,0.21941615258976566,0.5165418740361929,0.08793037523714164,0.1571969305868237,0.0,5.1766509604640305,6.5015790313482285,0.17271776655312276,0.5191606835699424,5.735122980151811,3.3024774711374683,3.3023523052808317,0.4565762618775253,0.04356336841148516,0.030943746819182737,0.0068024655688709015,0.07513027031733928,-0.01583316415138817,-0.0057734840732379155,0.23046494705554132,0.0195349313756323,0.8031250000000001,0.006656481126585326,0.007896446976627497,0.8223047652490224,0.04429059430735552,0.11094350663967496,0.10233433512878425,0.0033723198641410278,0.021751944985239566,0.017202654671720528,0.004688955716584371,0.0033380529141838625,0.004540118669628865,0.017329533792058153,0.0032081182648119708,0.03177680954721541,2.0816681711721685e-17,4.96031746031746e-05,4.96031746031746e-05,1.3901410538168313,1902.4169394457258
262147,3,17,M4,3,False,0.1252363040522725,0.8252450737589101,0.6041389676819094,0.35,0.0,0.0,0.28696249634958804,0.21941615258976566,0.5165418740361929,0.08793037523714164,0.1571969305868237,-0.24325488042086363,5.1766509604640305,6.5015790313482285,0.17285747139661134,0.515687918473525,5.619308041518876,3.2949767499398046,3.3252247141226063,0.47654378507972683,0.03825040788011065,0.020766119896595034,-0.0013887364270108414,0.07475204996787743,-0.016321495911890242,-0.007063107678702482,0.2213666295301012,0.01816991702306634,0.7875000000000001,0.006336697400129964,0.007447367505190692,0.8135795521762772,0.051299492630843525,0.096038779165839,0.08081515557676255,0.0031315085072783637,0.020701798918361287,0.017439178266397768,0.004625791428911868,0.0027008350190024723,0.004077855005150232,0.017367620400305928,0.0032058974185934655,0.03338537604001688,1.3877787807814457e-17,2.48015873015873e-05,4.96031746031746e-05,1.2986322004005406,1899.7965001084842
262147,3,18,M2,0,False,0.3169673533675608,0.8252450737589101,0.6041389676819094,0.35,0.0,0.0,0.21026689126156273,0.3072119062245035,0.3519839565269649,0.3787901129537533,0.0,0.0,3.8420952023006976,7.101360463537276,0.1514725967956249,0.6245230803730781,11.54271660543303,3.902193617955413,2.6293022533404224,0.45553444852918634,0.020679073492954683,0.016263936767902384,-0.007413389857355726,0.07242092081947397,-0.003513072872048925,-0.004279075845376882,0.04662660337602295,0.00560168281828947,0.6156250000000001,0.003623211588163755,0.011361843323023087,0.9966940525305031,0.050345450938191705,0.07136746052563978,0.06902473449590674,0.001900469312234825,0.023858574464061446,0.01590349778688586,0.005599980942398466,0.003813746713483635,0.0030298288345457064,0.0055998824324945086,0.0021090109974857114,0.04371278178824435,2.0816681711721685e-17,0.008878968253968254,0.00900297619047619,1.675570001096061,413.14477856411906
262147,3,18,M3,1,False,0.3242747983930738,0.8252450737589101,0.6041389676819094,0.35,0.0,0.0,0.21026689126156273,0.3072119062245035,0.3519839565269649,0.3787901129537533,0.0,-0.032129946071654536,3.8420952023006976,7.101360463537276,0.151516275003417,0.6235409645019092,11.518674475609942,3.9019820453158878,2.6246941564050363,0.44694983254153664,0.020106330713188198,0.01556108904641078,-0.007658040136907181,0.07231127723229899,-0.0036075614023859345,-0.004326158876615696,0.0457401420928531,0.005441711427188999,0.615625,0.0035903897777984327,0.011178423727200655,0.9940517479439633,0.05066491606327484,0.06960099713681844,0.06553719094049128,0.0018799005289812114,0.02364275386310292,0.01590151158247464,0.005577397796615067,0.003767070789894087,0.0029850819502813654,0.0056033354866850795,0.002103431924266311,0.04176290968072029,2.0816681711721685e-17,0.008854166666666666,0.008978174603174603,1.6786793040084271,413.1090168430886
262147,3,18,M2+O,2,False,0.06960100817863937,0.8252450737589101,0.6041389676819094,0.35,0.0,0.0,0.21026689126156273,0.3072119062245035,0.3519839565269649,0.3787901129537533,0.4367824238124445,0.0,3.8420952023006976,7.101360463537276,0.1456681751706484,0.628584181424106,12.374613844308023,4.047546192386241,2.668828155517,0.5482424828206435,0.04633436504307084,0.04870310213454139,0.010384311359148208,0.07978885645470762,0.001079444881652656,-0.00037177304453295604,0.1372821850476284,0.024119254634213112,0.8375,0.005962178661270467,0.013492114131748228,1.2291346008967627,0.0683857347735016,0.09512939747992122,0.08929543808600854,0.0026225726467219044,0.02423485741821497,0.02115432365764506,0.008455583458408526,0.00583959864047558,0.003582133530859746,0.010512404850867326,0.0023840755675472117,0.022126530078919585,2.0816681711721685e-17,0.009871031746031746,0.010342261904761904,1.8897219228253372,416.31216390624763
262147,3,18,M4,3,False,0.07260580598463194,0.8252450737589101,0.6041389676819094,0.35,0.0,0.0,0.21026689126156273,0.3072119062245035,0.3519839565269649,0.3787901129537533,0.4367824238124445,-0.032129946071654536,3.8420952023006976,7.101360463537276,0.14571464501960055,0.6277484722438198,12.356101801176727,4.049328709040044,2.6709327654667594,0.5563365554356126,0.045828222571048106,0.04842377786332626,0.010419158303419523,0.07971041625856748,0.00100892502753769,-0.0004381662437102805,0.13675471496540498,0.024002729544098107,0.8375,0.0059301271999679965,0.013408747715842358,1.2281332768691104,0.0685885346272304,0.09415834008525463,0.08839752732156486,0.0026086110100260675,0.02412589823907442,0.021176567231715144,0.008460513874153246,0.005787664066680252,0.0035525226693604198,0.010461293100076808,0.002382530974964424,0.022126530078919585,2.0816681711721685e-17,0.009895833333333333,0.010317460317460317,1.8929304170613204,416.39021707277305
262147,3,19,M2,0,False,0.022907823108677002,0.8252450737589101,0.6041389676819094,0.35,0.0,0.0,0.5377583326771856,0.1078785758284304,0.7122988943010569,0.0458333252557459,0.0,0.0,6.147785859182477,10.109249056316912,0.17440801352090587,0.4472632890474913,4.240520747593525,3.1996175751387,3.6568575636682237,0.4925752183729874,0.17309306297551985,0.016121693504452632,-0.007705264373014657,0.08456475872137481,-0.012217328998937706,0.0011220250381823922,0.6324512675222355,0.04777232105330095,0.909375,0.011475756189145783,0.022420779475501806,0.6678559820021742,0.05767019986208987,0.10469507255441361,0.06928233163614142,0.007965480590869944,0.01412980311291202,0.01404619744496414,0.002631687004542951,0.007220118383797367,0.005825990651428846,0.02400602429554582,0.007167549619039174,0.021025158540821196,1.3877787807814457e-17,0.0,0.0,1.3338174348116358,40.91113051024036
262147,3,19,M3,1,False,0.023095411212078733,0.8252450737589101,0.6041389676819094,0.35,0.0,0.0,0.5377583326771856,0.1078785758284304,0.7122988943010569,0.0458333252557459,0.0,0.002734182681888353,6.147785859182477,10.109249056316912,0.17440392332520976,0.44732533365399973,4.242326938537193,3.200044172464023,3.656456945478383,0.49289479078440357,0.17315561531257845,0.016247493944267485,-0.007584874474305985,0.08456863557631922,-0.012219143959213771,0.0011376643545764834,0.6324694627931959,0.04779690233387664,0.9125,0.011479039119246784,0.02243744739414354,0.6681269367934003,0.05763527643015033,0.1046376451670425,0.06918901247367015,0.007966881050649076,0.014141985736762374,0.01405055006333358,0.002630861209585844,0.007223645535135643,0.005829618515618995,0.024005200856314815,0.0071677288975498625,0.02015564437074637,1.3877787807814457e-17,0.0,0.0,1.3338677262754715,40.946723073087846
262147,3,19,M2+O,2,False,0.02567391807419849,0.8252450737589101,0.6041389676819094,0.35,0.0,0.0,0.5377583326771856,0.1078785758284304,0.7122988943010569,0.0458333252557459,0.06353756950472862,0.0,6.147785859182477,10.109249056316912,0.17376818934775592,0.44693924713870087,4.160661028610267,3.2469395425304035,3.615369360673962,0.44960218855006606,0.17397527946564728,0.023362357445558955,-0.006340881475454425,0.08403495019146598,-0.01257564546518048,0.0009969374559048612,0.6287115452250946,0.047247962066028,0.8999999999999999,0.011859488717457602,0.02295319480232467,0.597033958936157,0.06344115992083907,0.09012830942020544,0.06777725196920811,0.00769695612430401,0.01343289165591199,0.013910852144264992,0.0025346066156259886,0.006653454752784409,0.005971758067039483,0.024168673721153815,0.007160860633111449,0.022360679774997894,1.3877787807814457e-17,0.0,0.0,1.3115910861851203,41.44470597299669
262147,3,19,M4,3,False,0.025880534605264877,0.8252450737589101,0.6041389676819094,0.35,0.0,0.0,0.5377583326771856,0.1078785758284304,0.7122988943010569,0.0458333252557459,0.06353756950472862,0.002734182681888353,6.147785859182477,10.109249056316912,0.17376347759721109,0.44698486458944087,4.162351515417805,3.2471676916817813,3.6136009847841097,0.44830697116627216,0.17403823512783012,0.023486544179916743,-0.006240519625526351,0.08403835410990734,-0.012577121930049288,0.0010236690580830684,0.6287316033760014,0.047272559203479156,0.8999999999999999,0.011862918226912305,0.02296545465469746,0.5972067605887703,0.06338265583711038,0.08994820926798283,0.06807142801060218,0.00769925910233164,0.013446724472308672,0.013903802723033183,0.0025343550301775387,0.006657338428114985,0.0059741677745075925,0.024167390606730448,0.007160926931478278,0.022360679774997894,2.0816681711721685e-17,0.0,0.0,1.3115588748696327,41.48126702133505
262147,3,20,M2,0,False,0.052928620685239486,0.8252450737589101,0.6041389676819094,0.35,0.0,0.0,0.49215499800629925,0.2673284148553958,0.6132068322040141,0.07420814093349473,0.0,0.0,3.1204502838663757,8.220164174214005,0.16060594725067448,0.5510619715110944,8.653883653166282,3.4928640930884014,3.0038186241278675,0.44053256182443223,0.049544288133982116,0.009739347383467087,-0.005150759834087068,0.07892325391374685,-0.019757907332574466,-0.0025959849370787136,0.3098239508664891,0.03966420247911513,0.928125,0.008589627204408982,0.007649479389034129,1.1782125392821376,0.043141239640041615,0.0870626090437169,0.04468583584120538,0.004044978454654536,0.0185282251204455,0.013543055650823947,0.003741075375391592,0.003984093243630701,0.0049015485245005545,0.021070761646326937,0.0044137617268652524,0.01765924568981737,2.0816681711721685e-17,0.005009920634920635,0.0055307539682539686,1.714047392826447,74.17687568676764
262147,3,20,M3,1,False,0.030634727046285372,0.8252450737589101,0.6041389676819094,0.35,0.0,0.0,0.49215499800629925,0.2673284148553958,0.6132068322040141,0.07420814093349473,0.0,0.26686673136427996,3.1204502838663757,8.220164174214005,0.1603664220893126,0.5552887417300798,8.782242955587183,3.538222693752066,2.9543971055437166,0.3944823147957803,0.05440198041930858,0.017085396105069754,0.002358960324842153,0.07944920077432834,-0.01964793286562544,-0.0012248150232247196,0.3170635697981617,0.041561954052031,0.9375,0.008862486434126824,0.008884693510463042,1.1798370848780957,0.0483957112483325,0.08931008346262027,0.04690792938485805,0.004184406281458963,0.019541486009623844,0.013853343506993398,0.004004442247742361,0.004366400299918435,0.005315208404854277,0.02082360419075631,0.004305664677914063,0.01796988221070652,2.0816681711721685e-17,0.005109126984126984,0.005654761904761905,1.7285233502817272,74.93356586789352
262147,3,20,M2+O,2,False,0.04653133186832713,0.8252450737589101,0.6041389676819094,0.35,0.0,0.0,0.49215499800629925,0.2673284148553958,0.6132068322040141,0.07420814093349473,0.07464393350596943,0.0,3.1204502838663757,8.220164174214005,0.1601646958143973,0.5501050420799569,8.777414018484736,3.500793863548142,2.989013738194137,0.44240112506799034,0.05082943198580106,0.016752103304628,-0.0041566332606017345,0.07879736135273571,-0.019154326544614776,-0.0024681181793154076,0.31110403459416586,0.040001437367378254,0.934375,0.008964001935464396,0.008238906450632077,1.1818982307374688,0.03853333058482417,0.09905448077114695,0.06543213310320002,0.004214152273886438,0.018441222656121293,0.014301579011733739,0.004255673716496226,0.0037252313877966492,0.005058075863745205,0.02117243385161779,0.004460211329625615,0.014943469867024408,2.0816681711721685e-17,0.005009920634920635,0.005481150793650793,1.7068646243691328,75.40057884344178
262147,3,20,M4,3,False,0.02574020111898397,0.8252450737589101,0.6041389676819094,0.35,0.0,0.0,0.49215499800629925,0.2673284148553958,0.6132068322040141,0.07420814093349473,0.07464393350596943,0.26686673136427996,3.1204502838663757,8.220164174214005,0.15987345985767698,0.5552029800586175,8.910190082749656,3.529725581219446,2.9463837007790667,0.40242276405279687,0.05572372850924141,0.02400837109595367,0.0026835898838351484,0.07946156127263748,-0.018996652389646426,-0.0011221733795644365,0.3184659678816681,0.04199028510007169,0.953125,0.009250434548278282,0.009265474969214003,1.183536385613789,0.04227938834618258,0.09772662460394059,0.05384684428372062,0.004369193803900918,0.01940628573213595,0.014419641632838525,0.0044462607142202945,0.004163389683543376,0.005490992342369636,0.020936366647052545,0.004338785786992576,0.0147681738320394,2.0816681711721685e-17,0.005183531746031746,0.005753968253968254,1.7091070451857946,74.38925925487382
262147,3,21,M2,0,False,0.20165874181932697,0.8252450737589101,0.6041389676819094,0.35,0.0,0.0,0.14331607213243844,0.12460818756772674,0.44033395033329725,0.31354479265162216,0.0,0.0,5.890122597105801,8.60335953719914,0.17153709664627412,0.5933492890125475,7.1220605144708085,3.577629260949977,2.8990032879222545,0.3010116505784267,0.030951798729228753,0.02660694799277448,0.0032342246897772067,0.07160042813575403,-0.0016232385230611846,-0.003744667497510321,0.054371474758077624,0.0028228878025845523,0.5499999999999999,0.003225662907315002,0.012952591595874684,0.7391402443085332,0.06011802073811032,0.07811578643194499,0.04925397125303844,0.0024544297186762623,0.02143639267092087,0.016041937906404666,0.004300975579774527,0.004797054548318453,0.003307597285915266,0.006900719140193173,0.0016579919119761896,0.028867513459481284,2.0816681711721685e-17,2.48015873015873e-05,2.48015873015873e-05,1.370423279451379,7462.822103677621
262147,3,21,M3,1,False,0.2869283787261349,0.8252450737589101,0.6041389676819094,0.35,0.0,0.0,0.14331607213243844,0.12460818756772674,0.44033395033329725,0.31354479265162216,0.0,-0.2916295423172414,5.890122597105801,8.60335953719914,0.17200201688408095,0.5806874704170419,6.811348155567831,3.5191501497769124,2.976299812863923,0.31448606649061556,0.02325512715967676,0.01716616640224613,-0.005368187030581676,0.07134937974749803,-0.0030015438233282595,-0.0046945990699889025,0.044008104622653685,0.001584674544828273,0.515625,0.0028284467102410583,0.012167980300812967,0.7040392173208274,0.05420757147117098,0.09323789587591733,0.06415355382280809,0.0022110716972610135,0.019527521452069502,0.015544368110212379,0.00428437384721551,0.004179664760068863,0.002794074810813647,0.006892786448281123,0.0016139824954584218,0.027278941053493995,2.0816681711721685e-17,2.48015873015873e-05,2.48015873015873e-05,1.4000973524446523,6969.400535751075
262147,3,21,M2+O,2,False,0.052483002129783546,0.8252450737589101,0.6041389676819094,0.35,0.0,0.0,0.14331607213243844,0.12460818756772674,0.44033395033329725,0.31354479265162216,0.24245845871081995,0.0,5.890122597105801,8.60335953719914,0.1681811685888679,0.5949900752462931,7.517189877369781,3.6418651694104613,2.9165752348872864,0.3587626913903459,0.04965414366980399,0.05546103302042317,0.020553235973182083,0.07638858485623963,0.0023292523965222018,-0.001264963068085516,0.12032343330442585,0.012781624272232301,0.721875,0.0047953383017636944,0.01355420412548908,0.735323134311727,0.05787062902212578,0.10667962280061483,0.06968215419418634,0.0026147533713163336,0.021537294332261734,0.01930629771286863,0.0059195237131696166,0.0058301581439376415,0.003438465188542584,0.011002338822678407,0.002009630794726738,0.03128123439060549,2.0816681711721685e-17,2.48015873015873e-05,2.48015873015873e-05,1.29682997099379,8094.414570707371
262147,3,21,M4,3,False,0.09501202830387488,0.8252450737589101,0.6041389676819094,0.35,0.0,0.0,0.14331607213243844,0.12460818756772674,0.44033395033329725,0.31354479265162216,0.24245845871081995,-0.2916295423172414,5.890122597105801,8.60335953719914,0.16871549962803323,0.5830327084974722,7.255860905492689,3.613269637504138,2.9842488481822107,0.3949462690268605,0.04254291202108755,0.04990346169468641,0.01663205069316967,0.0757416143675099,0.0010298064052126302,-0.0020834553973568515,0.11397684647879283,0.011605026403125955,0.7125,0.004409225023823766,0.010779974656362209,0.7136977192592556,0.05933865040036552,0.11563561546545573,0.08010512802745574,0.0024459235643756547,0.020120453941474978,0.01912876112041171,0.005955008822334742,0.005098863467383995,0.003071432715252548,0.010255544855210144,0.002027056776184068,0.03145764348029479,1.3877787807814457e-17,2.48015873015873e-05,2.48015873015873e-05,1.3108737859036594,8020.117264135841
262147,3,22,M2,0,False,0.40352835961422084,0.8252450737589101,0.6041389676819094,0.35,0.0,0.0,0.2340536013245583,0.44237179462099546,0.6821013414300978,0.13693118499757778,0.0,0.0,4.5555651700124145,11.834662965498865,0.13651128565362053,0.5882935270101282,12.320255953788811,3.9799347399428338,2.713982141470455,0.6277975391434327,0.014134534150620347,-0.005019109730335129,-0.01346489127494662,0.06693858416572335,-0.017645736985291274,-0.012836568764352886,0.04421914299410764,0.007576001686096612,0.64375,0.0028881980181379436,0.005571993758344071,1.128127227184376,0.06561105574674844,0.08718393431286077,0.0769660081739958,0.0018793699958242185,0.019767925648999433,0.012701908278429963,0.006022626713067715,0.0015070281634133986,0.0025568206206472975,0.005500697265668844,0.001695576212076986,0.03381167204778058,2.0816681711721685e-17,0.008085317460317461,0.008978174603174603,1.9583032511925724,1403.6782398646342
262147,3,22,M3,1,False,0.42146651369232363,0.8252450737589101,0.6041389676819094,0.35,0.0,0.0,0.2340536013245583,0.44237179462099546,0.6821013414300978,0.13693118499757778,0.0,-0.15740945897996425,4.5555651700124145,11.834662965498865,0.13641983272889824,0.5854380722886485,12.318884356747361,3.9758390790852336,2.7255837804240226,0.6185558517261459,0.01291612571895603,-0.006809881743926494,-0.015296665366053787,0.06620767845360645,-0.01757458062283758,-0.013183784668297517,0.04212632827998481,0.007237052250812625,0.64375,0.0027741867051587154,0.0053330755859901,1.1335669280093579,0.06287174178622944,0.08322579365396095,0.07649211194397934,0.001828872706476485,0.019285590070058967,0.012781456936258507,0.005961626586896431,0.001444818298461389,0.002349321652260041,0.005450660513708262,0.0016964790354788949,0.03381167204778058,2.0816681711721685e-17,0.008010912698412698,0.008928571428571428,1.9641625613641236,1407.1821802457368
262147,3,22,M2+O,2,False,0.38309165110848464,0.8252450737589101,0.6041389676819094,0.35,0.0,0.0,0.2340536013245583,0.44237179462099546,0.6821013414300978,0.13693118499757778,0.12330638894698835,0.0,4.5555651700124145,11.834662965498865,0.1361951392636614,0.5885767625965708,12.722059695026392,3.9956355644378174,2.733105115815688,0.6140833695439464,0.015518992024020246,-0.001651747309628613,-0.011400764963865334,0.0670875754699373,-0.016728057490202813,-0.012086576031324707,0.0484573252848822,0.008277738110533766,0.6468750000000001,0.003256174972038333,0.006114970054456026,1.2506635903816605,0.051843877678865495,0.08352859732910431,0.07585288165059788,0.002175616214017295,0.02156406971955399,0.013633310744767688,0.006660012206932766,0.0014464572211981333,0.0027210468616665753,0.006183641664639648,0.0019826781142051188,0.03429915876033502,2.0816681711721685e-17,0.008035714285714285,0.00873015873015873,2.1127334266423863,1368.6680653741305
262147,3,22,M4,3,False,0.40078748172826,0.8252450737589101,0.6041389676819094,0.35,0.0,0.0,0.2340536013245583,0.44237179462099546,0.6821013414300978,0.13693118499757778,0.12330638894698835,-0.15740945897996425,4.5555651700124145,11.834662965498865,0.13611893570025504,0.5862910044345084,12.724849983478194,4.001446356847714,2.744092754123539,0.6030308869180849,0.0142855881860492,-0.0037741310755614824,-0.013098379751458257,0.066695784574369,-0.01670198648989712,-0.012378992269373019,0.0462378113348043,0.007867407235358264,0.640625,0.003129982078868332,0.006022938491633481,1.2589362871106882,0.04676075411931251,0.08566545645366846,0.07659828583260718,0.0021186142398848624,0.021118905877449887,0.013732730682435022,0.0065803272966155416,0.0013880030808744608,0.0025306694616453514,0.006187909300179255,0.001995772198021426,0.03452618269757991,2.0816681711721685e-17,0.00798611111111111,0.008779761904761905,2.116347467736286,1369.6265972785761
262147,3,23,M2,0,False,0.023929470090071805,0.8252450737589101,0.6041389676819094,0.35,0.0,0.0,0.3459912556689233,0.16752985613526084,0.2611784478649497,0.17002054078342238,0.0,0.0,5.330007710959762,5.436608745716512,0.17763713600662118,0.5192848653655553,5.25189456098048,3.2444891156548694,3.356653889540495,0.43834354711361717,0.056137021455835566,0.023438091747533668,0.014760305065011907,0.07597733086092393,-0.0043928930068910885,0.00043694241247085397,0.29905274131581694,0.021445589266672505,0.825,0.007530981592990733,0.01243265283949273,0.7119076060275256,0.052994264037941385,0.10510752721197,0.06941782534410797,0.0032860277075134857,0.019292999059527888,0.01590217554730396,0.0036395942346163523,0.004998372920067286,0.004888677835228693,0.022470160246106187,0.0032822595246417706,0.03845993586404775,1.3877787807814457e-17,0.0,0.0,1.4646278389260114,522.3225747590407
262147,3,23,M3,1,False,0.009748388238160955,0.8252450737589101,0.6041389676819094,0.35,0.0,0.0,0.3459912556689233,0.16752985613526084,0.2611784478649497,0.17002054078342238,0.0,0.1385877847671509,5.330007710959762,5.436608745716512,0.17730734974744886,0.5245270909527995,5.382271546523356,3.2525889856104255,3.3306744910938653,0.4437455885777136,0.06121937200846632,0.029800350187503356,0.01900472413878686,0.07584262782962595,-0.0037651053122720107,0.0009769601455674344,0.3034679508599444,0.022448982506988412,0.840625,0.007702466382082982,0.01262554612915124,0.7230016735496718,0.05069118658514876,0.09876377556353615,0.06412433781282942,0.003417622591387646,0.02012926475713246,0.016109639837155274,0.0035844728305708838,0.0053458800238398215,0.00508713190818789,0.02210794150838583,0.0032755608446271125,0.03571261156790413,2.0816681711721685e-17,0.0,0.0,1.4609769656128022,548.1728421689684
262147,3,23,M2+O,2,False,0.01982815148825538,0.8252450737589101,0.6041389676819094,0.35,0.0,0.0,0.3459912556689233,0.16752985613526084,0.2611784478649497,0.17002054078342238,0.04387590931230058,0.0,5.330007710959762,5.436608745716512,0.17736005819053263,0.5205876508143579,5.247984744891312,3.2667087266177433,3.31639410521964,0.3636713686625347,0.057396808820680226,0.029538824828297235,0.01580839151712843,0.07636413511940088,-0.0036258739801040604,0.0007452270533691381,0.29945872489617037,0.021657576061016363,0.828125,0.007788472815161691,0.012135324429027965,0.7016464513487229,0.04704056933591523,0.10830121627106441,0.06856149012577206,0.003416568354671867,0.018952068481145102,0.015982430497841517,0.003589815353245447,0.004965766456443568,0.004946092396085769,0.02302998357364781,0.0034006486765930065,0.033840542130212196,1.3877787807814457e-17,0.0,0.0,1.4599118177587438,528.2924541498722
262147,3,23,M4,3,False,0.00723100050814563,0.8252450737589101,0.6041389676819094,0.35,0.0,0.0,0.3459912556689233,0.16752985613526084,0.2611784478649497,0.17002054078342238,0.04387590931230058,0.1385877847671509,5.330007710959762,5.436608745716512,0.17701257484637192,0.5243428308520753,5.377474623960714,3.296538305659169,3.295123394437711,0.38013842060391567,0.0624774578677291,0.035670056044399545,0.019972528188450505,0.07633630099929384,-0.0029905854341864577,0.0012615110741779757,0.3038855354642863,0.02267373846569507,0.84375,0.007964272280900509,0.012704235728183381,0.7129384233116818,0.051828789587969645,0.10014096681941244,0.05301980958989291,0.00354987801783703,0.0197419642024308,0.016161840657344294,0.003541835859806458,0.005329781140469686,0.005139930106383972,0.0226604873132364,0.0033941991122293214,0.030576066348262213,2.0816681711721685e-17,0.0,0.0,1.4585027318591535,554.4580081215561
262147,3,24,M2,0,False,0.19672947965841864,0.8252450737589101,0.6041389676819094,0.35,0.0,0.0,0.3791542425751686,0.28226221750688424,0.6319925566203892,0.29938503356734153,0.0,0.0,3.3136513018980622,7.8000976936891675,0.15327867512344,0.5853757494794536,10.257919622689904,3.855521747171442,2.7820252157034417,0.5102202364472042,0.03031732229981656,0.012759385889160719,-0.012309919527157905,0.07420654541100583,-0.013994269955009693,-0.006121153624852707,0.14039316246780417,0.01828261985203075,0.775,0.005997665689343565,0.008738931680537446,1.0769737638686139,0.0714745130258267,0.09571494064898853,0.07016125995491712,0.0026740177425509447,0.022985945380249485,0.014184299066350102,0.005066726707648975,0.0035157722145452075,0.004159965723722712,0.013462274823721107,0.0028620985299405667,0.03651483716701107,2.0816681711721685e-17,0.012822420634920634,0.01433531746031746,1.9945448697191728,155.33813817133984
262147,3,24,M3,1,False,0.1845529568097496,0.8252450737589101,0.6041389676819094,0.35,0.0,0.0,0.3791542425751686,0.28226221750688424,0.6319925566203892,0.29938503356734153,0.0,0.06778144016861914,3.3136513018980622,7.8000976936891675,0.1532105277789231,0.5873532644152435,10.28893750562635,3.8541229299665654,2.777471722423645,0.5057425159562053,0.0315627113477087,0.014347380846731293,-0.01156717905105845,0.07441800549990565,-0.01384026399286272,-0.0059536513920971455,0.1424675472961994,0.018606963310965563,0.78125,0.006063186026194416,0.008853424116454227,1.079234413845806,0.07125733187989924,0.09149484541166228,0.0649045716011032,0.0027141650330377055,0.02347904072056895,0.014302929122547355,0.005099610392823569,0.003614499542502729,0.004245446848407629,0.013412705910626153,0.0028572174625098984,0.03590351654086268,2.0816681711721685e-17,0.01297123015873016,0.014508928571428572,1.9896806524577206,155.07651516677925
262147,3,24,M2+O,2,False,0.13330635218767023,0.8252450737589101,0.6041389676819094,0.35,0.0,0.0,0.3791542425751686,0.28226221750688424,0.6319925566203892,0.29938503356734153,0.20407124519520659,0.0,3.3136513018980622,7.8000976936891675,0.15175489765576095,0.5887526775583292,10.506409723939704,3.784036026647727,2.8427139983985636,0.6077406851837154,0.037377086201242166,0.029312241096967877,-0.010432250917400052,0.07869493052270982,-0.011396995372663648,-0.004928193449904611,0.15888083123389857,0.022111983368373545,0.803125,0.006982174215491918,0.010356632209214104,1.0618555076830432,0.06421078992651556,0.09502321859721727,0.07327543497809218,0.0031193111013304666,0.024225468020597406,0.01778511051452966,0.0066919331061812025,0.003875576718751319,0.004353607122402245,0.014934671015255382,0.003085894285609161,0.032745467243574335,2.0816681711721685e-17,0.013268849206349206,0.014558531746031746,2.2569675197748813,149.3616583658707
262147,3,24,M4,3,False,0.12360896796380005,0.8252450737589101,0.6041389676819094,0.35,0.0,0.0,0.3791542425751686,0.28226221750688424,0.6319925566203892,0.29938503356734153,0.20407124519520659,0.06778144016861914,3.3136513018980622,7.8000976936891675,0.15167085301195843,0.5903913914685666,10.538988716478833,3.7930621100348456,2.8361055236423534,0.5897199840561312,0.038598292149401255,0.03056092672840237,-0.010112994396283236,0.07883216646376323,-0.011260933447064024,-0.004787903402836255,0.1608386885002207,0.02246127451717643,0.803125,0.00705233581894036,0.010661169118335569,1.0644878468251153,0.06275993815519636,0.09194701213435924,0.07148264397714772,0.003159382734613524,0.024594258860744685,0.01781017347856657,0.006707431949040417,0.004000608274800506,0.004436353480238994,0.014943187244010477,0.003069053566593702,0.032745467243574335,2.0816681711721685e-17,0.013492063492063493,0.014632936507936508,2.2665125898853065,149.0516194309683
262147,3,25,M2,0,False,0.0015801004769779754,0.8252450737589101,0.6041389676819094,0.35,0.0,0.0,0.2573045510333032,0.11895239193747366,0.30287009943276644,0.05598635705388116,0.0,0.0,5.807638450991362,8.948277187533677,0.1900490498484444,0.39451353947037937,1.9568419514275661,2.906928551038938,4.182771514192996,0.5241293064188373,0.08020387503035173,0.020275994673450263,0.010571673956691757,0.07598720658126888,-0.010672597725966685,-0.004752178976068233,0.4358164925445629,0.007655253896240904,0.6499999999999999,0.006115853991466917,0.010078720364685422,0.3351717977799815,0.03826456881406721,0.11079921786813962,0.0646902643637314,0.0044166976742066886,0.016756828313492345,0.01558253119581391,0.002869189804613891,0.005021713749260234,0.005423588175811971,0.025209765896332576,0.002893224451476372,0.04377975178854566,1.3877787807814457e-17,0.0,0.0,1.1543479133553887,19.115063157928734
262147,3,25,M3,1,False,0.0018063301330474115,0.8252450737589101,0.6041389676819094,0.35,0.0,0.0,0.2573045510333032,0.11895239193747366,0.30287009943276644,0.05598635705388116,0.0,-0.054581019654870055,5.807638450991362,8.948277187533677,0.19006260376739792,0.39306849557136436,1.9362229407571643,2.89864169524506,4.192713296002035,0.5241693621102115,0.07751569921760235,0.015043978021396068,0.0060967272749604,0.07602612121989034,-0.010948090681822033,-0.005197461888105746,0.4337369884911053,0.00745467733601545,0.64375,0.006038419473795293,0.00963736040522772,0.3322258947975308,0.03901366143788246,0.11515331513973279,0.05905962699281509,0.00434376514985702,0.01638634731442339,0.015443903339568708,0.002897341920887157,0.00484319973585788,0.005302575848171764,0.025320336591005372,0.002851924073441221,0.04027897507798993,1.3877787807814457e-17,0.0,0.0,1.1537109410506818,19.080585192789876
262147,3,25,M2+O,2,False,0.0016013559717198867,0.8252450737589101,0.6041389676819094,0.35,0.0,0.0,0.2573045510333032,0.11895239193747366,0.30287009943276644,0.05598635705388116,0.026509277326364232,0.0,5.807638450991362,8.948277187533677,0.18991982590671885,0.39425342178981626,1.94469353916474,2.904885084471764,4.201833129415562,0.5697253406798853,0.08123045377399321,0.02579363662540332,0.011327317529178862,0.07598089437173564,-0.010226903905670126,-0.004534339009668742,0.4352623975449791,0.00758430474531884,0.646875,0.006268531360785621,0.01040466423391338,0.32427248851686735,0.03816208788925802,0.11780884683684431,0.07747642063911757,0.004452853810317218,0.016446515132619337,0.01565940337462836,0.0028259831916501296,0.004929323443612233,0.005517137299228266,0.025245783162845026,0.002940532795048043,0.04412783277025963,1.3877787807814457e-17,0.0,0.0,1.1422236242429817,19.68818581883785
262147,3,25,M4,3,False,0.0018008589411080344,0.8252450737589101,0.6041389676819094,0.35,0.0,0.0,0.2573045510333032,0.11895239193747366,0.30287009943276644,0.05598635705388116,0.026509277326364232,-0.054581019654870055,5.807638450991362,8.948277187533677,0.18993806478928466,0.3929162965403631,1.9245745615919951,2.895848163096308,4.219945509764307,0.5790595545151714,0.0785368213103003,0.020633061745589494,0.006942131523164606,0.07599568007232865,-0.010508812015958028,-0.005060332797861564,0.43314395943222905,0.007383492178554027,0.6499999999999999,0.006189451288772774,0.01003290962033462,0.32171808412117653,0.039405630096939794,0.12023351268308095,0.0762862255584225,0.004372538981476867,0.01609246910733196,0.015604427570052658,0.002854895383018532,0.004739287960760175,0.005380262146655521,0.02536328996402019,0.0029003786063645457,0.04208127057650866,1.3877787807814457e-17,0.0,0.0,1.1422238421783795,19.65446576975647
262147,3,26,M2,0,False,0.4339689101828783,0.8252450737589101,0.6041389676819094,0.35,0.0,0.0,0.1239194576162845,0.3836667582172082,0.5768955540843308,0.16255465762541366,0.0,0.0,4.530867753084749,11.40776726230979,0.14817684780281357,0.5798552925010709,10.11443110560022,3.8012256948729854,2.8410195737575865,0.6166116166960318,0.012388724017135554,-0.0017469460807805377,-0.008030058671865126,0.06884031945346175,-0.016270288387855766,-0.012583654423918799,0.023556378068455758,0.0033465648469759787,0.546875,0.0019336706406733915,0.004733583898339808,0.9116173858740478,0.054854790396838236,0.08731569453913834,0.08967291561280845,0.0016365303283623629,0.020836731930895056,0.014123239905047212,0.005437626676358235,0.0014042354241180545,0.0023048651433271567,0.004133643205483505,0.0012945951994724387,0.02640578771784701,2.0816681711721685e-17,0.003720238095238095,0.004191468253968254,1.5588441065551173,1091.6320777263275
262147,3,26,M3,1,False,0.4638244689384872,0.8252450737589101,0.6041389676819094,0.35,0.0,0.0,0.1239194576162845,0.3836667582172082,0.5768955540843308,0.16255465762541366,0.0,-0.17705247169360516,4.530867753084749,11.40776726230979,0.1481084150014587,0.5776964485996083,10.095063502129634,3.7997203212802386,2.8343597149890694,0.609602142810205,0.010414122407121718,-0.004469301150353904,-0.010441530518077148,0.06840076239177492,-0.016417643173625394,-0.012985350105623383,0.020949543760721678,0.0029600838080129535,0.55,0.001785263879722191,0.004307259529302822,0.9155868719452563,0.05124001014561915,0.08005006910760727,0.08878693108647691,0.0015572552871401257,0.020391511277178274,0.014465678437841592,0.005374373172928262,0.001292501789768758,0.0020730847584401178,0.004055809256234944,0.0012720432451509393,0.027003086243366083,2.0816681711721685e-17,0.003621031746031746,0.004216269841269841,1.569174087249189,1088.847362873254
262147,3,26,M2+O,2,False,0.42840323855574924,0.8252450737589101,0.6041389676819094,0.35,0.0,0.0,0.1239194576162845,0.3836667582172082,0.5768955540843308,0.16255465762541366,0.04510557965094667,0.0,4.530867753084749,11.40776726230979,0.14811860102577074,0.5806752647235456,10.231128854978774,3.7771620640837926,2.803009473456294,0.569820232997944,0.012757267520172607,-2.3172747502059506e-05,-0.00716010653128634,0.06877552426252956,-0.01577377950011614,-0.012335062184357521,0.024185820453410355,0.0035065460682745814,0.5531250000000001,0.0020580433527858737,0.004647195403718474,0.9637898228225894,0.05573011472992319,0.07562522846304023,0.07363959158505697,0.001754950813141966,0.021303069775808682,0.014887948317126379,0.005730385727683992,0.0014166275284196168,0.0023862578520558206,0.004347405611184857,0.001354964059429717,0.026008311972649564,2.0816681711721685e-17,0.0037450396825396827,0.004117063492063492,1.591587978205911,1089.4980402712065
262147,3,26,M4,3,False,0.4582946665654701,0.8252450737589101,0.6041389676819094,0.35,0.0,0.0,0.1239194576162845,0.3836667582172082,0.5768955540843308,0.16255465762541366,0.04510557965094667,-0.17705247169360516,4.530867753084749,11.40776726230979,0.14805706685407155,0.5783133246952029,10.211743623472504,3.779144929716719,2.809162575500243,0.5818674361021927,0.010767503823335235,-0.002887278204085554,-0.009412433563750346,0.06821692130286149,-0.015946669129063753,-0.012632255806392833,0.021486923892457422,0.0030963831107840276,0.5593750000000001,0.0019017054773023858,0.004317450612205872,0.9689706473117793,0.05293843169273433,0.0706810765204014,0.07325369425835715,0.0016721077781132407,0.02086281078758489,0.015247145071218412,0.0056766572951792655,0.0012931559517676595,0.00213677961284333,0.00429754709048341,0.0013344570422572487,0.02424645592658853,2.0816681711721685e-17,0.0035714285714285713,0.004141865079365079,1.6011869202774096,1088.7213448345751
262147,3,27,M2,0,False,0.0008463381684414518,0.8252450737589101,0.6041389676819094,0.35,0.0,0.0,0.45535568585619335,0.19652263054240873,0.49972223583608866,0.10318803393042611,0.0,0.0,5.465421999804676,5.774697173386812,0.17088226793185796,0.5142440596588201,6.216906780410741,3.358605809444776,3.255488178717107,0.42244752208023517,0.06971409961668912,0.013949824311889222,2.0531445640700405e-06,0.0817084992942781,-0.01502076528130494,-8.036073863938297e-05,0.39193781594866717,0.03710814671318213,0.93125,0.009159639233131709,0.011181196435555672,0.9662188407605002,0.044236068316076814,0.09088638094866422,0.04555568481592351,0.0046644361484435405,0.018063898581419803,0.015306064827547962,0.0030966665166675426,0.004990141459645597,0.005128665267545731,0.024359868042236735,0.00485388623567253,0.014343262065048752,1.3877787807814457e-17,0.0,0.0,1.572228754490884,1532.0194953873356
262147,3,27,M3,1,False,0.00041900815895492714,0.8252450737589101,0.6041389676819094,0.35,0.0,0.0,0.45535568585619335,0.19652263054240873,0.49972223583608866,0.10318803393042611,0.0,0.20781029062345624,5.465421999804676,5.774697173386812,0.17049135902012091,0.518492107913064,6.387282107725397,3.392422691726214,3.2367557404326623,0.4200586752887203,0.07536457603673943,0.022237717037960767,0.0070145591975112834,0.08185747597888339,-0.014576893107443131,0.0010302173933155452,0.3961358114880912,0.038721976741511684,0.934375,0.009394749291815479,0.012489177449049047,0.9827245744745211,0.047381384606510236,0.093273734525615,0.04993420739487776,0.00480998509240426,0.019008208935502518,0.01528715060351271,0.0031482281820757055,0.005413287674613239,0.005417058094623653,0.024001667016734143,0.004780670028736059,0.014943469867024411,2.0816681711721685e-17,0.0,0.0,1.5856514822295102,1637.1900877510152
262147,3,27,M2+O,2,False,0.0005565343245315846,0.8252450737589101,0.6041389676819094,0.35,0.0,0.0,0.45535568585619335,0.19652263054240873,0.49972223583608866,0.10318803393042611,0.40116858868017596,0.0,5.465421999804676,5.774697173386812,0.15983872955873807,0.5481256495403208,7.816263492412349,3.5433076929916525,3.0720000073456317,0.5662896191275817,0.11430019018265966,0.04749153863992886,0.005880412180082344,0.08712986392448999,-0.006268355983950438,0.0024821818852283663,0.41414930811124784,0.054455909607351125,0.9781249999999999,0.011365201472341881,0.019017679396886394,0.8875335833773829,0.06377588343255597,0.10491760538274514,0.10100848559015611,0.004557787555067346,0.02541841319289883,0.013804453916901414,0.005406312434854158,0.006817759351869385,0.005046651598187341,0.020700469430484602,0.004468572510179034,0.0078644108700737,2.0816681711721685e-17,0.0,0.0,1.1429398405717084,2215.1019205774282
262147,3,27,M4,3,False,0.0004486425399741148,0.8252450737589101,0.6041389676819094,0.35,0.0,0.0,0.45535568585619335,0.19652263054240873,0.49972223583608866,0.10318803393042611,0.40116858868017596,0.20781029062345624,5.465421999804676,5.774697173386812,0.15926543100302037,0.5547718839797917,8.00802431748602,3.5589515277809376,3.0428971735535084,0.5535513239841947,0.11847666820676511,0.05199659548912948,0.009755103501237962,0.08860498793780536,-0.005811460138109558,0.003360539050111901,0.41621666524574485,0.05583770103462897,0.9781249999999999,0.011619037416045114,0.019525280414199132,0.9081730480936714,0.062309084426205155,0.10521355191155653,0.0925575194785816,0.00468214200670365,0.026151589839862932,0.013819315340278806,0.005370837754866934,0.007331351935825949,0.005267662392017067,0.020681793850241187,0.00438784070899496,0.0078644108700737,1.3877787807814457e-17,0.0,0.0,1.1871464782779932,2303.8337793585947
262147,3,28,M2,0,False,0.2661409898767508,0.8252450737589101,0.6041389676819094,0.35,0.0,0.0,0.5152211816515774,0.4847004110659011,0.33325081830844283,0.09106491518213497,0.0,0.0,4.239035755861551,10.777519042603672,0.14371013371914448,0.5924474427544172,12.408881764057519,3.8982368268012215,2.7054410415219765,0.5783694185663449,0.023606405727356058,0.01068523437934123,0.004592046172558121,0.07713436488897935,-0.009093213906985856,-0.002070830227677037,0.1669398218546628,0.02668315349964151,0.8875,0.007310480910753607,0.0073475205464130855,1.2526948093719914,0.04985903862689217,0.08458552280354786,0.05946890394374953,0.0022723862666566355,0.019197025452253928,0.0165670130593846,0.005056858362398395,0.0027404698736724024,0.004058664558044715,0.0139160359859672,0.0030104802136885194,0.01613743060919757,2.7755575615628914e-17,0.007341269841269841,0.007886904761904762,1.9409665111239374,696.0553085945379
262147,3,28,M3,1,False,0.25128528278607076,0.8252450737589101,0.6041389676819094,0.35,0.0,0.0,0.5152211816515774,0.4847004110659011,0.33325081830844283,0.09106491518213497,0.0,0.11647675698623061,4.239035755861551,10.777519042603672,0.1436806345573477,0.5936881453116809,12.43120354557769,3.8999139543374457,2.7016623573861973,0.5830761528682302,0.024916628951493797,0.01230180604565749,0.005778833877036812,0.07754250371344096,-0.00900212735857559,-0.0018018505469089517,0.16971886040194537,0.027254055862118976,0.89375,0.007404424601892461,0.007680194199084881,1.251834275419627,0.05215932504553044,0.08468909288060261,0.05745851792366841,0.0023271757909057826,0.019353465677797468,0.01668002873280034,0.005048279422943937,0.0028660062017017702,0.004211239044905302,0.013877973725636492,0.0029723475854756733,0.01637770333919462,2.0816681711721685e-17,0.007390873015873016,0.007911706349206349,1.951424739913501,694.8135380849747
262147,3,28,M2+O,2,False,0.14801184579612672,0.8252450737589101,0.6041389676819094,0.35,0.0,0.0,0.5152211816515774,0.4847004110659011,0.33325081830844283,0.09106491518213497,0.32269123986042725,0.0,4.239035755861551,10.777519042603672,0.1403248431895784,0.5973941981522116,13.270913032494118,4.007855286405565,2.6900951866740677,0.5418955791415978,0.035444007437964636,0.027533601794771184,0.003003758801161861,0.07789038186263988,-0.005263624065897163,-0.00029197874528149844,0.19700645653710175,0.03402203048790642,0.91875,0.008730868730731922,0.011160877532569191,1.4350512723873083,0.06863308953912814,0.08744487774391192,0.051496677722491786,0.002799179836999003,0.021282584917966772,0.018314998794536175,0.006490377583627058,0.003788597792899982,0.004412416118324964,0.014496453083465317,0.0032397027009130426,0.018185960702329328,2.0816681711721685e-17,0.007688492063492063,0.00835813492063492,2.0370761771551225,678.2753794285316
262147,3,28,M4,3,False,0.13691664064745904,0.8252450737589101,0.6041389676819094,0.35,0.0,0.0,0.5152211816515774,0.4847004110659011,0.33325081830844283,0.09106491518213497,0.32269123986042725,0.11647675698623061,4.239035755861551,10.777519042603672,0.14022684508833524,0.5988739992188243,13.315022006348325,4.000100376749431,2.6793642422551676,0.537652518763741,0.036762126582261356,0.029127108666501034,0.0041198785861971034,0.07816142959648668,-0.005172664616577562,-3.372605255606582e-05,0.19960780433966877,0.034608010921318676,0.921875,0.008835226377379827,0.011649441670961888,1.431835329047218,0.07076546565209446,0.08306206969774473,0.048874252896658685,0.0028531109708703714,0.021490647574295182,0.018219780823754816,0.006502549306098707,0.003974684995702165,0.004524573077473274,0.014531709643005219,0.0031951032197435063,0.016437222747978642,2.0816681711721685e-17,0.007837301587301587,0.008308531746031746,2.0232302921946594,684.9231986842836
262147,3,29,M2,0,False,0.21646403798665467,0.8252450737589101,0.6041389676819094,0.35,0.0,0.0,0.17649996895343067,0.15488746632867742,0.7228590399026871,0.2593026352049765,0.0,0.0,4.764273941516876,6.0195685951039195,0.1707533850681754,0.5544129144044158,6.617934839621587,3.4941738011565917,3.0228827650091867,0.34823358948531935,0.028982204476708212,0.01855149873531947,-0.00329698262910943,0.07133760464780195,-0.012407151157185582,-0.009730968823165867,0.07593343918794124,0.005073764255524383,0.615625,0.003548041240462104,0.009935289643754711,0.8476704251201445,0.05665345954096563,0.08005149778738833,0.043610705314231446,0.0024233350540366974,0.0224624578731623,0.015865476490717425,0.0042083317032958695,0.004104035340889288,0.0034876410555532713,0.008882057554524076,0.0017994785845587954,0.033763500386265244,2.0816681711721685e-17,0.0001240079365079365,0.00014880952380952382,1.4525531335669766,866.6359570909652
262147,3,29,M3,1,False,0.24333221281920062,0.8252450737589101,0.6041389676819094,0.35,0.0,0.0,0.17649996895343067,0.15488746632867742,0.7228590399026871,0.2593026352049765,0.0,-0.09201815025880933,4.764273941516876,6.0195685951039195,0.17089742015099238,0.5500557788134703,6.529337788776752,3.4938848327836496,3.0494659112691056,0.36567192347808364,0.026512290256782072,0.015316767591185238,-0.006078198645739507,0.07125880602849022,-0.01280378950372945,-0.010127400381972407,0.07230636282669956,0.0046468954504247486,0.6125,0.0034236961634742736,0.009400940276495082,0.8413843544611116,0.05813711710635076,0.08494789515950872,0.054221174212210274,0.002342634439203448,0.021897920036029916,0.015781369482224448,0.004171735955131656,0.003895754500447976,0.0033139446929044258,0.008956680366560924,0.0017752905300679606,0.03243583409338094,2.0816681711721685e-17,0.0001240079365079365,0.00017361111111111112,1.4598304280188836,866.1129534550382
262147,3,29,M2+O,2,False,0.18494593808893167,0.8252450737589101,0.6041389676819094,0.35,0.0,0.0,0.17649996895343067,0.15488746632867742,0.7228590399026871,0.2593026352049765,0.08598722398913808,0.0,4.764273941516876,6.0195685951039195,0.1703098427477409,0.5552157592592695,6.712047640263888,3.5251489360780908,3.0354329125332375,0.3625453075751158,0.032001424576705156,0.02867103998114923,-0.0003062462861278103,0.07323916439875403,-0.010694208670665346,-0.008912689039039266,0.0849169810241972,0.006302556185188445,0.628125,0.003995929039643387,0.010233835272953514,0.8966586756352545,0.047707163717230355,0.0939836710184379,0.06561715458496449,0.0026117270170894344,0.022617824297320618,0.018422720939593424,0.00480173468079963,0.004315623975618858,0.003615939493836186,0.009813771853603034,0.002070702014143659,0.035930705879512026,2.0816681711721685e-17,0.00014880952380952382,0.00017361111111111112,1.5310377095155527,865.1422908359319
262147,3,29,M4,3,False,0.2097335642564333,0.8252450737589101,0.6041389676819094,0.35,0.0,0.0,0.17649996895343067,0.15488746632867742,0.7228590399026871,0.2593026352049765,0.08598722398913808,-0.09201815025880933,4.764273941516876,6.0195685951039195,0.17046830666078402,0.5509696139034543,6.624412137451199,3.5010790895961885,3.0709787258524073,0.37757267401216194,0.02953564940253564,0.025734670973608837,-0.002663269934769877,0.07297609400239786,-0.01110678179045287,-0.009317338347365247,0.08135474739832121,0.005862472829548372,0.625,0.0038678612134076308,0.00991545550819873,0.8911866399827558,0.04798291361630677,0.10633001452319948,0.07621962983598643,0.0025313174291216995,0.02204087860202261,0.0183407473308481,0.004771404592707868,0.00407940010307455,0.0034466895043573868,0.009837824292638363,0.002054545838852536,0.03505947327993772,2.0816681711721685e-17,0.00014880952380952382,0.00017361111111111112,1.5378098096372443,864.6272253672926
262147,3,30,M2,0,False,0.13741963858246528,0.8252450737589101,0.6041389676819094,0.35,0.0,0.0,0.32392693283036356,0.24095786814142706,0.4029961838386953,0.047529484281293666,0.0,0.0,3.487501574680209,7.610767846927047,0.1745773565290903,0.5189596371042975,5.622892738412373,3.2305059031766694,3.3395324816358407,0.3834514239750073,0.036669999462458636,0.01564673974729179,0.005848758536192414,0.07566059473114944,-0.015759291742368054,-0.004859145253336318,0.2526921536623656,0.02080893375166229,0.80625,0.006532218406705152,0.009090860958673874,0.7663921131682059,0.03381621902482508,0.0818727637814764,0.05498985197131327,0.002854718229025275,0.01843235737865067,0.015322498485680073,0.0034319451951894085,0.003372524841343637,0.004375405856346484,0.018636261964715316,0.0032330330620342082,0.02695482331605978,2.0816681711721685e-17,0.0005952380952380953,0.0007192460317460318,1.3127112337081228,128.1635815295998
262147,3,30,M3,1,False,0.19274012126849774,0.8252450737589101,0.6041389676819094,0.35,0.0,0.0,0.32392693283036356,0.24095786814142706,0.4029961838386953,0.047529484281293666,0.0,-0.31326951589435337,3.487501574680209,7.610767846927047,0.17453850524989628,0.5144435960583355,5.49089481807877,3.2672686647101603,3.3271928479022455,0.41914714488109794,0.030661996820139526,0.001550724292122347,-0.009037085176794447,0.07552408795819288,-0.01595450521458239,-0.006665064707681663,0.2400732138552495,0.019145951083994917,0.8,0.006164228499085719,0.008278063445776623,0.7507611121615196,0.032805024299672934,0.10427425744795199,0.0791739719067188,0.0025607655283931743,0.017223150289689838,0.014904235010687775,0.0034018296768747584,0.0028334908280289667,0.0037083779892322782,0.018722235839790168,0.0032155005447662985,0.025819888974716113,2.0816681711721685e-17,0.000570436507936508,0.0006944444444444445,1.3077739649001932,126.53442654765378
262147,3,30,M2+O,2,False,0.13343405728256125,0.8252450737589101,0.6041389676819094,0.35,0.0,0.0,0.32392693283036356,0.24095786814142706,0.4029961838386953,0.047529484281293666,0.03193639404332568,0.0,3.487501574680209,7.610767846927047,0.17444222363750733,0.5199353743728695,5.633359421316202,3.2316552363494013,3.3254043323755837,0.3724749022301925,0.0371508776847028,0.020052317356773392,0.0070191894803316845,0.07555370533597484,-0.015323263522498708,-0.004754198168473132,0.25310753008931275,0.020849252114783015,0.809375,0.006696666831528682,0.009158739134019347,0.7675276500636712,0.03533604017786282,0.08168589055741432,0.058132129609525775,0.0029516344277493107,0.018302549040917503,0.015914884476772386,0.0035591467189112643,0.0033035127252623257,0.004467489016645028,0.01870244966129105,0.003258471649151316,0.027469206243840874,2.0816681711721685e-17,0.0005952380952380953,0.000744047619047619,1.2947221760701009,126.89255192101992
262147,3,30,M4,3,False,0.18836333598621746,0.8252450737589101,0.6041389676819094,0.35,0.0,0.0,0.32392693283036356,0.24095786814142706,0.4029961838386953,0.047529484281293666,0.03193639404332568,-0.31326951589435337,3.487501574680209,7.610767846927047,0.17442917111153755,0.5148049529973053,5.5027698416673925,3.261482770731175,3.3220029803111184,0.41080345706227495,0.031088636476536875,0.0059048509450595164,-0.007136896394275949,0.07552392068133693,-0.01556091545292197,-0.006526538027901794,0.24023780975472336,0.01914198936769095,0.8031250000000001,0.006319055935699399,0.008310488475304668,0.7535189864807582,0.03774785377490725,0.0921921619352572,0.06620386054857647,0.002644006085413523,0.017143501146705438,0.01563979601817265,0.00350142448009875,0.0027207380678059435,0.0037998221480141352,0.018815178559913576,0.0032437635234194976,0.025604666729589224,1.3877787807814457e-17,0.000570436507936508,0.0007192460317460318,1.3004996256289842,125.096449925715
262147,3,31,M2,0,False,0.1232308301275207,0.8252450737589101,0.6041389676819094,0.35,0.0,0.0,0.42486795098520824,0.1399464793535686,0.5445616655051708,0.4971414335599761,0.0,0.0,6.390808122698218,9.634067816659808,0.1471026069801169,0.6689447725319213,13.244657384344297,4.043839329002378,2.6043344510519026,0.47813764693814553,0.038695540495460805,0.018946891290305374,-0.005161031456838593,0.07669201968444078,0.000575477731438445,-0.0008387149329230107,0.12461963592298658,0.01961687785069396,0.765625,0.0068819806096046265,0.015393402988965701,1.3905881621209482,0.09310959992666053,0.1038824251124298,0.06991742105237019,0.0023985733515044625,0.022806708325560192,0.014068494933743216,0.0047293348326566224,0.004760260709859566,0.004136025404216308,0.013773778063215105,0.003207971389859637,0.04299194449739006,2.0816681711721685e-17,0.0006944444444444445,0.0007688492063492063,2.0212178429399614,28798.83159274062
262147,3,31,M3,1,False,0.08212433797017649,0.8252450737589101,0.6041389676819094,0.35,0.0,0.0,0.42486795098520824,0.1399464793535686,0.5445616655051708,0.4971414335599761,0.0,0.33272642400115726,6.390808122698218,9.634067816659808,0.14622507756596534,0.6780697807655535,13.703150645877077,4.099775696563617,2.568915331481137,0.47836654823905644,0.04443814847100768,0.023567634564671862,-0.0021913570299268766,0.07784236808715803,0.001660032402701927,-0.00033274471926141936,0.132676428732567,0.02170098439845814,0.778125,0.007182666276011518,0.0166140091564071,1.4513092237700391,0.09873541712428556,0.1025158312069474,0.057528937979377526,0.002524408071195435,0.024967380989514683,0.014603402294685505,0.004876384456085598,0.00518598492666213,0.00443639128298928,0.013439434685952312,0.0031334997463713246,0.03925577186860551,2.0816681711721685e-17,0.0007192460317460318,0.0008432539682539683,1.9617984995370796,30544.61388254753
262147,3,31,M2+O,2,False,0.10535729206829945,0.8252450737589101,0.6041389676819094,0.35,0.0,0.0,0.42486795098520824,0.1399464793535686,0.5445616655051708,0.4971414335599761,0.11616431555652627,0.0,6.390808122698218,9.634067816659808,0.14659742654793131,0.6714754900704252,13.136437228679158,4.009325608115537,2.6193717884788454,0.4761183543985822,0.04098850982125063,0.02630012313982258,-0.000227500328626248,0.0785611042273473,0.0014380943501562963,-0.00046851173471337175,0.12928022218790353,0.02043913001353504,0.78125,0.007415349499328437,0.0159516139708288,1.359904144098322,0.07455557955114399,0.10612985479524262,0.06644105161801038,0.002419510060479904,0.02211531382332311,0.015040767075212038,0.005377956328059453,0.004879023559260495,0.004062325890343956,0.014792561873385363,0.0033116159560424145,0.03760402239122831,2.0816681711721685e-17,0.0007688492063492063,0.0008432539682539683,1.990115988790383,31530.430108129833
262147,3,31,M4,3,False,0.06762058419289584,0.8252450737589101,0.6041389676819094,0.35,0.0,0.0,0.42486795098520824,0.1399464793535686,0.5445616655051708,0.4971414335599761,0.11616431555652627,0.33272642400115726,6.390808122698218,9.634067816659808,0.14568484838827922,0.6821844029118879,13.571263514855048,4.059084641346312,2.6027506706950088,0.481351484607552,0.04675268708599918,0.02967096022658142,0.002217780872302573,0.07995809637584161,0.002463638549537666,0.00013856727955655372,0.13716470356233845,0.02247648744377611,0.784375,0.007728918324456868,0.01692613196080871,1.4141320650382645,0.06888268450787563,0.09808748282014638,0.05987080344574711,0.002538549963343756,0.024335956651966428,0.0155457147137209,0.005505199720894588,0.005324342131436082,0.004322460529612215,0.014505244520041745,0.0032150676198089098,0.03556647239090958,2.0816681711721685e-17,0.0008432539682539683,0.0009672619047619048,1.9343668919016164,33877.98646129732
