seed,structural_scenario_id,candidate_id,variant,variant_order,accepted,distance,feedback_asset_correlation,spike_asset_correlation,equity_risk_price,feedback_idiosyncratic_risk_price,spike_idiosyncratic_risk_price,cluster_loading,feedback_curvature,feedback_shift,spike_curvature,orthogonal_curvature,echo_loading,cap_level,cap_sharpness,mean_volatility,q995_volatility,excess_kurtosis,absolute_return_tail_ratio,hill_tail_index,hill_threshold_instability,rough_hurst,zumbach,zumbach_rank,max_abs_return_acf,leverage,leverage_rank,mean_log_variance_acf,taylor_gap,taylor_fraction,se_mean_volatility,se_q995_volatility,se_excess_kurtosis,se_absolute_return_tail_ratio,se_hill_tail_index,se_hill_threshold_instability,se_rough_hurst,se_zumbach,se_zumbach_rank,se_max_abs_return_acf,se_leverage,se_leverage_rank,se_mean_log_variance_acf,se_taylor_gap,se_taylor_fraction,q_forward_mean_max_error,p_cap_exceedance_fraction,q_cap_exceedance_fraction,normalizer_min,normalizer_max
450007,0,0,M2,0,True,0.0,0.996259961884662,0.9790548338377681,0.35,0.0,0.0,0.2629654662683606,0.06925510965753347,2.886044593714178,0.20057556301355361,0.0,0.0,5.873221298214048,6.1538892248645425,0.15605441829253983,0.5856638957247781,7.936725435321062,3.624451803863032,2.8971098573267096,0.3949243900650112,0.07936204717275441,0.1733989450295729,0.049485737910080735,0.06682578727678921,-0.057516999817681415,-0.023611447953335574,0.21838601394492593,0.02571798926098856,0.8416666666666668,0.00490345394636876,0.012379788523693485,0.6651873074204355,0.04095130665193324,0.06722222487609945,0.049615684216215344,0.0024204339182471073,0.01836737292894565,0.011640803551440345,0.0030684509822482948,0.006640045841256978,0.0037115011000450494,0.014489775340804093,0.0030178394368284094,0.025478512306882847,2.0816681711721685e-17,1.3778659611992945e-05,1.3778659611992945e-05,3.766866250654172,5295.261498671775
450007,0,0,M3,1,True,0.0,0.996259961884662,0.9790548338377681,0.35,0.0,0.0,0.2629654662683606,0.06925510965753347,2.886044593714178,0.20057556301355361,0.0,0.0,5.873221298214048,6.1538892248645425,0.15605441829253983,0.5856638957247781,7.936725435321062,3.624451803863032,2.8971098573267096,0.3949243900650112,0.07936204717275441,0.1733989450295729,0.049485737910080735,0.06682578727678921,-0.057516999817681415,-0.023611447953335574,0.21838601394492593,0.02571798926098856,0.8416666666666668,0.00490345394636876,0.012379788523693485,0.6651873074204355,0.04095130665193324,0.06722222487609945,0.049615684216215344,0.0024204339182471073,0.01836737292894565,0.011640803551440345,0.0030684509822482948,0.006640045841256978,0.0037115011000450494,0.014489775340804093,0.0030178394368284094,0.025478512306882847,2.0816681711721685e-17,1.3778659611992945e-05,1.3778659611992945e-05,3.766866250654172,5295.261498671775
450007,0,0,M2+O,2,True,0.0,0.996259961884662,0.9790548338377681,0.35,0.0,0.0,0.2629654662683606,0.06925510965753347,2.886044593714178,0.20057556301355361,0.11829547242644144,0.0,5.873221298214048,6.1538892248645425,0.15581453335139162,0.5822905990998501,7.666615138147539,3.6104099973916077,2.932876166326892,0.4302576064029542,0.08317986790804127,0.17124636386150405,0.04632454776717169,0.06771015132658154,-0.053689961894591486,-0.020571102655903305,0.2288840640222625,0.02806665971572315,0.8645833333333334,0.005046363133873295,0.01284431458255252,0.6103730417458799,0.0388932067858294,0.06978435893197554,0.05655559564519705,0.0026630809835122386,0.018991783977952956,0.01203910250928066,0.00337038242951993,0.007044928778493724,0.0033460801493070467,0.0153051919040962,0.0033591391633116183,0.027166816706263006,2.0816681711721685e-17,1.3778659611992945e-05,2.755731922398589e-05,3.6882948549284422,5309.220153865678
450007,0,0,M4,3,True,0.0,0.996259961884662,0.9790548338377681,0.35,0.0,0.0,0.2629654662683606,0.06925510965753347,2.886044593714178,0.20057556301355361,0.11829547242644144,0.0,5.873221298214048,6.1538892248645425,0.15581453335139162,0.5822905990998501,7.666615138147539,3.6104099973916077,2.932876166326892,0.4302576064029542,0.08317986790804127,0.17124636386150405,0.04632454776717169,0.06771015132658154,-0.053689961894591486,-0.020571102655903305,0.2288840640222625,0.02806665971572315,0.8645833333333334,0.005046363133873295,0.01284431458255252,0.6103730417458799,0.0388932067858294,0.06978435893197554,0.05655559564519705,0.0026630809835122386,0.018991783977952956,0.01203910250928066,0.00337038242951993,0.007044928778493724,0.0033460801493070467,0.0153051919040962,0.0033591391633116183,0.027166816706263006,2.0816681711721685e-17,1.3778659611992945e-05,2.755731922398589e-05,3.6882948549284422,5309.220153865678
450007,0,1,M2,0,False,0.0015210483670543534,0.996259961884662,0.9790548338377681,0.35,0.0,0.0,0.20160698210820557,0.07996574914082885,3.2510731095448135,0.2374085596203804,0.0,0.0,5.129386593122035,8.666233093477786,0.1436440183365875,0.6225760567507831,11.361600894333426,3.8549622069309435,2.6371625314275096,0.37336225344632323,0.06648994419230403,0.1615685960137145,0.0291572396059689,0.06827764906011351,-0.05763489487212281,-0.026136674257066745,0.1521210279166405,0.02322063308296521,0.81875,0.0036252370004344467,0.011385141574815912,0.9270639530554732,0.04771076863771934,0.06331473677496681,0.041347006159123026,0.0021606200228446574,0.01850045192877273,0.011832531931731045,0.003512967971996388,0.005987429417408809,0.0033751873008594662,0.009633705476854286,0.0024722090938713555,0.027879869757248852,2.0816681711721685e-17,0.0004271384479717813,0.000744047619047619,6.366282513190701,1546.9316322347813
450007,0,1,M3,1,False,0.0015210483670543534,0.996259961884662,0.9790548338377681,0.35,0.0,0.0,0.20160698210820557,0.07996574914082885,3.2510731095448135,0.2374085596203804,0.0,0.0,5.129386593122035,8.666233093477786,0.1436440183365875,0.6225760567507831,11.361600894333426,3.8549622069309435,2.6371625314275096,0.37336225344632323,0.06648994419230403,0.1615685960137145,0.0291572396059689,0.06827764906011351,-0.05763489487212281,-0.026136674257066745,0.1521210279166405,0.02322063308296521,0.81875,0.0036252370004344467,0.011385141574815912,0.9270639530554732,0.04771076863771934,0.06331473677496681,0.041347006159123026,0.0021606200228446574,0.01850045192877273,0.011832531931731045,0.003512967971996388,0.005987429417408809,0.0033751873008594662,0.009633705476854286,0.0024722090938713555,0.027879869757248852,2.0816681711721685e-17,0.0004271384479717813,0.000744047619047619,6.366282513190701,1546.9316322347813
450007,0,1,M2+O,2,False,0.001011173645297528,0.996259961884662,0.9790548338377681,0.35,0.0,0.0,0.20160698210820557,0.07996574914082885,3.2510731095448135,0.2374085596203804,0.045232413939183466,0.0,5.129386593122035,8.666233093477786,0.1437542246645932,0.6202612024359353,11.202881859298364,3.851051549571711,2.652405741878557,0.38169637740184365,0.06713809389970427,0.16262690300582663,0.028462891909497915,0.06871276647169532,-0.05662202910182263,-0.02532114364424547,0.15295952399843735,0.023322441294534244,0.8333333333333334,0.003681187073697706,0.011507401484472116,0.8976096945645048,0.04655182291442263,0.06185586971942686,0.044036152878172884,0.0022328179715659026,0.018582439113855546,0.011827563614396998,0.003570594936463303,0.006107386189821301,0.0032429624607278823,0.00981226487816952,0.0025064354922640125,0.02736406896883943,2.0816681711721685e-17,0.0004271384479717813,0.0007716049382716049,6.288456226817181,1535.6131503171011
450007,0,1,M4,3,False,0.001011173645297528,0.996259961884662,0.9790548338377681,0.35,0.0,0.0,0.20160698210820557,0.07996574914082885,3.2510731095448135,0.2374085596203804,0.045232413939183466,0.0,5.129386593122035,8.666233093477786,0.1437542246645932,0.6202612024359353,11.202881859298364,3.851051549571711,2.652405741878557,0.38169637740184365,0.06713809389970427,0.16262690300582663,0.028462891909497915,0.06871276647169532,-0.05662202910182263,-0.02532114364424547,0.15295952399843735,0.023322441294534244,0.8333333333333334,0.003681187073697706,0.011507401484472116,0.8976096945645048,0.04655182291442263,0.06185586971942686,0.044036152878172884,0.0022328179715659026,0.018582439113855546,0.011827563614396998,0.003570594936463303,0.006107386189821301,0.0032429624607278823,0.00981226487816952,0.0025064354922640125,0.02736406896883943,2.0816681711721685e-17,0.0004271384479717813,0.0007716049382716049,6.288456226817181,1535.6131503171011
450007,0,2,M2,0,True,0.0,0.996259961884662,0.9790548338377681,0.35,0.0,0.0,0.2289998285472393,0.06430660098791122,2.832480383478105,0.18366098158061503,0.0,0.0,5.41385539341718,6.8435773411765695,0.1620206080103137,0.5706212801810864,6.701707690337019,3.509820751407167,3.0152627757681736,0.3949493115102832,0.07990776299954701,0.18210411315204,0.05830666183750624,0.0654887523022452,-0.058737642977463055,-0.025076703268821398,0.2151043776694224,0.02053215473533,0.81875,0.004521535666714276,0.012007311283440304,0.5813054862909353,0.03564538617687873,0.07077608221125381,0.05164438806203178,0.002472816347991591,0.01851777955400555,0.011766049098501373,0.003015178421002175,0.006575581796430236,0.0037288316559687664,0.014152313420891918,0.002688273827019234,0.02738819498684937,2.0816681711721685e-17,1.3778659611992945e-05,1.3778659611992945e-05,3.210153667280918,2120.8751730949843
450007,0,2,M3,1,True,0.0,0.996259961884662,0.9790548338377681,0.35,0.0,0.0,0.2289998285472393,0.06430660098791122,2.832480383478105,0.18366098158061503,0.0,0.0,5.41385539341718,6.8435773411765695,0.1620206080103137,0.5706212801810864,6.701707690337019,3.509820751407167,3.0152627757681736,0.3949493115102832,0.07990776299954701,0.18210411315204,0.05830666183750624,0.0654887523022452,-0.058737642977463055,-0.025076703268821398,0.2151043776694224,0.02053215473533,0.81875,0.004521535666714276,0.012007311283440304,0.5813054862909353,0.03564538617687873,0.07077608221125381,0.05164438806203178,0.002472816347991591,0.01851777955400555,0.011766049098501373,0.003015178421002175,0.006575581796430236,0.0037288316559687664,0.014152313420891918,0.002688273827019234,0.02738819498684937,2.0816681711721685e-17,1.3778659611992945e-05,1.3778659611992945e-05,3.210153667280918,2120.8751730949843
450007,0,2,M2+O,2,True,0.0,0.996259961884662,0.9790548338377681,0.35,0.0,0.0,0.2289998285472393,0.06430660098791122,2.832480383478105,0.18366098158061503,0.020691600694384325,0.0,5.41385539341718,6.8435773411765695,0.16207091779672503,0.5712167462586204,6.642349619306832,3.5130220498985647,3.036487776403682,0.4073258647756673,0.08019015682801743,0.1825075234449662,0.058076732237570705,0.06558892309493643,-0.05819346166874928,-0.024681970058901468,0.21534490067452916,0.020636413209967983,0.81875,0.004541973676893369,0.01213177374734308,0.5729226230948202,0.03496914601555024,0.07402610677729758,0.05501694627494731,0.002510277014429882,0.018655924888582722,0.011887227736792474,0.0030368273660375256,0.006643659820561298,0.0036488903596670784,0.01428498893678254,0.0027265843205649194,0.028522254850189013,2.0816681711721685e-17,1.3778659611992945e-05,1.3778659611992945e-05,3.1920961484284582,2122.1838096362417
450007,0,2,M4,3,True,0.0,0.996259961884662,0.9790548338377681,0.35,0.0,0.0,0.2289998285472393,0.06430660098791122,2.832480383478105,0.18366098158061503,0.020691600694384325,0.0,5.41385539341718,6.8435773411765695,0.16207091779672503,0.5712167462586204,6.642349619306832,3.5130220498985647,3.036487776403682,0.4073258647756673,0.08019015682801743,0.1825075234449662,0.058076732237570705,0.06558892309493643,-0.05819346166874928,-0.024681970058901468,0.21534490067452916,0.020636413209967983,0.81875,0.004541973676893369,0.01213177374734308,0.5729226230948202,0.03496914601555024,0.07402610677729758,0.05501694627494731,0.002510277014429882,0.018655924888582722,0.011887227736792474,0.0030368273660375256,0.006643659820561298,0.0036488903596670784,0.01428498893678254,0.0027265843205649194,0.028522254850189013,2.0816681711721685e-17,1.3778659611992945e-05,1.3778659611992945e-05,3.1920961484284582,2122.1838096362417
450007,0,3,M2,0,True,0.0,0.996259961884662,0.9790548338377681,0.35,0.0,0.0,0.2933860388584435,0.07862174647394568,3.067900196649134,0.2593231426924467,0.0,0.0,6.15839353017509,7.984552980400622,0.1413445487088195,0.6211604754116269,11.430563416909331,3.8852050130529343,2.65303825823027,0.4345867480137548,0.07875801038276341,0.16388603571854596,0.035291179235235004,0.07094824175401425,-0.05350543976691613,-0.020845680283026868,0.19847857128435886,0.03197977289953164,0.86875,0.0048154171716959775,0.012793605722163646,0.8921905104210174,0.04483075411023577,0.05986829259911082,0.04985192232105339,0.00234756330324461,0.018156673548861302,0.011564140204898729,0.0037413572849903415,0.007145662699755953,0.003623065096450118,0.013151907812687932,0.003180574945403251,0.02460052211652828,2.0816681711721685e-17,8.267195767195767e-05,0.00011022927689594356,5.711141558281116,9691.925299963998
450007,0,3,M3,1,True,0.0,0.996259961884662,0.9790548338377681,0.35,0.0,0.0,0.2933860388584435,0.07862174647394568,3.067900196649134,0.2593231426924467,0.0,0.0,6.15839353017509,7.984552980400622,0.1413445487088195,0.6211604754116269,11.430563416909331,3.8852050130529343,2.65303825823027,0.4345867480137548,0.07875801038276341,0.16388603571854596,0.035291179235235004,0.07094824175401425,-0.05350543976691613,-0.020845680283026868,0.19847857128435886,0.03197977289953164,0.86875,0.0048154171716959775,0.012793605722163646,0.8921905104210174,0.04483075411023577,0.05986829259911082,0.04985192232105339,0.00234756330324461,0.018156673548861302,0.011564140204898729,0.0037413572849903415,0.007145662699755953,0.003623065096450118,0.013151907812687932,0.003180574945403251,0.02460052211652828,2.0816681711721685e-17,8.267195767195767e-05,0.00011022927689594356,5.711141558281116,9691.925299963998
450007,0,3,M2+O,2,True,0.0,0.996259961884662,0.9790548338377681,0.35,0.0,0.0,0.2933860388584435,0.07862174647394568,3.067900196649134,0.2593231426924467,0.19329371660206118,0.0,6.15839353017509,7.984552980400622,0.14079048761531757,0.6173611960564223,10.993519781005014,3.884772779502116,2.6468445856216896,0.38899087936461046,0.08497916269491794,0.15735431243044007,0.030636976304381242,0.07444956638575924,-0.04736401014787587,-0.01594041682102272,0.2175937398690093,0.036039961513232605,0.8770833333333333,0.005068048545323571,0.012016349156338662,0.755705078322538,0.046609327061304454,0.059799024557508115,0.04832481467347164,0.0027214106069911818,0.018937059475087458,0.012090695485224259,0.004248272695340349,0.007646905670010233,0.0031563995564383783,0.014219516385066647,0.003721731718020084,0.027250044320311428,2.0816681711721685e-17,6.889329805996472e-05,0.00011022927689594356,5.637617306672785,9609.395331778664
450007,0,3,M4,3,True,0.0,0.996259961884662,0.9790548338377681,0.35,0.0,0.0,0.2933860388584435,0.07862174647394568,3.067900196649134,0.2593231426924467,0.19329371660206118,0.0,6.15839353017509,7.984552980400622,0.14079048761531757,0.6173611960564223,10.993519781005014,3.884772779502116,2.6468445856216896,0.38899087936461046,0.08497916269491794,0.15735431243044007,0.030636976304381242,0.07444956638575924,-0.04736401014787587,-0.01594041682102272,0.2175937398690093,0.036039961513232605,0.8770833333333333,0.005068048545323571,0.012016349156338662,0.755705078322538,0.046609327061304454,0.059799024557508115,0.04832481467347164,0.0027214106069911818,0.018937059475087458,0.012090695485224259,0.004248272695340349,0.007646905670010233,0.0031563995564383783,0.014219516385066647,0.003721731718020084,0.027250044320311428,2.0816681711721685e-17,6.889329805996472e-05,0.00011022927689594356,5.637617306672785,9609.395331778664
450007,0,4,M2,0,True,0.0,0.996259961884662,0.9790548338377681,0.35,0.0,0.0,0.2773324431851506,0.06102733196690678,3.2200010089203714,0.24746617570519447,0.0,0.0,6.024978729896247,7.260679797269404,0.15023087489182727,0.6111892974089211,9.431320624086526,3.7246657164576007,2.80846768463843,0.4496882588520332,0.09202074795306138,0.18640718977056137,0.05381235307628946,0.07047582799840446,-0.05243469030034292,-0.01956501721174515,0.2250671679199192,0.029659560698834447,0.85,0.004935331645454362,0.01310935110112392,0.7532173278273411,0.04811307087398443,0.06689875776751358,0.05554977832494833,0.0026009618564928182,0.01816538436692143,0.01163336811154818,0.0036995963541410445,0.00827599976835237,0.0037951640086629503,0.014472990323977373,0.0032560684258471323,0.026409539339336117,2.0816681711721685e-17,2.755731922398589e-05,4.1335978835978834e-05,4.498515731228089,7198.07119179222
450007,0,4,M3,1,True,0.0,0.996259961884662,0.9790548338377681,0.35,0.0,0.0,0.2773324431851506,0.06102733196690678,3.2200010089203714,0.24746617570519447,0.0,0.0,6.024978729896247,7.260679797269404,0.15023087489182727,0.6111892974089211,9.431320624086526,3.7246657164576007,2.80846768463843,0.4496882588520332,0.09202074795306138,0.18640718977056137,0.05381235307628946,0.07047582799840446,-0.05243469030034292,-0.01956501721174515,0.2250671679199192,0.029659560698834447,0.85,0.004935331645454362,0.01310935110112392,0.7532173278273411,0.04811307087398443,0.06689875776751358,0.05554977832494833,0.0026009618564928182,0.01816538436692143,0.01163336811154818,0.0036995963541410445,0.00827599976835237,0.0037951640086629503,0.014472990323977373,0.0032560684258471323,0.026409539339336117,2.0816681711721685e-17,2.755731922398589e-05,4.1335978835978834e-05,4.498515731228089,7198.07119179222
450007,0,4,M2+O,2,True,0.0,0.996259961884662,0.9790548338377681,0.35,0.0,0.0,0.2773324431851506,0.06102733196690678,3.2200010089203714,0.24746617570519447,0.1806828490037143,0.0,6.024978729896247,7.260679797269404,0.1495461997643768,0.6071247962729739,9.055868770277966,3.723653437231612,2.8333037849010574,0.4416901732167157,0.09882529715159294,0.17819114967003039,0.047370884693702375,0.07403958657276392,-0.045999282269419954,-0.014886706401672426,0.24515304916564284,0.03385921043911597,0.8770833333333332,0.005172330466160597,0.012381660049953603,0.6306296191758752,0.05382148832529707,0.06518314767457703,0.05187910040045486,0.002966809310702979,0.018919151042941295,0.012251464667958399,0.0040567184284791245,0.008581314812740642,0.0032827962901073684,0.015561269757580107,0.003922420432857877,0.027580443388167692,2.0816681711721685e-17,4.1335978835978834e-05,4.1335978835978834e-05,4.504464565046241,7226.235709559044
450007,0,4,M4,3,True,0.0,0.996259961884662,0.9790548338377681,0.35,0.0,0.0,0.2773324431851506,0.06102733196690678,3.2200010089203714,0.24746617570519447,0.1806828490037143,0.0,6.024978729896247,7.260679797269404,0.1495461997643768,0.6071247962729739,9.055868770277966,3.723653437231612,2.8333037849010574,0.4416901732167157,0.09882529715159294,0.17819114967003039,0.047370884693702375,0.07403958657276392,-0.045999282269419954,-0.014886706401672426,0.24515304916564284,0.03385921043911597,0.8770833333333332,0.005172330466160597,0.012381660049953603,0.6306296191758752,0.05382148832529707,0.06518314767457703,0.05187910040045486,0.002966809310702979,0.018919151042941295,0.012251464667958399,0.0040567184284791245,0.008581314812740642,0.0032827962901073684,0.015561269757580107,0.003922420432857877,0.027580443388167692,2.0816681711721685e-17,4.1335978835978834e-05,4.1335978835978834e-05,4.504464565046241,7226.235709559044
450007,0,5,M2,0,False,0.0005085494817776262,0.996259961884662,0.9790548338377681,0.35,0.0,0.0,0.2378246164880693,0.0748634483339265,2.9850870983675124,0.19047712936997413,0.0,0.0,5.269471470266581,7.561110497452319,0.15435775143591657,0.590857129524951,8.38986133291636,3.6292916826209396,2.849112370961032,0.3823628545723736,0.06797040624695513,0.15985215289625906,0.038461961440953325,0.06592365659329759,-0.059260502759084364,-0.02695789956206048,0.18546068183185527,0.023060564721913115,0.8270833333333334,0.0044328799648691375,0.01135624274328005,0.6900679425722153,0.04057437612006141,0.06516050623356469,0.04733576213572397,0.0022066666172709144,0.018247406041970095,0.011840567437110443,0.0028664749897738687,0.0055059535920696295,0.003519486692232966,0.012549918618093986,0.002691977823615466,0.028068750783235813,2.0816681711721685e-17,2.755731922398589e-05,0.00011022927689594356,4.3291709139903,1625.6034213043076
450007,0,5,M3,1,False,0.0005085494817776262,0.996259961884662,0.9790548338377681,0.35,0.0,0.0,0.2378246164880693,0.0748634483339265,2.9850870983675124,0.19047712936997413,0.0,0.0,5.269471470266581,7.561110497452319,0.15435775143591657,0.590857129524951,8.38986133291636,3.6292916826209396,2.849112370961032,0.3823628545723736,0.06797040624695513,0.15985215289625906,0.038461961440953325,0.06592365659329759,-0.059260502759084364,-0.02695789956206048,0.18546068183185527,0.023060564721913115,0.8270833333333334,0.0044328799648691375,0.01135624274328005,0.6900679425722153,0.04057437612006141,0.06516050623356469,0.04733576213572397,0.0022066666172709144,0.018247406041970095,0.011840567437110443,0.0028664749897738687,0.0055059535920696295,0.003519486692232966,0.012549918618093986,0.002691977823615466,0.028068750783235813,2.0816681711721685e-17,2.755731922398589e-05,0.00011022927689594356,4.3291709139903,1625.6034213043076
450007,0,5,M2+O,2,False,0.0002862064320610755,0.996259961884662,0.9790548338377681,0.35,0.0,0.0,0.2378246164880693,0.0748634483339265,2.9850870983675124,0.19047712936997413,0.03528296146634178,0.0,5.269471470266581,7.561110497452319,0.1544286578885021,0.5895421111463353,8.284580576393884,3.639699043677055,2.862478910684349,0.3849023201311725,0.06847741269554265,0.16058369984329654,0.03779473570929495,0.06589778385047616,-0.05841522905806954,-0.026255227137988165,0.1861921477590672,0.023285861066367753,0.8395833333333332,0.004470621312540881,0.011598951625127337,0.675147595368712,0.04114864840559731,0.06962108133756924,0.050121993289853485,0.0022650108160815314,0.018445085060607803,0.011889030689878215,0.0029532136333978412,0.005622996130262775,0.0034167835984400528,0.012746304688998499,0.0027479961081069305,0.027580443388167692,2.0816681711721685e-17,2.755731922398589e-05,0.00011022927689594356,4.284679679693226,1629.1234836996334
450007,0,5,M4,3,False,0.0002862064320610755,0.996259961884662,0.9790548338377681,0.35,0.0,0.0,0.2378246164880693,0.0748634483339265,2.9850870983675124,0.19047712936997413,0.03528296146634178,0.0,5.269471470266581,7.561110497452319,0.1544286578885021,0.5895421111463353,8.284580576393884,3.639699043677055,2.862478910684349,0.3849023201311725,0.06847741269554265,0.16058369984329654,0.03779473570929495,0.06589778385047616,-0.05841522905806954,-0.026255227137988165,0.1861921477590672,0.023285861066367753,0.8395833333333332,0.004470621312540881,0.011598951625127337,0.675147595368712,0.04114864840559731,0.06962108133756924,0.050121993289853485,0.0022650108160815314,0.018445085060607803,0.011889030689878215,0.0029532136333978412,0.005622996130262775,0.0034167835984400528,0.012746304688998499,0.0027479961081069305,0.027580443388167692,2.0816681711721685e-17,2.755731922398589e-05,0.00011022927689594356,4.284679679693226,1629.1234836996334
450007,0,6,M2,0,True,0.0,0.996259961884662,0.9790548338377681,0.35,0.0,0.0,0.21834226027131082,0.07175303331110627,3.098974011652172,0.22922467060387136,0.0,0.0,5.734069987665862,6.390289471484721,0.1499283882076066,0.6050443607404024,9.55872332157375,3.7492738533173746,2.7765018705310993,0.40292267233652673,0.07539913084079108,0.17432990205143226,0.04346607361413368,0.06758688206663148,-0.0573051608050886,-0.024231384887417034,0.17758322191682172,0.023462524548464758,0.8229166666666666,0.004017276899177298,0.011961920362997555,0.7605606250836107,0.04293484556700756,0.059948081849833156,0.04299147053792487,0.0023389296818333936,0.018692518510864377,0.01194869192229955,0.0034145015642339394,0.006755216151979076,0.0035602059060661894,0.011433526875325367,0.002650843692615282,0.026915589784174368,2.0816681711721685e-17,4.1335978835978834e-05,9.645061728395061e-05,4.695440689205244,4057.5309746363673
450007,0,6,M3,1,True,0.0,0.996259961884662,0.9790548338377681,0.35,0.0,0.0,0.21834226027131082,0.07175303331110627,3.098974011652172,0.22922467060387136,0.0,0.0,5.734069987665862,6.390289471484721,0.1499283882076066,0.6050443607404024,9.55872332157375,3.7492738533173746,2.7765018705310993,0.40292267233652673,0.07539913084079108,0.17432990205143226,0.04346607361413368,0.06758688206663148,-0.0573051608050886,-0.024231384887417034,0.17758322191682172,0.023462524548464758,0.8229166666666666,0.004017276899177298,0.011961920362997555,0.7605606250836107,0.04293484556700756,0.059948081849833156,0.04299147053792487,0.0023389296818333936,0.018692518510864377,0.01194869192229955,0.0034145015642339394,0.006755216151979076,0.0035602059060661894,0.011433526875325367,0.002650843692615282,0.026915589784174368,2.0816681711721685e-17,4.1335978835978834e-05,9.645061728395061e-05,4.695440689205244,4057.5309746363673
450007,0,6,M2+O,2,True,0.0,0.996259961884662,0.9790548338377681,0.35,0.0,0.0,0.21834226027131082,0.07175303331110627,3.098974011652172,0.22922467060387136,0.05596634677516202,0.0,5.734069987665862,6.390289471484721,0.1500298446234608,0.6034287509746036,9.378103184312337,3.7447466180229037,2.803597121923509,0.4155455399500356,0.07641742238378367,0.1747954025413527,0.04259185337883508,0.06820215367496504,-0.05584441334090521,-0.023124743337679138,0.17945274309361678,0.023766920964900656,0.8333333333333334,0.0040846710934800265,0.012260705885524786,0.7270794227599564,0.040432692042187024,0.06796361929661503,0.048710310793478734,0.0024402113702899145,0.01889273002933395,0.012063844608310626,0.003521499779205301,0.006911746638244274,0.003386120551197701,0.011718689341868777,0.002727664415308023,0.025831580118160908,2.0816681711721685e-17,4.1335978835978834e-05,8.267195767195767e-05,4.635338586496615,4065.7832965848224
450007,0,6,M4,3,True,0.0,0.996259961884662,0.9790548338377681,0.35,0.0,0.0,0.21834226027131082,0.07175303331110627,3.098974011652172,0.22922467060387136,0.05596634677516202,0.0,5.734069987665862,6.390289471484721,0.1500298446234608,0.6034287509746036,9.378103184312337,3.7447466180229037,2.803597121923509,0.4155455399500356,0.07641742238378367,0.1747954025413527,0.04259185337883508,0.06820215367496504,-0.05584441334090521,-0.023124743337679138,0.17945274309361678,0.023766920964900656,0.8333333333333334,0.0040846710934800265,0.012260705885524786,0.7270794227599564,0.040432692042187024,0.06796361929661503,0.048710310793478734,0.0024402113702899145,0.01889273002933395,0.012063844608310626,0.003521499779205301,0.006911746638244274,0.003386120551197701,0.011718689341868777,0.002727664415308023,0.025831580118160908,2.0816681711721685e-17,4.1335978835978834e-05,8.267195767195767e-05,4.635338586496615,4065.7832965848224
450007,0,7,M2,0,True,0.0,0.996259961884662,0.9790548338377681,0.35,0.0,0.0,0.25462781311944127,0.08294289264827967,2.7334395976737142,0.21371863551437856,0.0,0.0,6.490372991655022,8.436539084650576,0.14967850021568932,0.599812373431762,9.444088082484646,3.7398404599103894,2.7800540381633208,0.4006090493695291,0.0713515618349316,0.16197692570014924,0.03764080994933111,0.06717553628551111,-0.056899016547005465,-0.024360672129951813,0.18846283542608888,0.026100070711319173,0.8416666666666668,0.0045415571204035846,0.011186073864999067,0.7498113378568148,0.04008146291041802,0.0682409918144414,0.04803598948719745,0.002251013509608279,0.018421806390896623,0.011703991379420336,0.0030873807645772065,0.006075301948603876,0.0035524448564482752,0.012691073623518592,0.002864765311253768,0.025831580118160915,2.0816681711721685e-17,1.3778659611992945e-05,1.3778659611992945e-05,4.1373590735027665,18147.86842368494
450007,0,7,M3,1,True,0.0,0.996259961884662,0.9790548338377681,0.35,0.0,0.0,0.25462781311944127,0.08294289264827967,2.7334395976737142,0.21371863551437856,0.0,0.0,6.490372991655022,8.436539084650576,0.14967850021568932,0.599812373431762,9.444088082484646,3.7398404599103894,2.7800540381633208,0.4006090493695291,0.0713515618349316,0.16197692570014924,0.03764080994933111,0.06717553628551111,-0.056899016547005465,-0.024360672129951813,0.18846283542608888,0.026100070711319173,0.8416666666666668,0.0045415571204035846,0.011186073864999067,0.7498113378568148,0.04008146291041802,0.0682409918144414,0.04803598948719745,0.002251013509608279,0.018421806390896623,0.011703991379420336,0.0030873807645772065,0.006075301948603876,0.0035524448564482752,0.012691073623518592,0.002864765311253768,0.025831580118160915,2.0816681711721685e-17,1.3778659611992945e-05,1.3778659611992945e-05,4.1373590735027665,18147.86842368494
450007,0,7,M2+O,2,True,0.0,0.996259961884662,0.9790548338377681,0.35,0.0,0.0,0.25462781311944127,0.08294289264827967,2.7334395976737142,0.21371863551437856,0.0818483628556123,0.0,6.490372991655022,8.436539084650576,0.14971413614850917,0.5984446209258835,9.214945320116454,3.745159108430217,2.8216750448865384,0.4341307071525174,0.0731201475678411,0.16222397711837583,0.036373123777939116,0.06771647901709688,-0.05469752989018354,-0.02252776579193021,0.19280390120923516,0.027046692221325667,0.8604166666666666,0.004636652083727484,0.01163343695817362,0.7105709769829399,0.04088934681820177,0.07319678832151946,0.060347610339280836,0.002402179039322192,0.018775857578194558,0.011870032823449304,0.0033408113214166255,0.0063506625522236895,0.003301061506503091,0.013170457716671443,0.0030228634851696395,0.024446623063872297,2.0816681711721685e-17,1.3778659611992945e-05,1.3778659611992945e-05,4.0622460641104885,18160.088709988227
450007,0,7,M4,3,True,0.0,0.996259961884662,0.9790548338377681,0.35,0.0,0.0,0.25462781311944127,0.08294289264827967,2.7334395976737142,0.21371863551437856,0.0818483628556123,0.0,6.490372991655022,8.436539084650576,0.14971413614850917,0.5984446209258835,9.214945320116454,3.745159108430217,2.8216750448865384,0.4341307071525174,0.0731201475678411,0.16222397711837583,0.036373123777939116,0.06771647901709688,-0.05469752989018354,-0.02252776579193021,0.19280390120923516,0.027046692221325667,0.8604166666666666,0.004636652083727484,0.01163343695817362,0.7105709769829399,0.04088934681820177,0.07319678832151946,0.060347610339280836,0.002402179039322192,0.018775857578194558,0.011870032823449304,0.0033408113214166255,0.0063506625522236895,0.003301061506503091,0.013170457716671443,0.0030228634851696395,0.024446623063872297,2.0816681711721685e-17,1.3778659611992945e-05,1.3778659611992945e-05,4.0622460641104885,18160.088709988227
450007,0,8,M2,0,True,0.0,0.996259961884662,0.9790548338377681,0.35,0.0,0.0,0.26037696758285167,0.06623911500442774,3.1390380073338746,0.19648031547665595,0.0,0.0,6.223864151164889,7.334144979715347,0.15590057603241142,0.585321277010008,7.945280592050556,3.619014649121509,2.907110646315697,0.4152461599423065,0.07649933047058224,0.16963594761675113,0.046307013648867766,0.06663980714242466,-0.05873415036664381,-0.024705477125017337,0.2128594346868664,0.025256941431804934,0.8479166666666668,0.004858169150825698,0.012477891951538252,0.6661251146867833,0.04074409476286253,0.07173894734239909,0.05574352822309658,0.002366982940029009,0.018314223008938504,0.011685874138396711,0.0030197587411758824,0.006308562995142229,0.0036896751531747935,0.014195053407904572,0.0029669939775967672,0.025266544061115098,2.0816681711721685e-17,1.3778659611992945e-05,1.3778659611992945e-05,4.309282103046794,10601.386188008548
450007,0,8,M3,1,True,0.0,0.996259961884662,0.9790548338377681,0.35,0.0,0.0,0.26037696758285167,0.06623911500442774,3.1390380073338746,0.19648031547665595,0.0,0.0,6.223864151164889,7.334144979715347,0.15590057603241142,0.585321277010008,7.945280592050556,3.619014649121509,2.907110646315697,0.4152461599423065,0.07649933047058224,0.16963594761675113,0.046307013648867766,0.06663980714242466,-0.05873415036664381,-0.024705477125017337,0.2128594346868664,0.025256941431804934,0.8479166666666668,0.004858169150825698,0.012477891951538252,0.6661251146867833,0.04074409476286253,0.07173894734239909,0.05574352822309658,0.002366982940029009,0.018314223008938504,0.011685874138396711,0.0030197587411758824,0.006308562995142229,0.0036896751531747935,0.014195053407904572,0.0029669939775967672,0.025266544061115098,2.0816681711721685e-17,1.3778659611992945e-05,1.3778659611992945e-05,4.309282103046794,10601.386188008548
450007,0,8,M2+O,2,True,0.0,0.996259961884662,0.9790548338377681,0.35,0.0,0.0,0.26037696758285167,0.06623911500442774,3.1390380073338746,0.19648031547665595,0.03941378565485458,0.0,6.223864151164889,7.334144979715347,0.15597091368774826,0.5853576610082074,7.826766638416964,3.612029921260691,2.9135500388024176,0.3978909730634495,0.0771325095366428,0.17015060247389666,0.04568120472986419,0.06675947722319997,-0.05770263153532052,-0.023912056374204682,0.21391929159343595,0.0255247502438213,0.8395833333333332,0.004897849741110174,0.012454864891307184,0.6484620487886895,0.037532369628768526,0.07057074377509812,0.05156484527914016,0.002437412541936847,0.018552390445538334,0.011805637354912624,0.003120828903469567,0.006449562483612941,0.003571328515219675,0.014442145555239013,0.0030440933969956025,0.026746794245581268,2.7755575615628914e-17,1.3778659611992945e-05,1.3778659611992945e-05,4.265209186698057,10616.817790747813
450007,0,8,M4,3,True,0.0,0.996259961884662,0.9790548338377681,0.35,0.0,0.0,0.26037696758285167,0.06623911500442774,3.1390380073338746,0.19648031547665595,0.03941378565485458,0.0,6.223864151164889,7.334144979715347,0.15597091368774826,0.5853576610082074,7.826766638416964,3.612029921260691,2.9135500388024176,0.3978909730634495,0.0771325095366428,0.17015060247389666,0.04568120472986419,0.06675947722319997,-0.05770263153532052,-0.023912056374204682,0.21391929159343595,0.0255247502438213,0.8395833333333332,0.004897849741110174,0.012454864891307184,0.6484620487886895,0.037532369628768526,0.07057074377509812,0.05156484527914016,0.002437412541936847,0.018552390445538334,0.011805637354912624,0.003120828903469567,0.006449562483612941,0.003571328515219675,0.014442145555239013,0.0030440933969956025,0.026746794245581268,2.7755575615628914e-17,1.3778659611992945e-05,1.3778659611992945e-05,4.265209186698057,10616.817790747813
450007,0,9,M2,0,True,0.0,0.996259961884662,0.9790548338377681,0.35,0.0,0.0,0.22489707954227925,0.07692724628373981,2.7730619207024576,0.2408962793648243,0.0,0.0,5.490998988039792,7.869041427969933,0.1488523988991223,0.6109048095678715,9.930669980581994,3.7901317107457397,2.756842787133117,0.40068816179219136,0.07955563126746563,0.1780918435717954,0.04623072907788972,0.06870424288125021,-0.05473103069474724,-0.022399428184010816,0.18370247466624512,0.02484350316858298,0.8270833333333334,0.004079828952199922,0.012254776465922776,0.7993215186101931,0.04443076446712638,0.058456747599229426,0.044547478656479705,0.002401001217700166,0.018444490948352217,0.011983153863314158,0.0035545248387004106,0.007295726451343102,0.003607037695288174,0.011745376090812117,0.0027104851470247425,0.024814377309455876,2.0816681711721685e-17,9.645061728395061e-05,0.00013778659611992945,3.995311872975142,2592.008528229522
450007,0,9,M3,1,True,0.0,0.996259961884662,0.9790548338377681,0.35,0.0,0.0,0.22489707954227925,0.07692724628373981,2.7730619207024576,0.2408962793648243,0.0,0.0,5.490998988039792,7.869041427969933,0.1488523988991223,0.6109048095678715,9.930669980581994,3.7901317107457397,2.756842787133117,0.40068816179219136,0.07955563126746563,0.1780918435717954,0.04623072907788972,0.06870424288125021,-0.05473103069474724,-0.022399428184010816,0.18370247466624512,0.02484350316858298,0.8270833333333334,0.004079828952199922,0.012254776465922776,0.7993215186101931,0.04443076446712638,0.058456747599229426,0.044547478656479705,0.002401001217700166,0.018444490948352217,0.011983153863314158,0.0035545248387004106,0.007295726451343102,0.003607037695288174,0.011745376090812117,0.0027104851470247425,0.024814377309455876,2.0816681711721685e-17,9.645061728395061e-05,0.00013778659611992945,3.995311872975142,2592.008528229522
450007,0,9,M2+O,2,True,0.0,0.996259961884662,0.9790548338377681,0.35,0.0,0.0,0.22489707954227925,0.07692724628373981,2.7730619207024576,0.2408962793648243,0.09924992682199865,0.0,5.490998988039792,7.869041427969933,0.14886949803578178,0.6082685934822897,9.631647981522113,3.7596196002018463,2.7695335313875913,0.4198046105518687,0.08203480541449924,0.1772734416145687,0.044390507024261706,0.07009837464999515,-0.05187522300116809,-0.020149843364748114,0.1900678482686535,0.02594236042088759,0.8479166666666668,0.004210919769094759,0.011671283333677684,0.7302032228939863,0.04191870740368707,0.06309613556295231,0.05281649939021246,0.002593046831618953,0.018776913512307848,0.012265166083110004,0.003774231994841098,0.007523712056901682,0.003287542248233471,0.012300717601635336,0.0029086403272568146,0.026491584435320584,2.0816681711721685e-17,8.267195767195767e-05,0.00013778659611992945,3.929873892833557,2578.9115583768667
450007,0,9,M4,3,True,0.0,0.996259961884662,0.9790548338377681,0.35,0.0,0.0,0.22489707954227925,0.07692724628373981,2.7730619207024576,0.2408962793648243,0.09924992682199865,0.0,5.490998988039792,7.869041427969933,0.14886949803578178,0.6082685934822897,9.631647981522113,3.7596196002018463,2.7695335313875913,0.4198046105518687,0.08203480541449924,0.1772734416145687,0.044390507024261706,0.07009837464999515,-0.05187522300116809,-0.020149843364748114,0.1900678482686535,0.02594236042088759,0.8479166666666668,0.004210919769094759,0.011671283333677684,0.7302032228939863,0.04191870740368707,0.06309613556295231,0.05281649939021246,0.002593046831618953,0.018776913512307848,0.012265166083110004,0.003774231994841098,0.007523712056901682,0.003287542248233471,0.012300717601635336,0.0029086403272568146,0.026491584435320584,2.0816681711721685e-17,8.267195767195767e-05,0.00013778659611992945,3.929873892833557,2578.9115583768667
450007,0,10,M2,0,True,0.0,0.996259961884662,0.9790548338377681,0.35,0.0,0.0,0.2443801517598331,0.06754384808242321,3.1797893855720756,0.21964385755360127,0.0,0.0,5.020357612986118,6.691643536090851,0.1521622186810198,0.598290030013836,9.049577628457174,3.6983329341532536,2.8080429646685334,0.393770487983425,0.07787308530412085,0.1752902514837853,0.04594129927301743,0.0677007376124452,-0.05764955794033686,-0.02389353237607437,0.19696516603985034,0.02515402242646959,0.8333333333333334,0.004479352833122251,0.012569444427971314,0.7700528652574685,0.04121324437176362,0.061761096200428765,0.04462761347859144,0.002386178812418954,0.018545205487658693,0.011862225029085207,0.003314339554248872,0.006766084491847176,0.00363734745705549,0.012888857956384973,0.0028626134271350465,0.025120482625598482,2.0816681711721685e-17,0.00013778659611992945,0.00026179453262786595,4.6565452616675325,1099.9029343545103
450007,0,10,M3,1,True,0.0,0.996259961884662,0.9790548338377681,0.35,0.0,0.0,0.2443801517598331,0.06754384808242321,3.1797893855720756,0.21964385755360127,0.0,0.0,5.020357612986118,6.691643536090851,0.1521622186810198,0.598290030013836,9.049577628457174,3.6983329341532536,2.8080429646685334,0.393770487983425,0.07787308530412085,0.1752902514837853,0.04594129927301743,0.0677007376124452,-0.05764955794033686,-0.02389353237607437,0.19696516603985034,0.02515402242646959,0.8333333333333334,0.004479352833122251,0.012569444427971314,0.7700528652574685,0.04121324437176362,0.061761096200428765,0.04462761347859144,0.002386178812418954,0.018545205487658693,0.011862225029085207,0.003314339554248872,0.006766084491847176,0.00363734745705549,0.012888857956384973,0.0028626134271350465,0.025120482625598482,2.0816681711721685e-17,0.00013778659611992945,0.00026179453262786595,4.6565452616675325,1099.9029343545103
450007,0,10,M2+O,2,True,0.0,0.996259961884662,0.9790548338377681,0.35,0.0,0.0,0.2443801517598331,0.06754384808242321,3.1797893855720756,0.21964385755360127,0.22120154879690973,0.0,5.020357612986118,6.691643536090851,0.15074920063825417,0.5963316827489895,8.692225170876215,3.702421874956084,2.8413116429294902,0.3991505704405623,0.08803457895240403,0.1629637753616566,0.0362655918685153,0.07194975269481403,-0.04918320530961898,-0.016998801445404308,0.2293358435133638,0.03249993398891595,0.8708333333333332,0.004844309933892044,0.012024167527829144,0.6405759001854965,0.04350930858174074,0.0679737985015848,0.04033360578732071,0.0028363927258262993,0.019784056294121343,0.012676592128165673,0.003714136258316628,0.0074062668078271315,0.0030961077338294138,0.014479780598883144,0.003622000573654266,0.02885443644252057,2.0816681711721685e-17,0.0001240079365079365,0.00026179453262786595,4.5675549785903256,1088.6411403398522
450007,0,10,M4,3,True,0.0,0.996259961884662,0.9790548338377681,0.35,0.0,0.0,0.2443801517598331,0.06754384808242321,3.1797893855720756,0.21964385755360127,0.22120154879690973,0.0,5.020357612986118,6.691643536090851,0.15074920063825417,0.5963316827489895,8.692225170876215,3.702421874956084,2.8413116429294902,0.3991505704405623,0.08803457895240403,0.1629637753616566,0.0362655918685153,0.07194975269481403,-0.04918320530961898,-0.016998801445404308,0.2293358435133638,0.03249993398891595,0.8708333333333332,0.004844309933892044,0.012024167527829144,0.6405759001854965,0.04350930858174074,0.0679737985015848,0.04033360578732071,0.0028363927258262993,0.019784056294121343,0.012676592128165673,0.003714136258316628,0.0074062668078271315,0.0030961077338294138,0.014479780598883144,0.003622000573654266,0.02885443644252057,2.0816681711721685e-17,0.0001240079365079365,0.00026179453262786595,4.5675549785903256,1088.6411403398522
450007,0,11,M2,0,True,0.0,0.996259961884662,0.9790548338377681,0.35,0.0,0.0,0.28308231513947246,0.08182962188962847,2.945610111951828,0.22273273594677448,0.0,0.0,5.752427791710943,8.503426149487495,0.14613908958171837,0.606069872450872,10.202057244030641,3.8050310965523493,2.7226160665665393,0.40972366686147116,0.07142677385755636,0.15603595036910192,0.03303723172447571,0.06821271492005943,-0.05637660008246629,-0.02365569480702732,0.19462328080603664,0.029385267644010126,0.875,0.004845859016704908,0.011847704723568836,0.8076634830013091,0.041189144497270506,0.06577901298459607,0.0540155961813728,0.0022349880136328347,0.01826242367122165,0.011565360764082214,0.0032559806521161266,0.00605627091066096,0.0035649085919663916,0.013199676952727238,0.0030703621976385202,0.024818179405135806,2.0816681711721685e-17,8.267195767195767e-05,0.0001240079365079365,5.077001747287624,4380.595232908255
450007,0,11,M3,1,True,0.0,0.996259961884662,0.9790548338377681,0.35,0.0,0.0,0.28308231513947246,0.08182962188962847,2.945610111951828,0.22273273594677448,0.0,0.0,5.752427791710943,8.503426149487495,0.14613908958171837,0.606069872450872,10.202057244030641,3.8050310965523493,2.7226160665665393,0.40972366686147116,0.07142677385755636,0.15603595036910192,0.03303723172447571,0.06821271492005943,-0.05637660008246629,-0.02365569480702732,0.19462328080603664,0.029385267644010126,0.875,0.004845859016704908,0.011847704723568836,0.8076634830013091,0.041189144497270506,0.06577901298459607,0.0540155961813728,0.0022349880136328347,0.01826242367122165,0.011565360764082214,0.0032559806521161266,0.00605627091066096,0.0035649085919663916,0.013199676952727238,0.0030703621976385202,0.024818179405135806,2.0816681711721685e-17,8.267195767195767e-05,0.0001240079365079365,5.077001747287624,4380.595232908255
450007,0,11,M2+O,2,True,0.0,0.996259961884662,0.9790548338377681,0.35,0.0,0.0,0.28308231513947246,0.08182962188962847,2.945610111951828,0.22273273594677448,0.024611350639674,0.0,5.752427791710943,8.503426149487495,0.14620669651714432,0.6066444287296889,10.11902533350525,3.7994860699773283,2.731765753696253,0.4191470841003884,0.07170132198482428,0.15641475390446524,0.03269570215047633,0.06830020279950239,-0.055812330663267934,-0.023206660573419923,0.1949282400196639,0.029438624126098756,0.8729166666666667,0.004869296179831014,0.011831248192512401,0.7943554159164855,0.03999322343096758,0.0649148377636322,0.05300718608387867,0.002274496032677794,0.018359795673904056,0.011565552589145807,0.003313529344198169,0.006138277830526469,0.0034930892627361015,0.013323449758292522,0.003102940602787103,0.02535600982606524,2.0816681711721685e-17,8.267195767195767e-05,0.0001240079365079365,5.043320510441121,4372.661804721541
450007,0,11,M4,3,True,0.0,0.996259961884662,0.9790548338377681,0.35,0.0,0.0,0.28308231513947246,0.08182962188962847,2.945610111951828,0.22273273594677448,0.024611350639674,0.0,5.752427791710943,8.503426149487495,0.14620669651714432,0.6066444287296889,10.11902533350525,3.7994860699773283,2.731765753696253,0.4191470841003884,0.07170132198482428,0.15641475390446524,0.03269570215047633,0.06830020279950239,-0.055812330663267934,-0.023206660573419923,0.1949282400196639,0.029438624126098756,0.8729166666666667,0.004869296179831014,0.011831248192512401,0.7943554159164855,0.03999322343096758,0.0649148377636322,0.05300718608387867,0.002274496032677794,0.018359795673904056,0.011565552589145807,0.003313529344198169,0.006138277830526469,0.0034930892627361015,0.013323449758292522,0.003102940602787103,0.02535600982606524,2.0816681711721685e-17,8.267195767195767e-05,0.0001240079365079365,5.043320510441121,4372.661804721541
450007,0,12,M2,0,True,0.0,0.996259961884662,0.9790548338377681,0.35,0.0,0.0,0.29935491690412164,0.07051171878352762,2.7982757639139892,0.23080004900693893,0.0,0.0,6.378210476133972,6.27442592382431,0.15115533217312213,0.6016937720096782,9.053289865333342,3.707385399528359,2.8171684739969174,0.42171576695796026,0.08829632829268175,0.17804582866727478,0.05067920005605046,0.06951504254752881,-0.053285508183515386,-0.019849456922595255,0.23557254764829838,0.031176279973669865,0.8708333333333332,0.005307281800359544,0.013301750285843964,0.7367800828553208,0.04303549386988165,0.06421013739166319,0.05306535183228586,0.0025443635546134823,0.01815158896372333,0.011440911395539636,0.0034618294468658456,0.0077165016373592875,0.0037791273097062114,0.015408799209843694,0.003422815911006256,0.025875374860175254,2.0816681711721685e-17,1.3778659611992945e-05,1.3778659611992945e-05,3.8073262706972617,14472.203468990612
450007,0,12,M3,1,True,0.0,0.996259961884662,0.9790548338377681,0.35,0.0,0.0,0.29935491690412164,0.07051171878352762,2.7982757639139892,0.23080004900693893,0.0,0.0,6.378210476133972,6.27442592382431,0.15115533217312213,0.6016937720096782,9.053289865333342,3.707385399528359,2.8171684739969174,0.42171576695796026,0.08829632829268175,0.17804582866727478,0.05067920005605046,0.06951504254752881,-0.053285508183515386,-0.019849456922595255,0.23557254764829838,0.031176279973669865,0.8708333333333332,0.005307281800359544,0.013301750285843964,0.7367800828553208,0.04303549386988165,0.06421013739166319,0.05306535183228586,0.0025443635546134823,0.01815158896372333,0.011440911395539636,0.0034618294468658456,0.0077165016373592875,0.0037791273097062114,0.015408799209843694,0.003422815911006256,0.025875374860175254,2.0816681711721685e-17,1.3778659611992945e-05,1.3778659611992945e-05,3.8073262706972617,14472.203468990612
450007,0,12,M2+O,2,True,0.0,0.996259961884662,0.9790548338377681,0.35,0.0,0.0,0.29935491690412164,0.07051171878352762,2.7982757639139892,0.23080004900693893,0.032109614985167255,0.0,6.378210476133972,6.27442592382431,0.15123284222765024,0.6020672967332151,8.947278028062227,3.6979905701090274,2.8207237921916235,0.41708537905020787,0.08875139407313996,0.1781670557130386,0.05045920521121413,0.0697737057008411,-0.052450750620401866,-0.0192605386357645,0.23626978395651435,0.031223712535885073,0.8729166666666668,0.005336172617538713,0.01303598629746083,0.7177712604963151,0.040365276815030854,0.06352619134589131,0.052658945207111174,0.002602312797052602,0.018256428310955947,0.011555631251197542,0.0035326993177293956,0.0078019177591589555,0.003683055571767804,0.01559854801176232,0.0034908843674990035,0.0242606555602391,2.0816681711721685e-17,1.3778659611992945e-05,1.3778659611992945e-05,3.8354131335803063,14480.554355984268
450007,0,12,M4,3,True,0.0,0.996259961884662,0.9790548338377681,0.35,0.0,0.0,0.29935491690412164,0.07051171878352762,2.7982757639139892,0.23080004900693893,0.032109614985167255,0.0,6.378210476133972,6.27442592382431,0.15123284222765024,0.6020672967332151,8.947278028062227,3.6979905701090274,2.8207237921916235,0.41708537905020787,0.08875139407313996,0.1781670557130386,0.05045920521121413,0.0697737057008411,-0.052450750620401866,-0.0192605386357645,0.23626978395651435,0.031223712535885073,0.8729166666666668,0.005336172617538713,0.01303598629746083,0.7177712604963151,0.040365276815030854,0.06352619134589131,0.052658945207111174,0.002602312797052602,0.018256428310955947,0.011555631251197542,0.0035326993177293956,0.0078019177591589555,0.003683055571767804,0.01559854801176232,0.0034908843674990035,0.0242606555602391,2.0816681711721685e-17,1.3778659611992945e-05,1.3778659611992945e-05,3.8354131335803063,14480.554355984268
450007,0,13,M2,0,False,0.007166644437779062,0.996259961884662,0.9790548338377681,0.35,0.0,0.0,0.2357255432754755,0.0843245640071109,3.0317934952676295,0.20654045909643173,0.0,0.0,5.610234498512,8.927487328648567,0.14707393019176476,0.6048321985659889,10.142941796409863,3.784423095788355,2.7100953394369705,0.3687542782113596,0.06238095675652052,0.14891850281788424,0.026989152838647352,0.06625148894742534,-0.0579319633351404,-0.027307004302298113,0.1630384952891388,0.02415306896102089,0.8333333333333334,0.00417611267121116,0.010739550159478724,0.8045601718906986,0.04838090253245468,0.057685471490967685,0.0402959263949919,0.00207313737073511,0.018217093553479266,0.011591436181054396,0.002977006472693079,0.005140585507706743,0.0033801901640089283,0.011056676819615247,0.002599441403252382,0.028179462833841686,2.0816681711721685e-17,9.645061728395061e-05,0.00013778659611992945,5.453857095258516,3364.8977432345687
450007,0,13,M3,1,False,0.007166644437779062,0.996259961884662,0.9790548338377681,0.35,0.0,0.0,0.2357255432754755,0.0843245640071109,3.0317934952676295,0.20654045909643173,0.0,0.0,5.610234498512,8.927487328648567,0.14707393019176476,0.6048321985659889,10.142941796409863,3.784423095788355,2.7100953394369705,0.3687542782113596,0.06238095675652052,0.14891850281788424,0.026989152838647352,0.06625148894742534,-0.0579319633351404,-0.027307004302298113,0.1630384952891388,0.02415306896102089,0.8333333333333334,0.00417611267121116,0.010739550159478724,0.8045601718906986,0.04838090253245468,0.057685471490967685,0.0402959263949919,0.00207313737073511,0.018217093553479266,0.011591436181054396,0.002977006472693079,0.005140585507706743,0.0033801901640089283,0.011056676819615247,0.002599441403252382,0.028179462833841686,2.0816681711721685e-17,9.645061728395061e-05,0.00013778659611992945,5.453857095258516,3364.8977432345687
450007,0,13,M2+O,2,False,0.0013412163812158097,0.996259961884662,0.9790548338377681,0.35,0.0,0.0,0.2357255432754755,0.0843245640071109,3.0317934952676295,0.20654045909643173,0.14585900465534243,0.0,5.610234498512,8.927487328648567,0.14677549472571613,0.6036205245746001,9.783750807548545,3.8173375143714083,2.7613779650620383,0.41695652097782326,0.06670396409487882,0.14792014281496696,0.023288276438818246,0.06766066019782371,-0.053794505521178225,-0.023325939063910756,0.17636479153785542,0.027229439369519354,0.8625000000000002,0.004389266437204293,0.01153932114874426,0.7338287633555645,0.03839742833372249,0.0688100228738729,0.05502828016361326,0.0023348132413683305,0.018895909151242993,0.011984071785735594,0.0033715573211820413,0.0056469663060733045,0.003053211715778799,0.011971175861527825,0.0029130659781588042,0.02449674630864566,2.0816681711721685e-17,0.00011022927689594356,0.00013778659611992945,5.282938465700313,3328.6146523067705
450007,0,13,M4,3,False,0.0013412163812158097,0.996259961884662,0.9790548338377681,0.35,0.0,0.0,0.2357255432754755,0.0843245640071109,3.0317934952676295,0.20654045909643173,0.14585900465534243,0.0,5.610234498512,8.927487328648567,0.14677549472571613,0.6036205245746001,9.783750807548545,3.8173375143714083,2.7613779650620383,0.41695652097782326,0.06670396409487882,0.14792014281496696,0.023288276438818246,0.06766066019782371,-0.053794505521178225,-0.023325939063910756,0.17636479153785542,0.027229439369519354,0.8625000000000002,0.004389266437204293,0.01153932114874426,0.7338287633555645,0.03839742833372249,0.0688100228738729,0.05502828016361326,0.0023348132413683305,0.018895909151242993,0.011984071785735594,0.0033715573211820413,0.0056469663060733045,0.003053211715778799,0.011971175861527825,0.0029130659781588042,0.02449674630864566,2.0816681711721685e-17,0.00011022927689594356,0.00013778659611992945,5.282938465700313,3328.6146523067705
450007,0,14,M2,0,True,0.0,0.996259961884662,0.9790548338377681,0.35,0.0,0.0,0.20833341283723714,0.062489898935891686,2.92039684318006,0.25279291801154613,0.0,0.0,5.331442344933748,7.0982246696949005,0.1525019150802395,0.6139638178669434,9.312100431827272,3.7338541509883485,2.7849498530092114,0.42111376699439856,0.09353904465786056,0.19857001945411032,0.06163139402224832,0.07007243262569575,-0.05071090904698324,-0.02003418195696882,0.1979434641859955,0.02374891336913861,0.8125,0.003945425504458832,0.013307836216423183,0.7395875269915195,0.05011739159799594,0.0629834409081308,0.05180640660718988,0.0026462762170271106,0.018165673067120625,0.012110176208494293,0.003840273261466061,0.008668904037289614,0.003758337907829644,0.012133277785641912,0.002675306227519178,0.02628060672539872,2.0816681711721685e-17,8.267195767195767e-05,0.0001240079365079365,3.623181927859646,1852.1124205359213
450007,0,14,M3,1,True,0.0,0.996259961884662,0.9790548338377681,0.35,0.0,0.0,0.20833341283723714,0.062489898935891686,2.92039684318006,0.25279291801154613,0.0,0.0,5.331442344933748,7.0982246696949005,0.1525019150802395,0.6139638178669434,9.312100431827272,3.7338541509883485,2.7849498530092114,0.42111376699439856,0.09353904465786056,0.19857001945411032,0.06163139402224832,0.07007243262569575,-0.05071090904698324,-0.02003418195696882,0.1979434641859955,0.02374891336913861,0.8125,0.003945425504458832,0.013307836216423183,0.7395875269915195,0.05011739159799594,0.0629834409081308,0.05180640660718988,0.0026462762170271106,0.018165673067120625,0.012110176208494293,0.003840273261466061,0.008668904037289614,0.003758337907829644,0.012133277785641912,0.002675306227519178,0.02628060672539872,2.0816681711721685e-17,8.267195767195767e-05,0.0001240079365079365,3.623181927859646,1852.1124205359213
450007,0,14,M2+O,2,True,0.0,0.996259961884662,0.9790548338377681,0.35,0.0,0.0,0.20833341283723714,0.062489898935891686,2.92039684318006,0.25279291801154613,0.09017833367092232,0.0,5.331442344933748,7.0982246696949005,0.15255020021971144,0.6125971408478752,9.033696730036283,3.714086170522903,2.7982907788412663,0.4050528177704664,0.09589661195843309,0.19736095318243815,0.060063832672637485,0.07166921597197379,-0.04798543571366829,-0.01800058890201943,0.2035903630231425,0.02446237489024557,0.8249999999999998,0.004064602434848842,0.01291861326437567,0.6759888179978919,0.049143814749230755,0.06281348105798443,0.05020951101383915,0.002820448900587998,0.018471332678402584,0.012509969392990386,0.00398899964421678,0.008762424042302484,0.0034444979686802293,0.01265194655373991,0.0028847415938026504,0.02708681694429807,2.0816681711721685e-17,8.267195767195767e-05,0.00011022927689594356,3.580631809346053,1839.57547295508
450007,0,14,M4,3,True,0.0,0.996259961884662,0.9790548338377681,0.35,0.0,0.0,0.20833341283723714,0.062489898935891686,2.92039684318006,0.25279291801154613,0.09017833367092232,0.0,5.331442344933748,7.0982246696949005,0.15255020021971144,0.6125971408478752,9.033696730036283,3.714086170522903,2.7982907788412663,0.4050528177704664,0.09589661195843309,0.19736095318243815,0.060063832672637485,0.07166921597197379,-0.04798543571366829,-0.01800058890201943,0.2035903630231425,0.02446237489024557,0.8249999999999998,0.004064602434848842,0.01291861326437567,0.6759888179978919,0.049143814749230755,0.06281348105798443,0.05020951101383915,0.002820448900587998,0.018471332678402584,0.012509969392990386,0.00398899964421678,0.008762424042302484,0.0034444979686802293,0.01265194655373991,0.0028847415938026504,0.02708681694429807,2.0816681711721685e-17,8.267195767195767e-05,0.00011022927689594356,3.580631809346053,1839.57547295508
450007,0,15,M2,0,False,0.0023479026381367967,0.996259961884662,0.9790548338377681,0.35,0.0,0.0,0.26893506180495025,0.07365114953368902,3.2870344676077363,0.18954758934676647,0.0,0.0,6.0987141309306026,8.098484382033348,0.15135732542060745,0.5922437318930338,8.926710903504597,3.6864984193784767,2.8229570447584957,0.39682406780714913,0.06563903550015504,0.14848392111825368,0.030853054192133578,0.06626562702781909,-0.05893937014722606,-0.02700599133775826,0.191487664121721,0.026295027347963743,0.8562500000000001,0.00482745883807783,0.0121283272658654,0.7197015188793848,0.04325481609970716,0.06443521395599479,0.05071654593653927,0.0021373616811444464,0.017693276147856027,0.011596521508701566,0.0028845851428851437,0.005193404880117394,0.0035237038044372048,0.013188869202738516,0.0028950913012170177,0.026291375259645096,2.0816681711721685e-17,1.3778659611992945e-05,2.755731922398589e-05,5.654850221085411,8343.202823795777
450007,0,15,M3,1,False,0.0023479026381367967,0.996259961884662,0.9790548338377681,0.35,0.0,0.0,0.26893506180495025,0.07365114953368902,3.2870344676077363,0.18954758934676647,0.0,0.0,6.0987141309306026,8.098484382033348,0.15135732542060745,0.5922437318930338,8.926710903504597,3.6864984193784767,2.8229570447584957,0.39682406780714913,0.06563903550015504,0.14848392111825368,0.030853054192133578,0.06626562702781909,-0.05893937014722606,-0.02700599133775826,0.191487664121721,0.026295027347963743,0.8562500000000001,0.00482745883807783,0.0121283272658654,0.7197015188793848,0.04325481609970716,0.06443521395599479,0.05071654593653927,0.0021373616811444464,0.017693276147856027,0.011596521508701566,0.0028845851428851437,0.005193404880117394,0.0035237038044372048,0.013188869202738516,0.0028950913012170177,0.026291375259645096,2.0816681711721685e-17,1.3778659611992945e-05,2.755731922398589e-05,5.654850221085411,8343.202823795777
450007,0,15,M2+O,2,False,0.0011234644445689706,0.996259961884662,0.9790548338377681,0.35,0.0,0.0,0.26893506180495025,0.07365114953368902,3.2870344676077363,0.18954758934676647,0.06948194053920671,0.0,6.0987141309306026,8.098484382033348,0.15139629721161676,0.591002177275516,8.736747045894658,3.7201153117566634,2.8310994833571237,0.4056242220287633,0.06698336909765072,0.1493292372630957,0.02956289122247661,0.06642450213616156,-0.05720235038138296,-0.025391743620806418,0.19462811301554148,0.02711769838084609,0.8583333333333334,0.004903542276270974,0.01246962810930903,0.6930177899995413,0.04386695393450573,0.06844492238204199,0.05494119322477347,0.002252893553585002,0.018117608567976656,0.011737215788974327,0.0030292601279306216,0.005435612594666552,0.0033460719534367236,0.013618886295092508,0.003036861342895516,0.025831580118160908,2.0816681711721685e-17,2.755731922398589e-05,2.755731922398589e-05,5.545251135041924,8354.869443325264
450007,0,15,M4,3,False,0.0011234644445689706,0.996259961884662,0.9790548338377681,0.35,0.0,0.0,0.26893506180495025,0.07365114953368902,3.2870344676077363,0.18954758934676647,0.06948194053920671,0.0,6.0987141309306026,8.098484382033348,0.15139629721161676,0.591002177275516,8.736747045894658,3.7201153117566634,2.8310994833571237,0.4056242220287633,0.06698336909765072,0.1493292372630957,0.02956289122247661,0.06642450213616156,-0.05720235038138296,-0.025391743620806418,0.19462811301554148,0.02711769838084609,0.8583333333333334,0.004903542276270974,0.01246962810930903,0.6930177899995413,0.04386695393450573,0.06844492238204199,0.05494119322477347,0.002252893553585002,0.018117608567976656,0.011737215788974327,0.0030292601279306216,0.005435612594666552,0.0033460719534367236,0.013618886295092508,0.003036861342895516,0.025831580118160908,2.0816681711721685e-17,2.755731922398589e-05,2.755731922398589e-05,5.545251135041924,8354.869443325264
450007,0,16,M2,0,True,0.0,0.996259961884662,0.9790548338377681,0.35,0.0,0.0,0.27431888692080975,0.06181873608380556,2.745128928869963,0.22651283517479898,0.0,0.0,5.591213259845972,8.767512990161777,0.15655938219605456,0.5958175101463142,7.96423555045002,3.599315301836801,2.9127632943996233,0.4476208025188974,0.09753636834017994,0.19473530133275893,0.06438865746117321,0.06916518084441946,-0.05128529375573323,-0.01907219813933723,0.24642661322896905,0.027685699337889575,0.8416666666666667,0.005118277549971605,0.012950934451964654,0.6520249945109337,0.04037548256345576,0.0708571405582579,0.053565100852604915,0.002720886801920426,0.018133494914883704,0.0114255435897488,0.0035490444423387987,0.008495342759449694,0.003882363716886014,0.01573389040283311,0.003290592592265088,0.02652361995390028,2.0816681711721685e-17,1.3778659611992945e-05,4.1335978835978834e-05,3.1736392209887136,3027.9018911394687
450007,0,16,M3,1,True,0.0,0.996259961884662,0.9790548338377681,0.35,0.0,0.0,0.27431888692080975,0.06181873608380556,2.745128928869963,0.22651283517479898,0.0,0.0,5.591213259845972,8.767512990161777,0.15655938219605456,0.5958175101463142,7.96423555045002,3.599315301836801,2.9127632943996233,0.4476208025188974,0.09753636834017994,0.19473530133275893,0.06438865746117321,0.06916518084441946,-0.05128529375573323,-0.01907219813933723,0.24642661322896905,0.027685699337889575,0.8416666666666667,0.005118277549971605,0.012950934451964654,0.6520249945109337,0.04037548256345576,0.0708571405582579,0.053565100852604915,0.002720886801920426,0.018133494914883704,0.0114255435897488,0.0035490444423387987,0.008495342759449694,0.003882363716886014,0.01573389040283311,0.003290592592265088,0.02652361995390028,2.0816681711721685e-17,1.3778659611992945e-05,4.1335978835978834e-05,3.1736392209887136,3027.9018911394687
450007,0,16,M2+O,2,True,0.0,0.996259961884662,0.9790548338377681,0.35,0.0,0.0,0.27431888692080975,0.06181873608380556,2.745128928869963,0.22651283517479898,0.2121842301297775,0.0,5.591213259845972,8.767512990161777,0.1550738376426403,0.5931269556827911,7.719205179104802,3.6086389444464615,2.9478684449815695,0.42667935468380486,0.10787475078586532,0.17980848868583443,0.05400851723856329,0.0735700630333292,-0.04270625664635316,-0.013061666663599448,0.2764347551395132,0.0344544241950954,0.8770833333333332,0.005408661475255022,0.012178370329087956,0.5338547522333748,0.05121555010315566,0.07029272629463258,0.05106482766842036,0.0031525128651456475,0.019101452038088565,0.012363983796005654,0.0038605871351830214,0.008757884297052963,0.003298988060099387,0.017042544085101457,0.004203937082544677,0.031562447684942534,2.0816681711721685e-17,2.755731922398589e-05,4.1335978835978834e-05,3.218825397137247,3043.715088017177
450007,0,16,M4,3,True,0.0,0.996259961884662,0.9790548338377681,0.35,0.0,0.0,0.27431888692080975,0.06181873608380556,2.745128928869963,0.22651283517479898,0.2121842301297775,0.0,5.591213259845972,8.767512990161777,0.1550738376426403,0.5931269556827911,7.719205179104802,3.6086389444464615,2.9478684449815695,0.42667935468380486,0.10787475078586532,0.17980848868583443,0.05400851723856329,0.0735700630333292,-0.04270625664635316,-0.013061666663599448,0.2764347551395132,0.0344544241950954,0.8770833333333332,0.005408661475255022,0.012178370329087956,0.5338547522333748,0.05121555010315566,0.07029272629463258,0.05106482766842036,0.0031525128651456475,0.019101452038088565,0.012363983796005654,0.0038605871351830214,0.008757884297052963,0.003298988060099387,0.017042544085101457,0.004203937082544677,0.031562447684942534,2.0816681711721685e-17,2.755731922398589e-05,4.1335978835978834e-05,3.218825397137247,3043.715088017177
450007,0,17,M2,0,False,3.2692640769089e-09,0.996259961884662,0.9790548338377681,0.35,0.0,0.0,0.2107140221633017,0.07251564121339471,3.1294893007725477,0.21084689751267433,0.0,0.0,6.359143438749015,6.029857037588954,0.1519416444074901,0.5966403115658975,9.035268440342321,3.695903012204744,2.7974687563878304,0.382879181451696,0.06999485402691195,0.16857523016964637,0.04031909899034276,0.06658862005776046,-0.05907224719941199,-0.026365166179531243,0.17047867864133512,0.021652444618888555,0.8145833333333332,0.003951155172821437,0.011073367200669136,0.7217104994583317,0.04272475554636497,0.06467795342746893,0.0465594514428036,0.002250912830419366,0.018747157822884185,0.011912338556161016,0.003140627158736767,0.006021680330248918,0.003501225660880658,0.011143973901546225,0.0025433704741052695,0.028785684638316635,2.0816681711721685e-17,1.3778659611992945e-05,1.3778659611992945e-05,4.745157514076457,13951.29906752849
450007,0,17,M3,1,False,3.2692640769089e-09,0.996259961884662,0.9790548338377681,0.35,0.0,0.0,0.2107140221633017,0.07251564121339471,3.1294893007725477,0.21084689751267433,0.0,0.0,6.359143438749015,6.029857037588954,0.1519416444074901,0.5966403115658975,9.035268440342321,3.695903012204744,2.7974687563878304,0.382879181451696,0.06999485402691195,0.16857523016964637,0.04031909899034276,0.06658862005776046,-0.05907224719941199,-0.026365166179531243,0.17047867864133512,0.021652444618888555,0.8145833333333332,0.003951155172821437,0.011073367200669136,0.7217104994583317,0.04272475554636497,0.06467795342746893,0.0465594514428036,0.002250912830419366,0.018747157822884185,0.011912338556161016,0.003140627158736767,0.006021680330248918,0.003501225660880658,0.011143973901546225,0.0025433704741052695,0.028785684638316635,2.0816681711721685e-17,1.3778659611992945e-05,1.3778659611992945e-05,4.745157514076457,13951.29906752849
450007,0,17,M2+O,2,True,0.0,0.996259961884662,0.9790548338377681,0.35,0.0,0.0,0.2107140221633017,0.07251564121339471,3.1294893007725477,0.21084689751267433,0.022073353820592844,0.0,6.359143438749015,6.029857037588954,0.15200721070087994,0.5972130374850998,8.96364928283145,3.6952287677540547,2.8124004089258534,0.38003800372136576,0.0702626186790714,0.16907127035074318,0.04001849576751765,0.0666049574675553,-0.05855498601594252,-0.02594782680790564,0.1706185244859024,0.02169809698934434,0.8125,0.003975709410617371,0.011366791163801187,0.7108149176586539,0.04279617783573098,0.06888764646519639,0.047097347162402874,0.0022872260008401815,0.01884230833656573,0.011916675255823227,0.0031945129755966053,0.0060872905195355174,0.0034239865158988917,0.011242902162719288,0.0025668801508665763,0.028432796433757238,2.0816681711721685e-17,1.3778659611992945e-05,1.3778659611992945e-05,4.715155858494882,13956.340090742016
450007,0,17,M4,3,True,0.0,0.996259961884662,0.9790548338377681,0.35,0.0,0.0,0.2107140221633017,0.07251564121339471,3.1294893007725477,0.21084689751267433,0.022073353820592844,0.0,6.359143438749015,6.029857037588954,0.15200721070087994,0.5972130374850998,8.96364928283145,3.6952287677540547,2.8124004089258534,0.38003800372136576,0.0702626186790714,0.16907127035074318,0.04001849576751765,0.0666049574675553,-0.05855498601594252,-0.02594782680790564,0.1706185244859024,0.02169809698934434,0.8125,0.003975709410617371,0.011366791163801187,0.7108149176586539,0.04279617783573098,0.06888764646519639,0.047097347162402874,0.0022872260008401815,0.01884230833656573,0.011916675255823227,0.0031945129755966053,0.0060872905195355174,0.0034239865158988917,0.011242902162719288,0.0025668801508665763,0.028432796433757238,2.0816681711721685e-17,1.3778659611992945e-05,1.3778659611992945e-05,4.715155858494882,13956.340090742016
450007,0,18,M2,0,True,0.0,0.996259961884662,0.9790548338377681,0.35,0.0,0.0,0.2333221411332488,0.0694007444800809,2.9358963377773764,0.24959932155907155,0.0,0.0,6.073741978500038,7.956517500802875,0.14927178969052993,0.6136182279380272,9.817174434886667,3.7797017055184003,2.770957521526866,0.4251575981959905,0.08583404774437597,0.18502203788015104,0.05130129161896746,0.06967941136561595,-0.05321233043519533,-0.021052958723205215,0.19519791677650286,0.025941521726210035,0.8354166666666667,0.0042260526558837615,0.012656442389809081,0.7680765440652673,0.04726707081735363,0.05974247209460662,0.049249992369480446,0.0025045682410897523,0.01831390661559097,0.011977832391326094,0.003675890214835989,0.007931232404807788,0.0036862088117756396,0.012387216989028517,0.0028328233761332256,0.02378937747559462,2.0816681711721685e-17,2.755731922398589e-05,4.1335978835978834e-05,4.123104027087425,7926.0695043105125
450007,0,18,M3,1,True,0.0,0.996259961884662,0.9790548338377681,0.35,0.0,0.0,0.2333221411332488,0.0694007444800809,2.9358963377773764,0.24959932155907155,0.0,0.0,6.073741978500038,7.956517500802875,0.14927178969052993,0.6136182279380272,9.817174434886667,3.7797017055184003,2.770957521526866,0.4251575981959905,0.08583404774437597,0.18502203788015104,0.05130129161896746,0.06967941136561595,-0.05321233043519533,-0.021052958723205215,0.19519791677650286,0.025941521726210035,0.8354166666666667,0.0042260526558837615,0.012656442389809081,0.7680765440652673,0.04726707081735363,0.05974247209460662,0.049249992369480446,0.0025045682410897523,0.01831390661559097,0.011977832391326094,0.003675890214835989,0.007931232404807788,0.0036862088117756396,0.012387216989028517,0.0028328233761332256,0.02378937747559462,2.0816681711721685e-17,2.755731922398589e-05,4.1335978835978834e-05,4.123104027087425,7926.0695043105125
450007,0,18,M2+O,2,True,0.0,0.996259961884662,0.9790548338377681,0.35,0.0,0.0,0.2333221411332488,0.0694007444800809,2.9358963377773764,0.24959932155907155,0.04776055824152218,0.0,6.073741978500038,7.956517500802875,0.14938353539446006,0.6124355398182756,9.659299518297665,3.773086612207431,2.7772763067792456,0.4386196834011266,0.08666893139949734,0.18518352708444233,0.050706351694374784,0.0703978117023092,-0.05194813279319346,-0.020132004022207,0.19656468088028253,0.02603278061232359,0.8375,0.004278505728293378,0.012364397317809804,0.7368621014610768,0.04567126993557809,0.06210907661139792,0.04892175021259298,0.0025914586503144785,0.018451870588291397,0.012144620371497016,0.0037792421311618556,0.008026243226142633,0.0035202724087436254,0.012632860242636587,0.002900899867925103,0.023935677693908454,2.0816681711721685e-17,4.1335978835978834e-05,4.1335978835978834e-05,4.086809303149077,7932.205501492647
450007,0,18,M4,3,True,0.0,0.996259961884662,0.9790548338377681,0.35,0.0,0.0,0.2333221411332488,0.0694007444800809,2.9358963377773764,0.24959932155907155,0.04776055824152218,0.0,6.073741978500038,7.956517500802875,0.14938353539446006,0.6124355398182756,9.659299518297665,3.773086612207431,2.7772763067792456,0.4386196834011266,0.08666893139949734,0.18518352708444233,0.050706351694374784,0.0703978117023092,-0.05194813279319346,-0.020132004022207,0.19656468088028253,0.02603278061232359,0.8375,0.004278505728293378,0.012364397317809804,0.7368621014610768,0.04567126993557809,0.06210907661139792,0.04892175021259298,0.0025914586503144785,0.018451870588291397,0.012144620371497016,0.0037792421311618556,0.008026243226142633,0.0035202724087436254,0.012632860242636587,0.002900899867925103,0.023935677693908454,2.0816681711721685e-17,4.1335978835978834e-05,4.1335978835978834e-05,4.086809303149077,7932.205501492647
450007,0,19,M2,0,False,0.008196337682884103,0.996259961884662,0.9790548338377681,0.35,0.0,0.0,0.29389928011223676,0.0837265725620091,3.151984858140349,0.19276041217148304,0.0,0.0,5.306607499253005,6.847492961212993,0.14654800382516595,0.603754302098841,10.133574445568227,3.802812396624269,2.7536272196479046,0.415326480907471,0.061851973537637404,0.13528844931808912,0.022257956259610735,0.06661784137182176,-0.05702035578842221,-0.026767914965794976,0.1875990550527303,0.029177245384969092,0.8874999999999998,0.005015982500016002,0.01195807143999572,0.820689278562121,0.046214936006235094,0.06416468235786378,0.05210204299022498,0.0020464592102496996,0.017135479809287542,0.011425518622637612,0.0030118825752184462,0.004828475628551537,0.0034620394059359048,0.013137434960211712,0.0030080673259663348,0.0217549761090939,2.0816681711721685e-17,0.00017912257495590828,0.00020667989417989417,6.237491882414886,2040.1572199655593
450007,0,19,M3,1,False,0.008196337682884103,0.996259961884662,0.9790548338377681,0.35,0.0,0.0,0.29389928011223676,0.0837265725620091,3.151984858140349,0.19276041217148304,0.0,0.0,5.306607499253005,6.847492961212993,0.14654800382516595,0.603754302098841,10.133574445568227,3.802812396624269,2.7536272196479046,0.415326480907471,0.061851973537637404,0.13528844931808912,0.022257956259610735,0.06661784137182176,-0.05702035578842221,-0.026767914965794976,0.1875990550527303,0.029177245384969092,0.8874999999999998,0.005015982500016002,0.01195807143999572,0.820689278562121,0.046214936006235094,0.06416468235786378,0.05210204299022498,0.0020464592102496996,0.017135479809287542,0.011425518622637612,0.0030118825752184462,0.004828475628551537,0.0034620394059359048,0.013137434960211712,0.0030080673259663348,0.0217549761090939,2.0816681711721685e-17,0.00017912257495590828,0.00020667989417989417,6.237491882414886,2040.1572199655593
450007,0,19,M2+O,2,False,0.0027295467096810767,0.996259961884662,0.9790548338377681,0.35,0.0,0.0,0.29389928011223676,0.0837265725620091,3.151984858140349,0.19276041217148304,0.13119263357491437,0.0,5.306607499253005,6.847492961212993,0.14632087453572487,0.6016140927560389,9.829640419616217,3.8036662343844054,2.735701413586684,0.3664049810343959,0.06529794424231096,0.13503520293380208,0.01992173571635815,0.06748910741845249,-0.05353801814706586,-0.023266800912456486,0.19767835491462715,0.03170463329262123,0.8833333333333334,0.0051687738852618645,0.01286638856892925,0.7680972119926105,0.044324627639876046,0.06432201300605839,0.04929977877414738,0.002265675892153477,0.01792292060419555,0.011643473405848304,0.0032345348878699224,0.005304896997334152,0.0032038536412358604,0.01397622090475516,0.0033047188606488585,0.024014387796819615,2.0816681711721685e-17,0.00016534391534391533,0.00019290123456790122,6.038373068986975,2012.6649486775607
450007,0,19,M4,3,False,0.0027295467096810767,0.996259961884662,0.9790548338377681,0.35,0.0,0.0,0.29389928011223676,0.0837265725620091,3.151984858140349,0.19276041217148304,0.13119263357491437,0.0,5.306607499253005,6.847492961212993,0.14632087453572487,0.6016140927560389,9.829640419616217,3.8036662343844054,2.735701413586684,0.3664049810343959,0.06529794424231096,0.13503520293380208,0.01992173571635815,0.06748910741845249,-0.05353801814706586,-0.023266800912456486,0.19767835491462715,0.03170463329262123,0.8833333333333334,0.0051687738852618645,0.01286638856892925,0.7680972119926105,0.044324627639876046,0.06432201300605839,0.04929977877414738,0.002265675892153477,0.01792292060419555,0.011643473405848304,0.0032345348878699224,0.005304896997334152,0.0032038536412358604,0.01397622090475516,0.0033047188606488585,0.024014387796819615,2.0816681711721685e-17,0.00016534391534391533,0.00019290123456790122,6.038373068986975,2012.6649486775607
450007,0,20,M2,0,True,0.0,0.996259961884662,0.9790548338377681,0.35,0.0,0.0,0.2853641238063574,0.066921036564745,3.004666529595852,0.18090405613183974,0.0,0.0,5.5569867682643235,7.624283714219928,0.15809243735637876,0.5755993300162902,7.357538773117311,3.5640940509865753,2.976472044016481,0.4261248004534102,0.07751840407837268,0.16266137143905923,0.04580537957681827,0.0661448311627656,-0.0583968627672117,-0.02441229459736219,0.23696284364830011,0.027252939511692952,0.8708333333333332,0.005356640152460013,0.013672996026501908,0.6387855275959977,0.03502550335018272,0.07471754298958644,0.06044426523454859,0.0023745526816174654,0.017635280541566767,0.011600948895930628,0.002959844210780963,0.006142223122429038,0.003750523476844562,0.01578100698035311,0.003168485311594377,0.024248985236998158,2.0816681711721685e-17,1.3778659611992945e-05,1.3778659611992945e-05,3.8939529622219733,2833.701092979247
450007,0,20,M3,1,True,0.0,0.996259961884662,0.9790548338377681,0.35,0.0,0.0,0.2853641238063574,0.066921036564745,3.004666529595852,0.18090405613183974,0.0,0.0,5.5569867682643235,7.624283714219928,0.15809243735637876,0.5755993300162902,7.357538773117311,3.5640940509865753,2.976472044016481,0.4261248004534102,0.07751840407837268,0.16266137143905923,0.04580537957681827,0.0661448311627656,-0.0583968627672117,-0.02441229459736219,0.23696284364830011,0.027252939511692952,0.8708333333333332,0.005356640152460013,0.013672996026501908,0.6387855275959977,0.03502550335018272,0.07471754298958644,0.06044426523454859,0.0023745526816174654,0.017635280541566767,0.011600948895930628,0.002959844210780963,0.006142223122429038,0.003750523476844562,0.01578100698035311,0.003168485311594377,0.024248985236998158,2.0816681711721685e-17,1.3778659611992945e-05,1.3778659611992945e-05,3.8939529622219733,2833.701092979247
450007,0,20,M2+O,2,True,0.0,0.996259961884662,0.9790548338377681,0.35,0.0,0.0,0.2853641238063574,0.066921036564745,3.004666529595852,0.18090405613183974,0.07382451393861636,0.0,5.5569867682643235,7.624283714219928,0.15806936041024736,0.5730672274066392,7.172848731150474,3.57289250772062,2.980814803067949,0.41320754215140715,0.07928525660918138,0.1627304074798606,0.0441420557539936,0.06634069623772525,-0.056267041145695335,-0.022621410294056454,0.24110556332613461,0.028303507456790028,0.8729166666666667,0.005431262390142283,0.013580814507433914,0.6090530956764639,0.03510411350320999,0.07303879344494153,0.050326155764575914,0.0025143294079144514,0.018132596216942225,0.011806805631639414,0.003103282515366769,0.006431548097993348,0.0035399912960484893,0.016314261359479082,0.0033579281900354076,0.027083333333333334,2.0816681711721685e-17,1.3778659611992945e-05,2.755731922398589e-05,3.8596996197808076,2839.2034750658713
450007,0,20,M4,3,True,0.0,0.996259961884662,0.9790548338377681,0.35,0.0,0.0,0.2853641238063574,0.066921036564745,3.004666529595852,0.18090405613183974,0.07382451393861636,0.0,5.5569867682643235,7.624283714219928,0.15806936041024736,0.5730672274066392,7.172848731150474,3.57289250772062,2.980814803067949,0.41320754215140715,0.07928525660918138,0.1627304074798606,0.0441420557539936,0.06634069623772525,-0.056267041145695335,-0.022621410294056454,0.24110556332613461,0.028303507456790028,0.8729166666666667,0.005431262390142283,0.013580814507433914,0.6090530956764639,0.03510411350320999,0.07303879344494153,0.050326155764575914,0.0025143294079144514,0.018132596216942225,0.011806805631639414,0.003103282515366769,0.006431548097993348,0.0035399912960484893,0.016314261359479082,0.0033579281900354076,0.027083333333333334,2.0816681711721685e-17,1.3778659611992945e-05,2.755731922398589e-05,3.8596996197808076,2839.2034750658713
450007,0,21,M2,0,True,0.0,0.996259961884662,0.9790548338377681,0.35,0.0,0.0,0.24985972577705978,0.08074341848492622,2.7879210490733386,0.2564136388897896,0.0,0.0,6.2897146246396005,7.174714235588908,0.1443501783244325,0.620974696241022,10.887449046317323,3.8623021827122153,2.6907614167031917,0.429876328620536,0.0798038218855331,0.17241376139243525,0.04088090946398155,0.0698643728655058,-0.05318101905452094,-0.021240499368574806,0.1870038158573454,0.028039187203172843,0.8541666666666666,0.004305619956087042,0.012271120202967384,0.8395794654640566,0.04599763972322737,0.06195471648941076,0.050607786830976845,0.0023779216302143792,0.01823979115885072,0.01185836114257411,0.0037082127338968255,0.007404174267765007,0.0036043911760690705,0.012094501928062683,0.002888695547037467,0.024435041559994274,2.0816681711721685e-17,4.1335978835978834e-05,5.511463844797178e-05,4.449789712988501,12204.693108722482
450007,0,21,M3,1,True,0.0,0.996259961884662,0.9790548338377681,0.35,0.0,0.0,0.24985972577705978,0.08074341848492622,2.7879210490733386,0.2564136388897896,0.0,0.0,6.2897146246396005,7.174714235588908,0.1443501783244325,0.620974696241022,10.887449046317323,3.8623021827122153,2.6907614167031917,0.429876328620536,0.0798038218855331,0.17241376139243525,0.04088090946398155,0.0698643728655058,-0.05318101905452094,-0.021240499368574806,0.1870038158573454,0.028039187203172843,0.8541666666666666,0.004305619956087042,0.012271120202967384,0.8395794654640566,0.04599763972322737,0.06195471648941076,0.050607786830976845,0.0023779216302143792,0.01823979115885072,0.01185836114257411,0.0037082127338968255,0.007404174267765007,0.0036043911760690705,0.012094501928062683,0.002888695547037467,0.024435041559994274,2.0816681711721685e-17,4.1335978835978834e-05,5.511463844797178e-05,4.449789712988501,12204.693108722482
450007,0,21,M2+O,2,True,0.0,0.996259961884662,0.9790548338377681,0.35,0.0,0.0,0.24985972577705978,0.08074341848492622,2.7879210490733386,0.2564136388897896,0.05298770697682681,0.0,6.2897146246396005,7.174714235588908,0.14446905632050056,0.6184758415459849,10.716045191871197,3.8555100961019098,2.688890258891441,0.4105866933709019,0.0806762735959334,0.17265366009509497,0.040387425363127574,0.07071602132265041,-0.05184964412376599,-0.020238274341848956,0.18855275415936654,0.028160192595006055,0.8541666666666666,0.004363114580768761,0.012315274875890644,0.8043188201733211,0.04297468342773388,0.057843498439874325,0.04439286685884593,0.0024715137153164604,0.018367024873288798,0.011985909028165247,0.0038420048373977137,0.007527589982574764,0.0034358902573789455,0.01234979485328065,0.002954480206157603,0.024248985236998158,2.0816681711721685e-17,4.1335978835978834e-05,5.511463844797178e-05,4.405346177567612,12215.618384935815
450007,0,21,M4,3,True,0.0,0.996259961884662,0.9790548338377681,0.35,0.0,0.0,0.24985972577705978,0.08074341848492622,2.7879210490733386,0.2564136388897896,0.05298770697682681,0.0,6.2897146246396005,7.174714235588908,0.14446905632050056,0.6184758415459849,10.716045191871197,3.8555100961019098,2.688890258891441,0.4105866933709019,0.0806762735959334,0.17265366009509497,0.040387425363127574,0.07071602132265041,-0.05184964412376599,-0.020238274341848956,0.18855275415936654,0.028160192595006055,0.8541666666666666,0.004363114580768761,0.012315274875890644,0.8043188201733211,0.04297468342773388,0.057843498439874325,0.04439286685884593,0.0024715137153164604,0.018367024873288798,0.011985909028165247,0.0038420048373977137,0.007527589982574764,0.0034358902573789455,0.01234979485328065,0.002954480206157603,0.024248985236998158,2.0816681711721685e-17,4.1335978835978834e-05,5.511463844797178e-05,4.405346177567612,12215.618384935815
450007,0,22,M2,0,True,0.0,0.996259961884662,0.9790548338377681,0.35,0.0,0.0,0.21934264209121468,0.06507959863170981,3.2768081992864606,0.20266117803752423,0.0,0.0,5.824183402583003,8.253249479457736,0.15543336583087078,0.5876236303921621,8.194146763309226,3.6268919471678225,2.8876176003140004,0.40170742527217546,0.07362887658326857,0.1742218075814381,0.046409169247289876,0.06643491526284064,-0.05969554343534997,-0.02610289508654017,0.18553369841670422,0.02149493878709698,0.8125,0.004181072952648288,0.011550025696531676,0.672274705379679,0.03956174027003954,0.07280847576671663,0.050780516356190734,0.0023338201482220287,0.018748398030123875,0.011894067736691402,0.003105745879403608,0.006237941212889672,0.0035905810510766046,0.012180457831571486,0.0026284261430967867,0.028591640107870187,2.0816681711721685e-17,1.3778659611992945e-05,2.755731922398589e-05,4.610878229336999,4822.719767525311
450007,0,22,M3,1,True,0.0,0.996259961884662,0.9790548338377681,0.35,0.0,0.0,0.21934264209121468,0.06507959863170981,3.2768081992864606,0.20266117803752423,0.0,0.0,5.824183402583003,8.253249479457736,0.15543336583087078,0.5876236303921621,8.194146763309226,3.6268919471678225,2.8876176003140004,0.40170742527217546,0.07362887658326857,0.1742218075814381,0.046409169247289876,0.06643491526284064,-0.05969554343534997,-0.02610289508654017,0.18553369841670422,0.02149493878709698,0.8125,0.004181072952648288,0.011550025696531676,0.672274705379679,0.03956174027003954,0.07280847576671663,0.050780516356190734,0.0023338201482220287,0.018748398030123875,0.011894067736691402,0.003105745879403608,0.006237941212889672,0.0035905810510766046,0.012180457831571486,0.0026284261430967867,0.028591640107870187,2.0816681711721685e-17,1.3778659611992945e-05,2.755731922398589e-05,4.610878229336999,4822.719767525311
450007,0,22,M2+O,2,True,0.0,0.996259961884662,0.9790548338377681,0.35,0.0,0.0,0.21934264209121468,0.06507959863170981,3.2768081992864606,0.20266117803752423,0.033084380497587614,0.0,5.824183402583003,8.253249479457736,0.15551053947703955,0.5886648200138181,8.090928610840812,3.637973726096115,2.8959753213057575,0.3990853272874848,0.07412584333228511,0.17479879252692276,0.04573902993378783,0.0664739962037813,-0.05885275663750966,-0.0254636327466304,0.18614420896210834,0.021654366873044312,0.8229166666666666,0.004217859265228058,0.011786789677017339,0.6565858599540727,0.03709807652539237,0.0702079614724528,0.048789713622734994,0.0023919117790331293,0.018928655242354528,0.01196849474505269,0.00318089170694555,0.006344402994963591,0.0034737684304874472,0.01235623800742153,0.002676040538242356,0.027415741581679493,2.0816681711721685e-17,1.3778659611992945e-05,2.755731922398589e-05,4.5694226049343465,4825.931744561262
450007,0,22,M4,3,True,0.0,0.996259961884662,0.9790548338377681,0.35,0.0,0.0,0.21934264209121468,0.06507959863170981,3.2768081992864606,0.20266117803752423,0.033084380497587614,0.0,5.824183402583003,8.253249479457736,0.15551053947703955,0.5886648200138181,8.090928610840812,3.637973726096115,2.8959753213057575,0.3990853272874848,0.07412584333228511,0.17479879252692276,0.04573902993378783,0.0664739962037813,-0.05885275663750966,-0.0254636327466304,0.18614420896210834,0.021654366873044312,0.8229166666666666,0.004217859265228058,0.011786789677017339,0.6565858599540727,0.03709807652539237,0.0702079614724528,0.048789713622734994,0.0023919117790331293,0.018928655242354528,0.01196849474505269,0.00318089170694555,0.006344402994963591,0.0034737684304874472,0.01235623800742153,0.002676040538242356,0.027415741581679493,2.0816681711721685e-17,1.3778659611992945e-05,2.755731922398589e-05,4.5694226049343465,4825.931744561262
450007,0,23,M2,0,True,0.0,0.996259961884662,0.9790548338377681,0.35,0.0,0.0,0.25806931434199215,0.07628014065790922,2.8931047920137645,0.23965651862323284,0.0,0.0,5.092159022577107,6.549499271437526,0.1475679272541258,0.6129937185688137,10.229901284500366,3.789787698431219,2.720578091895678,0.4007532609932558,0.07931520884634265,0.17374312054611554,0.04246099044742522,0.06907994648348247,-0.05506573010378294,-0.022073211671712407,0.19605374149289764,0.027857433077145655,0.8562500000000001,0.004531560346875344,0.012769452582154015,0.8577727469060932,0.04318797198160677,0.06084911229139115,0.043549536608653065,0.002386095327014217,0.018274466993303838,0.011868752531108116,0.0035631882087864366,0.007118267339629638,0.003628140943124922,0.012795602756063233,0.002966411442762961,0.024135881191072458,2.0816681711721685e-17,0.00026179453262786595,0.00038580246913580245,4.453547886681942,1302.3381495985182
450007,0,23,M3,1,True,0.0,0.996259961884662,0.9790548338377681,0.35,0.0,0.0,0.25806931434199215,0.07628014065790922,2.8931047920137645,0.23965651862323284,0.0,0.0,5.092159022577107,6.549499271437526,0.1475679272541258,0.6129937185688137,10.229901284500366,3.789787698431219,2.720578091895678,0.4007532609932558,0.07931520884634265,0.17374312054611554,0.04246099044742522,0.06907994648348247,-0.05506573010378294,-0.022073211671712407,0.19605374149289764,0.027857433077145655,0.8562500000000001,0.004531560346875344,0.012769452582154015,0.8577727469060932,0.04318797198160677,0.06084911229139115,0.043549536608653065,0.002386095327014217,0.018274466993303838,0.011868752531108116,0.0035631882087864366,0.007118267339629638,0.003628140943124922,0.012795602756063233,0.002966411442762961,0.024135881191072458,2.0816681711721685e-17,0.00026179453262786595,0.00038580246913580245,4.453547886681942,1302.3381495985182
450007,0,23,M2+O,2,True,0.0,0.996259961884662,0.9790548338377681,0.35,0.0,0.0,0.25806931434199215,0.07628014065790922,2.8931047920137645,0.23965651862323284,0.16454687114128402,0.0,5.092159022577107,6.549499271437526,0.1471331039837856,0.6094620821948912,9.839074942552516,3.792203454627567,2.7402655270870775,0.38725097297064276,0.08479901131333382,0.1690709096340044,0.037481166970811164,0.07206051464547404,-0.04974114700299279,-0.017873560474023664,0.21263189257505566,0.03135267968819367,0.8666666666666667,0.004759225733936959,0.012284280840024038,0.7475005364021906,0.04057172807521561,0.06028623461024629,0.04716081704866909,0.0027178217582613288,0.018936783908238844,0.012317148033874929,0.00396998054792806,0.0075460908080433415,0.0031675314870950595,0.013803796199147707,0.0034243424667145497,0.028657565120703173,2.0816681711721685e-17,0.00023423721340388006,0.00038580246913580245,4.3745024898782185,1291.5751468129347
450007,0,23,M4,3,True,0.0,0.996259961884662,0.9790548338377681,0.35,0.0,0.0,0.25806931434199215,0.07628014065790922,2.8931047920137645,0.23965651862323284,0.16454687114128402,0.0,5.092159022577107,6.549499271437526,0.1471331039837856,0.6094620821948912,9.839074942552516,3.792203454627567,2.7402655270870775,0.38725097297064276,0.08479901131333382,0.1690709096340044,0.037481166970811164,0.07206051464547404,-0.04974114700299279,-0.017873560474023664,0.21263189257505566,0.03135267968819367,0.8666666666666667,0.004759225733936959,0.012284280840024038,0.7475005364021906,0.04057172807521561,0.06028623461024629,0.04716081704866909,0.0027178217582613288,0.018936783908238844,0.012317148033874929,0.00396998054792806,0.0075460908080433415,0.0031675314870950595,0.013803796199147707,0.0034243424667145497,0.028657565120703173,2.0816681711721685e-17,0.00023423721340388006,0.00038580246913580245,4.3745024898782185,1291.5751468129347
450007,0,24,M2,0,True,0.0,0.996259961884662,0.9790548338377681,0.35,0.0,0.0,0.25229498287662866,0.07130121480673551,3.2424582408741114,0.25054258555173875,0.0,0.0,5.1947883064858615,7.697029176168144,0.14532586397832206,0.6187024511147473,10.832854272775814,3.825803006221154,2.7002355694696956,0.41491652122632106,0.07912315939344584,0.17391943175362437,0.0399182297907198,0.07009927723987751,-0.05535154354091681,-0.022227231597073353,0.18937643269908713,0.027974332185723014,0.8562499999999998,0.004380849267978979,0.012708822351324558,0.9034520589652283,0.04306585221140113,0.06208653323136856,0.04629922136371129,0.0023739848477552384,0.01824678810967045,0.011988679903509844,0.003699736593695065,0.007219491878824157,0.003603458593812894,0.012212672324213622,0.002920916223256527,0.023947500701640506,2.0816681711721685e-17,0.0003444664902998236,0.0004271384479717813,5.555314131448604,1636.9070701287776
450007,0,24,M3,1,True,0.0,0.996259961884662,0.9790548338377681,0.35,0.0,0.0,0.25229498287662866,0.07130121480673551,3.2424582408741114,0.25054258555173875,0.0,0.0,5.1947883064858615,7.697029176168144,0.14532586397832206,0.6187024511147473,10.832854272775814,3.825803006221154,2.7002355694696956,0.41491652122632106,0.07912315939344584,0.17391943175362437,0.0399182297907198,0.07009927723987751,-0.05535154354091681,-0.022227231597073353,0.18937643269908713,0.027974332185723014,0.8562499999999998,0.004380849267978979,0.012708822351324558,0.9034520589652283,0.04306585221140113,0.06208653323136856,0.04629922136371129,0.0023739848477552384,0.01824678810967045,0.011988679903509844,0.003699736593695065,0.007219491878824157,0.003603458593812894,0.012212672324213622,0.002920916223256527,0.023947500701640506,2.0816681711721685e-17,0.0003444664902998236,0.0004271384479717813,5.555314131448604,1636.9070701287776
450007,0,24,M2+O,2,True,0.0,0.996259961884662,0.9790548338377681,0.35,0.0,0.0,0.25229498287662866,0.07130121480673551,3.2424582408741114,0.25054258555173875,0.027300393382453058,0.0,5.1947883064858615,7.697029176168144,0.14540928903827158,0.6181450294464015,10.736389171223495,3.8197186738390365,2.6861787002747026,0.41007491834678894,0.07947055996273145,0.17425549090168033,0.039577502208036464,0.0704929165150954,-0.05469579504592454,-0.021742998369849196,0.18972281092992058,0.027963038514087674,0.8520833333333333,0.004408357011291547,0.012674009123767656,0.8848269415956544,0.04248709729101931,0.058431144998201574,0.044474567627103424,0.002420401578237286,0.01830732699916372,0.012021876389351977,0.0037659960017188353,0.007292308861495561,0.003520176857081952,0.012336979157882628,0.0029448122943886816,0.024539078318761273,2.0816681711721685e-17,0.0003444664902998236,0.00041335978835978834,5.521058092412569,1633.1890459808465
450007,0,24,M4,3,True,0.0,0.996259961884662,0.9790548338377681,0.35,0.0,0.0,0.25229498287662866,0.07130121480673551,3.2424582408741114,0.25054258555173875,0.027300393382453058,0.0,5.1947883064858615,7.697029176168144,0.14540928903827158,0.6181450294464015,10.736389171223495,3.8197186738390365,2.6861787002747026,0.41007491834678894,0.07947055996273145,0.17425549090168033,0.039577502208036464,0.0704929165150954,-0.05469579504592454,-0.021742998369849196,0.18972281092992058,0.027963038514087674,0.8520833333333333,0.004408357011291547,0.012674009123767656,0.8848269415956544,0.04248709729101931,0.058431144998201574,0.044474567627103424,0.002420401578237286,0.01830732699916372,0.012021876389351977,0.0037659960017188353,0.007292308861495561,0.003520176857081952,0.012336979157882628,0.0029448122943886816,0.024539078318761273,2.0816681711721685e-17,0.0003444664902998236,0.00041335978835978834,5.521058092412569,1633.1890459808465
450007,0,25,M2,0,False,0.007378447008767082,0.996259961884662,0.9790548338377681,0.35,0.0,0.0,0.2128114739432931,0.0819786664703861,2.857141142897308,0.18745961993932725,0.0,0.0,5.950249812100083,7.481925803236663,0.15308507984635478,0.5911215056673265,8.740943213624822,3.6677662644111755,2.8138135481161832,0.3634145805579629,0.06226919016072616,0.15410896740714666,0.03295991862703734,0.0652714216123419,-0.05914141124131788,-0.028528469737958643,0.16274321144098033,0.02074832187988974,0.8104166666666667,0.003997425700232936,0.010764732631215818,0.7002890955002459,0.04628781473627343,0.06393457033805355,0.04517245134002153,0.002096299304241455,0.018244141239031748,0.011831624948149851,0.0027680841988229152,0.005028215881502917,0.003387333393389393,0.011008754900674902,0.0024409805993780586,0.028706909526965318,2.0816681711721685e-17,1.3778659611992945e-05,1.3778659611992945e-05,4.277058252431444,6193.878785754496
450007,0,25,M3,1,False,0.007378447008767082,0.996259961884662,0.9790548338377681,0.35,0.0,0.0,0.2128114739432931,0.0819786664703861,2.857141142897308,0.18745961993932725,0.0,0.0,5.950249812100083,7.481925803236663,0.15308507984635478,0.5911215056673265,8.740943213624822,3.6677662644111755,2.8138135481161832,0.3634145805579629,0.06226919016072616,0.15410896740714666,0.03295991862703734,0.0652714216123419,-0.05914141124131788,-0.028528469737958643,0.16274321144098033,0.02074832187988974,0.8104166666666667,0.003997425700232936,0.010764732631215818,0.7002890955002459,0.04628781473627343,0.06393457033805355,0.04517245134002153,0.002096299304241455,0.018244141239031748,0.011831624948149851,0.0027680841988229152,0.005028215881502917,0.003387333393389393,0.011008754900674902,0.0024409805993780586,0.028706909526965318,2.0816681711721685e-17,1.3778659611992945e-05,1.3778659611992945e-05,4.277058252431444,6193.878785754496
450007,0,25,M2+O,2,True,0.0,0.996259961884662,0.9790548338377681,0.35,0.0,0.0,0.2128114739432931,0.0819786664703861,2.857141142897308,0.18745961993932725,0.23350648217868042,0.0,5.950249812100083,7.481925803236663,0.15134050430323023,0.5896538853306331,8.486474079161498,3.69900912085648,2.885623732903035,0.42515858317727157,0.07380616189573358,0.14316665304062395,0.02381129881074634,0.06848703470957318,-0.05058910289970856,-0.020326962155314758,0.2019633958479552,0.02974359964140265,0.8645833333333334,0.004455118856182599,0.010965458369311816,0.6223092825812516,0.04529624349048948,0.0680195903653193,0.0513669023494857,0.0025485153329579966,0.019766660567297346,0.0127577777232633,0.0033911507396740246,0.005919320692119521,0.002954628982425405,0.013007516630280037,0.003170553895078999,0.027662426556525538,2.0816681711721685e-17,2.755731922398589e-05,2.755731922398589e-05,4.126549399891033,6227.720569271084
450007,0,25,M4,3,True,0.0,0.996259961884662,0.9790548338377681,0.35,0.0,0.0,0.2128114739432931,0.0819786664703861,2.857141142897308,0.18745961993932725,0.23350648217868042,0.0,5.950249812100083,7.481925803236663,0.15134050430323023,0.5896538853306331,8.486474079161498,3.69900912085648,2.885623732903035,0.42515858317727157,0.07380616189573358,0.14316665304062395,0.02381129881074634,0.06848703470957318,-0.05058910289970856,-0.020326962155314758,0.2019633958479552,0.02974359964140265,0.8645833333333334,0.004455118856182599,0.010965458369311816,0.6223092825812516,0.04529624349048948,0.0680195903653193,0.0513669023494857,0.0025485153329579966,0.019766660567297346,0.0127577777232633,0.0033911507396740246,0.005919320692119521,0.002954628982425405,0.013007516630280037,0.003170553895078999,0.027662426556525538,2.0816681711721685e-17,2.755731922398589e-05,2.755731922398589e-05,4.126549399891033,6227.720569271084
450007,0,26,M2,0,True,0.0,0.996259961884662,0.9790548338377681,0.35,0.0,0.0,0.24332936750724912,0.0601364664407447,3.038868862576783,0.23370719604194165,0.0,0.0,6.421457636170089,8.555320414714515,0.15480651057701936,0.6004117072916318,8.465356508839259,3.6534421871969514,2.8754739152402524,0.43423626116202513,0.09219667937473996,0.1941088623914932,0.061034406169958665,0.06898972314315123,-0.05323210933775127,-0.02061253343322419,0.2182196300861221,0.025222216612975457,0.8312499999999999,0.004553463560841658,0.01292533312040048,0.6807221565705077,0.04439778862322854,0.07050137061339654,0.05362268292793691,0.002638970596279522,0.01837158904717942,0.011700513598608256,0.0035566816067353914,0.008250434463276949,0.0038025012203114195,0.013893831029419473,0.002964754935863907,0.02637736526931234,2.0816681711721685e-17,1.3778659611992945e-05,1.3778659611992945e-05,3.75362997153802,15675.084141380767
450007,0,26,M3,1,True,0.0,0.996259961884662,0.9790548338377681,0.35,0.0,0.0,0.24332936750724912,0.0601364664407447,3.038868862576783,0.23370719604194165,0.0,0.0,6.421457636170089,8.555320414714515,0.15480651057701936,0.6004117072916318,8.465356508839259,3.6534421871969514,2.8754739152402524,0.43423626116202513,0.09219667937473996,0.1941088623914932,0.061034406169958665,0.06898972314315123,-0.05323210933775127,-0.02061253343322419,0.2182196300861221,0.025222216612975457,0.8312499999999999,0.004553463560841658,0.01292533312040048,0.6807221565705077,0.04439778862322854,0.07050137061339654,0.05362268292793691,0.002638970596279522,0.01837158904717942,0.011700513598608256,0.0035566816067353914,0.008250434463276949,0.0038025012203114195,0.013893831029419473,0.002964754935863907,0.02637736526931234,2.0816681711721685e-17,1.3778659611992945e-05,1.3778659611992945e-05,3.75362997153802,15675.084141380767
450007,0,26,M2+O,2,True,0.0,0.996259961884662,0.9790548338377681,0.35,0.0,0.0,0.24332936750724912,0.0601364664407447,3.038868862576783,0.23370719604194165,0.10576962002334488,0.0,6.421457636170089,8.555320414714515,0.15472515458101488,0.5976552514291642,8.178867444112806,3.6558806855867103,2.8842515053332227,0.4363995773468022,0.0953315873420299,0.19199653829538102,0.05802849095491596,0.07072443836741485,-0.04982479568327886,-0.018119332334452617,0.2264140527693116,0.026600640274747036,0.8375,0.004683789695827975,0.01219889042677891,0.6153038071450719,0.04482904664281453,0.06357293692120602,0.04890821117920208,0.0028542628205885426,0.018792817642493204,0.012140617810377181,0.0037083154157701755,0.008433574045112099,0.003450189362397881,0.014563159549141958,0.0032875903383930765,0.027788343401244833,2.0816681711721685e-17,1.3778659611992945e-05,1.3778659611992945e-05,3.702389491242137,15747.405800315792
450007,0,26,M4,3,True,0.0,0.996259961884662,0.9790548338377681,0.35,0.0,0.0,0.24332936750724912,0.0601364664407447,3.038868862576783,0.23370719604194165,0.10576962002334488,0.0,6.421457636170089,8.555320414714515,0.15472515458101488,0.5976552514291642,8.178867444112806,3.6558806855867103,2.8842515053332227,0.4363995773468022,0.0953315873420299,0.19199653829538102,0.05802849095491596,0.07072443836741485,-0.04982479568327886,-0.018119332334452617,0.2264140527693116,0.026600640274747036,0.8375,0.004683789695827975,0.01219889042677891,0.6153038071450719,0.04482904664281453,0.06357293692120602,0.04890821117920208,0.0028542628205885426,0.018792817642493204,0.012140617810377181,0.0037083154157701755,0.008433574045112099,0.003450189362397881,0.014563159549141958,0.0032875903383930765,0.027788343401244833,2.0816681711721685e-17,1.3778659611992945e-05,1.3778659611992945e-05,3.702389491242137,15747.405800315792
450007,0,27,M2,0,True,0.0,0.996259961884662,0.9790548338377681,0.35,0.0,0.0,0.27959060072898867,0.07443597162142396,2.8240300370380282,0.20929500870406628,0.0,0.0,5.6652919836342335,6.6171028492972255,0.15263384965058643,0.5931294866680371,8.678608526567384,3.6888641745032906,2.8316419799170727,0.391233665761823,0.07815062740357703,0.16780896558123617,0.04456987106086192,0.06763833549130115,-0.0566366787251601,-0.02291492740817926,0.21705670544808878,0.02819911734846159,0.8604166666666666,0.005045167867184789,0.012398471281955321,0.7136357963790096,0.04145281498853419,0.0603733171693084,0.047754737138478755,0.0023803115405773567,0.018281622362405422,0.011596069493934024,0.0031462217916299554,0.006586515814298494,0.003690727443199032,0.014501615160657861,0.0031512797816644032,0.024996225560482758,2.0816681711721685e-17,2.755731922398589e-05,2.755731922398589e-05,3.9761238839249806,3526.000908784153
450007,0,27,M3,1,True,0.0,0.996259961884662,0.9790548338377681,0.35,0.0,0.0,0.27959060072898867,0.07443597162142396,2.8240300370380282,0.20929500870406628,0.0,0.0,5.6652919836342335,6.6171028492972255,0.15263384965058643,0.5931294866680371,8.678608526567384,3.6888641745032906,2.8316419799170727,0.391233665761823,0.07815062740357703,0.16780896558123617,0.04456987106086192,0.06763833549130115,-0.0566366787251601,-0.02291492740817926,0.21705670544808878,0.02819911734846159,0.8604166666666666,0.005045167867184789,0.012398471281955321,0.7136357963790096,0.04145281498853419,0.0603733171693084,0.047754737138478755,0.0023803115405773567,0.018281622362405422,0.011596069493934024,0.0031462217916299554,0.006586515814298494,0.003690727443199032,0.014501615160657861,0.0031512797816644032,0.024996225560482758,2.0816681711721685e-17,2.755731922398589e-05,2.755731922398589e-05,3.9761238839249806,3526.000908784153
450007,0,27,M2+O,2,True,0.0,0.996259961884662,0.9790548338377681,0.35,0.0,0.0,0.27959060072898867,0.07443597162142396,2.8240300370380282,0.20929500870406628,0.04330821162106339,0.0,5.6652919836342335,6.6171028492972255,0.15271027400727868,0.5937654021732278,8.545377564374393,3.6749055825805463,2.8457961176981628,0.39983675023415594,0.07884096965827712,0.16818728669826113,0.04397458297315693,0.06785114546230213,-0.05551323121778834,-0.022049050122423548,0.21830084660316115,0.028457648976534636,0.8625000000000002,0.00508733474457595,0.012455966505216328,0.692363015993366,0.03813299834406421,0.06681269795050529,0.05135556048602796,0.0024584481161125213,0.018489449273745073,0.011694070502731047,0.00325101338620802,0.006735281627795201,0.003555469952860713,0.014764633809773803,0.0032360305345665225,0.026452377225299906,2.0816681711721685e-17,2.755731922398589e-05,2.755731922398589e-05,3.945059560189652,3530.451815504802
450007,0,27,M4,3,True,0.0,0.996259961884662,0.9790548338377681,0.35,0.0,0.0,0.27959060072898867,0.07443597162142396,2.8240300370380282,0.20929500870406628,0.04330821162106339,0.0,5.6652919836342335,6.6171028492972255,0.15271027400727868,0.5937654021732278,8.545377564374393,3.6749055825805463,2.8457961176981628,0.39983675023415594,0.07884096965827712,0.16818728669826113,0.04397458297315693,0.06785114546230213,-0.05551323121778834,-0.022049050122423548,0.21830084660316115,0.028457648976534636,0.8625000000000002,0.00508733474457595,0.012455966505216328,0.692363015993366,0.03813299834406421,0.06681269795050529,0.05135556048602796,0.0024584481161125213,0.018489449273745073,0.011694070502731047,0.00325101338620802,0.006735281627795201,0.003555469952860713,0.014764633809773803,0.0032360305345665225,0.026452377225299906,2.0816681711721685e-17,2.755731922398589e-05,2.755731922398589e-05,3.945059560189652,3530.451815504802
450007,0,28,M2,0,True,0.0,0.996259961884662,0.9790548338377681,0.35,0.0,0.0,0.2879540531896055,0.06390389675740152,2.9761056745424868,0.21736293151974678,0.0,0.0,5.157286320813,8.887301716022193,0.1548047831330529,0.5908781409944722,8.195513718898628,3.6353299833068604,2.884617133255766,0.4223985599308382,0.08892785701239748,0.1810076087224065,0.05459124493770664,0.0686483221933102,-0.054800441846715696,-0.020811233480126697,0.24069982013156954,0.029029896697518386,0.8562499999999998,0.005275907268344894,0.013284213245449969,0.6870921739046127,0.03936996846829426,0.06603928749400341,0.051492365826807975,0.002572286291733468,0.018303477468431445,0.011469515564878787,0.003347762961229417,0.007617542567007747,0.0038210903566591025,0.015637775703045788,0.003335145077334054,0.024875141103670874,2.0816681711721685e-17,5.511463844797178e-05,8.267195767195767e-05,3.805970598176129,1345.6759494784178
450007,0,28,M3,1,True,0.0,0.996259961884662,0.9790548338377681,0.35,0.0,0.0,0.2879540531896055,0.06390389675740152,2.9761056745424868,0.21736293151974678,0.0,0.0,5.157286320813,8.887301716022193,0.1548047831330529,0.5908781409944722,8.195513718898628,3.6353299833068604,2.884617133255766,0.4223985599308382,0.08892785701239748,0.1810076087224065,0.05459124493770664,0.0686483221933102,-0.054800441846715696,-0.020811233480126697,0.24069982013156954,0.029029896697518386,0.8562499999999998,0.005275907268344894,0.013284213245449969,0.6870921739046127,0.03936996846829426,0.06603928749400341,0.051492365826807975,0.002572286291733468,0.018303477468431445,0.011469515564878787,0.003347762961229417,0.007617542567007747,0.0038210903566591025,0.015637775703045788,0.003335145077334054,0.024875141103670874,2.0816681711721685e-17,5.511463844797178e-05,8.267195767195767e-05,3.805970598176129,1345.6759494784178
450007,0,28,M2+O,2,True,0.0,0.996259961884662,0.9790548338377681,0.35,0.0,0.0,0.2879540531896055,0.06390389675740152,2.9761056745424868,0.21736293151974678,0.06325366420519049,0.0,5.157286320813,8.887301716022193,0.15485596309983216,0.591069021160122,8.005573187753336,3.6238058356878287,2.905732143377849,0.4188796873199689,0.09024601944716458,0.18072835322035596,0.05343049151723219,0.06916109283521145,-0.05298315224161245,-0.019461360231563512,0.24352835353851662,0.029530138227251184,0.8624999999999999,0.0053375072500825935,0.012884597766000514,0.6511721086931134,0.03890678034347456,0.06264349398539597,0.04994034545335611,0.0026958708269778616,0.018558031549375673,0.011705390305039625,0.0034671346838709917,0.007795381105772751,0.0036152254683121878,0.01604409787969835,0.003506453864534888,0.02575842341471221,2.0816681711721685e-17,5.511463844797178e-05,8.267195767195767e-05,3.8191307816167055,1337.7545478061386
450007,0,28,M4,3,True,0.0,0.996259961884662,0.9790548338377681,0.35,0.0,0.0,0.2879540531896055,0.06390389675740152,2.9761056745424868,0.21736293151974678,0.06325366420519049,0.0,5.157286320813,8.887301716022193,0.15485596309983216,0.591069021160122,8.005573187753336,3.6238058356878287,2.905732143377849,0.4188796873199689,0.09024601944716458,0.18072835322035596,0.05343049151723219,0.06916109283521145,-0.05298315224161245,-0.019461360231563512,0.24352835353851662,0.029530138227251184,0.8624999999999999,0.0053375072500825935,0.012884597766000514,0.6511721086931134,0.03890678034347456,0.06264349398539597,0.04994034545335611,0.0026958708269778616,0.018558031549375673,0.011705390305039625,0.0034671346838709917,0.007795381105772751,0.0036152254683121878,0.01604409787969835,0.003506453864534888,0.02575842341471221,2.0816681711721685e-17,5.511463844797178e-05,8.267195767195767e-05,3.8191307816167055,1337.7545478061386
450007,0,29,M2,0,False,0.0010865891734324433,0.996259961884662,0.9790548338377681,0.35,0.0,0.0,0.22657124940305948,0.07770606227219105,3.1914641311392185,0.22060196593403816,0.0,0.0,5.900983674451709,6.290362942032516,0.14705794580646134,0.6070114947992068,10.135355245759902,3.7814421484981637,2.710962861356142,0.3895621652840721,0.06703328931225123,0.15910577364429668,0.03224721411956425,0.06692184866743306,-0.058191133890030194,-0.026181894246100443,0.1656933007846155,0.02394750757369062,0.8249999999999998,0.00405325379281985,0.010796091384312362,0.7962008435719035,0.04631823373832008,0.0631199461520069,0.04545805786923314,0.0021685121426791576,0.018590907096967934,0.011711976981960154,0.003185533597108636,0.005772039771985767,0.0034536948243935237,0.010950857257677502,0.0026164899580336655,0.026750321683017712,2.0816681711721685e-17,4.1335978835978834e-05,9.645061728395061e-05,5.681450680747122,5669.079534418307
450007,0,29,M3,1,False,0.0010865891734324433,0.996259961884662,0.9790548338377681,0.35,0.0,0.0,0.22657124940305948,0.07770606227219105,3.1914641311392185,0.22060196593403816,0.0,0.0,5.900983674451709,6.290362942032516,0.14705794580646134,0.6070114947992068,10.135355245759902,3.7814421484981637,2.710962861356142,0.3895621652840721,0.06703328931225123,0.15910577364429668,0.03224721411956425,0.06692184866743306,-0.058191133890030194,-0.026181894246100443,0.1656933007846155,0.02394750757369062,0.8249999999999998,0.00405325379281985,0.010796091384312362,0.7962008435719035,0.04631823373832008,0.0631199461520069,0.04545805786923314,0.0021685121426791576,0.018590907096967934,0.011711976981960154,0.003185533597108636,0.005772039771985767,0.0034536948243935237,0.010950857257677502,0.0026164899580336655,0.026750321683017712,2.0816681711721685e-17,4.1335978835978834e-05,9.645061728395061e-05,5.681450680747122,5669.079534418307
450007,0,29,M2+O,2,False,0.00017727194132680736,0.996259961884662,0.9790548338377681,0.35,0.0,0.0,0.22657124940305948,0.07770606227219105,3.1914641311392185,0.22060196593403816,0.08459327775939506,0.0,5.900983674451709,6.290362942032516,0.14711458462913304,0.6057069777865204,9.879582103649597,3.799125717513738,2.757546110877955,0.42073455367609985,0.06880170841413823,0.15973727520726497,0.030555806026217987,0.06765997366006994,-0.05600609141065643,-0.02427569307019244,0.1699697556435147,0.024845906485666206,0.8416666666666667,0.004162654387208923,0.011488061004930687,0.7505235995464761,0.044739932003998055,0.07012497402633917,0.05436421883127027,0.002316887968067589,0.018922815798720016,0.011908679063556927,0.003385774949291221,0.006040758667552796,0.0032013028535117505,0.011395843787266125,0.0027505634832585145,0.027529079925524096,2.0816681711721685e-17,2.755731922398589e-05,9.645061728395061e-05,5.565549947602146,5688.792566257861
450007,0,29,M4,3,False,0.00017727194132680736,0.996259961884662,0.9790548338377681,0.35,0.0,0.0,0.22657124940305948,0.07770606227219105,3.1914641311392185,0.22060196593403816,0.08459327775939506,0.0,5.900983674451709,6.290362942032516,0.14711458462913304,0.6057069777865204,9.879582103649597,3.799125717513738,2.757546110877955,0.42073455367609985,0.06880170841413823,0.15973727520726497,0.030555806026217987,0.06765997366006994,-0.05600609141065643,-0.02427569307019244,0.1699697556435147,0.024845906485666206,0.8416666666666667,0.004162654387208923,0.011488061004930687,0.7505235995464761,0.044739932003998055,0.07012497402633917,0.05436421883127027,0.002316887968067589,0.018922815798720016,0.011908679063556927,0.003385774949291221,0.006040758667552796,0.0032013028535117505,0.011395843787266125,0.0027505634832585145,0.027529079925524096,2.0816681711721685e-17,2.755731922398589e-05,9.645061728395061e-05,5.565549947602146,5688.792566257861
450007,0,30,M2,0,True,0.0,0.996259961884662,0.9790548338377681,0.35,0.0,0.0,0.20396394031122328,0.06831493912264705,2.7050672242417932,0.19935442693531513,0.0,0.0,6.180342321749777,8.211909952573478,0.15969987101758637,0.5813957089857642,7.355226531236171,3.572263506093145,2.9953033273335135,0.42926852506009405,0.07983807068545376,0.18750762177592137,0.059037321792384724,0.0659233087071718,-0.057740746545678893,-0.024604651456784487,0.19391579257977912,0.01930333198972176,0.8020833333333334,0.0040334635203584076,0.011612150936747714,0.6137840986557453,0.04058610896103686,0.07592860073896755,0.05435252775691872,0.0024787564356541277,0.018831676892249984,0.011867882259545949,0.0031733247635508098,0.006887761190116245,0.0036726581642629657,0.012527897477340101,0.002520204845221274,0.028627917651867826,2.0816681711721685e-17,1.3778659611992945e-05,1.3778659611992945e-05,3.1353315754951248,9441.378195769697
450007,0,30,M3,1,True,0.0,0.996259961884662,0.9790548338377681,0.35,0.0,0.0,0.20396394031122328,0.06831493912264705,2.7050672242417932,0.19935442693531513,0.0,0.0,6.180342321749777,8.211909952573478,0.15969987101758637,0.5813957089857642,7.355226531236171,3.572263506093145,2.9953033273335135,0.42926852506009405,0.07983807068545376,0.18750762177592137,0.059037321792384724,0.0659233087071718,-0.057740746545678893,-0.024604651456784487,0.19391579257977912,0.01930333198972176,0.8020833333333334,0.0040334635203584076,0.011612150936747714,0.6137840986557453,0.04058610896103686,0.07592860073896755,0.05435252775691872,0.0024787564356541277,0.018831676892249984,0.011867882259545949,0.0031733247635508098,0.006887761190116245,0.0036726581642629657,0.012527897477340101,0.002520204845221274,0.028627917651867826,2.0816681711721685e-17,1.3778659611992945e-05,1.3778659611992945e-05,3.1353315754951248,9441.378195769697
450007,0,30,M2+O,2,True,0.0,0.996259961884662,0.9790548338377681,0.35,0.0,0.0,0.20396394031122328,0.06831493912264705,2.7050672242417932,0.19935442693531513,0.13821592361242302,0.0,6.180342321749777,8.211909952573478,0.15923847966144813,0.576715261956743,7.083001429100559,3.5704312972823473,2.9879097245620923,0.40903198180247197,0.08542573845946934,0.18335425727920573,0.05344427115906555,0.06726551117135106,-0.05283571851242038,-0.02071711347960488,0.2107745101349562,0.022721175536837297,0.8270833333333334,0.004254339571867481,0.012192354040046822,0.5501892512181493,0.03842756096030574,0.07115509768481379,0.05186080850800545,0.002775744967374946,0.019558271281825655,0.012509860973592872,0.003296362598719548,0.007251542240648155,0.0032026178268008514,0.013562118125119156,0.002938081693601312,0.028229642958172423,2.0816681711721685e-17,1.3778659611992945e-05,1.3778659611992945e-05,3.0644732946808797,9631.716003924537
450007,0,30,M4,3,True,0.0,0.996259961884662,0.9790548338377681,0.35,0.0,0.0,0.20396394031122328,0.06831493912264705,2.7050672242417932,0.19935442693531513,0.13821592361242302,0.0,6.180342321749777,8.211909952573478,0.15923847966144813,0.576715261956743,7.083001429100559,3.5704312972823473,2.9879097245620923,0.40903198180247197,0.08542573845946934,0.18335425727920573,0.05344427115906555,0.06726551117135106,-0.05283571851242038,-0.02071711347960488,0.2107745101349562,0.022721175536837297,0.8270833333333334,0.004254339571867481,0.012192354040046822,0.5501892512181493,0.03842756096030574,0.07115509768481379,0.05186080850800545,0.002775744967374946,0.019558271281825655,0.012509860973592872,0.003296362598719548,0.007251542240648155,0.0032026178268008514,0.013562118125119156,0.002938081693601312,0.028229642958172423,2.0816681711721685e-17,1.3778659611992945e-05,1.3778659611992945e-05,3.0644732946808797,9631.716003924537
450007,0,31,M2,0,True,0.0,0.996259961884662,0.9790548338377681,0.35,0.0,0.0,0.26837446838617324,0.07948992118705064,3.089864686690271,0.2436104691773653,0.0,0.0,5.435849939007312,6.96216984372586,0.14340265036234703,0.6177387819415258,11.134900686870088,3.855382253134937,2.6515384901426575,0.41505748018630473,0.07366911099362197,0.16280883422296905,0.03332266396506881,0.06940709709342818,-0.055688548796112625,-0.02294245379069292,0.18584680296727793,0.02905648844797691,0.8645833333333334,0.004536076769675234,0.012400444826910146,0.9146836806953017,0.04295205486707609,0.06361340482201296,0.05165115121880474,0.002270022393061646,0.01823680902750196,0.01172709366787435,0.003571270568531035,0.006555787590065479,0.0035478916910800778,0.012305627054070213,0.0029623285178754545,0.02340552367812656,2.0816681711721685e-17,0.00023423721340388006,0.00033068783068783067,5.670166779878642,2552.6207112082816
450007,0,31,M3,1,True,0.0,0.996259961884662,0.9790548338377681,0.35,0.0,0.0,0.26837446838617324,0.07948992118705064,3.089864686690271,0.2436104691773653,0.0,0.0,5.435849939007312,6.96216984372586,0.14340265036234703,0.6177387819415258,11.134900686870088,3.855382253134937,2.6515384901426575,0.41505748018630473,0.07366911099362197,0.16280883422296905,0.03332266396506881,0.06940709709342818,-0.055688548796112625,-0.02294245379069292,0.18584680296727793,0.02905648844797691,0.8645833333333334,0.004536076769675234,0.012400444826910146,0.9146836806953017,0.04295205486707609,0.06361340482201296,0.05165115121880474,0.002270022393061646,0.01823680902750196,0.01172709366787435,0.003571270568531035,0.006555787590065479,0.0035478916910800778,0.012305627054070213,0.0029623285178754545,0.02340552367812656,2.0816681711721685e-17,0.00023423721340388006,0.00033068783068783067,5.670166779878642,2552.6207112082816
450007,0,31,M2+O,2,True,0.0,0.996259961884662,0.9790548338377681,0.35,0.0,0.0,0.26837446838617324,0.07948992118705064,3.089864686690271,0.2436104691773653,0.028937818175195685,0.0,5.435849939007312,6.96216984372586,0.14348553724304003,0.6172678078830558,11.03632044947881,3.8423006922393044,2.6743677360180365,0.4094466089454274,0.07401459035257238,0.16317250855455923,0.03291158887037976,0.06963906915855372,-0.05501510153701366,-0.022430152980441913,0.18623629940399708,0.02907671761470342,0.8604166666666666,0.00456469470806277,0.012584921847894816,0.8964333971917358,0.042359120539920456,0.06130457900013024,0.04951344835265147,0.0023173903627674666,0.018312408797303715,0.011732306352692075,0.0036402991839305713,0.0066435399351033805,0.0034622478780585025,0.012436881779837122,0.0029893536360446364,0.024996225560482758,2.0816681711721685e-17,0.00023423721340388006,0.0003444664902998236,5.629764328060111,2546.9300654986005
450007,0,31,M4,3,True,0.0,0.996259961884662,0.9790548338377681,0.35,0.0,0.0,0.26837446838617324,0.07948992118705064,3.089864686690271,0.2436104691773653,0.028937818175195685,0.0,5.435849939007312,6.96216984372586,0.14348553724304003,0.6172678078830558,11.03632044947881,3.8423006922393044,2.6743677360180365,0.4094466089454274,0.07401459035257238,0.16317250855455923,0.03291158887037976,0.06963906915855372,-0.05501510153701366,-0.022430152980441913,0.18623629940399708,0.02907671761470342,0.8604166666666666,0.00456469470806277,0.012584921847894816,0.8964333971917358,0.042359120539920456,0.06130457900013024,0.04951344835265147,0.0023173903627674666,0.018312408797303715,0.011732306352692075,0.0036402991839305713,0.0066435399351033805,0.0034622478780585025,0.012436881779837122,0.0029893536360446364,0.024996225560482758,2.0816681711721685e-17,0.00023423721340388006,0.0003444664902998236,5.629764328060111,2546.9300654986005
450007,1,0,M2,0,True,0.0,0.9766958138810892,0.98378601407178,0.35,0.0,0.0,0.2629654662683606,0.06925510965753347,2.886044593714178,0.20057556301355361,0.0,0.0,5.873221298214048,6.1538892248645425,0.15619443041492168,0.5851585386678009,7.884978420617223,3.6113106400893096,2.9024787181264906,0.3880070360583103,0.07966605780861664,0.17509355948217017,0.051429407948485086,0.06690890836188726,-0.05724237954075265,-0.023196480213701718,0.21985777801370085,0.025972921396307396,0.8562499999999998,0.004875383412219854,0.012140567702209988,0.6540293054106806,0.04020992844643816,0.060888150315423814,0.043822704717103055,0.0024337280542255386,0.018360959977490557,0.011694107542438758,0.003089131245387974,0.006814919505156087,0.0037477567874520936,0.01453417332011841,0.00299536585850718,0.026971620216469185,2.0816681711721685e-17,1.3778659611992945e-05,1.3778659611992945e-05,3.6849903389545893,5284.572596490466
450007,1,0,M3,1,True,0.0,0.9766958138810892,0.98378601407178,0.35,0.0,0.0,0.2629654662683606,0.06925510965753347,2.886044593714178,0.20057556301355361,0.0,0.0,5.873221298214048,6.1538892248645425,0.15619443041492168,0.5851585386678009,7.884978420617223,3.6113106400893096,2.9024787181264906,0.3880070360583103,0.07966605780861664,0.17509355948217017,0.051429407948485086,0.06690890836188726,-0.05724237954075265,-0.023196480213701718,0.21985777801370085,0.025972921396307396,0.8562499999999998,0.004875383412219854,0.012140567702209988,0.6540293054106806,0.04020992844643816,0.060888150315423814,0.043822704717103055,0.0024337280542255386,0.018360959977490557,0.011694107542438758,0.003089131245387974,0.006814919505156087,0.0037477567874520936,0.01453417332011841,0.00299536585850718,0.026971620216469185,2.0816681711721685e-17,1.3778659611992945e-05,1.3778659611992945e-05,3.6849903389545893,5284.572596490466
450007,1,0,M2+O,2,True,0.0,0.9766958138810892,0.98378601407178,0.35,0.0,0.0,0.2629654662683606,0.06925510965753347,2.886044593714178,0.20057556301355361,0.11829547242644144,0.0,5.873221298214048,6.1538892248645425,0.15597395098396385,0.5805762506006885,7.614674984682139,3.6226935502550166,2.926679466452491,0.42995801129664796,0.08343545608132734,0.17311818760120978,0.048657768942251246,0.06753899264039896,-0.053386032631091006,-0.020141320806528615,0.22994897633221967,0.028109601465999754,0.8666666666666667,0.005025436690857968,0.0125934547880282,0.5961751542177826,0.038318795339645176,0.06426797897415064,0.05373185697688553,0.002666736091756294,0.018858630199001414,0.012181903695679711,0.003432970308391124,0.007223526196250626,0.003381998492573877,0.015264426931633109,0.003310970103163309,0.027856169578297722,2.0816681711721685e-17,1.3778659611992945e-05,2.755731922398589e-05,3.617061963222478,5302.814800162134
450007,1,0,M4,3,True,0.0,0.9766958138810892,0.98378601407178,0.35,0.0,0.0,0.2629654662683606,0.06925510965753347,2.886044593714178,0.20057556301355361,0.11829547242644144,0.0,5.873221298214048,6.1538892248645425,0.15597395098396385,0.5805762506006885,7.614674984682139,3.6226935502550166,2.926679466452491,0.42995801129664796,0.08343545608132734,0.17311818760120978,0.048657768942251246,0.06753899264039896,-0.053386032631091006,-0.020141320806528615,0.22994897633221967,0.028109601465999754,0.8666666666666667,0.005025436690857968,0.0125934547880282,0.5961751542177826,0.038318795339645176,0.06426797897415064,0.05373185697688553,0.002666736091756294,0.018858630199001414,0.012181903695679711,0.003432970308391124,0.007223526196250626,0.003381998492573877,0.015264426931633109,0.003310970103163309,0.027856169578297722,2.0816681711721685e-17,1.3778659611992945e-05,2.755731922398589e-05,3.617061963222478,5302.814800162134
450007,1,1,M2,0,False,0.001265776945695345,0.9766958138810892,0.98378601407178,0.35,0.0,0.0,0.20160698210820557,0.07996574914082885,3.2510731095448135,0.2374085596203804,0.0,0.0,5.129386593122035,8.666233093477786,0.1437999702075753,0.6209385807029626,11.275855495980919,3.866321480144711,2.644364956709176,0.3757443766598983,0.06679800167705661,0.16320077810660058,0.03064240582120689,0.06862404506402568,-0.05748882623839272,-0.025668957026598438,0.15341412762276796,0.023487846514932353,0.8104166666666667,0.0035961135222309583,0.010971022672276577,0.9024143926244467,0.045050808847276295,0.06193518362480679,0.04233161506344053,0.0021831349750912393,0.018434683404216515,0.01174846779051852,0.0035195137989419076,0.006097199091046945,0.003414419811015919,0.009726226408310735,0.002482784148768565,0.027083333333333334,2.0816681711721685e-17,0.0004684744268077601,0.0007164902998236331,6.162371613106257,1554.6129099890152
450007,1,1,M3,1,False,0.001265776945695345,0.9766958138810892,0.98378601407178,0.35,0.0,0.0,0.20160698210820557,0.07996574914082885,3.2510731095448135,0.2374085596203804,0.0,0.0,5.129386593122035,8.666233093477786,0.1437999702075753,0.6209385807029626,11.275855495980919,3.866321480144711,2.644364956709176,0.3757443766598983,0.06679800167705661,0.16320077810660058,0.03064240582120689,0.06862404506402568,-0.05748882623839272,-0.025668957026598438,0.15341412762276796,0.023487846514932353,0.8104166666666667,0.0035961135222309583,0.010971022672276577,0.9024143926244467,0.045050808847276295,0.06193518362480679,0.04233161506344053,0.0021831349750912393,0.018434683404216515,0.01174846779051852,0.0035195137989419076,0.006097199091046945,0.003414419811015919,0.009726226408310735,0.002482784148768565,0.027083333333333334,2.0816681711721685e-17,0.0004684744268077601,0.0007164902998236331,6.162371613106257,1554.6129099890152
450007,1,1,M2+O,2,False,0.0008188696094703977,0.9766958138810892,0.98378601407178,0.35,0.0,0.0,0.20160698210820557,0.07996574914082885,3.2510731095448135,0.2374085596203804,0.045232413939183466,0.0,5.129386593122035,8.666233093477786,0.14391769331893123,0.6202223241953391,11.119196452519395,3.8594221596676483,2.652370703177644,0.37921048406124197,0.06742456919395799,0.1643804529646297,0.030212929960791644,0.06911246108119999,-0.05646618973296924,-0.024861735773071436,0.15409192396444962,0.023537515533413864,0.8270833333333334,0.0036547278149940106,0.01159745752168826,0.8743766380619998,0.041249231000677594,0.060027543457460114,0.039931424767060034,0.0022509900630319707,0.018507227322100236,0.011839495050167263,0.0035666810391965483,0.006224279172140712,0.003286557984368385,0.009882216073943528,0.0024953316372259365,0.02674679424558126,2.0816681711721685e-17,0.00045469576719576717,0.0007302689594356261,6.094331118536015,1540.2547499630837
450007,1,1,M4,3,False,0.0008188696094703977,0.9766958138810892,0.98378601407178,0.35,0.0,0.0,0.20160698210820557,0.07996574914082885,3.2510731095448135,0.2374085596203804,0.045232413939183466,0.0,5.129386593122035,8.666233093477786,0.14391769331893123,0.6202223241953391,11.119196452519395,3.8594221596676483,2.652370703177644,0.37921048406124197,0.06742456919395799,0.1643804529646297,0.030212929960791644,0.06911246108119999,-0.05646618973296924,-0.024861735773071436,0.15409192396444962,0.023537515533413864,0.8270833333333334,0.0036547278149940106,0.01159745752168826,0.8743766380619998,0.041249231000677594,0.060027543457460114,0.039931424767060034,0.0022509900630319707,0.018507227322100236,0.011839495050167263,0.0035666810391965483,0.006224279172140712,0.003286557984368385,0.009882216073943528,0.0024953316372259365,0.02674679424558126,2.0816681711721685e-17,0.00045469576719576717,0.0007302689594356261,6.094331118536015,1540.2547499630837
450007,1,2,M2,0,True,0.0,0.9766958138810892,0.98378601407178,0.35,0.0,0.0,0.2289998285472393,0.06430660098791122,2.832480383478105,0.18366098158061503,0.0,0.0,5.41385539341718,6.8435773411765695,0.16215294656664056,0.5698699246756738,6.652025598876219,3.504943950587682,3.043007452571185,0.3927264436451674,0.08019659334950759,0.18377699236232237,0.06025762487153341,0.06555102382753937,-0.05844276433116307,-0.024617986788960333,0.21658879187960953,0.020738751699984122,0.8229166666666666,0.004493396580113667,0.011908091554012313,0.5711233692786595,0.03596643959136435,0.07073937592031068,0.05086431899918041,0.0024858901968871864,0.018527747086109825,0.01185235207909567,0.00300480570660808,0.006747477744350456,0.0037704104061838683,0.014196855588531147,0.002672326901815314,0.026915589784174375,2.0816681711721685e-17,1.3778659611992945e-05,1.3778659611992945e-05,3.147020647488628,2115.7002859270906
450007,1,2,M3,1,True,0.0,0.9766958138810892,0.98378601407178,0.35,0.0,0.0,0.2289998285472393,0.06430660098791122,2.832480383478105,0.18366098158061503,0.0,0.0,5.41385539341718,6.8435773411765695,0.16215294656664056,0.5698699246756738,6.652025598876219,3.504943950587682,3.043007452571185,0.3927264436451674,0.08019659334950759,0.18377699236232237,0.06025762487153341,0.06555102382753937,-0.05844276433116307,-0.024617986788960333,0.21658879187960953,0.020738751699984122,0.8229166666666666,0.004493396580113667,0.011908091554012313,0.5711233692786595,0.03596643959136435,0.07073937592031068,0.05086431899918041,0.0024858901968871864,0.018527747086109825,0.01185235207909567,0.00300480570660808,0.006747477744350456,0.0037704104061838683,0.014196855588531147,0.002672326901815314,0.026915589784174375,2.0816681711721685e-17,1.3778659611992945e-05,1.3778659611992945e-05,3.147020647488628,2115.7002859270906
450007,1,2,M2+O,2,True,0.0,0.9766958138810892,0.98378601407178,0.35,0.0,0.0,0.2289998285472393,0.06430660098791122,2.832480383478105,0.18366098158061503,0.020691600694384325,0.0,5.41385539341718,6.8435773411765695,0.16220669430858284,0.569361008742166,6.592805265672932,3.504944625077883,3.056274770711633,0.4136335787867414,0.08047044530761127,0.18423151998809503,0.060114486378912514,0.06562848323590822,-0.05789328836192329,-0.024214061867445447,0.21675344093451177,0.02080977536825787,0.8125,0.004515088219948447,0.011991659495847155,0.5625372159622974,0.03425555830963315,0.0722755194730744,0.0503156676831961,0.0025207714282996924,0.018651358900225283,0.01197812318548645,0.003036715668751003,0.006817425312335456,0.0036951139042236906,0.014314576675056975,0.002703857421895638,0.02811241666976521,2.0816681711721685e-17,1.3778659611992945e-05,1.3778659611992945e-05,3.130467278076928,2117.508274722574
450007,1,2,M4,3,True,0.0,0.9766958138810892,0.98378601407178,0.35,0.0,0.0,0.2289998285472393,0.06430660098791122,2.832480383478105,0.18366098158061503,0.020691600694384325,0.0,5.41385539341718,6.8435773411765695,0.16220669430858284,0.569361008742166,6.592805265672932,3.504944625077883,3.056274770711633,0.4136335787867414,0.08047044530761127,0.18423151998809503,0.060114486378912514,0.06562848323590822,-0.05789328836192329,-0.024214061867445447,0.21675344093451177,0.02080977536825787,0.8125,0.004515088219948447,0.011991659495847155,0.5625372159622974,0.03425555830963315,0.0722755194730744,0.0503156676831961,0.0025207714282996924,0.018651358900225283,0.01197812318548645,0.003036715668751003,0.006817425312335456,0.0036951139042236906,0.014314576675056975,0.002703857421895638,0.02811241666976521,2.0816681711721685e-17,1.3778659611992945e-05,1.3778659611992945e-05,3.130467278076928,2117.508274722574
450007,1,3,M2,0,True,0.0,0.9766958138810892,0.98378601407178,0.35,0.0,0.0,0.2933860388584435,0.07862174647394568,3.067900196649134,0.2593231426924467,0.0,0.0,6.15839353017509,7.984552980400622,0.14148770323715013,0.6201034549935442,11.36494155833951,3.8975247914723883,2.67178679965161,0.45134693414943255,0.07912501170962002,0.16584264121826695,0.03737004019430529,0.07060055750541137,-0.053326615450665936,-0.020474584162120134,0.19988557132183823,0.032318472762992434,0.8729166666666668,0.004785257159489339,0.012477805040442724,0.8735360318808684,0.04485266922652753,0.062296472019176714,0.05142544206241146,0.0023558968395800163,0.018190814322006022,0.01152536985389585,0.0038249232344462515,0.007285712605159956,0.0036663650334855954,0.013212219502964763,0.0031780710704799402,0.024446623063872304,2.0816681711721685e-17,8.267195767195767e-05,9.645061728395061e-05,5.562127722046277,9670.182696024904
450007,1,3,M3,1,True,0.0,0.9766958138810892,0.98378601407178,0.35,0.0,0.0,0.2933860388584435,0.07862174647394568,3.067900196649134,0.2593231426924467,0.0,0.0,6.15839353017509,7.984552980400622,0.14148770323715013,0.6201034549935442,11.36494155833951,3.8975247914723883,2.67178679965161,0.45134693414943255,0.07912501170962002,0.16584264121826695,0.03737004019430529,0.07060055750541137,-0.053326615450665936,-0.020474584162120134,0.19988557132183823,0.032318472762992434,0.8729166666666668,0.004785257159489339,0.012477805040442724,0.8735360318808684,0.04485266922652753,0.062296472019176714,0.05142544206241146,0.0023558968395800163,0.018190814322006022,0.01152536985389585,0.0038249232344462515,0.007285712605159956,0.0036663650334855954,0.013212219502964763,0.0031780710704799402,0.024446623063872304,2.0816681711721685e-17,8.267195767195767e-05,9.645061728395061e-05,5.562127722046277,9670.182696024904
450007,1,3,M2+O,2,True,0.0,0.9766958138810892,0.98378601407178,0.35,0.0,0.0,0.2933860388584435,0.07862174647394568,3.067900196649134,0.2593231426924467,0.19329371660206118,0.0,6.15839353017509,7.984552980400622,0.14096505896584285,0.6181850139550796,10.928632419640065,3.8728078787054527,2.647261890618626,0.4015693898256875,0.08526587488037128,0.15941504471233667,0.032802659179045644,0.07387590510152559,-0.04710798354231974,-0.01564368810852801,0.218447323956094,0.036093932613835,0.88125,0.005049046173870882,0.01190195163522861,0.7296684546497729,0.04826379552076708,0.05374804598458919,0.05059216814681633,0.002721566121957032,0.018770590820439473,0.012216005325526011,0.004377771037075235,0.007802495514045654,0.0031743491595509865,0.014151071032342463,0.003669668205688634,0.02722233005499692,2.0816681711721685e-17,6.889329805996472e-05,9.645061728395061e-05,5.519232178544848,9541.306440852703
450007,1,3,M4,3,True,0.0,0.9766958138810892,0.98378601407178,0.35,0.0,0.0,0.2933860388584435,0.07862174647394568,3.067900196649134,0.2593231426924467,0.19329371660206118,0.0,6.15839353017509,7.984552980400622,0.14096505896584285,0.6181850139550796,10.928632419640065,3.8728078787054527,2.647261890618626,0.4015693898256875,0.08526587488037128,0.15941504471233667,0.032802659179045644,0.07387590510152559,-0.04710798354231974,-0.01564368810852801,0.218447323956094,0.036093932613835,0.88125,0.005049046173870882,0.01190195163522861,0.7296684546497729,0.04826379552076708,0.05374804598458919,0.05059216814681633,0.002721566121957032,0.018770590820439473,0.012216005325526011,0.004377771037075235,0.007802495514045654,0.0031743491595509865,0.014151071032342463,0.003669668205688634,0.02722233005499692,2.0816681711721685e-17,6.889329805996472e-05,9.645061728395061e-05,5.519232178544848,9541.306440852703
450007,1,4,M2,0,True,0.0,0.9766958138810892,0.98378601407178,0.35,0.0,0.0,0.2773324431851506,0.06102733196690678,3.2200010089203714,0.24746617570519447,0.0,0.0,6.024978729896247,7.260679797269404,0.15035263699836354,0.6100014363843093,9.377772904627554,3.7289915365794486,2.81120639672054,0.44370633572016266,0.09242043249404375,0.1883682469269937,0.05564892326887803,0.07006810023017228,-0.052219412921057695,-0.019138629966812083,0.22654041236809527,0.02992777815717515,0.85,0.004902702868053962,0.012835011235704628,0.7412025495007952,0.04946308891033244,0.0643871543031172,0.0515092383711535,0.002595208239801235,0.018234564964991557,0.011651753520546608,0.0037811219374475204,0.008428713850381912,0.003847347716928848,0.01449927215265679,0.0032586902785491168,0.02623748839164011,2.0816681711721685e-17,2.755731922398589e-05,4.1335978835978834e-05,4.4550221603122795,7196.344374540309
450007,1,4,M3,1,True,0.0,0.9766958138810892,0.98378601407178,0.35,0.0,0.0,0.2773324431851506,0.06102733196690678,3.2200010089203714,0.24746617570519447,0.0,0.0,6.024978729896247,7.260679797269404,0.15035263699836354,0.6100014363843093,9.377772904627554,3.7289915365794486,2.81120639672054,0.44370633572016266,0.09242043249404375,0.1883682469269937,0.05564892326887803,0.07006810023017228,-0.052219412921057695,-0.019138629966812083,0.22654041236809527,0.02992777815717515,0.85,0.004902702868053962,0.012835011235704628,0.7412025495007952,0.04946308891033244,0.0643871543031172,0.0515092383711535,0.002595208239801235,0.018234564964991557,0.011651753520546608,0.0037811219374475204,0.008428713850381912,0.003847347716928848,0.01449927215265679,0.0032586902785491168,0.02623748839164011,2.0816681711721685e-17,2.755731922398589e-05,4.1335978835978834e-05,4.4550221603122795,7196.344374540309
450007,1,4,M2+O,2,True,0.0,0.9766958138810892,0.98378601407178,0.35,0.0,0.0,0.2773324431851506,0.06102733196690678,3.2200010089203714,0.24746617570519447,0.1806828490037143,0.0,6.024978729896247,7.260679797269404,0.14969651366585576,0.6104349633719233,9.006952082875083,3.7152791216232175,2.79597702112762,0.40312138952145676,0.09915491821172188,0.1801797338906691,0.04958480582742896,0.07365283789860208,-0.04568639130422233,-0.014576796192182035,0.24610376600357342,0.03384320934655901,0.8729166666666667,0.005150835358964978,0.011715206735074306,0.6109888475132744,0.05115951689921617,0.06174247499293549,0.04846856203212158,0.002958044154825199,0.018793864860533308,0.01240846402625215,0.0041678124396757445,0.008742541575896013,0.003312184280818799,0.015456161080273005,0.0039043679431826346,0.030392833624866115,2.0816681711721685e-17,4.1335978835978834e-05,4.1335978835978834e-05,4.43480211471496,7224.61036142155
450007,1,4,M4,3,True,0.0,0.9766958138810892,0.98378601407178,0.35,0.0,0.0,0.2773324431851506,0.06102733196690678,3.2200010089203714,0.24746617570519447,0.1806828490037143,0.0,6.024978729896247,7.260679797269404,0.14969651366585576,0.6104349633719233,9.006952082875083,3.7152791216232175,2.79597702112762,0.40312138952145676,0.09915491821172188,0.1801797338906691,0.04958480582742896,0.07365283789860208,-0.04568639130422233,-0.014576796192182035,0.24610376600357342,0.03384320934655901,0.8729166666666667,0.005150835358964978,0.011715206735074306,0.6109888475132744,0.05115951689921617,0.06174247499293549,0.04846856203212158,0.002958044154825199,0.018793864860533308,0.01240846402625215,0.0041678124396757445,0.008742541575896013,0.003312184280818799,0.015456161080273005,0.0039043679431826346,0.030392833624866115,2.0816681711721685e-17,4.1335978835978834e-05,4.1335978835978834e-05,4.43480211471496,7224.61036142155
450007,1,5,M2,0,False,0.0003946690012099439,0.9766958138810892,0.98378601407178,0.35,0.0,0.0,0.2378246164880693,0.0748634483339265,2.9850870983675124,0.19047712936997413,0.0,0.0,5.269471470266581,7.561110497452319,0.1545108715737671,0.5891071338528072,8.331566560714753,3.6292291943789774,2.8769287833577173,0.40081641097794535,0.06821203498082302,0.16136413301110938,0.04045047986479357,0.06593667705539195,-0.05899518190713795,-0.02646136177779368,0.18683044911726965,0.023345738729170284,0.8250000000000001,0.004406381434418553,0.011573921311338895,0.6751345329200874,0.03579475536312956,0.06411009566165968,0.04851704147360755,0.002233841037780875,0.018147028345004708,0.011943645671724241,0.002932375860254046,0.005659049544752661,0.0035666713468208325,0.012624342374434452,0.0026802418591878423,0.026750321683017712,2.0816681711721685e-17,2.755731922398589e-05,0.00011022927689594356,4.214517348217202,1624.4725110911122
450007,1,5,M3,1,False,0.0003946690012099439,0.9766958138810892,0.98378601407178,0.35,0.0,0.0,0.2378246164880693,0.0748634483339265,2.9850870983675124,0.19047712936997413,0.0,0.0,5.269471470266581,7.561110497452319,0.1545108715737671,0.5891071338528072,8.331566560714753,3.6292291943789774,2.8769287833577173,0.40081641097794535,0.06821203498082302,0.16136413301110938,0.04045047986479357,0.06593667705539195,-0.05899518190713795,-0.02646136177779368,0.18683044911726965,0.023345738729170284,0.8250000000000001,0.004406381434418553,0.011573921311338895,0.6751345329200874,0.03579475536312956,0.06411009566165968,0.04851704147360755,0.002233841037780875,0.018147028345004708,0.011943645671724241,0.002932375860254046,0.005659049544752661,0.0035666713468208325,0.012624342374434452,0.0026802418591878423,0.026750321683017712,2.0816681711721685e-17,2.755731922398589e-05,0.00011022927689594356,4.214517348217202,1624.4725110911122
450007,1,5,M2+O,2,False,0.00020729080697042397,0.9766958138810892,0.98378601407178,0.35,0.0,0.0,0.2378246164880693,0.0748634483339265,2.9850870983675124,0.19047712936997413,0.03528296146634178,0.0,5.269471470266581,7.561110497452319,0.154587964238445,0.5879802319710543,8.226796562130955,3.6480893721110044,2.8623010992003883,0.37612973761775637,0.0687042162462585,0.1622139166804484,0.03989642987151309,0.06592014968811934,-0.0581413729778473,-0.025769298041652306,0.18743245856327082,0.02352017301304643,0.8416666666666668,0.004446203836354706,0.011679308932968833,0.6602960988130033,0.03572200559384417,0.06348620019895634,0.04777053573734227,0.0022874006109786424,0.01832344690591573,0.012001380371732847,0.002986709136781283,0.005782249206638017,0.003456562837780153,0.01279928006994691,0.002720533802563867,0.027529079925524096,2.0816681711721685e-17,2.755731922398589e-05,0.00011022927689594356,4.174590804736423,1627.9520188833142
450007,1,5,M4,3,False,0.00020729080697042397,0.9766958138810892,0.98378601407178,0.35,0.0,0.0,0.2378246164880693,0.0748634483339265,2.9850870983675124,0.19047712936997413,0.03528296146634178,0.0,5.269471470266581,7.561110497452319,0.154587964238445,0.5879802319710543,8.226796562130955,3.6480893721110044,2.8623010992003883,0.37612973761775637,0.0687042162462585,0.1622139166804484,0.03989642987151309,0.06592014968811934,-0.0581413729778473,-0.025769298041652306,0.18743245856327082,0.02352017301304643,0.8416666666666668,0.004446203836354706,0.011679308932968833,0.6602960988130033,0.03572200559384417,0.06348620019895634,0.04777053573734227,0.0022874006109786424,0.01832344690591573,0.012001380371732847,0.002986709136781283,0.005782249206638017,0.003456562837780153,0.01279928006994691,0.002720533802563867,0.027529079925524096,2.0816681711721685e-17,2.755731922398589e-05,0.00011022927689594356,4.174590804736423,1627.9520188833142
450007,1,6,M2,0,True,0.0,0.9766958138810892,0.98378601407178,0.35,0.0,0.0,0.21834226027131082,0.07175303331110627,3.098974011652172,0.22922467060387136,0.0,0.0,5.734069987665862,6.390289471484721,0.15007290959339625,0.6054201704864266,9.4891235864345,3.750564207121555,2.767982531808279,0.38786064282375854,0.0757323856902361,0.176261948091328,0.04523058544029054,0.06756731955810324,-0.05711238415694373,-0.023810841963544615,0.1789642521395766,0.02374056401554676,0.8229166666666666,0.003986654570278867,0.01157318058291841,0.7456485606852081,0.038618663580909034,0.057248548139904355,0.04144359773030926,0.002347995870169471,0.01873149942239065,0.011949292140919278,0.0034388280975904883,0.006894658888759359,0.0036176460451433964,0.011506597901566686,0.0026518281210432568,0.027906931030066855,2.0816681711721685e-17,4.1335978835978834e-05,9.645061728395061e-05,4.578539198276421,4055.9995895554835
450007,1,6,M3,1,True,0.0,0.9766958138810892,0.98378601407178,0.35,0.0,0.0,0.21834226027131082,0.07175303331110627,3.098974011652172,0.22922467060387136,0.0,0.0,5.734069987665862,6.390289471484721,0.15007290959339625,0.6054201704864266,9.4891235864345,3.750564207121555,2.767982531808279,0.38786064282375854,0.0757323856902361,0.176261948091328,0.04523058544029054,0.06756731955810324,-0.05711238415694373,-0.023810841963544615,0.1789642521395766,0.02374056401554676,0.8229166666666666,0.003986654570278867,0.01157318058291841,0.7456485606852081,0.038618663580909034,0.057248548139904355,0.04144359773030926,0.002347995870169471,0.01873149942239065,0.011949292140919278,0.0034388280975904883,0.006894658888759359,0.0036176460451433964,0.011506597901566686,0.0026518281210432568,0.027906931030066855,2.0816681711721685e-17,4.1335978835978834e-05,9.645061728395061e-05,4.578539198276421,4055.9995895554835
450007,1,6,M2+O,2,True,0.0,0.9766958138810892,0.98378601407178,0.35,0.0,0.0,0.21834226027131082,0.07175303331110627,3.098974011652172,0.22922467060387136,0.05596634677516202,0.0,5.734069987665862,6.390289471484721,0.15018390373116913,0.6044993612703821,9.309407439750169,3.740690477919241,2.803375542487686,0.4356996606341856,0.07672743356567509,0.1768452177044989,0.04467724735376282,0.06813593839179954,-0.05563462425150653,-0.02271993445142213,0.18064241935146197,0.02396618898326913,0.8291666666666666,0.004057554498473395,0.011673512615803417,0.7116284325033412,0.03939649525614752,0.06349403601057921,0.049055736936803346,0.002444768679087496,0.018901572139153597,0.012151999293657487,0.0035527525772340546,0.007057150362738853,0.003425385265957578,0.011753966910888872,0.002704177052157005,0.026049817564986553,2.0816681711721685e-17,4.1335978835978834e-05,8.267195767195767e-05,4.525628732333049,4064.1890365520353
450007,1,6,M4,3,True,0.0,0.9766958138810892,0.98378601407178,0.35,0.0,0.0,0.21834226027131082,0.07175303331110627,3.098974011652172,0.22922467060387136,0.05596634677516202,0.0,5.734069987665862,6.390289471484721,0.15018390373116913,0.6044993612703821,9.309407439750169,3.740690477919241,2.803375542487686,0.4356996606341856,0.07672743356567509,0.1768452177044989,0.04467724735376282,0.06813593839179954,-0.05563462425150653,-0.02271993445142213,0.18064241935146197,0.02396618898326913,0.8291666666666666,0.004057554498473395,0.011673512615803417,0.7116284325033412,0.03939649525614752,0.06349403601057921,0.049055736936803346,0.002444768679087496,0.018901572139153597,0.012151999293657487,0.0035527525772340546,0.007057150362738853,0.003425385265957578,0.011753966910888872,0.002704177052157005,0.026049817564986553,2.0816681711721685e-17,4.1335978835978834e-05,8.267195767195767e-05,4.525628732333049,4064.1890365520353
450007,1,7,M2,0,True,0.0,0.9766958138810892,0.98378601407178,0.35,0.0,0.0,0.25462781311944127,0.08294289264827967,2.7334395976737142,0.21371863551437856,0.0,0.0,6.490372991655022,8.436539084650576,0.1498311594083472,0.5988298479410454,9.38198620022863,3.7383177344320253,2.7668997785309677,0.38754761765406576,0.07164465606141955,0.16365621545313436,0.03966231232267909,0.06720942777503218,-0.056677448458571145,-0.02395103992307444,0.1898526298984972,0.026379148248234275,0.8479166666666668,0.004513761313952192,0.011143747868826258,0.7362245593953765,0.03780173169581047,0.06811986983350242,0.05167625496213879,0.0022708427557040223,0.018371707547213935,0.011736495087047324,0.0031466370813794864,0.006224995544328904,0.0035999181505738036,0.0127582710964958,0.0028525524629995263,0.02597364304155737,2.0816681711721685e-17,1.3778659611992945e-05,1.3778659611992945e-05,4.028883770285292,18143.33205443787
450007,1,7,M3,1,True,0.0,0.9766958138810892,0.98378601407178,0.35,0.0,0.0,0.25462781311944127,0.08294289264827967,2.7334395976737142,0.21371863551437856,0.0,0.0,6.490372991655022,8.436539084650576,0.1498311594083472,0.5988298479410454,9.38198620022863,3.7383177344320253,2.7668997785309677,0.38754761765406576,0.07164465606141955,0.16365621545313436,0.03966231232267909,0.06720942777503218,-0.056677448458571145,-0.02395103992307444,0.1898526298984972,0.026379148248234275,0.8479166666666668,0.004513761313952192,0.011143747868826258,0.7362245593953765,0.03780173169581047,0.06811986983350242,0.05167625496213879,0.0022708427557040223,0.018371707547213935,0.011736495087047324,0.0031466370813794864,0.006224995544328904,0.0035999181505738036,0.0127582710964958,0.0028525524629995263,0.02597364304155737,2.0816681711721685e-17,1.3778659611992945e-05,1.3778659611992945e-05,4.028883770285292,18143.33205443787
450007,1,7,M2+O,2,True,0.0,0.9766958138810892,0.98378601407178,0.35,0.0,0.0,0.25462781311944127,0.08294289264827967,2.7334395976737142,0.21371863551437856,0.0818483628556123,0.0,6.490372991655022,8.436539084650576,0.1498808154495668,0.5972595069358099,9.152735481356855,3.7509615293293344,2.8019568030562003,0.4087126292134473,0.07338023381742594,0.16408443744051268,0.03849024562454684,0.06757890529280128,-0.05445665237407913,-0.022110422845692073,0.19391532353345595,0.027200461037043443,0.8645833333333334,0.004613656734386331,0.011324064495399109,0.6956207102934209,0.040802715131635955,0.06900944764110838,0.0524490275896023,0.0024138665693858924,0.018665153749348934,0.012032392641842178,0.00338035754539957,0.006509503016062161,0.0033440992176521412,0.013183397995541083,0.0029792869372720202,0.025445161029295203,2.0816681711721685e-17,1.3778659611992945e-05,2.755731922398589e-05,3.963409491014113,18156.733612085016
450007,1,7,M4,3,True,0.0,0.9766958138810892,0.98378601407178,0.35,0.0,0.0,0.25462781311944127,0.08294289264827967,2.7334395976737142,0.21371863551437856,0.0818483628556123,0.0,6.490372991655022,8.436539084650576,0.1498808154495668,0.5972595069358099,9.152735481356855,3.7509615293293344,2.8019568030562003,0.4087126292134473,0.07338023381742594,0.16408443744051268,0.03849024562454684,0.06757890529280128,-0.05445665237407913,-0.022110422845692073,0.19391532353345595,0.027200461037043443,0.8645833333333334,0.004613656734386331,0.011324064495399109,0.6956207102934209,0.040802715131635955,0.06900944764110838,0.0524490275896023,0.0024138665693858924,0.018665153749348934,0.012032392641842178,0.00338035754539957,0.006509503016062161,0.0033440992176521412,0.013183397995541083,0.0029792869372720202,0.025445161029295203,2.0816681711721685e-17,1.3778659611992945e-05,2.755731922398589e-05,3.963409491014113,18156.733612085016
450007,1,8,M2,0,True,0.0,0.9766958138810892,0.98378601407178,0.35,0.0,0.0,0.26037696758285167,0.06623911500442774,3.1390380073338746,0.19648031547665595,0.0,0.0,6.223864151164889,7.334144979715347,0.15604396047679245,0.5845210745578551,7.891406389425324,3.6076595552507214,2.909422565724031,0.39714252306673664,0.07678067325584054,0.1712543871717772,0.04832883210459409,0.06675724448751214,-0.05844039155427855,-0.024278302192650508,0.21431314184383468,0.025508731239020182,0.8541666666666666,0.0048305354180908765,0.012307656502253538,0.6546399803616183,0.03863543043961205,0.06367646816850443,0.047801069913719164,0.0023835688696482635,0.018281079108886825,0.011740675670960682,0.003049083080632339,0.006485934893848481,0.003719258234263798,0.014246651409262899,0.002943646234106898,0.026736209140920727,2.0816681711721685e-17,1.3778659611992945e-05,1.3778659611992945e-05,4.209561252715052,10521.67745549188
450007,1,8,M3,1,True,0.0,0.9766958138810892,0.98378601407178,0.35,0.0,0.0,0.26037696758285167,0.06623911500442774,3.1390380073338746,0.19648031547665595,0.0,0.0,6.223864151164889,7.334144979715347,0.15604396047679245,0.5845210745578551,7.891406389425324,3.6076595552507214,2.909422565724031,0.39714252306673664,0.07678067325584054,0.1712543871717772,0.04832883210459409,0.06675724448751214,-0.05844039155427855,-0.024278302192650508,0.21431314184383468,0.025508731239020182,0.8541666666666666,0.0048305354180908765,0.012307656502253538,0.6546399803616183,0.03863543043961205,0.06367646816850443,0.047801069913719164,0.0023835688696482635,0.018281079108886825,0.011740675670960682,0.003049083080632339,0.006485934893848481,0.003719258234263798,0.014246651409262899,0.002943646234106898,0.026736209140920727,2.0816681711721685e-17,1.3778659611992945e-05,1.3778659611992945e-05,4.209561252715052,10521.67745549188
450007,1,8,M2+O,2,True,0.0,0.9766958138810892,0.98378601407178,0.35,0.0,0.0,0.26037696758285167,0.06623911500442774,3.1390380073338746,0.19648031547665595,0.03941378565485458,0.0,6.223864151164889,7.334144979715347,0.15612102932570396,0.5841244715547896,7.773080580302861,3.617808483192597,2.9169782137677807,0.4041920271194946,0.07739794172728418,0.1718604211396332,0.04782088693038827,0.06678723498902951,-0.05739895869912349,-0.023492780994241347,0.21523991778077725,0.025716276681069832,0.8520833333333334,0.0048725170613483654,0.012343869582715241,0.6364393863002924,0.03664850825836788,0.06694668831479852,0.047999504201172084,0.0024493432652780735,0.018487418866303545,0.011907818280077233,0.003125556551287746,0.006631154259018524,0.003602395731682266,0.014467360725876054,0.0030053077586767933,0.024905467407043077,2.0816681711721685e-17,1.3778659611992945e-05,1.3778659611992945e-05,4.170105054652367,10553.041456463685
450007,1,8,M4,3,True,0.0,0.9766958138810892,0.98378601407178,0.35,0.0,0.0,0.26037696758285167,0.06623911500442774,3.1390380073338746,0.19648031547665595,0.03941378565485458,0.0,6.223864151164889,7.334144979715347,0.15612102932570396,0.5841244715547896,7.773080580302861,3.617808483192597,2.9169782137677807,0.4041920271194946,0.07739794172728418,0.1718604211396332,0.04782088693038827,0.06678723498902951,-0.05739895869912349,-0.023492780994241347,0.21523991778077725,0.025716276681069832,0.8520833333333334,0.0048725170613483654,0.012343869582715241,0.6364393863002924,0.03664850825836788,0.06694668831479852,0.047999504201172084,0.0024493432652780735,0.018487418866303545,0.011907818280077233,0.003125556551287746,0.006631154259018524,0.003602395731682266,0.014467360725876054,0.0030053077586767933,0.024905467407043077,2.0816681711721685e-17,1.3778659611992945e-05,1.3778659611992945e-05,4.170105054652367,10553.041456463685
450007,1,9,M2,0,True,0.0,0.9766958138810892,0.98378601407178,0.35,0.0,0.0,0.22489707954227925,0.07692724628373981,2.7730619207024576,0.2408962793648243,0.0,0.0,5.490998988039792,7.869041427969933,0.14899123218720997,0.610125084378367,9.85692695583618,3.78615652150471,2.757652440877944,0.3986118226355881,0.07991561510278965,0.18005682531371395,0.047988149076172916,0.06849434790997598,-0.05455705436463276,-0.021947073602891484,0.18508441272948586,0.025140940111171003,0.8312499999999999,0.004048025830478627,0.012170062023537627,0.7794646067755349,0.04219999199340868,0.05842809543337715,0.04576445705579637,0.0024055403829625036,0.01853432860736719,0.01197055642124172,0.0035930680181632383,0.007425961980379993,0.003657096031204084,0.011808617705872226,0.0027087470069465224,0.026031700991708914,2.0816681711721685e-17,9.645061728395061e-05,0.00013778659611992945,3.903744323228444,2588.2759768872997
450007,1,9,M3,1,True,0.0,0.9766958138810892,0.98378601407178,0.35,0.0,0.0,0.22489707954227925,0.07692724628373981,2.7730619207024576,0.2408962793648243,0.0,0.0,5.490998988039792,7.869041427969933,0.14899123218720997,0.610125084378367,9.85692695583618,3.78615652150471,2.757652440877944,0.3986118226355881,0.07991561510278965,0.18005682531371395,0.047988149076172916,0.06849434790997598,-0.05455705436463276,-0.021947073602891484,0.18508441272948586,0.025140940111171003,0.8312499999999999,0.004048025830478627,0.012170062023537627,0.7794646067755349,0.04219999199340868,0.05842809543337715,0.04576445705579637,0.0024055403829625036,0.01853432860736719,0.01197055642124172,0.0035930680181632383,0.007425961980379993,0.003657096031204084,0.011808617705872226,0.0027087470069465224,0.026031700991708914,2.0816681711721685e-17,9.645061728395061e-05,0.00013778659611992945,3.903744323228444,2588.2759768872997
450007,1,9,M2+O,2,True,0.0,0.9766958138810892,0.98378601407178,0.35,0.0,0.0,0.22489707954227925,0.07692724628373981,2.7730619207024576,0.2408962793648243,0.09924992682199865,0.0,5.490998988039792,7.869041427969933,0.14902507628822528,0.6090139209623185,9.560448899686605,3.7606308222519935,2.761289166004275,0.4143323538981642,0.08235598992250547,0.1793949891313632,0.04632817345184195,0.06980581926063174,-0.05166625422397456,-0.019771783341771335,0.19112584315768158,0.026072109560050183,0.8458333333333332,0.004185507038008984,0.011242438606972107,0.7087854318950644,0.04060389490304395,0.060462307917964045,0.04680231322176634,0.0025917964535141984,0.018790476384356363,0.012364241567770688,0.003834198355310861,0.007663161650729118,0.003328719045662859,0.012291422997019961,0.002874839795849395,0.02604981756498656,2.0816681711721685e-17,8.267195767195767e-05,0.00013778659611992945,3.8478203148570853,2569.741625834541
450007,1,9,M4,3,True,0.0,0.9766958138810892,0.98378601407178,0.35,0.0,0.0,0.22489707954227925,0.07692724628373981,2.7730619207024576,0.2408962793648243,0.09924992682199865,0.0,5.490998988039792,7.869041427969933,0.14902507628822528,0.6090139209623185,9.560448899686605,3.7606308222519935,2.761289166004275,0.4143323538981642,0.08235598992250547,0.1793949891313632,0.04632817345184195,0.06980581926063174,-0.05166625422397456,-0.019771783341771335,0.19112584315768158,0.026072109560050183,0.8458333333333332,0.004185507038008984,0.011242438606972107,0.7087854318950644,0.04060389490304395,0.060462307917964045,0.04680231322176634,0.0025917964535141984,0.018790476384356363,0.012364241567770688,0.003834198355310861,0.007663161650729118,0.003328719045662859,0.012291422997019961,0.002874839795849395,0.02604981756498656,2.0816681711721685e-17,8.267195767195767e-05,0.00013778659611992945,3.8478203148570853,2569.741625834541
450007,1,10,M2,0,True,0.0,0.9766958138810892,0.98378601407178,0.35,0.0,0.0,0.2443801517598331,0.06754384808242321,3.1797893855720756,0.21964385755360127,0.0,0.0,5.020357612986118,6.691643536090851,0.15230228184454936,0.5992700162278523,8.988372099491867,3.6929342519294526,2.798118540791845,0.374026595089525,0.07817831262140242,0.17704934864241126,0.04778291226937065,0.06767556425427658,-0.0574218903997131,-0.02343663030626478,0.1983368437680281,0.025440896647211345,0.8354166666666667,0.0044493337636999615,0.011960214727287331,0.7519562152970763,0.039946075933904375,0.057341113370394436,0.04019116806290073,0.002396678622625171,0.018590311454197046,0.01189218597493343,0.003340119561473857,0.006926840053431364,0.003688494730549631,0.01294890992636024,0.0028556011374385707,0.025266544061115094,2.0816681711721685e-17,0.0001515652557319224,0.00026179453262786595,4.546744241982317,1100.6304976508686
450007,1,10,M3,1,True,0.0,0.9766958138810892,0.98378601407178,0.35,0.0,0.0,0.2443801517598331,0.06754384808242321,3.1797893855720756,0.21964385755360127,0.0,0.0,5.020357612986118,6.691643536090851,0.15230228184454936,0.5992700162278523,8.988372099491867,3.6929342519294526,2.798118540791845,0.374026595089525,0.07817831262140242,0.17704934864241126,0.04778291226937065,0.06767556425427658,-0.0574218903997131,-0.02343663030626478,0.1983368437680281,0.025440896647211345,0.8354166666666667,0.0044493337636999615,0.011960214727287331,0.7519562152970763,0.039946075933904375,0.057341113370394436,0.04019116806290073,0.002396678622625171,0.018590311454197046,0.01189218597493343,0.003340119561473857,0.006926840053431364,0.003688494730549631,0.01294890992636024,0.0028556011374385707,0.025266544061115094,2.0816681711721685e-17,0.0001515652557319224,0.00026179453262786595,4.546744241982317,1100.6304976508686
450007,1,10,M2+O,2,True,0.0,0.9766958138810892,0.98378601407178,0.35,0.0,0.0,0.2443801517598331,0.06754384808242321,3.1797893855720756,0.21964385755360127,0.22120154879690973,0.0,5.020357612986118,6.691643536090851,0.15092449344826422,0.5974431053495267,8.629310673706861,3.69027875384776,2.8162814896578663,0.39048989430027237,0.08824451802340612,0.16490395300940508,0.03840774888933061,0.07149402460797853,-0.04888024499170204,-0.016714879740148608,0.2299770747696519,0.03241300879373799,0.8666666666666667,0.004828561049533795,0.011637157591693733,0.6159299819139711,0.04143557376765303,0.06424217363143396,0.040551594109280976,0.002838640401464153,0.01956139320383841,0.012905992978566757,0.003837240398339669,0.007577122675821217,0.00310419965523496,0.014382059842972448,0.0035772702076823674,0.028971917103918554,2.0816681711721685e-17,0.00013778659611992945,0.0002755731922398589,4.482672996590938,1084.7451587404755
450007,1,10,M4,3,True,0.0,0.9766958138810892,0.98378601407178,0.35,0.0,0.0,0.2443801517598331,0.06754384808242321,3.1797893855720756,0.21964385755360127,0.22120154879690973,0.0,5.020357612986118,6.691643536090851,0.15092449344826422,0.5974431053495267,8.629310673706861,3.69027875384776,2.8162814896578663,0.39048989430027237,0.08824451802340612,0.16490395300940508,0.03840774888933061,0.07149402460797853,-0.04888024499170204,-0.016714879740148608,0.2299770747696519,0.03241300879373799,0.8666666666666667,0.004828561049533795,0.011637157591693733,0.6159299819139711,0.04143557376765303,0.06424217363143396,0.040551594109280976,0.002838640401464153,0.01956139320383841,0.012905992978566757,0.003837240398339669,0.007577122675821217,0.00310419965523496,0.014382059842972448,0.0035772702076823674,0.028971917103918554,2.0816681711721685e-17,0.00013778659611992945,0.0002755731922398589,4.482672996590938,1084.7451587404755
450007,1,11,M2,0,True,0.0,0.9766958138810892,0.98378601407178,0.35,0.0,0.0,0.28308231513947246,0.08182962188962847,2.945610111951828,0.22273273594677448,0.0,0.0,5.752427791710943,8.503426149487495,0.1462919402956534,0.6058247555234931,10.146030551046277,3.7991875465118032,2.723318352637244,0.4056123861604901,0.07172004191434121,0.1577031197326049,0.03506121858082791,0.068149007456495,-0.05615512990466664,-0.023239200532619086,0.1960107327374323,0.029713238699343916,0.8729166666666667,0.0048186289519929395,0.011967946976252725,0.7892974669861605,0.0398392761106803,0.0673556998259657,0.05048035540684092,0.0022562904225736616,0.018191808188289985,0.01156951833169426,0.00331989168488315,0.006211695270954679,0.0036146110557876633,0.013267168208883205,0.003060355468536734,0.02535600982606524,2.0816681711721685e-17,8.267195767195767e-05,0.00011022927689594356,4.934815911269717,4365.018805099939
450007,1,11,M3,1,True,0.0,0.9766958138810892,0.98378601407178,0.35,0.0,0.0,0.28308231513947246,0.08182962188962847,2.945610111951828,0.22273273594677448,0.0,0.0,5.752427791710943,8.503426149487495,0.1462919402956534,0.6058247555234931,10.146030551046277,3.7991875465118032,2.723318352637244,0.4056123861604901,0.07172004191434121,0.1577031197326049,0.03506121858082791,0.068149007456495,-0.05615512990466664,-0.023239200532619086,0.1960107327374323,0.029713238699343916,0.8729166666666667,0.0048186289519929395,0.011967946976252725,0.7892974669861605,0.0398392761106803,0.0673556998259657,0.05048035540684092,0.0022562904225736616,0.018191808188289985,0.01156951833169426,0.00331989168488315,0.006211695270954679,0.0036146110557876633,0.013267168208883205,0.003060355468536734,0.02535600982606524,2.0816681711721685e-17,8.267195767195767e-05,0.00011022927689594356,4.934815911269717,4365.018805099939
450007,1,11,M2+O,2,True,0.0,0.9766958138810892,0.98378601407178,0.35,0.0,0.0,0.28308231513947246,0.08182962188962847,2.945610111951828,0.22273273594677448,0.024611350639674,0.0,5.752427791710943,8.503426149487495,0.14636381423653855,0.605529195657582,10.064022390996579,3.7861034211648033,2.7390548403742394,0.4181489505159888,0.07198608406639585,0.1581530294431954,0.034809508855878316,0.06825909243973098,-0.05558613705497003,-0.022791623250121896,0.19624134928822393,0.02973094484673298,0.8770833333333332,0.004843371857337082,0.011883871853767295,0.775943598312127,0.04046834791476854,0.06656495831964691,0.05079933374626361,0.0022930574900090744,0.018273062025399033,0.011609384334147396,0.0033708668401743695,0.006296833245543676,0.0035451957168210375,0.013376569400760843,0.0030826736185849287,0.02535600982606524,2.0816681711721685e-17,8.267195767195767e-05,0.00011022927689594356,4.905223919599604,4353.495174442312
450007,1,11,M4,3,True,0.0,0.9766958138810892,0.98378601407178,0.35,0.0,0.0,0.28308231513947246,0.08182962188962847,2.945610111951828,0.22273273594677448,0.024611350639674,0.0,5.752427791710943,8.503426149487495,0.14636381423653855,0.605529195657582,10.064022390996579,3.7861034211648033,2.7390548403742394,0.4181489505159888,0.07198608406639585,0.1581530294431954,0.034809508855878316,0.06825909243973098,-0.05558613705497003,-0.022791623250121896,0.19624134928822393,0.02973094484673298,0.8770833333333332,0.004843371857337082,0.011883871853767295,0.775943598312127,0.04046834791476854,0.06656495831964691,0.05079933374626361,0.0022930574900090744,0.018273062025399033,0.011609384334147396,0.0033708668401743695,0.006296833245543676,0.0035451957168210375,0.013376569400760843,0.0030826736185849287,0.02535600982606524,2.0816681711721685e-17,8.267195767195767e-05,0.00011022927689594356,4.905223919599604,4353.495174442312
450007,1,12,M2,0,True,0.0,0.9766958138810892,0.98378601407178,0.35,0.0,0.0,0.29935491690412164,0.07051171878352762,2.7982757639139892,0.23080004900693893,0.0,0.0,6.378210476133972,6.27442592382431,0.151285868998673,0.6020649417020761,9.00583010956342,3.711746066688326,2.8232317821349056,0.42468805746983057,0.08867330925308359,0.1799215973310202,0.052525284753515734,0.06925925741746997,-0.05306065081864033,-0.01947265902844855,0.2370680541302773,0.03146254497568792,0.8666666666666667,0.005277344513174631,0.012753723440662668,0.725406200970954,0.045470016927757005,0.06374274344803439,0.052759098326498784,0.0025465338608999097,0.018199015866718914,0.011479956660810467,0.0035482109586914934,0.007880460126678436,0.0038350066119661754,0.015434004836982344,0.0034126877477633185,0.025478512306882847,2.0816681711721685e-17,1.3778659611992945e-05,1.3778659611992945e-05,3.799358770023087,14429.048610823362
450007,1,12,M3,1,True,0.0,0.9766958138810892,0.98378601407178,0.35,0.0,0.0,0.29935491690412164,0.07051171878352762,2.7982757639139892,0.23080004900693893,0.0,0.0,6.378210476133972,6.27442592382431,0.151285868998673,0.6020649417020761,9.00583010956342,3.711746066688326,2.8232317821349056,0.42468805746983057,0.08867330925308359,0.1799215973310202,0.052525284753515734,0.06925925741746997,-0.05306065081864033,-0.01947265902844855,0.2370680541302773,0.03146254497568792,0.8666666666666667,0.005277344513174631,0.012753723440662668,0.725406200970954,0.045470016927757005,0.06374274344803439,0.052759098326498784,0.0025465338608999097,0.018199015866718914,0.011479956660810467,0.0035482109586914934,0.007880460126678436,0.0038350066119661754,0.015434004836982344,0.0034126877477633185,0.025478512306882847,2.0816681711721685e-17,1.3778659611992945e-05,1.3778659611992945e-05,3.799358770023087,14429.048610823362
450007,1,12,M2+O,2,True,0.0,0.9766958138810892,0.98378601407178,0.35,0.0,0.0,0.29935491690412164,0.07051171878352762,2.7982757639139892,0.23080004900693893,0.032109614985167255,0.0,6.378210476133972,6.27442592382431,0.15136871962197465,0.6019549261749886,8.900992568725696,3.699396321541613,2.8020514506177143,0.40971197971192,0.08911892638398418,0.18009052362812905,0.05228013804448282,0.06942680999996066,-0.05221498092434871,-0.018895209253771802,0.23768103250751196,0.03146281670669532,0.8645833333333334,0.0053079925703618195,0.012565530182122399,0.7055258221411492,0.04285530180563574,0.06198358296100523,0.04995314473160306,0.0026017707760158343,0.018278352534656886,0.011642749319748097,0.00362989728375719,0.00796639476283459,0.0037405816541519065,0.015601405042246816,0.0034728987466786146,0.02472295159864195,2.0816681711721685e-17,1.3778659611992945e-05,1.3778659611992945e-05,3.7779974374788012,14443.64840692625
450007,1,12,M4,3,True,0.0,0.9766958138810892,0.98378601407178,0.35,0.0,0.0,0.29935491690412164,0.07051171878352762,2.7982757639139892,0.23080004900693893,0.032109614985167255,0.0,6.378210476133972,6.27442592382431,0.15136871962197465,0.6019549261749886,8.900992568725696,3.699396321541613,2.8020514506177143,0.40971197971192,0.08911892638398418,0.18009052362812905,0.05228013804448282,0.06942680999996066,-0.05221498092434871,-0.018895209253771802,0.23768103250751196,0.03146281670669532,0.8645833333333334,0.0053079925703618195,0.012565530182122399,0.7055258221411492,0.04285530180563574,0.06198358296100523,0.04995314473160306,0.0026017707760158343,0.018278352534656886,0.011642749319748097,0.00362989728375719,0.00796639476283459,0.0037405816541519065,0.015601405042246816,0.0034728987466786146,0.02472295159864195,2.0816681711721685e-17,1.3778659611992945e-05,1.3778659611992945e-05,3.7779974374788012,14443.64840692625
450007,1,13,M2,0,False,0.006724636524525849,0.9766958138810892,0.98378601407178,0.35,0.0,0.0,0.2357255432754755,0.0843245640071109,3.0317934952676295,0.20654045909643173,0.0,0.0,5.610234498512,8.927487328648567,0.14723442786965343,0.6043908600428397,10.064321510459395,3.794828628789445,2.7148287061512497,0.3675608756422817,0.0626196506960267,0.1503226595066827,0.029018936938217027,0.06632115470927892,-0.057718538287866994,-0.026867485049161116,0.1643350950806675,0.02442278349553746,0.8312499999999999,0.004150128466770161,0.010652261702217235,0.7806487467220309,0.043298591125432856,0.05758786751922119,0.04387103632500923,0.0021056237607657603,0.018058672271409237,0.01165467386412505,0.003059354577132137,0.0052700830149102615,0.003423983309379772,0.011147426208693217,0.0026024227869692533,0.0282028913359986,2.0816681711721685e-17,9.645061728395061e-05,0.0001240079365079365,5.278547803444067,3362.107182445597
450007,1,13,M3,1,False,0.006724636524525849,0.9766958138810892,0.98378601407178,0.35,0.0,0.0,0.2357255432754755,0.0843245640071109,3.0317934952676295,0.20654045909643173,0.0,0.0,5.610234498512,8.927487328648567,0.14723442786965343,0.6043908600428397,10.064321510459395,3.794828628789445,2.7148287061512497,0.3675608756422817,0.0626196506960267,0.1503226595066827,0.029018936938217027,0.06632115470927892,-0.057718538287866994,-0.026867485049161116,0.1643350950806675,0.02442278349553746,0.8312499999999999,0.004150128466770161,0.010652261702217235,0.7806487467220309,0.043298591125432856,0.05758786751922119,0.04387103632500923,0.0021056237607657603,0.018058672271409237,0.01165467386412505,0.003059354577132137,0.0052700830149102615,0.003423983309379772,0.011147426208693217,0.0026024227869692533,0.0282028913359986,2.0816681711721685e-17,9.645061728395061e-05,0.0001240079365079365,5.278547803444067,3362.107182445597
450007,1,13,M2+O,2,False,0.0012023353300463738,0.9766958138810892,0.98378601407178,0.35,0.0,0.0,0.2357255432754755,0.0843245640071109,3.0317934952676295,0.20654045909643173,0.14585900465534243,0.0,5.610234498512,8.927487328648567,0.14696080062295833,0.6021554139150095,9.704985701657813,3.823254536557366,2.755837337232537,0.39818986364891956,0.06687927633819084,0.14977384553792103,0.025582748429313726,0.06739504189619404,-0.05355011841813135,-0.022944161212080233,0.17713603988026017,0.027292972022137197,0.8562499999999998,0.004371961358180176,0.011602923957947731,0.7103355586437656,0.041000022374396684,0.06607711977530328,0.053743136388678996,0.00235231362127567,0.018638722595173202,0.012118927047605539,0.0033743753212039517,0.00580180451512978,0.0030719856677155683,0.011972989163076415,0.0028608504051305357,0.026291375259645096,2.0816681711721685e-17,0.00011022927689594356,0.0001240079365079365,5.133653564473451,3309.3169115323744
450007,1,13,M4,3,False,0.0012023353300463738,0.9766958138810892,0.98378601407178,0.35,0.0,0.0,0.2357255432754755,0.0843245640071109,3.0317934952676295,0.20654045909643173,0.14585900465534243,0.0,5.610234498512,8.927487328648567,0.14696080062295833,0.6021554139150095,9.704985701657813,3.823254536557366,2.755837337232537,0.39818986364891956,0.06687927633819084,0.14977384553792103,0.025582748429313726,0.06739504189619404,-0.05355011841813135,-0.022944161212080233,0.17713603988026017,0.027292972022137197,0.8562499999999998,0.004371961358180176,0.011602923957947731,0.7103355586437656,0.041000022374396684,0.06607711977530328,0.053743136388678996,0.00235231362127567,0.018638722595173202,0.012118927047605539,0.0033743753212039517,0.00580180451512978,0.0030719856677155683,0.011972989163076415,0.0028608504051305357,0.026291375259645096,2.0816681711721685e-17,0.00011022927689594356,0.0001240079365079365,5.133653564473451,3309.3169115323744
450007,1,14,M2,0,True,0.0,0.9766958138810892,0.98378601407178,0.35,0.0,0.0,0.20833341283723714,0.062489898935891686,2.92039684318006,0.25279291801154613,0.0,0.0,5.331442344933748,7.0982246696949005,0.1526149934436689,0.6146208928731262,9.245466461411125,3.733618730508949,2.7870600706324495,0.41350291423869584,0.09394210592645531,0.20044814767101618,0.06312736132396313,0.0698803572151165,-0.05051963874662052,-0.019613475807218426,0.19936332737124818,0.023951710463366107,0.8208333333333333,0.003910228711863047,0.012783465919836694,0.7226074714438048,0.05045194905821248,0.059574899872062055,0.049317198560750536,0.002635756020492092,0.018246621739230303,0.012074551404115754,0.0038888640151167244,0.00879309746876641,0.003812877116735872,0.012170058691370429,0.002676236178574424,0.025875374860175254,2.0816681711721685e-17,8.267195767195767e-05,0.00011022927689594356,3.5606113081261435,1844.8285739761257
450007,1,14,M3,1,True,0.0,0.9766958138810892,0.98378601407178,0.35,0.0,0.0,0.20833341283723714,0.062489898935891686,2.92039684318006,0.25279291801154613,0.0,0.0,5.331442344933748,7.0982246696949005,0.1526149934436689,0.6146208928731262,9.245466461411125,3.733618730508949,2.7870600706324495,0.41350291423869584,0.09394210592645531,0.20044814767101618,0.06312736132396313,0.0698803572151165,-0.05051963874662052,-0.019613475807218426,0.19936332737124818,0.023951710463366107,0.8208333333333333,0.003910228711863047,0.012783465919836694,0.7226074714438048,0.05045194905821248,0.059574899872062055,0.049317198560750536,0.002635756020492092,0.018246621739230303,0.012074551404115754,0.0038888640151167244,0.00879309746876641,0.003812877116735872,0.012170058691370429,0.002676236178574424,0.025875374860175254,2.0816681711721685e-17,8.267195767195767e-05,0.00011022927689594356,3.5606113081261435,1844.8285739761257
450007,1,14,M2+O,2,True,0.0,0.9766958138810892,0.98378601407178,0.35,0.0,0.0,0.20833341283723714,0.062489898935891686,2.92039684318006,0.25279291801154613,0.09017833367092232,0.0,5.331442344933748,7.0982246696949005,0.15267807120301258,0.6156234866377249,8.972514501511151,3.7091015865832904,2.790643175372383,0.3886521278877708,0.09627364693311484,0.19929303347582242,0.061703654866682965,0.0715048573892666,-0.04774373063864748,-0.01760629477717769,0.2047419499748121,0.02450332896621589,0.8270833333333334,0.0040355469301169514,0.01237260102617288,0.6573260588689411,0.05045775195444989,0.06135669467442427,0.05100968797982236,0.00280732244426763,0.018486862621416283,0.012567954516007212,0.004044515126594977,0.008895778084684199,0.003497778311847053,0.012614783010189307,0.0028769226204808174,0.026746794245581268,2.0816681711721685e-17,6.889329805996472e-05,9.645061728395061e-05,3.5239185286569055,1835.7429692941566
450007,1,14,M4,3,True,0.0,0.9766958138810892,0.98378601407178,0.35,0.0,0.0,0.20833341283723714,0.062489898935891686,2.92039684318006,0.25279291801154613,0.09017833367092232,0.0,5.331442344933748,7.0982246696949005,0.15267807120301258,0.6156234866377249,8.972514501511151,3.7091015865832904,2.790643175372383,0.3886521278877708,0.09627364693311484,0.19929303347582242,0.061703654866682965,0.0715048573892666,-0.04774373063864748,-0.01760629477717769,0.2047419499748121,0.02450332896621589,0.8270833333333334,0.0040355469301169514,0.01237260102617288,0.6573260588689411,0.05045775195444989,0.06135669467442427,0.05100968797982236,0.00280732244426763,0.018486862621416283,0.012567954516007212,0.004044515126594977,0.008895778084684199,0.003497778311847053,0.012614783010189307,0.0028769226204808174,0.026746794245581268,2.0816681711721685e-17,6.889329805996472e-05,9.645061728395061e-05,3.5239185286569055,1835.7429692941566
450007,1,15,M2,0,False,0.002120644882837022,0.9766958138810892,0.98378601407178,0.35,0.0,0.0,0.26893506180495025,0.07365114953368902,3.2870344676077363,0.18954758934676647,0.0,0.0,6.0987141309306026,8.098484382033348,0.1515174198448413,0.59220414397191,8.864758042433044,3.695072056004795,2.829195004133883,0.3999865616882101,0.06585545858375383,0.14983302450470634,0.03300216001995746,0.0662863324208274,-0.05864805147608595,-0.026547719071683438,0.19285713739479518,0.026581321766688093,0.8666666666666667,0.004802698132738642,0.011747808504762904,0.7049741909644357,0.038870961445499355,0.06322586241964738,0.04882294395312815,0.0021708667518196443,0.017541213114554782,0.011682292761107209,0.0029637333829428043,0.005344162282860558,0.0035580625785163297,0.013262697334680572,0.0028786373660594834,0.025831580118160915,2.0816681711721685e-17,1.3778659611992945e-05,2.755731922398589e-05,5.4882949244951575,8341.006762198554
450007,1,15,M3,1,False,0.002120644882837022,0.9766958138810892,0.98378601407178,0.35,0.0,0.0,0.26893506180495025,0.07365114953368902,3.2870344676077363,0.18954758934676647,0.0,0.0,6.0987141309306026,8.098484382033348,0.1515174198448413,0.59220414397191,8.864758042433044,3.695072056004795,2.829195004133883,0.3999865616882101,0.06585545858375383,0.14983302450470634,0.03300216001995746,0.0662863324208274,-0.05864805147608595,-0.026547719071683438,0.19285713739479518,0.026581321766688093,0.8666666666666667,0.004802698132738642,0.011747808504762904,0.7049741909644357,0.038870961445499355,0.06322586241964738,0.04882294395312815,0.0021708667518196443,0.017541213114554782,0.011682292761107209,0.0029637333829428043,0.005344162282860558,0.0035580625785163297,0.013262697334680572,0.0028786373660594834,0.025831580118160915,2.0816681711721685e-17,1.3778659611992945e-05,2.755731922398589e-05,5.4882949244951575,8341.006762198554
450007,1,15,M2+O,2,False,0.000987775731762213,0.9766958138810892,0.98378601407178,0.35,0.0,0.0,0.26893506180495025,0.07365114953368902,3.2870344676077363,0.18954758934676647,0.06948194053920671,0.0,6.0987141309306026,8.098484382033348,0.15156843587633143,0.5898428144779976,8.6735687229895,3.7272555094191353,2.804139495526248,0.374433192592638,0.06717139903357262,0.1508745428797579,0.03164539012936308,0.06642452492135036,-0.05689253650404047,-0.02497481020779437,0.19575466725761817,0.02728982972454171,0.86875,0.004882702455947795,0.012548689756551872,0.6778391445529954,0.041019026520259357,0.0657535690139538,0.048645291830436824,0.0022768239235511386,0.017914001149358597,0.011928890924369044,0.0030852899289338467,0.005600353234427377,0.0033704625987075005,0.013651812425107412,0.002992197459341239,0.026548509742831468,2.0816681711721685e-17,2.755731922398589e-05,2.755731922398589e-05,5.391814502534021,8352.638278618646
450007,1,15,M4,3,False,0.000987775731762213,0.9766958138810892,0.98378601407178,0.35,0.0,0.0,0.26893506180495025,0.07365114953368902,3.2870344676077363,0.18954758934676647,0.06948194053920671,0.0,6.0987141309306026,8.098484382033348,0.15156843587633143,0.5898428144779976,8.6735687229895,3.7272555094191353,2.804139495526248,0.374433192592638,0.06717139903357262,0.1508745428797579,0.03164539012936308,0.06642452492135036,-0.05689253650404047,-0.02497481020779437,0.19575466725761817,0.02728982972454171,0.86875,0.004882702455947795,0.012548689756551872,0.6778391445529954,0.041019026520259357,0.0657535690139538,0.048645291830436824,0.0022768239235511386,0.017914001149358597,0.011928890924369044,0.0030852899289338467,0.005600353234427377,0.0033704625987075005,0.013651812425107412,0.002992197459341239,0.026548509742831468,2.0816681711721685e-17,2.755731922398589e-05,2.755731922398589e-05,5.391814502534021,8352.638278618646
450007,1,16,M2,0,True,0.0,0.9766958138810892,0.98378601407178,0.35,0.0,0.0,0.27431888692080975,0.06181873608380556,2.745128928869963,0.22651283517479898,0.0,0.0,5.591213259845972,8.767512990161777,0.15667112531333025,0.5969463742405083,7.922515543402877,3.6115957336700437,2.9011424062767452,0.42348130249556437,0.09794359961712384,0.19663098774273924,0.06606226513851615,0.06879128936718255,-0.051066222435909886,-0.018648370526972036,0.2479563667496145,0.02792017744919455,0.8541666666666666,0.005086478846070864,0.012728253884431304,0.6410827074985422,0.04324133888111626,0.07144423817531119,0.05206498510690764,0.0027147077772400447,0.018211891550205382,0.01147693365924985,0.0036539445228300606,0.008647517326479535,0.00393664035017499,0.015738522676941605,0.0032953559560965,0.026223099858399178,2.0816681711721685e-17,2.755731922398589e-05,4.1335978835978834e-05,3.179290560095666,3027.067669325244
450007,1,16,M3,1,True,0.0,0.9766958138810892,0.98378601407178,0.35,0.0,0.0,0.27431888692080975,0.06181873608380556,2.745128928869963,0.22651283517479898,0.0,0.0,5.591213259845972,8.767512990161777,0.15667112531333025,0.5969463742405083,7.922515543402877,3.6115957336700437,2.9011424062767452,0.42348130249556437,0.09794359961712384,0.19663098774273924,0.06606226513851615,0.06879128936718255,-0.051066222435909886,-0.018648370526972036,0.2479563667496145,0.02792017744919455,0.8541666666666666,0.005086478846070864,0.012728253884431304,0.6410827074985422,0.04324133888111626,0.07144423817531119,0.05206498510690764,0.0027147077772400447,0.018211891550205382,0.01147693365924985,0.0036539445228300606,0.008647517326479535,0.00393664035017499,0.015738522676941605,0.0032953559560965,0.026223099858399178,2.0816681711721685e-17,2.755731922398589e-05,4.1335978835978834e-05,3.179290560095666,3027.067669325244
450007,1,16,M2+O,2,True,0.0,0.9766958138810892,0.98378601407178,0.35,0.0,0.0,0.27431888692080975,0.06181873608380556,2.745128928869963,0.22651283517479898,0.2121842301297775,0.0,5.591213259845972,8.767512990161777,0.15521815168467154,0.5965121168825113,7.681999491549365,3.5983029351126823,2.929339054071191,0.42706048818154657,0.10820385487669609,0.18170171797949117,0.05602140164874969,0.07319013872888895,-0.04238399538039733,-0.0128263953193756,0.2773279915761595,0.034432126134465904,0.875,0.0053899485950482835,0.011714210199768827,0.515226593472902,0.0461678918710101,0.07393890319182342,0.05795359584049568,0.0031472972893302046,0.01892703641219604,0.012540091815778287,0.004047597849749116,0.008914308831632784,0.003316953670848855,0.01690150486106009,0.004158927447061965,0.03127716210856122,2.0816681711721685e-17,2.755731922398589e-05,4.1335978835978834e-05,3.1780046552102483,3042.9634406916502
450007,1,16,M4,3,True,0.0,0.9766958138810892,0.98378601407178,0.35,0.0,0.0,0.27431888692080975,0.06181873608380556,2.745128928869963,0.22651283517479898,0.2121842301297775,0.0,5.591213259845972,8.767512990161777,0.15521815168467154,0.5965121168825113,7.681999491549365,3.5983029351126823,2.929339054071191,0.42706048818154657,0.10820385487669609,0.18170171797949117,0.05602140164874969,0.07319013872888895,-0.04238399538039733,-0.0128263953193756,0.2773279915761595,0.034432126134465904,0.875,0.0053899485950482835,0.011714210199768827,0.515226593472902,0.0461678918710101,0.07393890319182342,0.05795359584049568,0.0031472972893302046,0.01892703641219604,0.012540091815778287,0.004047597849749116,0.008914308831632784,0.003316953670848855,0.01690150486106009,0.004158927447061965,0.03127716210856122,2.0816681711721685e-17,2.755731922398589e-05,4.1335978835978834e-05,3.1780046552102483,3042.9634406916502
450007,1,17,M2,0,True,0.0,0.9766958138810892,0.98378601407178,0.35,0.0,0.0,0.2107140221633017,0.07251564121339471,3.1294893007725477,0.21084689751267433,0.0,0.0,6.359143438749015,6.029857037588954,0.1520932737994459,0.5952686868251579,8.965578206057092,3.7013607060319518,2.793755227113729,0.38733957621749054,0.07028569320114085,0.17031610388325139,0.04227318995643589,0.06661062392086751,-0.05885559967482503,-0.025856785006515153,0.17183999261532992,0.02191755278032149,0.8166666666666668,0.003922425487019286,0.01098654286902462,0.7083562191335814,0.039249467831167235,0.06644799858245176,0.04904169157631743,0.002268336017625141,0.01871691621545026,0.01195180423167635,0.00316339153611089,0.006163163803284707,0.003550265672543048,0.011225449014375905,0.0025433392282575604,0.028339726473950975,2.0816681711721685e-17,1.3778659611992945e-05,1.3778659611992945e-05,4.619125655530419,13923.73029248338
450007,1,17,M3,1,True,0.0,0.9766958138810892,0.98378601407178,0.35,0.0,0.0,0.2107140221633017,0.07251564121339471,3.1294893007725477,0.21084689751267433,0.0,0.0,6.359143438749015,6.029857037588954,0.1520932737994459,0.5952686868251579,8.965578206057092,3.7013607060319518,2.793755227113729,0.38733957621749054,0.07028569320114085,0.17031610388325139,0.04227318995643589,0.06661062392086751,-0.05885559967482503,-0.025856785006515153,0.17183999261532992,0.02191755278032149,0.8166666666666668,0.003922425487019286,0.01098654286902462,0.7083562191335814,0.039249467831167235,0.06644799858245176,0.04904169157631743,0.002268336017625141,0.01871691621545026,0.01195180423167635,0.00316339153611089,0.006163163803284707,0.003550265672543048,0.011225449014375905,0.0025433392282575604,0.028339726473950975,2.0816681711721685e-17,1.3778659611992945e-05,1.3778659611992945e-05,4.619125655530419,13923.73029248338
450007,1,17,M2+O,2,True,0.0,0.9766958138810892,0.98378601407178,0.35,0.0,0.0,0.2107140221633017,0.07251564121339471,3.1294893007725477,0.21084689751267433,0.022073353820592844,0.0,6.359143438749015,6.029857037588954,0.15216268174664685,0.5951968265310301,8.894069164839301,3.7071835390629624,2.8024585046627966,0.3855460944261371,0.07054383033524231,0.1708782112128989,0.041965180580747774,0.06667978985090478,-0.05833252198439983,-0.025493989211808538,0.1718997452211144,0.021932845332133688,0.81875,0.003948345533567469,0.011263613553157697,0.6974065901303159,0.03838872653932767,0.06536164885320297,0.04860214904497993,0.0023022582161731577,0.018805450422508578,0.012005210964764961,0.003208553760661877,0.006232204211832035,0.0034772131525067414,0.011311119269852071,0.002556746252190525,0.028522254850189006,2.0816681711721685e-17,1.3778659611992945e-05,1.3778659611992945e-05,4.592229035363656,13931.41288611258
450007,1,17,M4,3,True,0.0,0.9766958138810892,0.98378601407178,0.35,0.0,0.0,0.2107140221633017,0.07251564121339471,3.1294893007725477,0.21084689751267433,0.022073353820592844,0.0,6.359143438749015,6.029857037588954,0.15216268174664685,0.5951968265310301,8.894069164839301,3.7071835390629624,2.8024585046627966,0.3855460944261371,0.07054383033524231,0.1708782112128989,0.041965180580747774,0.06667978985090478,-0.05833252198439983,-0.025493989211808538,0.1718997452211144,0.021932845332133688,0.81875,0.003948345533567469,0.011263613553157697,0.6974065901303159,0.03838872653932767,0.06536164885320297,0.04860214904497993,0.0023022582161731577,0.018805450422508578,0.012005210964764961,0.003208553760661877,0.006232204211832035,0.0034772131525067414,0.011311119269852071,0.002556746252190525,0.028522254850189006,2.0816681711721685e-17,1.3778659611992945e-05,1.3778659611992945e-05,4.592229035363656,13931.41288611258
450007,1,18,M2,0,True,0.0,0.9766958138810892,0.98378601407178,0.35,0.0,0.0,0.2333221411332488,0.0694007444800809,2.9358963377773764,0.24959932155907155,0.0,0.0,6.073741978500038,7.956517500802875,0.14940271654354673,0.6133079124369646,9.752698365618862,3.7712127076453092,2.769755867775867,0.425588380980507,0.08622845323878812,0.1869995165821284,0.053111389243271655,0.06936579840339555,-0.05302765756219161,-0.02059250794542908,0.19663229178722907,0.026197313591181697,0.84375,0.004192886237979585,0.012227317205290175,0.7554072258251692,0.04798176636344065,0.05542753999997046,0.04900025844412218,0.002501783418770314,0.018385242207712645,0.011954399458882228,0.0037342758402537,0.008064596470563325,0.00374415731204989,0.012436007711014857,0.002830297097816072,0.02337325131023911,2.0816681711721685e-17,2.755731922398589e-05,4.1335978835978834e-05,4.037830487531798,7924.692434502285
450007,1,18,M3,1,True,0.0,0.9766958138810892,0.98378601407178,0.35,0.0,0.0,0.2333221411332488,0.0694007444800809,2.9358963377773764,0.24959932155907155,0.0,0.0,6.073741978500038,7.956517500802875,0.14940271654354673,0.6133079124369646,9.752698365618862,3.7712127076453092,2.769755867775867,0.425588380980507,0.08622845323878812,0.1869995165821284,0.053111389243271655,0.06936579840339555,-0.05302765756219161,-0.02059250794542908,0.19663229178722907,0.026197313591181697,0.84375,0.004192886237979585,0.012227317205290175,0.7554072258251692,0.04798176636344065,0.05542753999997046,0.04900025844412218,0.002501783418770314,0.018385242207712645,0.011954399458882228,0.0037342758402537,0.008064596470563325,0.00374415731204989,0.012436007711014857,0.002830297097816072,0.02337325131023911,2.0816681711721685e-17,2.755731922398589e-05,4.1335978835978834e-05,4.037830487531798,7924.692434502285
450007,1,18,M2+O,2,True,0.0,0.9766958138810892,0.98378601407178,0.35,0.0,0.0,0.2333221411332488,0.0694007444800809,2.9358963377773764,0.24959932155907155,0.04776055824152218,0.0,6.073741978500038,7.956517500802875,0.14952240878913017,0.6126608136670447,9.596744292935867,3.7616325256878143,2.7686660146313073,0.41981739336797874,0.08704720791612176,0.18720368550140018,0.05261863296043345,0.07007604835984832,-0.051741920920897466,-0.019700071823735173,0.19785771576247635,0.026206094978938565,0.8375,0.004248274412676912,0.011709048291270101,0.723053001419778,0.04663816359518607,0.05765305328413953,0.05018816479104234,0.0025857862527682066,0.018488772868958506,0.012185662741753433,0.003830527960662431,0.0081634208429096,0.003573008161701289,0.01264618862781387,0.0028842645864618284,0.02374570899451465,2.0816681711721685e-17,2.755731922398589e-05,4.1335978835978834e-05,4.006063503928275,7930.81156705555
450007,1,18,M4,3,True,0.0,0.9766958138810892,0.98378601407178,0.35,0.0,0.0,0.2333221411332488,0.0694007444800809,2.9358963377773764,0.24959932155907155,0.04776055824152218,0.0,6.073741978500038,7.956517500802875,0.14952240878913017,0.6126608136670447,9.596744292935867,3.7616325256878143,2.7686660146313073,0.41981739336797874,0.08704720791612176,0.18720368550140018,0.05261863296043345,0.07007604835984832,-0.051741920920897466,-0.019700071823735173,0.19785771576247635,0.026206094978938565,0.8375,0.004248274412676912,0.011709048291270101,0.723053001419778,0.04663816359518607,0.05765305328413953,0.05018816479104234,0.0025857862527682066,0.018488772868958506,0.012185662741753433,0.003830527960662431,0.0081634208429096,0.003573008161701289,0.01264618862781387,0.0028842645864618284,0.02374570899451465,2.0816681711721685e-17,2.755731922398589e-05,4.1335978835978834e-05,4.006063503928275,7930.81156705555
450007,1,19,M2,0,False,0.007820618761259229,0.9766958138810892,0.98378601407178,0.35,0.0,0.0,0.29389928011223676,0.0837265725620091,3.151984858140349,0.19276041217148304,0.0,0.0,5.306607499253005,6.847492961212993,0.1467109299515322,0.6049785428213105,10.068234381329487,3.802390160500875,2.760647181279887,0.40618063393398196,0.06204091638653044,0.1363964836638479,0.024615788841432836,0.0667357152959742,-0.056743329944301514,-0.026324956480414368,0.18891474497226057,0.029462200721397224,0.8895833333333333,0.004992590542122563,0.01190804794016053,0.7989973794512617,0.04032128614106777,0.06438301072801743,0.05392514879738351,0.0020890846209563737,0.016930052193924912,0.011459060357969557,0.003102505483987392,0.0049610791795165156,0.0034935820599253805,0.013217271920803138,0.0029922881611734054,0.02369399702813103,2.0816681711721685e-17,0.0001515652557319224,0.00020667989417989417,6.028751234867619,2044.1892621521565
450007,1,19,M3,1,False,0.007820618761259229,0.9766958138810892,0.98378601407178,0.35,0.0,0.0,0.29389928011223676,0.0837265725620091,3.151984858140349,0.19276041217148304,0.0,0.0,5.306607499253005,6.847492961212993,0.1467109299515322,0.6049785428213105,10.068234381329487,3.802390160500875,2.760647181279887,0.40618063393398196,0.06204091638653044,0.1363964836638479,0.024615788841432836,0.0667357152959742,-0.056743329944301514,-0.026324956480414368,0.18891474497226057,0.029462200721397224,0.8895833333333333,0.004992590542122563,0.01190804794016053,0.7989973794512617,0.04032128614106777,0.06438301072801743,0.05392514879738351,0.0020890846209563737,0.016930052193924912,0.011459060357969557,0.003102505483987392,0.0049610791795165156,0.0034935820599253805,0.013217271920803138,0.0029922881611734054,0.02369399702813103,2.0816681711721685e-17,0.0001515652557319224,0.00020667989417989417,6.028751234867619,2044.1892621521565
450007,1,19,M2+O,2,False,0.0025652833717442246,0.9766958138810892,0.98378601407178,0.35,0.0,0.0,0.29389928011223676,0.0837265725620091,3.151984858140349,0.19276041217148304,0.13119263357491437,0.0,5.306607499253005,6.847492961212993,0.14650612482947367,0.6004773277233206,9.755915631925896,3.8034847825605507,2.729637698610882,0.3490065648880236,0.06544162361019538,0.13650400255236914,0.022052211009403938,0.06740215430752321,-0.05322797810604555,-0.022942222356679632,0.19856795507269168,0.031812941938391535,0.8854166666666666,0.005152504418669167,0.012921633287584663,0.7450457861121366,0.04498830139427549,0.06107615833304098,0.04233450472888215,0.0022914529665127373,0.0176086162184366,0.01181514179269292,0.003306641187278793,0.005465704392448598,0.003229600734246936,0.013983033379301752,0.003250476046438981,0.023979000222920502,2.0816681711721685e-17,0.0001515652557319224,0.00019290123456790122,5.859210420330637,2007.8937632833574
450007,1,19,M4,3,False,0.0025652833717442246,0.9766958138810892,0.98378601407178,0.35,0.0,0.0,0.29389928011223676,0.0837265725620091,3.151984858140349,0.19276041217148304,0.13119263357491437,0.0,5.306607499253005,6.847492961212993,0.14650612482947367,0.6004773277233206,9.755915631925896,3.8034847825605507,2.729637698610882,0.3490065648880236,0.06544162361019538,0.13650400255236914,0.022052211009403938,0.06740215430752321,-0.05322797810604555,-0.022942222356679632,0.19856795507269168,0.031812941938391535,0.8854166666666666,0.005152504418669167,0.012921633287584663,0.7450457861121366,0.04498830139427549,0.06107615833304098,0.04233450472888215,0.0022914529665127373,0.0176086162184366,0.01181514179269292,0.003306641187278793,0.005465704392448598,0.003229600734246936,0.013983033379301752,0.003250476046438981,0.023979000222920502,2.0816681711721685e-17,0.0001515652557319224,0.00019290123456790122,5.859210420330637,2007.8937632833574
450007,1,20,M2,0,True,0.0,0.9766958138810892,0.98378601407178,0.35,0.0,0.0,0.2853641238063574,0.066921036564745,3.004666529595852,0.18090405613183974,0.0,0.0,5.5569867682643235,7.624283714219928,0.1582361668437747,0.573940009880528,7.309370590258801,3.5527678841186145,2.967305441313019,0.4057790273598017,0.07776892462664116,0.16418818487126616,0.047897588706564444,0.0661820981314958,-0.058056101357415714,-0.023990400272005944,0.23844636492823099,0.02750148945710022,0.8770833333333333,0.005331221029070622,0.013566847609327831,0.6272675931531949,0.03391153178079487,0.06664530808776019,0.05138654998838029,0.0023969192860168465,0.017582723988562834,0.011701228511496483,0.002980021148019446,0.006325587441251223,0.0037791126746028816,0.015820604240887933,0.0031286330101089875,0.024814377309455876,2.0816681711721685e-17,1.3778659611992945e-05,2.755731922398589e-05,3.8403802143814603,2831.9503219344974
450007,1,20,M3,1,True,0.0,0.9766958138810892,0.98378601407178,0.35,0.0,0.0,0.2853641238063574,0.066921036564745,3.004666529595852,0.18090405613183974,0.0,0.0,5.5569867682643235,7.624283714219928,0.1582361668437747,0.573940009880528,7.309370590258801,3.5527678841186145,2.967305441313019,0.4057790273598017,0.07776892462664116,0.16418818487126616,0.047897588706564444,0.0661820981314958,-0.058056101357415714,-0.023990400272005944,0.23844636492823099,0.02750148945710022,0.8770833333333333,0.005331221029070622,0.013566847609327831,0.6272675931531949,0.03391153178079487,0.06664530808776019,0.05138654998838029,0.0023969192860168465,0.017582723988562834,0.011701228511496483,0.002980021148019446,0.006325587441251223,0.0037791126746028816,0.015820604240887933,0.0031286330101089875,0.024814377309455876,2.0816681711721685e-17,1.3778659611992945e-05,2.755731922398589e-05,3.8403802143814603,2831.9503219344974
450007,1,20,M2+O,2,True,0.0,0.9766958138810892,0.98378601407178,0.35,0.0,0.0,0.2853641238063574,0.066921036564745,3.004666529595852,0.18090405613183974,0.07382451393861636,0.0,5.5569867682643235,7.624283714219928,0.1582252676647633,0.5723304642722848,7.124360433226722,3.5738737294042315,2.9920545067322677,0.41506263183336545,0.0795067373869798,0.16437900601836594,0.04624549086709181,0.0663652368920869,-0.05590913348809833,-0.022247513364938753,0.24234080579575598,0.028436910789378527,0.875,0.005410010842186005,0.013417305767289982,0.5963298384410075,0.035906925795349584,0.06656632154337783,0.053315783322995115,0.0025271496999131142,0.017999025296631974,0.011960316196174988,0.003105980979971385,0.00662222486135583,0.0035723538741059702,0.016306909131289966,0.003297634027375982,0.02606430175713435,2.0816681711721685e-17,2.755731922398589e-05,2.755731922398589e-05,3.7793511095604386,2837.743313002456
450007,1,20,M4,3,True,0.0,0.9766958138810892,0.98378601407178,0.35,0.0,0.0,0.2853641238063574,0.066921036564745,3.004666529595852,0.18090405613183974,0.07382451393861636,0.0,5.5569867682643235,7.624283714219928,0.1582252676647633,0.5723304642722848,7.124360433226722,3.5738737294042315,2.9920545067322677,0.41506263183336545,0.0795067373869798,0.16437900601836594,0.04624549086709181,0.0663652368920869,-0.05590913348809833,-0.022247513364938753,0.24234080579575598,0.028436910789378527,0.875,0.005410010842186005,0.013417305767289982,0.5963298384410075,0.035906925795349584,0.06656632154337783,0.053315783322995115,0.0025271496999131142,0.017999025296631974,0.011960316196174988,0.003105980979971385,0.00662222486135583,0.0035723538741059702,0.016306909131289966,0.003297634027375982,0.02606430175713435,2.0816681711721685e-17,2.755731922398589e-05,2.755731922398589e-05,3.7793511095604386,2837.743313002456
450007,1,21,M2,0,True,0.0,0.9766958138810892,0.98378601407178,0.35,0.0,0.0,0.24985972577705978,0.08074341848492622,2.7879210490733386,0.2564136388897896,0.0,0.0,6.2897146246396005,7.174714235588908,0.1444916122437997,0.6197452117003501,10.819732390594785,3.858409271156899,2.705479999638993,0.42923187249306793,0.08018427927042952,0.17440896052145338,0.04282081713020736,0.06974850007557948,-0.053017855942563884,-0.0208508877130348,0.1884053500252779,0.028336489737720752,0.84375,0.004273765148474275,0.012244914256803602,0.8250049724416066,0.04587123157580584,0.05992294063329057,0.045751963870402,0.002382196297274439,0.018283968510097174,0.011806325615544504,0.0037599766019399193,0.007530133756269618,0.003657576198815396,0.012155448065427022,0.002886727638226707,0.02432280271440892,2.0816681711721685e-17,4.1335978835978834e-05,5.511463844797178e-05,4.342674510330554,12202.576314630694
450007,1,21,M3,1,True,0.0,0.9766958138810892,0.98378601407178,0.35,0.0,0.0,0.24985972577705978,0.08074341848492622,2.7879210490733386,0.2564136388897896,0.0,0.0,6.2897146246396005,7.174714235588908,0.1444916122437997,0.6197452117003501,10.819732390594785,3.858409271156899,2.705479999638993,0.42923187249306793,0.08018427927042952,0.17440896052145338,0.04282081713020736,0.06974850007557948,-0.053017855942563884,-0.0208508877130348,0.1884053500252779,0.028336489737720752,0.84375,0.004273765148474275,0.012244914256803602,0.8250049724416066,0.04587123157580584,0.05992294063329057,0.045751963870402,0.002382196297274439,0.018283968510097174,0.011806325615544504,0.0037599766019399193,0.007530133756269618,0.003657576198815396,0.012155448065427022,0.002886727638226707,0.02432280271440892,2.0816681711721685e-17,4.1335978835978834e-05,5.511463844797178e-05,4.342674510330554,12202.576314630694
450007,1,21,M2+O,2,True,0.0,0.9766958138810892,0.98378601407178,0.35,0.0,0.0,0.24985972577705978,0.08074341848492622,2.7879210490733386,0.2564136388897896,0.05298770697682681,0.0,6.2897146246396005,7.174714235588908,0.1446194646668786,0.6197755125541087,10.650274461782619,3.8405744600198157,2.6811400704993154,0.4042569951342718,0.08103773939944488,0.17471200703279055,0.04258968513079591,0.07057914160075805,-0.05166657694385466,-0.01986624136292153,0.1897980301815556,0.028384011514737923,0.8562499999999998,0.0043343517672102,0.01184302007784613,0.78853352070434,0.04251336842585595,0.05542194391790368,0.04359579667110997,0.002472091927916946,0.018375689286058868,0.012013037026558407,0.0038940082319499085,0.0076585493166007445,0.003487693690381386,0.012374725479974778,0.00293155233892795,0.02432280271440892,2.0816681711721685e-17,4.1335978835978834e-05,5.511463844797178e-05,4.304484838251375,12213.419199825375
450007,1,21,M4,3,True,0.0,0.9766958138810892,0.98378601407178,0.35,0.0,0.0,0.24985972577705978,0.08074341848492622,2.7879210490733386,0.2564136388897896,0.05298770697682681,0.0,6.2897146246396005,7.174714235588908,0.1446194646668786,0.6197755125541087,10.650274461782619,3.8405744600198157,2.6811400704993154,0.4042569951342718,0.08103773939944488,0.17471200703279055,0.04258968513079591,0.07057914160075805,-0.05166657694385466,-0.01986624136292153,0.1897980301815556,0.028384011514737923,0.8562499999999998,0.0043343517672102,0.01184302007784613,0.78853352070434,0.04251336842585595,0.05542194391790368,0.04359579667110997,0.002472091927916946,0.018375689286058868,0.012013037026558407,0.0038940082319499085,0.0076585493166007445,0.003487693690381386,0.012374725479974778,0.00293155233892795,0.02432280271440892,2.0816681711721685e-17,4.1335978835978834e-05,5.511463844797178e-05,4.304484838251375,12213.419199825375
450007,1,22,M2,0,True,0.0,0.9766958138810892,0.98378601407178,0.35,0.0,0.0,0.21934264209121468,0.06507959863170981,3.2768081992864606,0.20266117803752423,0.0,0.0,5.824183402583003,8.253249479457736,0.1555782454514718,0.5863761847855672,8.13159971261634,3.6332992827222803,2.875020029025849,0.3939686444148008,0.07391827047529825,0.17595528439917696,0.04836776069386828,0.0664818519577888,-0.05944193922923625,-0.02563181099909365,0.18693853589267842,0.0217433122226368,0.8166666666666665,0.004152239180548552,0.011643278500009983,0.6604751026595798,0.037454023920876836,0.06842081625288497,0.04887079798600176,0.002348416566055935,0.018739561257279696,0.011937813630608194,0.0031149672383431804,0.006397042550056826,0.003632902582116704,0.012251047667992706,0.0026210262803016498,0.028179462833841686,2.0816681711721685e-17,1.3778659611992945e-05,2.755731922398589e-05,4.499397603259005,4821.311149751865
450007,1,22,M3,1,True,0.0,0.9766958138810892,0.98378601407178,0.35,0.0,0.0,0.21934264209121468,0.06507959863170981,3.2768081992864606,0.20266117803752423,0.0,0.0,5.824183402583003,8.253249479457736,0.1555782454514718,0.5863761847855672,8.13159971261634,3.6332992827222803,2.875020029025849,0.3939686444148008,0.07391827047529825,0.17595528439917696,0.04836776069386828,0.0664818519577888,-0.05944193922923625,-0.02563181099909365,0.18693853589267842,0.0217433122226368,0.8166666666666665,0.004152239180548552,0.011643278500009983,0.6604751026595798,0.037454023920876836,0.06842081625288497,0.04887079798600176,0.002348416566055935,0.018739561257279696,0.011937813630608194,0.0031149672383431804,0.006397042550056826,0.003632902582116704,0.012251047667992706,0.0026210262803016498,0.028179462833841686,2.0816681711721685e-17,1.3778659611992945e-05,2.755731922398589e-05,4.499397603259005,4821.311149751865
450007,1,22,M2+O,2,True,0.0,0.9766958138810892,0.98378601407178,0.35,0.0,0.0,0.21934264209121468,0.06507959863170981,3.2768081992864606,0.20266117803752423,0.033084380497587614,0.0,5.824183402583003,8.253249479457736,0.155661084486313,0.5870338654086744,8.02853456773166,3.6435190821987447,2.880013533800673,0.3950444267681397,0.07440079025664671,0.17662058634493652,0.04799173072674715,0.06657104947147535,-0.058589626496368764,-0.025035191169267737,0.18742798133445238,0.02185831094609093,0.8250000000000001,0.00419108305272035,0.0116497942272648,0.6445342649423433,0.03777813436480538,0.06708708834246464,0.04589527396616819,0.002402901892907275,0.018903745774917265,0.012060718518572518,0.0031830598030105086,0.006508057062022458,0.0035226133964396194,0.012404660004054833,0.0026540708900284807,0.026580476653559747,2.0816681711721685e-17,2.755731922398589e-05,2.755731922398589e-05,4.462143466384153,4824.56806082323
450007,1,22,M4,3,True,0.0,0.9766958138810892,0.98378601407178,0.35,0.0,0.0,0.21934264209121468,0.06507959863170981,3.2768081992864606,0.20266117803752423,0.033084380497587614,0.0,5.824183402583003,8.253249479457736,0.155661084486313,0.5870338654086744,8.02853456773166,3.6435190821987447,2.880013533800673,0.3950444267681397,0.07440079025664671,0.17662058634493652,0.04799173072674715,0.06657104947147535,-0.058589626496368764,-0.025035191169267737,0.18742798133445238,0.02185831094609093,0.8250000000000001,0.00419108305272035,0.0116497942272648,0.6445342649423433,0.03777813436480538,0.06708708834246464,0.04589527396616819,0.002402901892907275,0.018903745774917265,0.012060718518572518,0.0031830598030105086,0.006508057062022458,0.0035226133964396194,0.012404660004054833,0.0026540708900284807,0.026580476653559747,2.0816681711721685e-17,2.755731922398589e-05,2.755731922398589e-05,4.462143466384153,4824.56806082323
450007,1,23,M2,0,True,0.0,0.9766958138810892,0.98378601407178,0.35,0.0,0.0,0.25806931434199215,0.07628014065790922,2.8931047920137645,0.23965651862323284,0.0,0.0,5.092159022577107,6.549499271437526,0.14770876925390405,0.6126859600688409,10.169259487446201,3.795161076033327,2.7347053113040496,0.3940472562384985,0.07965569284575903,0.17558051935860974,0.04433721990526906,0.06898958654472807,-0.05488357656694112,-0.021665278121477113,0.19741769106388526,0.02815286629007267,0.8520833333333334,0.004500650293583983,0.012651864808249383,0.8398182081179733,0.04247982773538082,0.05999853629762938,0.04411380463979751,0.00239502789210778,0.01833698752677919,0.011857435464682086,0.003601857413539569,0.007263035797924407,0.0036762869749138167,0.012853453199133015,0.002959331386848125,0.02508665537248395,2.0816681711721685e-17,0.000248015873015873,0.0003720238095238095,4.347371691590822,1304.234956918497
450007,1,23,M3,1,True,0.0,0.9766958138810892,0.98378601407178,0.35,0.0,0.0,0.25806931434199215,0.07628014065790922,2.8931047920137645,0.23965651862323284,0.0,0.0,5.092159022577107,6.549499271437526,0.14770876925390405,0.6126859600688409,10.169259487446201,3.795161076033327,2.7347053113040496,0.3940472562384985,0.07965569284575903,0.17558051935860974,0.04433721990526906,0.06898958654472807,-0.05488357656694112,-0.021665278121477113,0.19741769106388526,0.02815286629007267,0.8520833333333334,0.004500650293583983,0.012651864808249383,0.8398182081179733,0.04247982773538082,0.05999853629762938,0.04411380463979751,0.00239502789210778,0.01833698752677919,0.011857435464682086,0.003601857413539569,0.007263035797924407,0.0036762869749138167,0.012853453199133015,0.002959331386848125,0.02508665537248395,2.0816681711721685e-17,0.000248015873015873,0.0003720238095238095,4.347371691590822,1304.234956918497
450007,1,23,M2+O,2,True,0.0,0.9766958138810892,0.98378601407178,0.35,0.0,0.0,0.25806931434199215,0.07628014065790922,2.8931047920137645,0.23965651862323284,0.16454687114128402,0.0,5.092159022577107,6.549499271437526,0.14730028577513232,0.6099626386894963,9.779398299885917,3.7717697916640343,2.7620196369647427,0.4365708866841578,0.08506513514988208,0.17100402600975492,0.0396727076622399,0.07163477254596781,-0.04949581023869785,-0.017536524597696796,0.213468722613554,0.031387493286830624,0.8625000000000002,0.004738431010025193,0.011935558416630465,0.7240979192665288,0.04293076740022209,0.06179193830216204,0.053935400442144676,0.002717990734779866,0.018830971886329997,0.012478685063192368,0.004065608575072917,0.007702319763650333,0.0031968466729090554,0.01374351120963893,0.0033788286801285485,0.03013406036701491,2.0816681711721685e-17,0.00023423721340388006,0.00038580246913580245,4.2865548913306855,1289.3954948901808
450007,1,23,M4,3,True,0.0,0.9766958138810892,0.98378601407178,0.35,0.0,0.0,0.25806931434199215,0.07628014065790922,2.8931047920137645,0.23965651862323284,0.16454687114128402,0.0,5.092159022577107,6.549499271437526,0.14730028577513232,0.6099626386894963,9.779398299885917,3.7717697916640343,2.7620196369647427,0.4365708866841578,0.08506513514988208,0.17100402600975492,0.0396727076622399,0.07163477254596781,-0.04949581023869785,-0.017536524597696796,0.213468722613554,0.031387493286830624,0.8625000000000002,0.004738431010025193,0.011935558416630465,0.7240979192665288,0.04293076740022209,0.06179193830216204,0.053935400442144676,0.002717990734779866,0.018830971886329997,0.012478685063192368,0.004065608575072917,0.007702319763650333,0.0031968466729090554,0.01374351120963893,0.0033788286801285485,0.03013406036701491,2.0816681711721685e-17,0.00023423721340388006,0.00038580246913580245,4.2865548913306855,1289.3954948901808
450007,1,24,M2,0,True,0.0,0.9766958138810892,0.98378601407178,0.35,0.0,0.0,0.25229498287662866,0.07130121480673551,3.2424582408741114,0.25054258555173875,0.0,0.0,5.1947883064858615,7.697029176168144,0.14546799767347152,0.6187879750714977,10.766808882365767,3.828951642916586,2.7059286760579426,0.41189322209610574,0.07947964107987864,0.1758175125572515,0.04195721040305534,0.07005313810087209,-0.05517247778649015,-0.021783636230042303,0.19074110297509553,0.028274274890875417,0.85,0.004349270373853395,0.012350231692508621,0.8849767659843997,0.042940359576955515,0.06303381217107543,0.04626572538652868,0.00238174445633211,0.018301175374708344,0.011919655714198767,0.0037437377382153053,0.0073589017243514306,0.003657632482588835,0.012276346386433056,0.002917308592753723,0.02407717061715384,2.0816681711721685e-17,0.00033068783068783067,0.0004684744268077601,5.4160774613691105,1639.7430486482087
450007,1,24,M3,1,True,0.0,0.9766958138810892,0.98378601407178,0.35,0.0,0.0,0.25229498287662866,0.07130121480673551,3.2424582408741114,0.25054258555173875,0.0,0.0,5.1947883064858615,7.697029176168144,0.14546799767347152,0.6187879750714977,10.766808882365767,3.828951642916586,2.7059286760579426,0.41189322209610574,0.07947964107987864,0.1758175125572515,0.04195721040305534,0.07005313810087209,-0.05517247778649015,-0.021783636230042303,0.19074110297509553,0.028274274890875417,0.85,0.004349270373853395,0.012350231692508621,0.8849767659843997,0.042940359576955515,0.06303381217107543,0.04626572538652868,0.00238174445633211,0.018301175374708344,0.011919655714198767,0.0037437377382153053,0.0073589017243514306,0.003657632482588835,0.012276346386433056,0.002917308592753723,0.02407717061715384,2.0816681711721685e-17,0.00033068783068783067,0.0004684744268077601,5.4160774613691105,1639.7430486482087
450007,1,24,M2+O,2,True,0.0,0.9766958138810892,0.98378601407178,0.35,0.0,0.0,0.25229498287662866,0.07130121480673551,3.2424582408741114,0.25054258555173875,0.027300393382453058,0.0,5.1947883064858615,7.697029176168144,0.14555601027274231,0.61810319619602,10.671993107065395,3.815309784512145,2.707963596239452,0.41737847114121945,0.07981645750040979,0.1761848237254043,0.041725250641801805,0.07044988708073861,-0.05450893281275767,-0.021332097877825862,0.19100709001630278,0.028224029282373126,0.8541666666666666,0.004378318420891907,0.0125503105553759,0.866380837311231,0.04213391148835419,0.05875648132304005,0.044215970195113134,0.0024258921794900385,0.018346153651939673,0.012006284998385294,0.003797140977167942,0.007434184045224116,0.003570689036689723,0.01238307548035461,0.0029295322415172215,0.025165514898301173,2.0816681711721685e-17,0.00033068783068783067,0.00048225308641975306,5.386250918911997,1634.9451452344747
450007,1,24,M4,3,True,0.0,0.9766958138810892,0.98378601407178,0.35,0.0,0.0,0.25229498287662866,0.07130121480673551,3.2424582408741114,0.25054258555173875,0.027300393382453058,0.0,5.1947883064858615,7.697029176168144,0.14555601027274231,0.61810319619602,10.671993107065395,3.815309784512145,2.707963596239452,0.41737847114121945,0.07981645750040979,0.1761848237254043,0.041725250641801805,0.07044988708073861,-0.05450893281275767,-0.021332097877825862,0.19100709001630278,0.028224029282373126,0.8541666666666666,0.004378318420891907,0.0125503105553759,0.866380837311231,0.04213391148835419,0.05875648132304005,0.044215970195113134,0.0024258921794900385,0.018346153651939673,0.012006284998385294,0.003797140977167942,0.007434184045224116,0.003570689036689723,0.01238307548035461,0.0029295322415172215,0.025165514898301173,2.0816681711721685e-17,0.00033068783068783067,0.00048225308641975306,5.386250918911997,1634.9451452344747
450007,1,25,M2,0,False,0.006959083945283046,0.9766958138810892,0.98378601407178,0.35,0.0,0.0,0.2128114739432931,0.0819786664703861,2.857141142897308,0.18745961993932725,0.0,0.0,5.950249812100083,7.481925803236663,0.15324503420507615,0.5913277516449665,8.669197329718179,3.6652124227633163,2.8328925097799846,0.3672682881480922,0.0624920988314448,0.15548341999102566,0.03491758158697286,0.06531511576768001,-0.058897524065678976,-0.028042351811093078,0.16405067316800584,0.020995346614629474,0.8104166666666667,0.003971716344322778,0.010568192170836627,0.68543385743773,0.03903604054940734,0.06146669414207789,0.04737866341116378,0.0021295044220618863,0.018085605233512263,0.011946420152085073,0.0028427474429375452,0.005158627513208103,0.0034311017555493347,0.011097829484042004,0.0024379168738625687,0.02933118713327749,2.0816681711721685e-17,1.3778659611992945e-05,2.755731922398589e-05,4.152850715213165,6192.267892010611
450007,1,25,M3,1,False,0.006959083945283046,0.9766958138810892,0.98378601407178,0.35,0.0,0.0,0.2128114739432931,0.0819786664703861,2.857141142897308,0.18745961993932725,0.0,0.0,5.950249812100083,7.481925803236663,0.15324503420507615,0.5913277516449665,8.669197329718179,3.6652124227633163,2.8328925097799846,0.3672682881480922,0.0624920988314448,0.15548341999102566,0.03491758158697286,0.06531511576768001,-0.058897524065678976,-0.028042351811093078,0.16405067316800584,0.020995346614629474,0.8104166666666667,0.003971716344322778,0.010568192170836627,0.68543385743773,0.03903604054940734,0.06146669414207789,0.04737866341116378,0.0021295044220618863,0.018085605233512263,0.011946420152085073,0.0028427474429375452,0.005158627513208103,0.0034311017555493347,0.011097829484042004,0.0024379168738625687,0.02933118713327749,2.0816681711721685e-17,1.3778659611992945e-05,2.755731922398589e-05,4.152850715213165,6192.267892010611
450007,1,25,M2+O,2,True,0.0,0.9766958138810892,0.98378601407178,0.35,0.0,0.0,0.2128114739432931,0.0819786664703861,2.857141142897308,0.18745961993932725,0.23350648217868042,0.0,5.950249812100083,7.481925803236663,0.15153828909573577,0.5890056181617896,8.407647849554403,3.7059364550047227,2.8738157878397232,0.4170548358034584,0.07392633567728597,0.14500691158708168,0.026148765344105745,0.06819678046070346,-0.05029173691533912,-0.02000114281741169,0.2024041822076328,0.02959921297689512,0.8666666666666666,0.004444748883699249,0.010828319359421724,0.6055684138134242,0.04154453546604118,0.06730805770003824,0.04805179868408239,0.002562108549086232,0.019433772045802693,0.01292083540456263,0.0034796118041129933,0.0060851037453601275,0.002948176676318691,0.012938272752453905,0.003103958508247336,0.027693107672494728,2.0816681711721685e-17,2.755731922398589e-05,2.755731922398589e-05,4.030026287652189,6225.980424037658
450007,1,25,M4,3,True,0.0,0.9766958138810892,0.98378601407178,0.35,0.0,0.0,0.2128114739432931,0.0819786664703861,2.857141142897308,0.18745961993932725,0.23350648217868042,0.0,5.950249812100083,7.481925803236663,0.15153828909573577,0.5890056181617896,8.407647849554403,3.7059364550047227,2.8738157878397232,0.4170548358034584,0.07392633567728597,0.14500691158708168,0.026148765344105745,0.06819678046070346,-0.05029173691533912,-0.02000114281741169,0.2024041822076328,0.02959921297689512,0.8666666666666666,0.004444748883699249,0.010828319359421724,0.6055684138134242,0.04154453546604118,0.06730805770003824,0.04805179868408239,0.002562108549086232,0.019433772045802693,0.01292083540456263,0.0034796118041129933,0.0060851037453601275,0.002948176676318691,0.012938272752453905,0.003103958508247336,0.027693107672494728,2.0816681711721685e-17,2.755731922398589e-05,2.755731922398589e-05,4.030026287652189,6225.980424037658
450007,1,26,M2,0,True,0.0,0.9766958138810892,0.98378601407178,0.35,0.0,0.0,0.24332936750724912,0.0601364664407447,3.038868862576783,0.23370719604194165,0.0,0.0,6.421457636170089,8.555320414714515,0.15492411048211188,0.6008903994488237,8.412754242826365,3.6525459935609628,2.865557140287091,0.4094542203251348,0.09259388397743457,0.19602260954147746,0.06268296076194016,0.06865571217930973,-0.053010636904143066,-0.020167048329741852,0.21970911293349782,0.02545305917234043,0.8312499999999999,0.004520172055456441,0.0125877914827518,0.6695160614702639,0.04933983627073513,0.06306313401484644,0.04276218969099948,0.002632075503570356,0.018457884080804936,0.011722087447188383,0.0036592626315513996,0.008399504436723961,0.0038548981481486893,0.013920645354215814,0.002967800020000312,0.02671855798091862,2.0816681711721685e-17,1.3778659611992945e-05,1.3778659611992945e-05,3.6868911005583853,15454.42253611714
450007,1,26,M3,1,True,0.0,0.9766958138810892,0.98378601407178,0.35,0.0,0.0,0.24332936750724912,0.0601364664407447,3.038868862576783,0.23370719604194165,0.0,0.0,6.421457636170089,8.555320414714515,0.15492411048211188,0.6008903994488237,8.412754242826365,3.6525459935609628,2.865557140287091,0.4094542203251348,0.09259388397743457,0.19602260954147746,0.06268296076194016,0.06865571217930973,-0.053010636904143066,-0.020167048329741852,0.21970911293349782,0.02545305917234043,0.8312499999999999,0.004520172055456441,0.0125877914827518,0.6695160614702639,0.04933983627073513,0.06306313401484644,0.04276218969099948,0.002632075503570356,0.018457884080804936,0.011722087447188383,0.0036592626315513996,0.008399504436723961,0.0038548981481486893,0.013920645354215814,0.002967800020000312,0.02671855798091862,2.0816681711721685e-17,1.3778659611992945e-05,1.3778659611992945e-05,3.6868911005583853,15454.42253611714
450007,1,26,M2+O,2,True,0.0,0.9766958138810892,0.98378601407178,0.35,0.0,0.0,0.24332936750724912,0.0601364664407447,3.038868862576783,0.23370719604194165,0.10576962002334488,0.0,6.421457636170089,8.555320414714515,0.1548599571207411,0.5990782763085529,8.129690147405158,3.6575413466679394,2.8831960278105107,0.4160566104810354,0.09569019772113822,0.19399644966779364,0.060111837894607174,0.07050957632697784,-0.04955344125533306,-0.017734399803847407,0.22757350876886373,0.026644898936640005,0.8479166666666668,0.004657316626083448,0.011580964493258575,0.6006623597059427,0.043997957650717345,0.06027263007757667,0.04556916340423599,0.002843782895994995,0.018779643556949048,0.012231419282932665,0.0038019523756581772,0.008586730775509045,0.003491636466662442,0.014505486364893145,0.0032798087554088955,0.027662426556525538,2.0816681711721685e-17,1.3778659611992945e-05,1.3778659611992945e-05,3.6433238405377266,15637.047292597888
450007,1,26,M4,3,True,0.0,0.9766958138810892,0.98378601407178,0.35,0.0,0.0,0.24332936750724912,0.0601364664407447,3.038868862576783,0.23370719604194165,0.10576962002334488,0.0,6.421457636170089,8.555320414714515,0.1548599571207411,0.5990782763085529,8.129690147405158,3.6575413466679394,2.8831960278105107,0.4160566104810354,0.09569019772113822,0.19399644966779364,0.060111837894607174,0.07050957632697784,-0.04955344125533306,-0.017734399803847407,0.22757350876886373,0.026644898936640005,0.8479166666666668,0.004657316626083448,0.011580964493258575,0.6006623597059427,0.043997957650717345,0.06027263007757667,0.04556916340423599,0.002843782895994995,0.018779643556949048,0.012231419282932665,0.0038019523756581772,0.008586730775509045,0.003491636466662442,0.014505486364893145,0.0032798087554088955,0.027662426556525538,2.0816681711721685e-17,1.3778659611992945e-05,1.3778659611992945e-05,3.6433238405377266,15637.047292597888
450007,1,27,M2,0,True,0.0,0.9766958138810892,0.98378601407178,0.35,0.0,0.0,0.27959060072898867,0.07443597162142396,2.8240300370380282,0.20929500870406628,0.0,0.0,5.6652919836342335,6.6171028492972255,0.15277774737704597,0.5925267479362896,8.627280446800189,3.6780448645370973,2.832413918110922,0.40002926082392215,0.07845907057284293,0.16951230900466166,0.04653168225326095,0.06762876773981946,-0.05638001938178957,-0.02249292361641718,0.21851319708065642,0.02848835682414412,0.8645833333333334,0.0050173594207966144,0.012112779750229006,0.701476336109972,0.03935789537796831,0.0632527178356474,0.050422531183709915,0.0023949768008909205,0.018260674760047616,0.011653171721875074,0.0031748573603236343,0.00675833559969794,0.0037318820381912125,0.014548655251496954,0.003129422901099952,0.025798685273396176,2.0816681711721685e-17,2.755731922398589e-05,2.755731922398589e-05,3.8939109146095725,3524.724063718281
450007,1,27,M3,1,True,0.0,0.9766958138810892,0.98378601407178,0.35,0.0,0.0,0.27959060072898867,0.07443597162142396,2.8240300370380282,0.20929500870406628,0.0,0.0,5.6652919836342335,6.6171028492972255,0.15277774737704597,0.5925267479362896,8.627280446800189,3.6780448645370973,2.832413918110922,0.40002926082392215,0.07845907057284293,0.16951230900466166,0.04653168225326095,0.06762876773981946,-0.05638001938178957,-0.02249292361641718,0.21851319708065642,0.02848835682414412,0.8645833333333334,0.0050173594207966144,0.012112779750229006,0.701476336109972,0.03935789537796831,0.0632527178356474,0.050422531183709915,0.0023949768008909205,0.018260674760047616,0.011653171721875074,0.0031748573603236343,0.00675833559969794,0.0037318820381912125,0.014548655251496954,0.003129422901099952,0.025798685273396176,2.0816681711721685e-17,2.755731922398589e-05,2.755731922398589e-05,3.8939109146095725,3524.724063718281
450007,1,27,M2+O,2,True,0.0,0.9766958138810892,0.98378601407178,0.35,0.0,0.0,0.27959060072898867,0.07443597162142396,2.8240300370380282,0.20929500870406628,0.04330821162106339,0.0,5.6652919836342335,6.6171028492972255,0.15286157156976385,0.5917671827278804,8.494501103425725,3.678054204680947,2.8441148004250585,0.4086604947925214,0.07913391473323296,0.169976591674352,0.04606441179242687,0.0677225645697692,-0.055245980814641986,-0.021681256587657443,0.21962283739577906,0.028675951438783643,0.8604166666666666,0.005061956050231076,0.01212779002701135,0.6794283089841376,0.036965124576006085,0.0675470181683635,0.05228744018599733,0.002468466942204442,0.018432450205219258,0.01181773798720718,0.0032747268049967237,0.006910026469012038,0.0035968579380328838,0.014782841620113972,0.0031985512590622872,0.026233891998176342,2.0816681711721685e-17,2.755731922398589e-05,2.755731922398589e-05,3.857733697027728,3529.1558020333864
450007,1,27,M4,3,True,0.0,0.9766958138810892,0.98378601407178,0.35,0.0,0.0,0.27959060072898867,0.07443597162142396,2.8240300370380282,0.20929500870406628,0.04330821162106339,0.0,5.6652919836342335,6.6171028492972255,0.15286157156976385,0.5917671827278804,8.494501103425725,3.678054204680947,2.8441148004250585,0.4086604947925214,0.07913391473323296,0.169976591674352,0.04606441179242687,0.0677225645697692,-0.055245980814641986,-0.021681256587657443,0.21962283739577906,0.028675951438783643,0.8604166666666666,0.005061956050231076,0.01212779002701135,0.6794283089841376,0.036965124576006085,0.0675470181683635,0.05228744018599733,0.002468466942204442,0.018432450205219258,0.01181773798720718,0.0032747268049967237,0.006910026469012038,0.0035968579380328838,0.014782841620113972,0.0031985512590622872,0.026233891998176342,2.0816681711721685e-17,2.755731922398589e-05,2.755731922398589e-05,3.857733697027728,3529.1558020333864
450007,1,28,M2,0,True,0.0,0.9766958138810892,0.98378601407178,0.35,0.0,0.0,0.2879540531896055,0.06390389675740152,2.9761056745424868,0.21736293151974678,0.0,0.0,5.157286320813,8.887301716022193,0.154930986898191,0.5917592020805563,8.151593219514814,3.646411801263881,2.881403285713228,0.3894631932459481,0.08928207787653825,0.18285782853214286,0.05644016841257563,0.06835339717528283,-0.05454901059179614,-0.020411112074565665,0.24219686243845287,0.029307273394100608,0.8666666666666667,0.005246304199428104,0.012868868123015412,0.67514254083501,0.04163372733040753,0.06302066374114518,0.04676007817156187,0.002575422133420878,0.01834309729238528,0.01152600164158231,0.003442476733241262,0.007793289064396093,0.003867446440448899,0.015661758379419168,0.003322558011477535,0.025120482625598486,2.0816681711721685e-17,5.511463844797178e-05,8.267195767195767e-05,3.7892426717109564,1338.962700211507
450007,1,28,M3,1,True,0.0,0.9766958138810892,0.98378601407178,0.35,0.0,0.0,0.2879540531896055,0.06390389675740152,2.9761056745424868,0.21736293151974678,0.0,0.0,5.157286320813,8.887301716022193,0.154930986898191,0.5917592020805563,8.151593219514814,3.646411801263881,2.881403285713228,0.3894631932459481,0.08928207787653825,0.18285782853214286,0.05644016841257563,0.06835339717528283,-0.05454901059179614,-0.020411112074565665,0.24219686243845287,0.029307273394100608,0.8666666666666667,0.005246304199428104,0.012868868123015412,0.67514254083501,0.04163372733040753,0.06302066374114518,0.04676007817156187,0.002575422133420878,0.01834309729238528,0.01152600164158231,0.003442476733241262,0.007793289064396093,0.003867446440448899,0.015661758379419168,0.003322558011477535,0.025120482625598486,2.0816681711721685e-17,5.511463844797178e-05,8.267195767195767e-05,3.7892426717109564,1338.962700211507
450007,1,28,M2+O,2,True,0.0,0.9766958138810892,0.98378601407178,0.35,0.0,0.0,0.2879540531896055,0.06390389675740152,2.9761056745424868,0.21736293151974678,0.06325366420519049,0.0,5.157286320813,8.887301716022193,0.15499248327810244,0.5913397992566388,7.9632721344048365,3.63641660962662,2.89960496495484,0.41329947859498634,0.09057984428255243,0.18267216680964227,0.05555629418241611,0.06877329839403416,-0.05271168091093895,-0.019095962498845927,0.2448447369310903,0.02970145450631186,0.8583333333333334,0.005311452603097172,0.0126078487882533,0.6376420957107594,0.03991028821559837,0.0645336516847067,0.050640903799163056,0.0026939419041098543,0.018540845808688852,0.0118329129972939,0.003595228270989699,0.007970439931405887,0.003661552119978138,0.01602278401619254,0.003480789660758227,0.025478512306882844,2.0816681711721685e-17,5.511463844797178e-05,8.267195767195767e-05,3.750223041393513,1327.6486090247276
450007,1,28,M4,3,True,0.0,0.9766958138810892,0.98378601407178,0.35,0.0,0.0,0.2879540531896055,0.06390389675740152,2.9761056745424868,0.21736293151974678,0.06325366420519049,0.0,5.157286320813,8.887301716022193,0.15499248327810244,0.5913397992566388,7.9632721344048365,3.63641660962662,2.89960496495484,0.41329947859498634,0.09057984428255243,0.18267216680964227,0.05555629418241611,0.06877329839403416,-0.05271168091093895,-0.019095962498845927,0.2448447369310903,0.02970145450631186,0.8583333333333334,0.005311452603097172,0.0126078487882533,0.6376420957107594,0.03991028821559837,0.0645336516847067,0.050640903799163056,0.0026939419041098543,0.018540845808688852,0.0118329129972939,0.003595228270989699,0.007970439931405887,0.003661552119978138,0.01602278401619254,0.003480789660758227,0.025478512306882844,2.0816681711721685e-17,5.511463844797178e-05,8.267195767195767e-05,3.750223041393513,1327.6486090247276
450007,1,29,M2,0,False,0.0008893469066622198,0.9766958138810892,0.98378601407178,0.35,0.0,0.0,0.22657124940305948,0.07770606227219105,3.1914641311392185,0.22060196593403816,0.0,0.0,5.900983674451709,6.290362942032516,0.14721424250961798,0.6052903583660599,10.065197146553952,3.790805312599101,2.713822576859384,0.37675736249450537,0.06731602720878845,0.16080064503850308,0.03405877708983097,0.06713582746548032,-0.05799815357736787,-0.025706742654045336,0.16702148127713867,0.02424413137063476,0.8229166666666666,0.004025184968622153,0.010838381386333069,0.7775244912674527,0.04320742901630536,0.061299818314366816,0.04333619902733986,0.0021904063821001954,0.018509629785935473,0.011733969368268638,0.003227991667341701,0.005906162543774279,0.0034892263468243568,0.011038122513903808,0.002622715387511657,0.026915589784174368,2.0816681711721685e-17,2.755731922398589e-05,0.00011022927689594356,5.511084102451861,5666.720322124343
450007,1,29,M3,1,False,0.0008893469066622198,0.9766958138810892,0.98378601407178,0.35,0.0,0.0,0.22657124940305948,0.07770606227219105,3.1914641311392185,0.22060196593403816,0.0,0.0,5.900983674451709,6.290362942032516,0.14721424250961798,0.6052903583660599,10.065197146553952,3.790805312599101,2.713822576859384,0.37675736249450537,0.06731602720878845,0.16080064503850308,0.03405877708983097,0.06713582746548032,-0.05799815357736787,-0.025706742654045336,0.16702148127713867,0.02424413137063476,0.8229166666666666,0.004025184968622153,0.010838381386333069,0.7775244912674527,0.04320742901630536,0.061299818314366816,0.04333619902733986,0.0021904063821001954,0.018509629785935473,0.011733969368268638,0.003227991667341701,0.005906162543774279,0.0034892263468243568,0.011038122513903808,0.002622715387511657,0.026915589784174368,2.0816681711721685e-17,2.755731922398589e-05,0.00011022927689594356,5.511084102451861,5666.720322124343
450007,1,29,M2+O,2,False,0.00011221354633903642,0.9766958138810892,0.98378601407178,0.35,0.0,0.0,0.22657124940305948,0.07770606227219105,3.1914641311392185,0.22060196593403816,0.08459327775939506,0.0,5.900983674451709,6.290362942032516,0.14728533807259594,0.6030278738921974,9.809544928305412,3.8086123288376528,2.7651108139183713,0.4100997251247717,0.0690466219399702,0.16168203096192052,0.032614340802347874,0.0676815343427664,-0.05579271228521265,-0.023849407684124857,0.17099671065291056,0.025014439901190986,0.8479166666666668,0.00413967736997632,0.011522758147925017,0.7315970348821609,0.04087097016807758,0.06981134651932483,0.052204820523284484,0.0023305844813128434,0.0188018419349737,0.011992458602531241,0.0034211739272769744,0.0061876417686491806,0.003236936840751711,0.01143179573652625,0.002719592607047113,0.02749821579631443,2.0816681711721685e-17,2.755731922398589e-05,9.645061728395061e-05,5.410596955884671,5686.21828598747
450007,1,29,M4,3,False,0.00011221354633903642,0.9766958138810892,0.98378601407178,0.35,0.0,0.0,0.22657124940305948,0.07770606227219105,3.1914641311392185,0.22060196593403816,0.08459327775939506,0.0,5.900983674451709,6.290362942032516,0.14728533807259594,0.6030278738921974,9.809544928305412,3.8086123288376528,2.7651108139183713,0.4100997251247717,0.0690466219399702,0.16168203096192052,0.032614340802347874,0.0676815343427664,-0.05579271228521265,-0.023849407684124857,0.17099671065291056,0.025014439901190986,0.8479166666666668,0.00413967736997632,0.011522758147925017,0.7315970348821609,0.04087097016807758,0.06981134651932483,0.052204820523284484,0.0023305844813128434,0.0188018419349737,0.011992458602531241,0.0034211739272769744,0.0061876417686491806,0.003236936840751711,0.01143179573652625,0.002719592607047113,0.02749821579631443,2.0816681711721685e-17,2.755731922398589e-05,9.645061728395061e-05,5.410596955884671,5686.21828598747
450007,1,30,M2,0,True,0.0,0.9766958138810892,0.98378601407178,0.35,0.0,0.0,0.20396394031122328,0.06831493912264705,2.7050672242417932,0.19935442693531513,0.0,0.0,6.180342321749777,8.211909952573478,0.15983198280754216,0.5804775149591984,7.298761423318879,3.5698480468583047,2.9858921568530925,0.3952123919104656,0.08016565917961249,0.18926539840882828,0.06082241559457543,0.0660454003557505,-0.05749783523530847,-0.024126015207012935,0.19537025569375077,0.019520763391107147,0.80625,0.004003042660045605,0.01138358008989794,0.6033587932240728,0.04059341232056746,0.06940733710341196,0.04859451751190478,0.0024859274083477473,0.018894301794761276,0.01196007781478591,0.0031440915806485404,0.0070397840440759385,0.0037208493537227837,0.012583578838287441,0.002516990352860483,0.026633669575791916,2.0816681711721685e-17,0.0,1.3778659611992945e-05,3.0732157154437263,9017.966870782851
450007,1,30,M3,1,True,0.0,0.9766958138810892,0.98378601407178,0.35,0.0,0.0,0.20396394031122328,0.06831493912264705,2.7050672242417932,0.19935442693531513,0.0,0.0,6.180342321749777,8.211909952573478,0.15983198280754216,0.5804775149591984,7.298761423318879,3.5698480468583047,2.9858921568530925,0.3952123919104656,0.08016565917961249,0.18926539840882828,0.06082241559457543,0.0660454003557505,-0.05749783523530847,-0.024126015207012935,0.19537025569375077,0.019520763391107147,0.80625,0.004003042660045605,0.01138358008989794,0.6033587932240728,0.04059341232056746,0.06940733710341196,0.04859451751190478,0.0024859274083477473,0.018894301794761276,0.01196007781478591,0.0031440915806485404,0.0070397840440759385,0.0037208493537227837,0.012583578838287441,0.002516990352860483,0.026633669575791916,2.0816681711721685e-17,0.0,1.3778659611992945e-05,3.0732157154437263,9017.966870782851
450007,1,30,M2+O,2,True,0.0,0.9766958138810892,0.98378601407178,0.35,0.0,0.0,0.20396394031122328,0.06831493912264705,2.7050672242417932,0.19935442693531513,0.13821592361242302,0.0,6.180342321749777,8.211909952573478,0.1593932252655509,0.5758011170258688,7.026844509097093,3.580045153702036,2.9864399087395674,0.3932183174664437,0.08569060119632167,0.1853596097288747,0.05560833146975034,0.06708211662036002,-0.05255489729820156,-0.020284250396996915,0.21168185337583303,0.022676304749291,0.8291666666666666,0.004233709248819978,0.01163253036269135,0.5367843073583892,0.03867916834115009,0.06852142399730088,0.052671054231897406,0.0027758920483864583,0.01947961144434294,0.012680449214697135,0.003377189570037309,0.007410651696107218,0.0032383356764688737,0.013505367556851795,0.0029092814922684496,0.028379650973399596,2.0816681711721685e-17,1.3778659611992945e-05,1.3778659611992945e-05,3.011083127819525,9433.644340432376
450007,1,30,M4,3,True,0.0,0.9766958138810892,0.98378601407178,0.35,0.0,0.0,0.20396394031122328,0.06831493912264705,2.7050672242417932,0.19935442693531513,0.13821592361242302,0.0,6.180342321749777,8.211909952573478,0.1593932252655509,0.5758011170258688,7.026844509097093,3.580045153702036,2.9864399087395674,0.3932183174664437,0.08569060119632167,0.1853596097288747,0.05560833146975034,0.06708211662036002,-0.05255489729820156,-0.020284250396996915,0.21168185337583303,0.022676304749291,0.8291666666666666,0.004233709248819978,0.01163253036269135,0.5367843073583892,0.03867916834115009,0.06852142399730088,0.052671054231897406,0.0027758920483864583,0.01947961144434294,0.012680449214697135,0.003377189570037309,0.007410651696107218,0.0032383356764688737,0.013505367556851795,0.0029092814922684496,0.028379650973399596,2.0816681711721685e-17,1.3778659611992945e-05,1.3778659611992945e-05,3.011083127819525,9433.644340432376
450007,1,31,M2,0,True,0.0,0.9766958138810892,0.98378601407178,0.35,0.0,0.0,0.26837446838617324,0.07948992118705064,3.089864686690271,0.2436104691773653,0.0,0.0,5.435849939007312,6.96216984372586,0.14355191698353995,0.6171574881735967,11.071467781941015,3.8550986762823545,2.6726537348818447,0.40818637460446716,0.07399200744092498,0.16456833723052858,0.03540620205925992,0.06948366623457859,-0.055514886406618995,-0.02254104448230214,0.18719424003636184,0.029359469117155198,0.8583333333333334,0.004506449150093136,0.012321553946654835,0.8946536355252048,0.04293189707034938,0.05915376110029103,0.045403265600090996,0.002285426600438761,0.018238891461364027,0.011665454431109829,0.00362039413239494,0.006696738093137735,0.003600251853677621,0.012376856446327108,0.0029625199942447332,0.025831580118160915,2.0816681711721685e-17,0.00023423721340388006,0.00033068783068783067,5.511405876292862,2556.5015478277937
450007,1,31,M3,1,True,0.0,0.9766958138810892,0.98378601407178,0.35,0.0,0.0,0.26837446838617324,0.07948992118705064,3.089864686690271,0.2436104691773653,0.0,0.0,5.435849939007312,6.96216984372586,0.14355191698353995,0.6171574881735967,11.071467781941015,3.8550986762823545,2.6726537348818447,0.40818637460446716,0.07399200744092498,0.16456833723052858,0.03540620205925992,0.06948366623457859,-0.055514886406618995,-0.02254104448230214,0.18719424003636184,0.029359469117155198,0.8583333333333334,0.004506449150093136,0.012321553946654835,0.8946536355252048,0.04293189707034938,0.05915376110029103,0.045403265600090996,0.002285426600438761,0.018238891461364027,0.011665454431109829,0.00362039413239494,0.006696738093137735,0.003600251853677621,0.012376856446327108,0.0029625199942447332,0.025831580118160915,2.0816681711721685e-17,0.00023423721340388006,0.00033068783068783067,5.511405876292862,2556.5015478277937
450007,1,31,M2+O,2,True,0.0,0.9766958138810892,0.98378601407178,0.35,0.0,0.0,0.26837446838617324,0.07948992118705064,3.089864686690271,0.2436104691773653,0.028937818175195685,0.0,5.435849939007312,6.96216984372586,0.14363964352930617,0.6172104644640196,10.9733706492226,3.8380313255900007,2.6729416506846015,0.40771866675739793,0.07432656108680503,0.16498736493133884,0.03507010158762206,0.06974258554611196,-0.05483452205707177,-0.022060692423424438,0.18749744772585056,0.029346225353142925,0.8583333333333333,0.004536635158311946,0.012281805777496409,0.8761175277166595,0.04192492135641783,0.058679353742531755,0.04734193799558641,0.0023300328915630236,0.018301190777196483,0.011753734310631486,0.0036545670692461345,0.006787481344810264,0.003511821166379369,0.012490873053481014,0.0029770070999901484,0.025655653575507944,2.0816681711721685e-17,0.00023423721340388006,0.00033068783068783067,5.476320649368809,2549.125324396931
450007,1,31,M4,3,True,0.0,0.9766958138810892,0.98378601407178,0.35,0.0,0.0,0.26837446838617324,0.07948992118705064,3.089864686690271,0.2436104691773653,0.028937818175195685,0.0,5.435849939007312,6.96216984372586,0.14363964352930617,0.6172104644640196,10.9733706492226,3.8380313255900007,2.6729416506846015,0.40771866675739793,0.07432656108680503,0.16498736493133884,0.03507010158762206,0.06974258554611196,-0.05483452205707177,-0.022060692423424438,0.18749744772585056,0.029346225353142925,0.8583333333333333,0.004536635158311946,0.012281805777496409,0.8761175277166595,0.04192492135641783,0.058679353742531755,0.04734193799558641,0.0023300328915630236,0.018301190777196483,0.011753734310631486,0.0036545670692461345,0.006787481344810264,0.003511821166379369,0.012490873053481014,0.0029770070999901484,0.025655653575507944,2.0816681711721685e-17,0.00023423721340388006,0.00033068783068783067,5.476320649368809,2549.125324396931
450007,2,0,M2,0,True,0.0,0.9890775587322591,0.9612089653333922,0.35,0.0,0.0,0.2629654662683606,0.06925510965753347,2.886044593714178,0.20057556301355361,0.0,0.0,5.873221298214048,6.1538892248645425,0.1565288042824188,0.5844056473977567,7.861345686289229,3.6218377404940902,2.9076438051754026,0.4127116755269113,0.07925103867720444,0.16974935655794776,0.04716054119238005,0.0664694706711632,-0.056152750587031695,-0.023817014203539478,0.21830893544981012,0.025508275160979466,0.84375,0.004965330355497675,0.01336916588935322,0.6580583021407986,0.040915612591194535,0.06720266296277276,0.05269317422822859,0.0025196860442232246,0.018121792393657386,0.01145735512135453,0.003139143479481652,0.006339456738983281,0.003695914199354771,0.015006853833889399,0.003071532656776602,0.026971620216469185,2.0816681711721685e-17,1.3778659611992945e-05,1.3778659611992945e-05,3.7283705814669594,5297.994435801745
450007,2,0,M3,1,True,0.0,0.9890775587322591,0.9612089653333922,0.35,0.0,0.0,0.2629654662683606,0.06925510965753347,2.886044593714178,0.20057556301355361,0.0,0.0,5.873221298214048,6.1538892248645425,0.1565288042824188,0.5844056473977567,7.861345686289229,3.6218377404940902,2.9076438051754026,0.4127116755269113,0.07925103867720444,0.16974935655794776,0.04716054119238005,0.0664694706711632,-0.056152750587031695,-0.023817014203539478,0.21830893544981012,0.025508275160979466,0.84375,0.004965330355497675,0.01336916588935322,0.6580583021407986,0.040915612591194535,0.06720266296277276,0.05269317422822859,0.0025196860442232246,0.018121792393657386,0.01145735512135453,0.003139143479481652,0.006339456738983281,0.003695914199354771,0.015006853833889399,0.003071532656776602,0.026971620216469185,2.0816681711721685e-17,1.3778659611992945e-05,1.3778659611992945e-05,3.7283705814669594,5297.994435801745
450007,2,0,M2+O,2,True,0.0,0.9890775587322591,0.9612089653333922,0.35,0.0,0.0,0.2629654662683606,0.06925510965753347,2.886044593714178,0.20057556301355361,0.11829547242644144,0.0,5.873221298214048,6.1538892248645425,0.15626058677753965,0.5827992542308813,7.614781998056,3.6116195157801214,2.9600630553674896,0.44806524175472767,0.08299357647735435,0.16805576088252447,0.04433116760199951,0.06787311627231592,-0.05245719157363279,-0.02065945421988694,0.2287792675468345,0.027950377712306976,0.8624999999999999,0.005103821129292039,0.013474585634441373,0.6121311005808971,0.039975081716861836,0.07332527730473358,0.05875686001836793,0.002760222884092059,0.018838314089007584,0.011874069322591885,0.0033791867959584066,0.0066903217386972014,0.003359740005979521,0.015850593159004837,0.003349105161962525,0.026792614708134602,2.0816681711721685e-17,1.3778659611992945e-05,1.3778659611992945e-05,3.6529805357738816,5310.691151646503
450007,2,0,M4,3,True,0.0,0.9890775587322591,0.9612089653333922,0.35,0.0,0.0,0.2629654662683606,0.06925510965753347,2.886044593714178,0.20057556301355361,0.11829547242644144,0.0,5.873221298214048,6.1538892248645425,0.15626058677753965,0.5827992542308813,7.614781998056,3.6116195157801214,2.9600630553674896,0.44806524175472767,0.08299357647735435,0.16805576088252447,0.04433116760199951,0.06787311627231592,-0.05245719157363279,-0.02065945421988694,0.2287792675468345,0.027950377712306976,0.8624999999999999,0.005103821129292039,0.013474585634441373,0.6121311005808971,0.039975081716861836,0.07332527730473358,0.05875686001836793,0.002760222884092059,0.018838314089007584,0.011874069322591885,0.0033791867959584066,0.0066903217386972014,0.003359740005979521,0.015850593159004837,0.003349105161962525,0.026792614708134602,2.0816681711721685e-17,1.3778659611992945e-05,1.3778659611992945e-05,3.6529805357738816,5310.691151646503
450007,2,1,M2,0,False,0.001668092334818875,0.9890775587322591,0.9612089653333922,0.35,0.0,0.0,0.20160698210820557,0.07996574914082885,3.2510731095448135,0.2374085596203804,0.0,0.0,5.129386593122035,8.666233093477786,0.1441871372124639,0.6212390253015201,11.253382317233928,3.8635273631358724,2.651794313187614,0.37874945535585985,0.06632419424995922,0.15861202866428625,0.026893407242247022,0.06839954734359276,-0.05602616304530345,-0.026288159937009087,0.15175460080377387,0.02278303708398303,0.8208333333333334,0.003688106456641266,0.011813245980456015,0.9058666314753561,0.04447865929985304,0.058907168051739504,0.03671505053827106,0.002273068617102293,0.018261470852464497,0.01171024258817361,0.0036683972024773455,0.005805466259006151,0.003361717743590458,0.010058821529964854,0.0025163527410335465,0.028379650973399596,2.0816681711721685e-17,0.00041335978835978834,0.0007027116402116402,6.286255577239149,1518.549613390468
450007,2,1,M3,1,False,0.001668092334818875,0.9890775587322591,0.9612089653333922,0.35,0.0,0.0,0.20160698210820557,0.07996574914082885,3.2510731095448135,0.2374085596203804,0.0,0.0,5.129386593122035,8.666233093477786,0.1441871372124639,0.6212390253015201,11.253382317233928,3.8635273631358724,2.651794313187614,0.37874945535585985,0.06632419424995922,0.15861202866428625,0.026893407242247022,0.06839954734359276,-0.05602616304530345,-0.026288159937009087,0.15175460080377387,0.02278303708398303,0.8208333333333334,0.003688106456641266,0.011813245980456015,0.9058666314753561,0.04447865929985304,0.058907168051739504,0.03671505053827106,0.002273068617102293,0.018261470852464497,0.01171024258817361,0.0036683972024773455,0.005805466259006151,0.003361717743590458,0.010058821529964854,0.0025163527410335465,0.028379650973399596,2.0816681711721685e-17,0.00041335978835978834,0.0007027116402116402,6.286255577239149,1518.549613390468
450007,2,1,M2+O,2,False,0.0011604577186989122,0.9890775587322591,0.9612089653333922,0.35,0.0,0.0,0.20160698210820557,0.07996574914082885,3.2510731095448135,0.2374085596203804,0.045232413939183466,0.0,5.129386593122035,8.666233093477786,0.14428724292683703,0.618885429078965,11.112631688544766,3.85236091492361,2.6628353807264546,0.38732568182111327,0.06693410575501027,0.15968388261777713,0.02617836121646476,0.06890787657576421,-0.05506977124713322,-0.02546061984359002,0.15254817268696788,0.022914721712458185,0.8250000000000001,0.003742122471714438,0.011918937872621542,0.8822770677463143,0.04507634697974865,0.0621335057128563,0.03771082689309283,0.0023474769199919947,0.018355526762300643,0.011760353584554939,0.00371137225073494,0.005895791642558525,0.0032312719030083595,0.010272088837992,0.0025644614390223663,0.02902397809308411,2.0816681711721685e-17,0.00041335978835978834,0.0006613756613756613,6.211279907903259,1506.436511463681
450007,2,1,M4,3,False,0.0011604577186989122,0.9890775587322591,0.9612089653333922,0.35,0.0,0.0,0.20160698210820557,0.07996574914082885,3.2510731095448135,0.2374085596203804,0.045232413939183466,0.0,5.129386593122035,8.666233093477786,0.14428724292683703,0.618885429078965,11.112631688544766,3.85236091492361,2.6628353807264546,0.38732568182111327,0.06693410575501027,0.15968388261777713,0.02617836121646476,0.06890787657576421,-0.05506977124713322,-0.02546061984359002,0.15254817268696788,0.022914721712458185,0.8250000000000001,0.003742122471714438,0.011918937872621542,0.8822770677463143,0.04507634697974865,0.0621335057128563,0.03771082689309283,0.0023474769199919947,0.018355526762300643,0.011760353584554939,0.00371137225073494,0.005895791642558525,0.0032312719030083595,0.010272088837992,0.0025644614390223663,0.02902397809308411,2.0816681711721685e-17,0.00041335978835978834,0.0006613756613756613,6.211279907903259,1506.436511463681
450007,2,2,M2,0,True,0.0,0.9890775587322591,0.9612089653333922,0.35,0.0,0.0,0.2289998285472393,0.06430660098791122,2.832480383478105,0.18366098158061503,0.0,0.0,5.41385539341718,6.8435773411765695,0.16245291388857394,0.5690786016412893,6.6252855216421365,3.5007730002082114,3.0303680230303836,0.39853717562321017,0.0798056378156786,0.17824522717946797,0.05577468770417576,0.065387099846096,-0.05747557181646131,-0.025307913184206082,0.21497067542819095,0.020306874774511572,0.8270833333333334,0.004578161287470142,0.013124698113882893,0.574548119332985,0.03751589538764317,0.07658135777722816,0.0541706138345028,0.0025755550534600955,0.018270077004136645,0.011564180097013417,0.003014657520632044,0.006285969146166667,0.0037164680901363946,0.014669774682968116,0.0027401957929105683,0.027580443388167692,2.0816681711721685e-17,1.3778659611992945e-05,1.3778659611992945e-05,3.1798880731039696,2122.1294162013087
450007,2,2,M3,1,True,0.0,0.9890775587322591,0.9612089653333922,0.35,0.0,0.0,0.2289998285472393,0.06430660098791122,2.832480383478105,0.18366098158061503,0.0,0.0,5.41385539341718,6.8435773411765695,0.16245291388857394,0.5690786016412893,6.6252855216421365,3.5007730002082114,3.0303680230303836,0.39853717562321017,0.0798056378156786,0.17824522717946797,0.05577468770417576,0.065387099846096,-0.05747557181646131,-0.025307913184206082,0.21497067542819095,0.020306874774511572,0.8270833333333334,0.004578161287470142,0.013124698113882893,0.574548119332985,0.03751589538764317,0.07658135777722816,0.0541706138345028,0.0025755550534600955,0.018270077004136645,0.011564180097013417,0.003014657520632044,0.006285969146166667,0.0037164680901363946,0.014669774682968116,0.0027401957929105683,0.027580443388167692,2.0816681711721685e-17,1.3778659611992945e-05,1.3778659611992945e-05,3.1798880731039696,2122.1294162013087
450007,2,2,M2+O,2,True,0.0,0.9890775587322591,0.9612089653333922,0.35,0.0,0.0,0.2289998285472393,0.06430660098791122,2.832480383478105,0.18366098158061503,0.020691600694384325,0.0,5.41385539341718,6.8435773411765695,0.1624995182713815,0.5690882095247747,6.569572208709611,3.501901525922495,3.0406448434703037,0.40617195156076885,0.0800699480706163,0.17870535230857196,0.05543637617278163,0.06540719371049965,-0.05695525163861598,-0.0249217533841397,0.21518976868936046,0.02042413599786063,0.8249999999999998,0.004597914957948327,0.013220381773635763,0.5672209565017547,0.03623154021443747,0.07559197085502027,0.0535968189923134,0.0026145127247156406,0.018407050310536573,0.011674229837242355,0.0030421042849314863,0.006340039551203133,0.0036380192879913904,0.014817079761683633,0.0027730148897343837,0.027747568113834487,2.0816681711721685e-17,1.3778659611992945e-05,1.3778659611992945e-05,3.162283646039807,2123.292219755465
450007,2,2,M4,3,True,0.0,0.9890775587322591,0.9612089653333922,0.35,0.0,0.0,0.2289998285472393,0.06430660098791122,2.832480383478105,0.18366098158061503,0.020691600694384325,0.0,5.41385539341718,6.8435773411765695,0.1624995182713815,0.5690882095247747,6.569572208709611,3.501901525922495,3.0406448434703037,0.40617195156076885,0.0800699480706163,0.17870535230857196,0.05543637617278163,0.06540719371049965,-0.05695525163861598,-0.0249217533841397,0.21518976868936046,0.02042413599786063,0.8249999999999998,0.004597914957948327,0.013220381773635763,0.5672209565017547,0.03623154021443747,0.07559197085502027,0.0535968189923134,0.0026145127247156406,0.018407050310536573,0.011674229837242355,0.0030421042849314863,0.006340039551203133,0.0036380192879913904,0.014817079761683633,0.0027730148897343837,0.027747568113834487,2.0816681711721685e-17,1.3778659611992945e-05,1.3778659611992945e-05,3.162283646039807,2123.292219755465
450007,2,3,M2,0,True,0.0,0.9890775587322591,0.9612089653333922,0.35,0.0,0.0,0.2933860388584435,0.07862174647394568,3.067900196649134,0.2593231426924467,0.0,0.0,6.15839353017509,7.984552980400622,0.14190304997117378,0.6209185853198723,11.416172009394854,3.8897547055357005,2.69157677968976,0.490564015021578,0.07861670294238843,0.16093590026475274,0.03319420871947926,0.07099368942229138,-0.05175943424968923,-0.021027595438069018,0.19832591791168774,0.03174046001726784,0.86875,0.004893569081451754,0.013151286977269454,0.8935686633334787,0.046284675800431704,0.06377679801425916,0.05330036404613567,0.0024539215996937833,0.0178598343510746,0.011356487868092078,0.0038112621181633816,0.0068871431682400635,0.0036046819235426154,0.013672268207940446,0.0032315346573131985,0.02514676125168558,2.0816681711721685e-17,6.889329805996472e-05,0.00011022927689594356,5.64439148637144,9636.833649916765
450007,2,3,M3,1,True,0.0,0.9890775587322591,0.9612089653333922,0.35,0.0,0.0,0.2933860388584435,0.07862174647394568,3.067900196649134,0.2593231426924467,0.0,0.0,6.15839353017509,7.984552980400622,0.14190304997117378,0.6209185853198723,11.416172009394854,3.8897547055357005,2.69157677968976,0.490564015021578,0.07861670294238843,0.16093590026475274,0.03319420871947926,0.07099368942229138,-0.05175943424968923,-0.021027595438069018,0.19832591791168774,0.03174046001726784,0.86875,0.004893569081451754,0.013151286977269454,0.8935686633334787,0.046284675800431704,0.06377679801425916,0.05330036404613567,0.0024539215996937833,0.0178598343510746,0.011356487868092078,0.0038112621181633816,0.0068871431682400635,0.0036046819235426154,0.013672268207940446,0.0032315346573131985,0.02514676125168558,2.0816681711721685e-17,6.889329805996472e-05,0.00011022927689594356,5.64439148637144,9636.833649916765
450007,2,3,M2+O,2,True,0.0,0.9890775587322591,0.9612089653333922,0.35,0.0,0.0,0.2933860388584435,0.07862174647394568,3.067900196649134,0.2593231426924467,0.19329371660206118,0.0,6.15839353017509,7.984552980400622,0.14128511480720565,0.6174455087780171,11.019862483535961,3.885267164252722,2.669362018954015,0.4193436344077579,0.08471815830239894,0.15541956583935748,0.029463178377965794,0.07486512250980974,-0.04588135153155782,-0.01606797872042786,0.21737832778479663,0.03597870461942981,0.875,0.005136497228206897,0.012948498431724013,0.7865379261017479,0.04617885352856944,0.05861049189085503,0.04721648803840675,0.002822747039322627,0.018959015451865378,0.011989798306988722,0.004328025062497656,0.007310308468987831,0.00317668597159029,0.014793189089962251,0.003713401406961284,0.02640953933933612,2.0816681711721685e-17,5.511463844797178e-05,0.00011022927689594356,5.580015990474872,9543.699475320704
450007,2,3,M4,3,True,0.0,0.9890775587322591,0.9612089653333922,0.35,0.0,0.0,0.2933860388584435,0.07862174647394568,3.067900196649134,0.2593231426924467,0.19329371660206118,0.0,6.15839353017509,7.984552980400622,0.14128511480720565,0.6174455087780171,11.019862483535961,3.885267164252722,2.669362018954015,0.4193436344077579,0.08471815830239894,0.15541956583935748,0.029463178377965794,0.07486512250980974,-0.04588135153155782,-0.01606797872042786,0.21737832778479663,0.03597870461942981,0.875,0.005136497228206897,0.012948498431724013,0.7865379261017479,0.04617885352856944,0.05861049189085503,0.04721648803840675,0.002822747039322627,0.018959015451865378,0.011989798306988722,0.004328025062497656,0.007310308468987831,0.00317668597159029,0.014793189089962251,0.003713401406961284,0.02640953933933612,2.0816681711721685e-17,5.511463844797178e-05,0.00011022927689594356,5.580015990474872,9543.699475320704
450007,2,4,M2,0,True,0.0,0.9890775587322591,0.9612089653333922,0.35,0.0,0.0,0.2773324431851506,0.06102733196690678,3.2200010089203714,0.24746617570519447,0.0,0.0,6.024978729896247,7.260679797269404,0.15073053520598523,0.6099937267397586,9.421277298995369,3.7418596876151504,2.84766435857676,0.48047503318345547,0.09196472025878655,0.18257046197503682,0.051419804664947076,0.07025779548668355,-0.05068366601758314,-0.019817824138936378,0.22492818446167864,0.029591848891170724,0.8583333333333334,0.005015313883083859,0.013287902425481403,0.7640382303688295,0.04411351866887736,0.07025265809990117,0.059599227756200024,0.002705416222918276,0.018016414291220355,0.01138525080934201,0.003772198260873406,0.007984822310151097,0.003779270863471346,0.015054025544213576,0.003284510909988183,0.026352313834736494,2.0816681711721685e-17,1.3778659611992945e-05,4.1335978835978834e-05,4.497167226995957,7197.747332099072
450007,2,4,M3,1,True,0.0,0.9890775587322591,0.9612089653333922,0.35,0.0,0.0,0.2773324431851506,0.06102733196690678,3.2200010089203714,0.24746617570519447,0.0,0.0,6.024978729896247,7.260679797269404,0.15073053520598523,0.6099937267397586,9.421277298995369,3.7418596876151504,2.84766435857676,0.48047503318345547,0.09196472025878655,0.18257046197503682,0.051419804664947076,0.07025779548668355,-0.05068366601758314,-0.019817824138936378,0.22492818446167864,0.029591848891170724,0.8583333333333334,0.005015313883083859,0.013287902425481403,0.7640382303688295,0.04411351866887736,0.07025265809990117,0.059599227756200024,0.002705416222918276,0.018016414291220355,0.01138525080934201,0.003772198260873406,0.007984822310151097,0.003779270863471346,0.015054025544213576,0.003284510909988183,0.026352313834736494,2.0816681711721685e-17,1.3778659611992945e-05,4.1335978835978834e-05,4.497167226995957,7197.747332099072
450007,2,4,M2+O,2,True,0.0,0.9890775587322591,0.9612089653333922,0.35,0.0,0.0,0.2773324431851506,0.06102733196690678,3.2200010089203714,0.24746617570519447,0.1806828490037143,0.0,6.024978729896247,7.260679797269404,0.1499830008558276,0.6052953516303295,9.077320600960991,3.7402631679129406,2.832143577119537,0.44230415452936317,0.09862244353488943,0.1753484256547487,0.045467356956486515,0.07462831641867891,-0.04454666897548295,-0.014998573263527076,0.24494889805086725,0.033930712858619635,0.8708333333333332,0.0052418251779959,0.012785600083614899,0.6646411208725546,0.05634562023870262,0.06771838433828417,0.05281068858177337,0.0030645923578846716,0.019073209332781976,0.012150133537112372,0.004114072873807093,0.008211034370556878,0.003301551363116573,0.01618210985022192,0.003825833018051515,0.027405414853364733,2.0816681711721685e-17,2.755731922398589e-05,4.1335978835978834e-05,4.464913814682514,7226.1038058638005
450007,2,4,M4,3,True,0.0,0.9890775587322591,0.9612089653333922,0.35,0.0,0.0,0.2773324431851506,0.06102733196690678,3.2200010089203714,0.24746617570519447,0.1806828490037143,0.0,6.024978729896247,7.260679797269404,0.1499830008558276,0.6052953516303295,9.077320600960991,3.7402631679129406,2.832143577119537,0.44230415452936317,0.09862244353488943,0.1753484256547487,0.045467356956486515,0.07462831641867891,-0.04454666897548295,-0.014998573263527076,0.24494889805086725,0.033930712858619635,0.8708333333333332,0.0052418251779959,0.012785600083614899,0.6646411208725546,0.05634562023870262,0.06771838433828417,0.05281068858177337,0.0030645923578846716,0.019073209332781976,0.012150133537112372,0.004114072873807093,0.008211034370556878,0.003301551363116573,0.01618210985022192,0.003825833018051515,0.027405414853364733,2.0816681711721685e-17,2.755731922398589e-05,4.1335978835978834e-05,4.464913814682514,7226.1038058638005
450007,2,5,M2,0,False,0.0005852976823607566,0.9890775587322591,0.9612089653333922,0.35,0.0,0.0,0.2378246164880693,0.0748634483339265,2.9850870983675124,0.19047712936997413,0.0,0.0,5.269471470266581,7.561110497452319,0.15484055364688767,0.5871566252528923,8.302592139055223,3.642572928452962,2.851324844743626,0.3783244155009058,0.06782263663410948,0.15674844832955112,0.03645833191302828,0.06552307853184493,-0.05799273150274353,-0.02714807317928168,0.18531411622172064,0.02279444696371755,0.8333333333333334,0.004487247985651777,0.012191048298374457,0.678276749794707,0.03878269828934461,0.06802416417951161,0.04787943529221742,0.0023078054331714666,0.01800193448764299,0.011671983118122385,0.0029172751218285845,0.005269015467031659,0.003515237834827513,0.01300602793832575,0.0027623977782194804,0.02736406896883943,2.0816681711721685e-17,4.1335978835978834e-05,9.645061728395061e-05,4.27869488959274,1625.3383452896398
450007,2,5,M3,1,False,0.0005852976823607566,0.9890775587322591,0.9612089653333922,0.35,0.0,0.0,0.2378246164880693,0.0748634483339265,2.9850870983675124,0.19047712936997413,0.0,0.0,5.269471470266581,7.561110497452319,0.15484055364688767,0.5871566252528923,8.302592139055223,3.642572928452962,2.851324844743626,0.3783244155009058,0.06782263663410948,0.15674844832955112,0.03645833191302828,0.06552307853184493,-0.05799273150274353,-0.02714807317928168,0.18531411622172064,0.02279444696371755,0.8333333333333334,0.004487247985651777,0.012191048298374457,0.678276749794707,0.03878269828934461,0.06802416417951161,0.04787943529221742,0.0023078054331714666,0.01800193448764299,0.011671983118122385,0.0029172751218285845,0.005269015467031659,0.003515237834827513,0.01300602793832575,0.0027623977782194804,0.02736406896883943,2.0816681711721685e-17,4.1335978835978834e-05,9.645061728395061e-05,4.27869488959274,1625.3383452896398
450007,2,5,M2+O,2,False,0.0003552583400829905,0.9890775587322591,0.9612089653333922,0.35,0.0,0.0,0.2378246164880693,0.0748634483339265,2.9850870983675124,0.19047712936997413,0.03528296146634178,0.0,5.269471470266581,7.561110497452319,0.15490569825932876,0.5875956343035201,8.204426582526638,3.6371824411167446,2.8821922887891014,0.38153073579653657,0.06830365317382553,0.15754978640407843,0.035936953474183124,0.06564484154487477,-0.05719185485572026,-0.026427354100520606,0.18601228809010087,0.023036037497862972,0.8375,0.00452401743012487,0.012467586896035249,0.665483119574344,0.03908100943658843,0.06781080304697548,0.048371465118481616,0.0023679717555479406,0.018188536778633923,0.011716764936481584,0.0029715191071705135,0.005360492408350668,0.0034139733676062066,0.013222511454576279,0.002814989320166255,0.027295019984276053,2.0816681711721685e-17,2.755731922398589e-05,8.267195767195767e-05,4.2356412160848995,1628.8743638948554
450007,2,5,M4,3,False,0.0003552583400829905,0.9890775587322591,0.9612089653333922,0.35,0.0,0.0,0.2378246164880693,0.0748634483339265,2.9850870983675124,0.19047712936997413,0.03528296146634178,0.0,5.269471470266581,7.561110497452319,0.15490569825932876,0.5875956343035201,8.204426582526638,3.6371824411167446,2.8821922887891014,0.38153073579653657,0.06830365317382553,0.15754978640407843,0.035936953474183124,0.06564484154487477,-0.05719185485572026,-0.026427354100520606,0.18601228809010087,0.023036037497862972,0.8375,0.00452401743012487,0.012467586896035249,0.665483119574344,0.03908100943658843,0.06781080304697548,0.048371465118481616,0.0023679717555479406,0.018188536778633923,0.011716764936481584,0.0029715191071705135,0.005360492408350668,0.0034139733676062066,0.013222511454576279,0.002814989320166255,0.027295019984276053,2.0816681711721685e-17,2.755731922398589e-05,8.267195767195767e-05,4.2356412160848995,1628.8743638948554
450007,2,6,M2,0,True,0.0,0.9890775587322591,0.9612089653333922,0.35,0.0,0.0,0.21834226027131082,0.07175303331110627,3.098974011652172,0.22922467060387136,0.0,0.0,5.734069987665862,6.390289471484721,0.15044692208819238,0.6060964123193948,9.512899758808077,3.7589549309844847,2.7904518401415275,0.40714826861069864,0.07528872696177234,0.1709794047814299,0.04095505903112704,0.0673511872226157,-0.05572935686165515,-0.02446823848831935,0.17733930547190538,0.023188633437190954,0.8312499999999999,0.004085012782324522,0.012658406770559781,0.7539795267240756,0.041652598248238665,0.06543020003507341,0.04762509536990802,0.0024569688760246373,0.018352349637451467,0.011696530744985665,0.00351120347789333,0.00652415336602048,0.003547096291613538,0.011922607615288348,0.0026814153779602763,0.026205103081961573,2.0816681711721685e-17,4.1335978835978834e-05,8.267195767195767e-05,4.643801634025283,4057.1606793495976
450007,2,6,M3,1,True,0.0,0.9890775587322591,0.9612089653333922,0.35,0.0,0.0,0.21834226027131082,0.07175303331110627,3.098974011652172,0.22922467060387136,0.0,0.0,5.734069987665862,6.390289471484721,0.15044692208819238,0.6060964123193948,9.512899758808077,3.7589549309844847,2.7904518401415275,0.40714826861069864,0.07528872696177234,0.1709794047814299,0.04095505903112704,0.0673511872226157,-0.05572935686165515,-0.02446823848831935,0.17733930547190538,0.023188633437190954,0.8312499999999999,0.004085012782324522,0.012658406770559781,0.7539795267240756,0.041652598248238665,0.06543020003507341,0.04762509536990802,0.0024569688760246373,0.018352349637451467,0.011696530744985665,0.00351120347789333,0.00652415336602048,0.003547096291613538,0.011922607615288348,0.0026814153779602763,0.026205103081961573,2.0816681711721685e-17,4.1335978835978834e-05,8.267195767195767e-05,4.643801634025283,4057.1606793495976
450007,2,6,M2+O,2,True,0.0,0.9890775587322591,0.9612089653333922,0.35,0.0,0.0,0.21834226027131082,0.07175303331110627,3.098974011652172,0.22922467060387136,0.05596634677516202,0.0,5.734069987665862,6.390289471484721,0.15053514648428556,0.6045444238228693,9.34610013039419,3.7387662286725063,2.827300647345228,0.44003385928332217,0.07625277039474047,0.17163769023497122,0.04026304917039718,0.06829679875568502,-0.054342016275377346,-0.02329702806789809,0.1791433922996483,0.02355012157396852,0.8395833333333335,0.004149893957965409,0.012127337613279282,0.7262704450564045,0.039684106405554524,0.07146872547688066,0.05478991153819696,0.0025602077743341186,0.018590653737543147,0.011871659624716435,0.003594904517182879,0.006644984650528964,0.003373019065538501,0.012249200245782957,0.0027649769702432093,0.024814377309455876,2.0816681711721685e-17,4.1335978835978834e-05,6.889329805996472e-05,4.585773871669318,4065.474129026141
450007,2,6,M4,3,True,0.0,0.9890775587322591,0.9612089653333922,0.35,0.0,0.0,0.21834226027131082,0.07175303331110627,3.098974011652172,0.22922467060387136,0.05596634677516202,0.0,5.734069987665862,6.390289471484721,0.15053514648428556,0.6045444238228693,9.34610013039419,3.7387662286725063,2.827300647345228,0.44003385928332217,0.07625277039474047,0.17163769023497122,0.04026304917039718,0.06829679875568502,-0.054342016275377346,-0.02329702806789809,0.1791433922996483,0.02355012157396852,0.8395833333333335,0.004149893957965409,0.012127337613279282,0.7262704450564045,0.039684106405554524,0.07146872547688066,0.05478991153819696,0.0025602077743341186,0.018590653737543147,0.011871659624716435,0.003594904517182879,0.006644984650528964,0.003373019065538501,0.012249200245782957,0.0027649769702432093,0.024814377309455876,2.0816681711721685e-17,4.1335978835978834e-05,6.889329805996472e-05,4.585773871669318,4065.474129026141
450007,2,7,M2,0,True,0.0,0.9890775587322591,0.9612089653333922,0.35,0.0,0.0,0.25462781311944127,0.08294289264827967,2.7334395976737142,0.21371863551437856,0.0,0.0,6.490372991655022,8.436539084650576,0.1501955942820613,0.5993887578987361,9.370165340749708,3.740882062062886,2.762312178409516,0.3768109216698265,0.07121502442443683,0.1588590589625868,0.03574333637810315,0.06690840915751212,-0.055484186250289946,-0.024616216602027105,0.1883414694363933,0.02582418560078768,0.84375,0.004604250073030665,0.012155195968100729,0.7392602530018582,0.038452630892951284,0.0640483409225254,0.041379314628622,0.00235595354678917,0.01811648454800058,0.011503507754254223,0.0031715880186637215,0.005821886606078126,0.003541188785995007,0.01316954654149354,0.00292482732330509,0.026118545940174116,2.0816681711721685e-17,1.3778659611992945e-05,1.3778659611992945e-05,4.089317428456366,18148.138451751915
450007,2,7,M3,1,True,0.0,0.9890775587322591,0.9612089653333922,0.35,0.0,0.0,0.25462781311944127,0.08294289264827967,2.7334395976737142,0.21371863551437856,0.0,0.0,6.490372991655022,8.436539084650576,0.1501955942820613,0.5993887578987361,9.370165340749708,3.740882062062886,2.762312178409516,0.3768109216698265,0.07121502442443683,0.1588590589625868,0.03574333637810315,0.06690840915751212,-0.055484186250289946,-0.024616216602027105,0.1883414694363933,0.02582418560078768,0.84375,0.004604250073030665,0.012155195968100729,0.7392602530018582,0.038452630892951284,0.0640483409225254,0.041379314628622,0.00235595354678917,0.01811648454800058,0.011503507754254223,0.0031715880186637215,0.005821886606078126,0.003541188785995007,0.01316954654149354,0.00292482732330509,0.026118545940174116,2.0816681711721685e-17,1.3778659611992945e-05,1.3778659611992945e-05,4.089317428456366,18148.138451751915
450007,2,7,M2+O,2,True,0.0,0.9890775587322591,0.9612089653333922,0.35,0.0,0.0,0.25462781311944127,0.08294289264827967,2.7334395976737142,0.21371863551437856,0.0818483628556123,0.0,6.490372991655022,8.436539084650576,0.15021444570750456,0.5982882387275625,9.158717326851923,3.7228867432186235,2.829210836953443,0.4101215095811599,0.07292376884185431,0.15935644854932285,0.034362887557348294,0.06792773629174027,-0.053379884971341725,-0.022731814411082202,0.192622583708791,0.026833152687152338,0.8604166666666667,0.004696499173981997,0.01257835243545595,0.7070291920980695,0.03856215123572874,0.07137663685215066,0.05894248582871038,0.0025086373038547423,0.01850452934919347,0.01165735631714761,0.0033419669781307336,0.0060486154124756485,0.003314012194597727,0.013686770431707795,0.003073292769270476,0.02674679424558126,2.0816681711721685e-17,1.3778659611992945e-05,1.3778659611992945e-05,4.017149867554801,18160.16672777521
450007,2,7,M4,3,True,0.0,0.9890775587322591,0.9612089653333922,0.35,0.0,0.0,0.25462781311944127,0.08294289264827967,2.7334395976737142,0.21371863551437856,0.0818483628556123,0.0,6.490372991655022,8.436539084650576,0.15021444570750456,0.5982882387275625,9.158717326851923,3.7228867432186235,2.829210836953443,0.4101215095811599,0.07292376884185431,0.15935644854932285,0.034362887557348294,0.06792773629174027,-0.053379884971341725,-0.022731814411082202,0.192622583708791,0.026833152687152338,0.8604166666666667,0.004696499173981997,0.01257835243545595,0.7070291920980695,0.03856215123572874,0.07137663685215066,0.05894248582871038,0.0025086373038547423,0.01850452934919347,0.01165735631714761,0.0033419669781307336,0.0060486154124756485,0.003314012194597727,0.013686770431707795,0.003073292769270476,0.02674679424558126,2.0816681711721685e-17,1.3778659611992945e-05,1.3778659611992945e-05,4.017149867554801,18160.16672777521
450007,2,8,M2,0,True,0.0,0.9890775587322591,0.9612089653333922,0.35,0.0,0.0,0.26037696758285167,0.06623911500442774,3.1390380073338746,0.19648031547665595,0.0,0.0,6.223864151164889,7.334144979715347,0.1563765198746485,0.5835824865318243,7.863309723866149,3.620955086236903,2.9041723874828507,0.39957390133944476,0.07636794211577204,0.16608623326683747,0.04422719794697372,0.06626936076654343,-0.05739831459492023,-0.024925518055562215,0.21275545829564932,0.025020774883591362,0.8395833333333332,0.004917474326920804,0.013222231985124915,0.6576598390886013,0.040436733289388134,0.0674270051047951,0.05170971705604404,0.002465524496495586,0.018075348864196775,0.011502245635154007,0.003078039911878371,0.0060180338173841975,0.003672430413413151,0.014696097736781776,0.003025842986576445,0.027083333333333334,2.0816681711721685e-17,1.3778659611992945e-05,1.3778659611992945e-05,4.263469627471406,10622.568418714725
450007,2,8,M3,1,True,0.0,0.9890775587322591,0.9612089653333922,0.35,0.0,0.0,0.26037696758285167,0.06623911500442774,3.1390380073338746,0.19648031547665595,0.0,0.0,6.223864151164889,7.334144979715347,0.1563765198746485,0.5835824865318243,7.863309723866149,3.620955086236903,2.9041723874828507,0.39957390133944476,0.07636794211577204,0.16608623326683747,0.04422719794697372,0.06626936076654343,-0.05739831459492023,-0.024925518055562215,0.21275545829564932,0.025020774883591362,0.8395833333333332,0.004917474326920804,0.013222231985124915,0.6576598390886013,0.040436733289388134,0.0674270051047951,0.05170971705604404,0.002465524496495586,0.018075348864196775,0.011502245635154007,0.003078039911878371,0.0060180338173841975,0.003672430413413151,0.014696097736781776,0.003025842986576445,0.027083333333333334,2.0816681711721685e-17,1.3778659611992945e-05,1.3778659611992945e-05,4.263469627471406,10622.568418714725
450007,2,8,M2+O,2,True,0.0,0.9890775587322591,0.9612089653333922,0.35,0.0,0.0,0.26037696758285167,0.06623911500442774,3.1390380073338746,0.19648031547665595,0.03941378565485458,0.0,6.223864151164889,7.334144979715347,0.15643970493456236,0.583825290814495,7.752433171335274,3.611428959882756,2.9322821066175635,0.4158836929266272,0.07697018602739823,0.16668696084068135,0.04349847964020901,0.06650942986397164,-0.05641144988492989,-0.024095350240748475,0.21377531914073908,0.02531781542101542,0.8479166666666668,0.004955928913353051,0.013295178824662975,0.6424036552934012,0.038627801669838306,0.07026012154729894,0.056264624542796036,0.002538227247083228,0.018315563138891877,0.01160009589332324,0.0031405100309491642,0.006133284082041213,0.003564030831384839,0.01496516518571018,0.0030919021727345663,0.02699959182908509,2.0816681711721685e-17,1.3778659611992945e-05,1.3778659611992945e-05,4.220804029524182,10633.593514954888
450007,2,8,M4,3,True,0.0,0.9890775587322591,0.9612089653333922,0.35,0.0,0.0,0.26037696758285167,0.06623911500442774,3.1390380073338746,0.19648031547665595,0.03941378565485458,0.0,6.223864151164889,7.334144979715347,0.15643970493456236,0.583825290814495,7.752433171335274,3.611428959882756,2.9322821066175635,0.4158836929266272,0.07697018602739823,0.16668696084068135,0.04349847964020901,0.06650942986397164,-0.05641144988492989,-0.024095350240748475,0.21377531914073908,0.02531781542101542,0.8479166666666668,0.004955928913353051,0.013295178824662975,0.6424036552934012,0.038627801669838306,0.07026012154729894,0.056264624542796036,0.002538227247083228,0.018315563138891877,0.01160009589332324,0.0031405100309491642,0.006133284082041213,0.003564030831384839,0.01496516518571018,0.0030919021727345663,0.02699959182908509,2.0816681711721685e-17,1.3778659611992945e-05,1.3778659611992945e-05,4.220804029524182,10633.593514954888
450007,2,9,M2,0,True,0.0,0.9890775587322591,0.9612089653333922,0.35,0.0,0.0,0.22489707954227925,0.07692724628373981,2.7730619207024576,0.2408962793648243,0.0,0.0,5.490998988039792,7.869041427969933,0.14937290534917932,0.6118432361126793,9.905567689578346,3.7992826909691306,2.7874666664152046,0.43889239701257593,0.07948132004427097,0.17482232030548836,0.043581836980269885,0.06870298180372664,-0.05311050829441737,-0.02263616666913047,0.18349942596837487,0.024623837154560752,0.8395833333333332,0.004153598132073932,0.012447499231843752,0.7984519405472492,0.045176609836837994,0.0654961276354092,0.058015625367880165,0.0025202511289047556,0.018172887576929767,0.011717693260860265,0.0036193832789641277,0.007059714224776319,0.0035842999011989596,0.012254926980989171,0.0027430713548126364,0.024996225560482758,2.0816681711721685e-17,9.645061728395061e-05,0.0001515652557319224,3.9528398290081044,2576.364653243974
450007,2,9,M3,1,True,0.0,0.9890775587322591,0.9612089653333922,0.35,0.0,0.0,0.22489707954227925,0.07692724628373981,2.7730619207024576,0.2408962793648243,0.0,0.0,5.490998988039792,7.869041427969933,0.14937290534917932,0.6118432361126793,9.905567689578346,3.7992826909691306,2.7874666664152046,0.43889239701257593,0.07948132004427097,0.17482232030548836,0.043581836980269885,0.06870298180372664,-0.05311050829441737,-0.02263616666913047,0.18349942596837487,0.024623837154560752,0.8395833333333332,0.004153598132073932,0.012447499231843752,0.7984519405472492,0.045176609836837994,0.0654961276354092,0.058015625367880165,0.0025202511289047556,0.018172887576929767,0.011717693260860265,0.0036193832789641277,0.007059714224776319,0.0035842999011989596,0.012254926980989171,0.0027430713548126364,0.024996225560482758,2.0816681711721685e-17,9.645061728395061e-05,0.0001515652557319224,3.9528398290081044,2576.364653243974
450007,2,9,M2+O,2,True,0.0,0.9890775587322591,0.9612089653333922,0.35,0.0,0.0,0.22489707954227925,0.07692724628373981,2.7730619207024576,0.2408962793648243,0.09924992682199865,0.0,5.490998988039792,7.869041427969933,0.14936207101050095,0.6065154275430594,9.628458198849444,3.7694089389544794,2.7890622472660027,0.42860999495388047,0.08186528823960991,0.17444874847146974,0.0422075250346135,0.07049803706034369,-0.05039325836989226,-0.020345037077964895,0.18977875950118558,0.02584141964983536,0.84375,0.004279437370981724,0.012073641656548216,0.7416393529681666,0.04514458421822689,0.06751102220720652,0.05327125754477798,0.0027127268245758936,0.0186163869931537,0.012104028180837348,0.003857470345441994,0.007232177715042466,0.0032844063688118605,0.012871561589619872,0.002930395861564654,0.026633669575791916,2.0816681711721685e-17,8.267195767195767e-05,0.0001515652557319224,3.890118064286258,2561.0357347188396
450007,2,9,M4,3,True,0.0,0.9890775587322591,0.9612089653333922,0.35,0.0,0.0,0.22489707954227925,0.07692724628373981,2.7730619207024576,0.2408962793648243,0.09924992682199865,0.0,5.490998988039792,7.869041427969933,0.14936207101050095,0.6065154275430594,9.628458198849444,3.7694089389544794,2.7890622472660027,0.42860999495388047,0.08186528823960991,0.17444874847146974,0.0422075250346135,0.07049803706034369,-0.05039325836989226,-0.020345037077964895,0.18977875950118558,0.02584141964983536,0.84375,0.004279437370981724,0.012073641656548216,0.7416393529681666,0.04514458421822689,0.06751102220720652,0.05327125754477798,0.0027127268245758936,0.0186163869931537,0.012104028180837348,0.003857470345441994,0.007232177715042466,0.0032844063688118605,0.012871561589619872,0.002930395861564654,0.026633669575791916,2.0816681711721685e-17,8.267195767195767e-05,0.0001515652557319224,3.890118064286258,2561.0357347188396
450007,2,10,M2,0,True,0.0,0.9890775587322591,0.9612089653333922,0.35,0.0,0.0,0.2443801517598331,0.06754384808242321,3.1797893855720756,0.21964385755360127,0.0,0.0,5.020357612986118,6.691643536090851,0.15266639216525968,0.5999189797009086,8.991942034441394,3.6957369322592926,2.8330016126221875,0.4268454498914546,0.07777834817803785,0.17182848086558286,0.04354739558740937,0.06748435848345742,-0.0561352094741403,-0.02410156576696991,0.19681306457323422,0.02491178759530943,0.8354166666666667,0.004545863271007513,0.013244139440106606,0.7655352432015055,0.04205221475739304,0.064452499194705,0.04969295102844545,0.0024973791972817743,0.018270689823718954,0.011619887266800855,0.003400840349130698,0.006497138120106649,0.0036333270679807807,0.013405535666269503,0.0029074310675099493,0.02597364304155737,2.0816681711721685e-17,0.0001515652557319224,0.000248015873015873,4.606548596009858,1088.2979534781578
450007,2,10,M3,1,True,0.0,0.9890775587322591,0.9612089653333922,0.35,0.0,0.0,0.2443801517598331,0.06754384808242321,3.1797893855720756,0.21964385755360127,0.0,0.0,5.020357612986118,6.691643536090851,0.15266639216525968,0.5999189797009086,8.991942034441394,3.6957369322592926,2.8330016126221875,0.4268454498914546,0.07777834817803785,0.17182848086558286,0.04354739558740937,0.06748435848345742,-0.0561352094741403,-0.02410156576696991,0.19681306457323422,0.02491178759530943,0.8354166666666667,0.004545863271007513,0.013244139440106606,0.7655352432015055,0.04205221475739304,0.064452499194705,0.04969295102844545,0.0024973791972817743,0.018270689823718954,0.011619887266800855,0.003400840349130698,0.006497138120106649,0.0036333270679807807,0.013405535666269503,0.0029074310675099493,0.02597364304155737,2.0816681711721685e-17,0.0001515652557319224,0.000248015873015873,4.606548596009858,1088.2979534781578
450007,2,10,M2+O,2,True,0.0,0.9890775587322591,0.9612089653333922,0.35,0.0,0.0,0.2443801517598331,0.06754384808242321,3.1797893855720756,0.21964385755360127,0.22120154879690973,0.0,5.020357612986118,6.691643536090851,0.15117737528991584,0.5952252416526392,8.688740253861946,3.686008066698477,2.872228533855459,0.4254682030017222,0.08782850714287853,0.1608180200067798,0.03492423171750086,0.07239884634661573,-0.04797703424409788,-0.017132906106811636,0.22928850810924103,0.03250977656781696,0.8666666666666667,0.004900030925329043,0.013248814686698739,0.6580677065852267,0.045051872533652164,0.0767031599419088,0.053856223274455585,0.0029278567905701297,0.019882688020942018,0.012603591351811643,0.003823434590068424,0.007048597964569755,0.0031340864595648023,0.014997494832538507,0.0035634800096826643,0.02943715158978203,2.0816681711721685e-17,0.00011022927689594356,0.0002755731922398589,4.5247361040751075,1075.3368214789457
450007,2,10,M4,3,True,0.0,0.9890775587322591,0.9612089653333922,0.35,0.0,0.0,0.2443801517598331,0.06754384808242321,3.1797893855720756,0.21964385755360127,0.22120154879690973,0.0,5.020357612986118,6.691643536090851,0.15117737528991584,0.5952252416526392,8.688740253861946,3.686008066698477,2.872228533855459,0.4254682030017222,0.08782850714287853,0.1608180200067798,0.03492423171750086,0.07239884634661573,-0.04797703424409788,-0.017132906106811636,0.22928850810924103,0.03250977656781696,0.8666666666666667,0.004900030925329043,0.013248814686698739,0.6580677065852267,0.045051872533652164,0.0767031599419088,0.053856223274455585,0.0029278567905701297,0.019882688020942018,0.012603591351811643,0.003823434590068424,0.007048597964569755,0.0031340864595648023,0.014997494832538507,0.0035634800096826643,0.02943715158978203,2.0816681711721685e-17,0.00011022927689594356,0.0002755731922398589,4.5247361040751075,1075.3368214789457
450007,2,11,M2,0,True,0.0,0.9890775587322591,0.9612089653333922,0.35,0.0,0.0,0.28308231513947246,0.08182962188962847,2.945610111951828,0.22273273594677448,0.0,0.0,5.752427791710943,8.503426149487495,0.14667290870136548,0.6065149419739494,10.13326759588687,3.8073512899484743,2.7176007520876806,0.3975379852686222,0.07127263253170964,0.15312105681326438,0.031221820309142122,0.06808341994008726,-0.05491737171387892,-0.02383944493909118,0.19450911480721908,0.029107628770648403,0.8666666666666666,0.004911021783797857,0.012461954857687963,0.7982766215302607,0.039085982249256586,0.06578571234744524,0.04759939172200179,0.002336227407684783,0.017976063785178725,0.011386470783204728,0.0033173376886705816,0.00579416726343577,0.0035609658120304296,0.013680901642457945,0.003136325047829202,0.025478512306882847,2.0816681711721685e-17,6.889329805996472e-05,0.00011022927689594356,5.01491644292219,4349.406996110752
450007,2,11,M3,1,True,0.0,0.9890775587322591,0.9612089653333922,0.35,0.0,0.0,0.28308231513947246,0.08182962188962847,2.945610111951828,0.22273273594677448,0.0,0.0,5.752427791710943,8.503426149487495,0.14667290870136548,0.6065149419739494,10.13326759588687,3.8073512899484743,2.7176007520876806,0.3975379852686222,0.07127263253170964,0.15312105681326438,0.031221820309142122,0.06808341994008726,-0.05491737171387892,-0.02383944493909118,0.19450911480721908,0.029107628770648403,0.8666666666666666,0.004911021783797857,0.012461954857687963,0.7982766215302607,0.039085982249256586,0.06578571234744524,0.04759939172200179,0.002336227407684783,0.017976063785178725,0.011386470783204728,0.0033173376886705816,0.00579416726343577,0.0035609658120304296,0.013680901642457945,0.003136325047829202,0.025478512306882847,2.0816681711721685e-17,6.889329805996472e-05,0.00011022927689594356,5.01491644292219,4349.406996110752
450007,2,11,M2+O,2,True,0.0,0.9890775587322591,0.9612089653333922,0.35,0.0,0.0,0.28308231513947246,0.08182962188962847,2.945610111951828,0.22273273594677448,0.024611350639674,0.0,5.752427791710943,8.503426149487495,0.1467364688294194,0.6063000225122909,10.05513117200882,3.7933099594436634,2.7358094866745035,0.41137222643035454,0.0715270835293453,0.15353546550054017,0.030870602272650056,0.06831964247483548,-0.05438050260294993,-0.023412536017787044,0.19478040765988705,0.029171986270386602,0.8666666666666666,0.004933725029116893,0.012683937261001853,0.7869260719832893,0.03725859835467062,0.06483534633396641,0.053617851650675674,0.002377567682465374,0.01807634303760546,0.011396131835309738,0.003345685377033268,0.00586060508378482,0.003494634504943281,0.013820687549800089,0.0031694144316442604,0.025655653575507937,2.0816681711721685e-17,6.889329805996472e-05,0.00011022927689594356,4.982496212386319,4339.963843412579
450007,2,11,M4,3,True,0.0,0.9890775587322591,0.9612089653333922,0.35,0.0,0.0,0.28308231513947246,0.08182962188962847,2.945610111951828,0.22273273594677448,0.024611350639674,0.0,5.752427791710943,8.503426149487495,0.1467364688294194,0.6063000225122909,10.05513117200882,3.7933099594436634,2.7358094866745035,0.41137222643035454,0.0715270835293453,0.15353546550054017,0.030870602272650056,0.06831964247483548,-0.05438050260294993,-0.023412536017787044,0.19478040765988705,0.029171986270386602,0.8666666666666666,0.004933725029116893,0.012683937261001853,0.7869260719832893,0.03725859835467062,0.06483534633396641,0.053617851650675674,0.002377567682465374,0.01807634303760546,0.011396131835309738,0.003345685377033268,0.00586060508378482,0.003494634504943281,0.013820687549800089,0.0031694144316442604,0.025655653575507937,2.0816681711721685e-17,6.889329805996472e-05,0.00011022927689594356,4.982496212386319,4339.963843412579
450007,2,12,M2,0,True,0.0,0.9890775587322591,0.9612089653333922,0.35,0.0,0.0,0.29935491690412164,0.07051171878352762,2.7982757639139892,0.23080004900693893,0.0,0.0,6.378210476133972,6.27442592382431,0.1516548856745597,0.6014273776229703,9.009695150850531,3.719988813395704,2.842471001015486,0.4620874844145328,0.08822870144024042,0.17429226907041798,0.048424260183837504,0.06886784430829472,-0.05168441088743336,-0.02011893434036367,0.23556597687236172,0.031075978422504855,0.8729166666666667,0.00538179868826646,0.013618693412441308,0.7383557297369497,0.04161247713513524,0.06682541159542814,0.05543796437996653,0.0026405138253474047,0.01794690599869008,0.011163150927687803,0.0035555162506688,0.007403085705580327,0.0037740191743533802,0.0159704128383091,0.003453857606626503,0.026060681463796916,2.0816681711721685e-17,1.3778659611992945e-05,1.3778659611992945e-05,3.838214312655167,14485.288198501956
450007,2,12,M3,1,True,0.0,0.9890775587322591,0.9612089653333922,0.35,0.0,0.0,0.29935491690412164,0.07051171878352762,2.7982757639139892,0.23080004900693893,0.0,0.0,6.378210476133972,6.27442592382431,0.1516548856745597,0.6014273776229703,9.009695150850531,3.719988813395704,2.842471001015486,0.4620874844145328,0.08822870144024042,0.17429226907041798,0.048424260183837504,0.06886784430829472,-0.05168441088743336,-0.02011893434036367,0.23556597687236172,0.031075978422504855,0.8729166666666667,0.00538179868826646,0.013618693412441308,0.7383557297369497,0.04161247713513524,0.06682541159542814,0.05543796437996653,0.0026405138253474047,0.01794690599869008,0.011163150927687803,0.0035555162506688,0.007403085705580327,0.0037740191743533802,0.0159704128383091,0.003453857606626503,0.026060681463796916,2.0816681711721685e-17,1.3778659611992945e-05,1.3778659611992945e-05,3.838214312655167,14485.288198501956
450007,2,12,M2+O,2,True,0.0,0.9890775587322591,0.9612089653333922,0.35,0.0,0.0,0.29935491690412164,0.07051171878352762,2.7982757639139892,0.23080004900693893,0.032109614985167255,0.0,6.378210476133972,6.27442592382431,0.15172589446818135,0.6006361177621575,8.908618150535775,3.710120297410262,2.855920377174692,0.44993783344289034,0.08865115459350231,0.17449222137685774,0.048079300478348054,0.06925462952111533,-0.05088407709048282,-0.01948096213931426,0.23621071365762905,0.031150212458560072,0.875,0.005409440102298607,0.013643762310193677,0.7222167957541152,0.04126158006401874,0.06432453671681242,0.05368274657843685,0.0027016997437838827,0.0180702282320069,0.011302058288270734,0.003608999244084334,0.007475166915213569,0.0036792717477318257,0.01618264715771573,0.0035027316174115275,0.026064301757134343,2.0816681711721685e-17,1.3778659611992945e-05,1.3778659611992945e-05,3.814767802397991,14491.649181512408
450007,2,12,M4,3,True,0.0,0.9890775587322591,0.9612089653333922,0.35,0.0,0.0,0.29935491690412164,0.07051171878352762,2.7982757639139892,0.23080004900693893,0.032109614985167255,0.0,6.378210476133972,6.27442592382431,0.15172589446818135,0.6006361177621575,8.908618150535775,3.710120297410262,2.855920377174692,0.44993783344289034,0.08865115459350231,0.17449222137685774,0.048079300478348054,0.06925462952111533,-0.05088407709048282,-0.01948096213931426,0.23621071365762905,0.031150212458560072,0.875,0.005409440102298607,0.013643762310193677,0.7222167957541152,0.04126158006401874,0.06432453671681242,0.05368274657843685,0.0027016997437838827,0.0180702282320069,0.011302058288270734,0.003608999244084334,0.007475166915213569,0.0036792717477318257,0.01618264715771573,0.0035027316174115275,0.026064301757134343,2.0816681711721685e-17,1.3778659611992945e-05,1.3778659611992945e-05,3.814767802397991,14491.649181512408
450007,2,13,M2,0,False,0.00747335262880875,0.9890775587322591,0.9612089653333922,0.35,0.0,0.0,0.2357255432754755,0.0843245640071109,3.0317934952676295,0.20654045909643173,0.0,0.0,5.610234498512,8.927487328648567,0.1476008869858154,0.6044074820949698,10.054443705228222,3.7701595452424805,2.7316255379981764,0.3895978364328149,0.06221963006706296,0.14638304280468675,0.025505422548460915,0.06617857629407435,-0.05660005547410768,-0.027526312087922698,0.16284136252319845,0.02383981550354554,0.8374999999999999,0.004231736564849834,0.011421127964982413,0.7891263079105304,0.04271528229989262,0.060413096168827604,0.04202745933416474,0.002176703925747514,0.01797958921814185,0.01149767976823019,0.0030518148800270546,0.00494235054558853,0.0033816596778100693,0.011474261387654379,0.002665558829074156,0.027128585383825978,2.0816681711721685e-17,8.267195767195767e-05,0.00013778659611992945,5.3813254949520966,3343.438186573827
450007,2,13,M3,1,False,0.00747335262880875,0.9890775587322591,0.9612089653333922,0.35,0.0,0.0,0.2357255432754755,0.0843245640071109,3.0317934952676295,0.20654045909643173,0.0,0.0,5.610234498512,8.927487328648567,0.1476008869858154,0.6044074820949698,10.054443705228222,3.7701595452424805,2.7316255379981764,0.3895978364328149,0.06221963006706296,0.14638304280468675,0.025505422548460915,0.06617857629407435,-0.05660005547410768,-0.027526312087922698,0.16284136252319845,0.02383981550354554,0.8374999999999999,0.004231736564849834,0.011421127964982413,0.7891263079105304,0.04271528229989262,0.060413096168827604,0.04202745933416474,0.002176703925747514,0.01797958921814185,0.01149767976823019,0.0030518148800270546,0.00494235054558853,0.0033816596778100693,0.011474261387654379,0.002665558829074156,0.027128585383825978,2.0816681711721685e-17,8.267195767195767e-05,0.00013778659611992945,5.3813254949520966,3343.438186573827
450007,2,13,M2+O,2,False,0.0015434930619793866,0.9890775587322591,0.9612089653333922,0.35,0.0,0.0,0.2357255432754755,0.0843245640071109,3.0317934952676295,0.20654045909643173,0.14585900465534243,0.0,5.610234498512,8.927487328648567,0.14726820062633683,0.6026708387104492,9.728189915813418,3.7968584432940045,2.7562471524747267,0.37698326590149184,0.0664641417163533,0.14585078470206292,0.022088285652843986,0.06790934471056508,-0.05263624647247164,-0.023477878854548703,0.17614577663122333,0.027007509938530794,0.8541666666666666,0.00444034897024899,0.011690182243300928,0.7313935321681484,0.040051284858530954,0.061242452246555994,0.04660303861548332,0.002434191963477624,0.018678945675015757,0.011937374789449631,0.0033922676052077732,0.005365819287491567,0.003076361812991803,0.012421634437702993,0.002962605724293909,0.027072879810911114,2.0816681711721685e-17,9.645061728395061e-05,0.00013778659611992945,5.218527246822193,3300.4906142682216
450007,2,13,M4,3,False,0.0015434930619793866,0.9890775587322591,0.9612089653333922,0.35,0.0,0.0,0.2357255432754755,0.0843245640071109,3.0317934952676295,0.20654045909643173,0.14585900465534243,0.0,5.610234498512,8.927487328648567,0.14726820062633683,0.6026708387104492,9.728189915813418,3.7968584432940045,2.7562471524747267,0.37698326590149184,0.0664641417163533,0.14585078470206292,0.022088285652843986,0.06790934471056508,-0.05263624647247164,-0.023477878854548703,0.17614577663122333,0.027007509938530794,0.8541666666666666,0.00444034897024899,0.011690182243300928,0.7313935321681484,0.040051284858530954,0.061242452246555994,0.04660303861548332,0.002434191963477624,0.018678945675015757,0.011937374789449631,0.0033922676052077732,0.005365819287491567,0.003076361812991803,0.012421634437702993,0.002962605724293909,0.027072879810911114,2.0816681711721685e-17,9.645061728395061e-05,0.00013778659611992945,5.218527246822193,3300.4906142682216
450007,2,14,M2,0,True,0.0,0.9890775587322591,0.9612089653333922,0.35,0.0,0.0,0.20833341283723714,0.062489898935891686,2.92039684318006,0.25279291801154613,0.0,0.0,5.331442344933748,7.0982246696949005,0.15298018152043766,0.6155682899900895,9.321687234932911,3.7343771738832388,2.8148032917834747,0.4472019635370394,0.09356133684587875,0.19500302824228788,0.0588770615603914,0.07026520530047319,-0.04902491982382359,-0.02027231772836807,0.197705156832956,0.023659612902260374,0.8125,0.004028474082101521,0.01434956547278292,0.7550401147544866,0.04373513465944988,0.07033508816303842,0.06105175173134614,0.002766935350033781,0.018148462905868856,0.01185653618756124,0.003914919792503501,0.008423680002515643,0.003723641020116351,0.012689888533365532,0.002710846640201599,0.025933652805304675,2.0816681711721685e-17,5.511463844797178e-05,0.0001515652557319224,3.588892650417339,1839.951763405095
450007,2,14,M3,1,True,0.0,0.9890775587322591,0.9612089653333922,0.35,0.0,0.0,0.20833341283723714,0.062489898935891686,2.92039684318006,0.25279291801154613,0.0,0.0,5.331442344933748,7.0982246696949005,0.15298018152043766,0.6155682899900895,9.321687234932911,3.7343771738832388,2.8148032917834747,0.4472019635370394,0.09356133684587875,0.19500302824228788,0.0588770615603914,0.07026520530047319,-0.04902491982382359,-0.02027231772836807,0.197705156832956,0.023659612902260374,0.8125,0.004028474082101521,0.01434956547278292,0.7550401147544866,0.04373513465944988,0.07033508816303842,0.06105175173134614,0.002766935350033781,0.018148462905868856,0.01185653618756124,0.003914919792503501,0.008423680002515643,0.003723641020116351,0.012689888533365532,0.002710846640201599,0.025933652805304675,2.0816681711721685e-17,5.511463844797178e-05,0.0001515652557319224,3.588892650417339,1839.951763405095
450007,2,14,M2+O,2,True,0.0,0.9890775587322591,0.9612089653333922,0.35,0.0,0.0,0.20833341283723714,0.062489898935891686,2.92039684318006,0.25279291801154613,0.09017833367092232,0.0,5.331442344933748,7.0982246696949005,0.15299910436376002,0.611265746766276,9.057007935794116,3.7192616399041474,2.8146180612347487,0.416386535815749,0.09580096912613272,0.1942803606358622,0.05739627832773917,0.07201147837436218,-0.0464510808818129,-0.018257205844145225,0.20323800679307866,0.024531997432410815,0.8354166666666667,0.004141427481444732,0.014157589561306931,0.7046653741956287,0.056786383091461466,0.06563570461901048,0.048205069216225756,0.0029429774739926006,0.018550817629801777,0.012352247275411603,0.004052299935661015,0.008462595671114846,0.0034228852524880384,0.013282633128268108,0.0028739234208655304,0.026491584435320584,2.0816681711721685e-17,5.511463844797178e-05,0.00013778659611992945,3.5479534598938454,1836.3793647462999
450007,2,14,M4,3,True,0.0,0.9890775587322591,0.9612089653333922,0.35,0.0,0.0,0.20833341283723714,0.062489898935891686,2.92039684318006,0.25279291801154613,0.09017833367092232,0.0,5.331442344933748,7.0982246696949005,0.15299910436376002,0.611265746766276,9.057007935794116,3.7192616399041474,2.8146180612347487,0.416386535815749,0.09580096912613272,0.1942803606358622,0.05739627832773917,0.07201147837436218,-0.0464510808818129,-0.018257205844145225,0.20323800679307866,0.024531997432410815,0.8354166666666667,0.004141427481444732,0.014157589561306931,0.7046653741956287,0.056786383091461466,0.06563570461901048,0.048205069216225756,0.0029429774739926006,0.018550817629801777,0.012352247275411603,0.004052299935661015,0.008462595671114846,0.0034228852524880384,0.013282633128268108,0.0028739234208655304,0.026491584435320584,2.0816681711721685e-17,5.511463844797178e-05,0.00013778659611992945,3.5479534598938454,1836.3793647462999
450007,2,15,M2,0,False,0.0025361776670801846,0.9890775587322591,0.9612089653333922,0.35,0.0,0.0,0.26893506180495025,0.07365114953368902,3.2870344676077363,0.18954758934676647,0.0,0.0,6.0987141309306026,8.098484382033348,0.15185356797121363,0.5904133515652155,8.826968615219618,3.6770938637370647,2.821320362661323,0.3957289638391659,0.06546755704907944,0.14554970869367892,0.029412832817567913,0.06601678197893246,-0.05770375470651987,-0.027191463065915217,0.19138858461001795,0.026030689984249598,0.8604166666666666,0.004880532609080169,0.012251078389552717,0.7069868492617135,0.041513678512122704,0.06570752694381761,0.04873360928601227,0.0022291645947023347,0.017460350080376583,0.011502712589771102,0.002905211566963346,0.004960754450525441,0.003528846646128312,0.013626367152541185,0.0029711394064626914,0.027415741581679493,2.0816681711721685e-17,1.3778659611992945e-05,1.3778659611992945e-05,5.582506490141232,8342.844784595029
450007,2,15,M3,1,False,0.0025361776670801846,0.9890775587322591,0.9612089653333922,0.35,0.0,0.0,0.26893506180495025,0.07365114953368902,3.2870344676077363,0.18954758934676647,0.0,0.0,6.0987141309306026,8.098484382033348,0.15185356797121363,0.5904133515652155,8.826968615219618,3.6770938637370647,2.821320362661323,0.3957289638391659,0.06546755704907944,0.14554970869367892,0.029412832817567913,0.06601678197893246,-0.05770375470651987,-0.027191463065915217,0.19138858461001795,0.026030689984249598,0.8604166666666666,0.004880532609080169,0.012251078389552717,0.7069868492617135,0.041513678512122704,0.06570752694381761,0.04873360928601227,0.0022291645947023347,0.017460350080376583,0.011502712589771102,0.002905211566963346,0.004960754450525441,0.003528846646128312,0.013626367152541185,0.0029711394064626914,0.027415741581679493,2.0816681711721685e-17,1.3778659611992945e-05,1.3778659611992945e-05,5.582506490141232,8342.844784595029
450007,2,15,M2+O,2,False,0.0012864459539585228,0.9890775587322591,0.9612089653333922,0.35,0.0,0.0,0.26893506180495025,0.07365114953368902,3.2870344676077363,0.18954758934676647,0.06948194053920671,0.0,6.0987141309306026,8.098484382033348,0.1518810179524021,0.5894552573235725,8.650619851436867,3.691244868218446,2.836876617288199,0.3917306893665439,0.06677196464903744,0.1465092793981854,0.028517814172621603,0.06659940770683136,-0.056049719341046376,-0.025557091949137117,0.1944844893174933,0.026890386615765798,0.8583333333333334,0.004954966647253662,0.012877180498806309,0.6847278890938922,0.0408157900970147,0.06431172654521956,0.049498178478436246,0.002346592580993917,0.01785968716071318,0.011632843606448576,0.002984247750851386,0.005156324147745139,0.003357905321906063,0.014080565407162005,0.003100922551047194,0.028179462833841686,2.0816681711721685e-17,1.3778659611992945e-05,1.3778659611992945e-05,5.477147814920481,8354.534577692211
450007,2,15,M4,3,False,0.0012864459539585228,0.9890775587322591,0.9612089653333922,0.35,0.0,0.0,0.26893506180495025,0.07365114953368902,3.2870344676077363,0.18954758934676647,0.06948194053920671,0.0,6.0987141309306026,8.098484382033348,0.1518810179524021,0.5894552573235725,8.650619851436867,3.691244868218446,2.836876617288199,0.3917306893665439,0.06677196464903744,0.1465092793981854,0.028517814172621603,0.06659940770683136,-0.056049719341046376,-0.025557091949137117,0.1944844893174933,0.026890386615765798,0.8583333333333334,0.004954966647253662,0.012877180498806309,0.6847278890938922,0.0408157900970147,0.06431172654521956,0.049498178478436246,0.002346592580993917,0.01785968716071318,0.011632843606448576,0.002984247750851386,0.005156324147745139,0.003357905321906063,0.014080565407162005,0.003100922551047194,0.028179462833841686,2.0816681711721685e-17,1.3778659611992945e-05,1.3778659611992945e-05,5.477147814920481,8354.534577692211
450007,2,16,M2,0,True,0.0,0.9890775587322591,0.9612089653333922,0.35,0.0,0.0,0.27431888692080975,0.06181873608380556,2.745128928869963,0.22651283517479898,0.0,0.0,5.591213259845972,8.767512990161777,0.15701676469460282,0.5927829511973014,7.931233798241027,3.609878979236356,2.9266880869135448,0.4386734204355823,0.09753532696777019,0.19053037444202905,0.06181759106013332,0.06887358606310325,-0.04968655547683742,-0.01937061170849894,0.24635953098969587,0.027623959545574058,0.8541666666666666,0.005194139142984064,0.013363739622963947,0.6592334755639073,0.03735646464754794,0.06932253381103251,0.05525674656219812,0.00281808720949592,0.018008743020179643,0.011149491350513123,0.003595343512124072,0.008189689940443255,0.0038642456601060827,0.016331098983568684,0.003292287486208445,0.02639524459439745,2.0816681711721685e-17,1.3778659611992945e-05,2.755731922398589e-05,3.2027224206532807,3027.741749597715
450007,2,16,M3,1,True,0.0,0.9890775587322591,0.9612089653333922,0.35,0.0,0.0,0.27431888692080975,0.06181873608380556,2.745128928869963,0.22651283517479898,0.0,0.0,5.591213259845972,8.767512990161777,0.15701676469460282,0.5927829511973014,7.931233798241027,3.609878979236356,2.9266880869135448,0.4386734204355823,0.09753532696777019,0.19053037444202905,0.06181759106013332,0.06887358606310325,-0.04968655547683742,-0.01937061170849894,0.24635953098969587,0.027623959545574058,0.8541666666666666,0.005194139142984064,0.013363739622963947,0.6592334755639073,0.03735646464754794,0.06932253381103251,0.05525674656219812,0.00281808720949592,0.018008743020179643,0.011149491350513123,0.003595343512124072,0.008189689940443255,0.0038642456601060827,0.016331098983568684,0.003292287486208445,0.02639524459439745,2.0816681711721685e-17,1.3778659611992945e-05,2.755731922398589e-05,3.2027224206532807,3027.741749597715
450007,2,16,M2+O,2,True,0.0,0.9890775587322591,0.9612089653333922,0.35,0.0,0.0,0.27431888692080975,0.06181873608380556,2.745128928869963,0.22651283517479898,0.2121842301297775,0.0,5.591213259845972,8.767512990161777,0.15545532508814472,0.593628963620834,7.715186403391947,3.605541923085401,2.9600468443698844,0.4424705294767021,0.10772352544652847,0.1768958949989657,0.05189475645880545,0.07387258249134519,-0.04147211864582671,-0.013200534516650033,0.2764038627251752,0.03451957167128487,0.8791666666666665,0.005472398841876536,0.013045430117978617,0.5614227022479515,0.04966406007018083,0.07467824991982734,0.0535640257664621,0.00323174058006391,0.019374544113644837,0.012265637748616165,0.0038280559173249945,0.008372113422135749,0.00331315740121812,0.017629597377379548,0.0040735052115408845,0.028854436442520566,2.0816681711721685e-17,2.755731922398589e-05,4.1335978835978834e-05,3.1935878948299874,3043.6413717761093
450007,2,16,M4,3,True,0.0,0.9890775587322591,0.9612089653333922,0.35,0.0,0.0,0.27431888692080975,0.06181873608380556,2.745128928869963,0.22651283517479898,0.2121842301297775,0.0,5.591213259845972,8.767512990161777,0.15545532508814472,0.593628963620834,7.715186403391947,3.605541923085401,2.9600468443698844,0.4424705294767021,0.10772352544652847,0.1768958949989657,0.05189475645880545,0.07387258249134519,-0.04147211864582671,-0.013200534516650033,0.2764038627251752,0.03451957167128487,0.8791666666666665,0.005472398841876536,0.013045430117978617,0.5614227022479515,0.04966406007018083,0.07467824991982734,0.0535640257664621,0.00323174058006391,0.019374544113644837,0.012265637748616165,0.0038280559173249945,0.008372113422135749,0.00331315740121812,0.017629597377379548,0.0040735052115408845,0.028854436442520566,2.0816681711721685e-17,2.755731922398589e-05,4.1335978835978834e-05,3.1935878948299874,3043.6413717761093
450007,2,17,M2,0,False,2.2707384852162016e-06,0.9890775587322591,0.9612089653333922,0.35,0.0,0.0,0.2107140221633017,0.07251564121339471,3.1294893007725477,0.21084689751267433,0.0,0.0,6.359143438749015,6.029857037588954,0.15245067475043886,0.5984174125225139,8.961675545082633,3.6968880958119748,2.8130120590560193,0.37299661466222095,0.06986437927249034,0.16532610362110803,0.038186236153782686,0.066201415984182,-0.05763067133367742,-0.02656537284469236,0.1702509250027544,0.021349301812383842,0.8208333333333333,0.004011217074414988,0.011868704804953318,0.7102801563071888,0.042860515482611994,0.07043894096814088,0.05054558964005808,0.002364849960974106,0.018419219526170247,0.011693989742711228,0.0032334783714565137,0.00580229336348642,0.0034903608053647155,0.011603860424511704,0.0025868295716678026,0.02757017835088335,2.0816681711721685e-17,1.3778659611992945e-05,1.3778659611992945e-05,4.690986565474248,13958.420509036647
450007,2,17,M3,1,False,2.2707384852162016e-06,0.9890775587322591,0.9612089653333922,0.35,0.0,0.0,0.2107140221633017,0.07251564121339471,3.1294893007725477,0.21084689751267433,0.0,0.0,6.359143438749015,6.029857037588954,0.15245067475043886,0.5984174125225139,8.961675545082633,3.6968880958119748,2.8130120590560193,0.37299661466222095,0.06986437927249034,0.16532610362110803,0.038186236153782686,0.066201415984182,-0.05763067133367742,-0.02656537284469236,0.1702509250027544,0.021349301812383842,0.8208333333333333,0.004011217074414988,0.011868704804953318,0.7102801563071888,0.042860515482611994,0.07043894096814088,0.05054558964005808,0.002364849960974106,0.018419219526170247,0.011693989742711228,0.0032334783714565137,0.00580229336348642,0.0034903608053647155,0.011603860424511704,0.0025868295716678026,0.02757017835088335,2.0816681711721685e-17,1.3778659611992945e-05,1.3778659611992945e-05,4.690986565474248,13958.420509036647
450007,2,17,M2+O,2,True,0.0,0.9890775587322591,0.9612089653333922,0.35,0.0,0.0,0.2107140221633017,0.07251564121339471,3.1294893007725477,0.21084689751267433,0.022073353820592844,0.0,6.359143438749015,6.029857037588954,0.15251208005297562,0.5984675309811585,8.895397342402932,3.6929215067522896,2.8313987046920306,0.3843995337346895,0.07011185370935023,0.1658728636513698,0.03792153709565674,0.06632885963348757,-0.05714259662475502,-0.02611828533264358,0.1703618291997873,0.021406178003620074,0.8208333333333333,0.0040349715604278795,0.012012962986044786,0.7011026512159322,0.04288677624985529,0.06925860320881248,0.050723647556420795,0.0024024510307984383,0.018514671587240863,0.011707635083976636,0.0032844327070534066,0.005851557600405672,0.003425250041856122,0.011720541870433853,0.0026147623485008255,0.027239654775171648,2.0816681711721685e-17,1.3778659611992945e-05,1.3778659611992945e-05,4.661915088650598,13962.717211437912
450007,2,17,M4,3,True,0.0,0.9890775587322591,0.9612089653333922,0.35,0.0,0.0,0.2107140221633017,0.07251564121339471,3.1294893007725477,0.21084689751267433,0.022073353820592844,0.0,6.359143438749015,6.029857037588954,0.15251208005297562,0.5984675309811585,8.895397342402932,3.6929215067522896,2.8313987046920306,0.3843995337346895,0.07011185370935023,0.1658728636513698,0.03792153709565674,0.06632885963348757,-0.05714259662475502,-0.02611828533264358,0.1703618291997873,0.021406178003620074,0.8208333333333333,0.0040349715604278795,0.012012962986044786,0.7011026512159322,0.04288677624985529,0.06925860320881248,0.050723647556420795,0.0024024510307984383,0.018514671587240863,0.011707635083976636,0.0032844327070534066,0.005851557600405672,0.003425250041856122,0.011720541870433853,0.0026147623485008255,0.027239654775171648,2.0816681711721685e-17,1.3778659611992945e-05,1.3778659611992945e-05,4.661915088650598,13962.717211437912
450007,2,18,M2,0,True,0.0,0.9890775587322591,0.9612089653333922,0.35,0.0,0.0,0.2333221411332488,0.0694007444800809,2.9358963377773764,0.24959932155907155,0.0,0.0,6.073741978500038,7.956517500802875,0.14978287270887303,0.6139434138638095,9.807387252118177,3.7900304817628565,2.789929973303232,0.456703898378432,0.0857716445795031,0.181515472441841,0.048733108860712894,0.0697404378470395,-0.0515001113025416,-0.02125376498475524,0.19497942150864986,0.025796515460509487,0.8416666666666668,0.004304554240935009,0.013040228988903032,0.7748300690378236,0.0483942532171754,0.06534601012528331,0.06322646412530128,0.0026215390167762843,0.018124626703659347,0.011713921232982339,0.003769910252373774,0.007680200691581445,0.0036608482743645788,0.012927840041522474,0.0028666489128781267,0.024014387796819612,2.0816681711721685e-17,1.3778659611992945e-05,4.1335978835978834e-05,4.0811224074281105,7925.6888470534
450007,2,18,M3,1,True,0.0,0.9890775587322591,0.9612089653333922,0.35,0.0,0.0,0.2333221411332488,0.0694007444800809,2.9358963377773764,0.24959932155907155,0.0,0.0,6.073741978500038,7.956517500802875,0.14978287270887303,0.6139434138638095,9.807387252118177,3.7900304817628565,2.789929973303232,0.456703898378432,0.0857716445795031,0.181515472441841,0.048733108860712894,0.0697404378470395,-0.0515001113025416,-0.02125376498475524,0.19497942150864986,0.025796515460509487,0.8416666666666668,0.004304554240935009,0.013040228988903032,0.7748300690378236,0.0483942532171754,0.06534601012528331,0.06322646412530128,0.0026215390167762843,0.018124626703659347,0.011713921232982339,0.003769910252373774,0.007680200691581445,0.0036608482743645788,0.012927840041522474,0.0028666489128781267,0.024014387796819612,2.0816681711721685e-17,1.3778659611992945e-05,4.1335978835978834e-05,4.0811224074281105,7925.6888470534
450007,2,18,M2+O,2,True,0.0,0.9890775587322591,0.9612089653333922,0.35,0.0,0.0,0.2333221411332488,0.0694007444800809,2.9358963377773764,0.24959932155907155,0.04776055824152218,0.0,6.073741978500038,7.956517500802875,0.1498821171742021,0.6122821741393003,9.65829045954502,3.7622497944746214,2.780486534022247,0.4358527585970597,0.08655037563087709,0.18187507408711615,0.04809196602484303,0.0706652130111546,-0.05030371749431789,-0.02030631602531228,0.19627064591876545,0.025946112884242756,0.8375,0.00435448185987517,0.012791201517284278,0.7499911919915997,0.04555475510006775,0.06696450210997329,0.06230793118737923,0.002711532434560078,0.018313838645724365,0.01191095776342081,0.003862153405497952,0.007748752635760565,0.0035116433312467627,0.013215848384549662,0.0029282893160624103,0.024863759203691035,2.0816681711721685e-17,1.3778659611992945e-05,4.1335978835978834e-05,4.046106480844707,7931.880213281488
450007,2,18,M4,3,True,0.0,0.9890775587322591,0.9612089653333922,0.35,0.0,0.0,0.2333221411332488,0.0694007444800809,2.9358963377773764,0.24959932155907155,0.04776055824152218,0.0,6.073741978500038,7.956517500802875,0.1498821171742021,0.6122821741393003,9.65829045954502,3.7622497944746214,2.780486534022247,0.4358527585970597,0.08655037563087709,0.18187507408711615,0.04809196602484303,0.0706652130111546,-0.05030371749431789,-0.02030631602531228,0.19627064591876545,0.025946112884242756,0.8375,0.00435448185987517,0.012791201517284278,0.7499911919915997,0.04555475510006775,0.06696450210997329,0.06230793118737923,0.002711532434560078,0.018313838645724365,0.01191095776342081,0.003862153405497952,0.007748752635760565,0.0035116433312467627,0.013215848384549662,0.0029282893160624103,0.024863759203691035,2.0816681711721685e-17,1.3778659611992945e-05,4.1335978835978834e-05,4.046106480844707,7931.880213281488
450007,2,19,M2,0,False,0.0085572483816619,0.9890775587322591,0.9612089653333922,0.35,0.0,0.0,0.29389928011223676,0.0837265725620091,3.151984858140349,0.19276041217148304,0.0,0.0,5.306607499253005,6.847492961212993,0.14705860495269515,0.6026162972876514,10.03162586466976,3.7696875033935413,2.7544647391929087,0.4059806202159207,0.0616745143149807,0.1326943390995364,0.02139839246098142,0.06669460006055533,-0.055821992059854365,-0.026901099554204496,0.18751913522245803,0.028926422801053897,0.8854166666666666,0.0050686513744468515,0.012843513573197433,0.8084476937771201,0.04623538544902927,0.06149734748600308,0.050892805321106564,0.0021332564498617746,0.01691114360370014,0.011334071499934983,0.0030077152530263427,0.0046178463704033565,0.0034629918988570143,0.01355188167945715,0.0030848411191875076,0.02490546740704308,2.0816681711721685e-17,0.00017912257495590828,0.00020667989417989417,6.148176481397925,2016.903370637351
450007,2,19,M3,1,False,0.0085572483816619,0.9890775587322591,0.9612089653333922,0.35,0.0,0.0,0.29389928011223676,0.0837265725620091,3.151984858140349,0.19276041217148304,0.0,0.0,5.306607499253005,6.847492961212993,0.14705860495269515,0.6026162972876514,10.03162586466976,3.7696875033935413,2.7544647391929087,0.4059806202159207,0.0616745143149807,0.1326943390995364,0.02139839246098142,0.06669460006055533,-0.055821992059854365,-0.026901099554204496,0.18751913522245803,0.028926422801053897,0.8854166666666666,0.0050686513744468515,0.012843513573197433,0.8084476937771201,0.04623538544902927,0.06149734748600308,0.050892805321106564,0.0021332564498617746,0.01691114360370014,0.011334071499934983,0.0030077152530263427,0.0046178463704033565,0.0034629918988570143,0.01355188167945715,0.0030848411191875076,0.02490546740704308,2.0816681711721685e-17,0.00017912257495590828,0.00020667989417989417,6.148176481397925,2016.903370637351
450007,2,19,M2+O,2,False,0.003005455744708938,0.9890775587322591,0.9612089653333922,0.35,0.0,0.0,0.29389928011223676,0.0837265725620091,3.151984858140349,0.19276041217148304,0.13119263357491437,0.0,5.306607499253005,6.847492961212993,0.14680783451035703,0.5995022637701727,9.75155788778875,3.7691560891940257,2.749294495113556,0.3645744197569207,0.06506601666681551,0.13269454731453523,0.019221736665329787,0.06756472804593107,-0.05248966646710018,-0.023383642103340874,0.19755801501911743,0.03155756724495532,0.88125,0.005218670729530552,0.013308799212745808,0.7649960710437345,0.04190403070695176,0.06246773425632969,0.04609892678078328,0.002352186096176509,0.01763792109819419,0.011584791391884825,0.0032332994085167103,0.005021909617682885,0.0032394474916275042,0.014413262672291401,0.0033502111576543805,0.024783939546010235,2.0816681711721685e-17,0.00016534391534391533,0.0002204585537918871,5.9588985393655305,1986.2950837023848
450007,2,19,M4,3,False,0.003005455744708938,0.9890775587322591,0.9612089653333922,0.35,0.0,0.0,0.29389928011223676,0.0837265725620091,3.151984858140349,0.19276041217148304,0.13119263357491437,0.0,5.306607499253005,6.847492961212993,0.14680783451035703,0.5995022637701727,9.75155788778875,3.7691560891940257,2.749294495113556,0.3645744197569207,0.06506601666681551,0.13269454731453523,0.019221736665329787,0.06756472804593107,-0.05248966646710018,-0.023383642103340874,0.19755801501911743,0.03155756724495532,0.88125,0.005218670729530552,0.013308799212745808,0.7649960710437345,0.04190403070695176,0.06246773425632969,0.04609892678078328,0.002352186096176509,0.01763792109819419,0.011584791391884825,0.0032332994085167103,0.005021909617682885,0.0032394474916275042,0.014413262672291401,0.0033502111576543805,0.024783939546010235,2.0816681711721685e-17,0.00016534391534391533,0.0002204585537918871,5.9588985393655305,1986.2950837023848
450007,2,20,M2,0,True,0.0,0.9890775587322591,0.9612089653333922,0.35,0.0,0.0,0.2853641238063574,0.066921036564745,3.004666529595852,0.18090405613183974,0.0,0.0,5.5569867682643235,7.624283714219928,0.15854249427189707,0.5730790458671882,7.264229737493508,3.562376356146243,2.9784704305337244,0.4185736999416722,0.07738436773032094,0.15902450101853396,0.04402932575515122,0.06590174320637349,-0.05720084860403298,-0.024581776713800452,0.23694971506582238,0.027052123785300346,0.875,0.00541192577694324,0.01413079395075308,0.6300947048299965,0.03643945568501881,0.07178944724197896,0.05534312077376255,0.0024587809367051794,0.01743090015866923,0.011401246118898164,0.0029804191370443297,0.005836351314133284,0.0037380880497201786,0.016265888733468063,0.0032297413930320647,0.02272233147865964,2.0816681711721685e-17,1.3778659611992945e-05,1.3778659611992945e-05,3.8872821185211976,2833.7247613820487
450007,2,20,M3,1,True,0.0,0.9890775587322591,0.9612089653333922,0.35,0.0,0.0,0.2853641238063574,0.066921036564745,3.004666529595852,0.18090405613183974,0.0,0.0,5.5569867682643235,7.624283714219928,0.15854249427189707,0.5730790458671882,7.264229737493508,3.562376356146243,2.9784704305337244,0.4185736999416722,0.07738436773032094,0.15902450101853396,0.04402932575515122,0.06590174320637349,-0.05720084860403298,-0.024581776713800452,0.23694971506582238,0.027052123785300346,0.875,0.00541192577694324,0.01413079395075308,0.6300947048299965,0.03643945568501881,0.07178944724197896,0.05534312077376255,0.0024587809367051794,0.01743090015866923,0.011401246118898164,0.0029804191370443297,0.005836351314133284,0.0037380880497201786,0.016265888733468063,0.0032297413930320647,0.02272233147865964,2.0816681711721685e-17,1.3778659611992945e-05,1.3778659611992945e-05,3.8872821185211976,2833.7247613820487
450007,2,20,M2+O,2,True,0.0,0.9890775587322591,0.9612089653333922,0.35,0.0,0.0,0.2853641238063574,0.066921036564745,3.004666529595852,0.18090405613183974,0.07382451393861636,0.0,5.5569867682643235,7.624283714219928,0.1585060114316534,0.5716091174369146,7.091999691979528,3.562280099300246,3.0081595077528966,0.42952161869383326,0.0791090161340864,0.15926399273486208,0.042431920628072835,0.06627275695775847,-0.055147509459284004,-0.022796854144838518,0.24105506042139535,0.028163415141008296,0.8729166666666667,0.005484628673908666,0.013733132566604824,0.6044836706270915,0.03804274931070856,0.07272704370174544,0.05567989419402772,0.0026006622684393403,0.01792981718348956,0.011585477932135614,0.003041350930791399,0.0060834020226256235,0.0035435556370202663,0.016820985115627466,0.0033801610577861435,0.027415741581679493,2.0816681711721685e-17,1.3778659611992945e-05,1.3778659611992945e-05,3.821059214060974,2839.16412236358
450007,2,20,M4,3,True,0.0,0.9890775587322591,0.9612089653333922,0.35,0.0,0.0,0.2853641238063574,0.066921036564745,3.004666529595852,0.18090405613183974,0.07382451393861636,0.0,5.5569867682643235,7.624283714219928,0.1585060114316534,0.5716091174369146,7.091999691979528,3.562280099300246,3.0081595077528966,0.42952161869383326,0.0791090161340864,0.15926399273486208,0.042431920628072835,0.06627275695775847,-0.055147509459284004,-0.022796854144838518,0.24105506042139535,0.028163415141008296,0.8729166666666667,0.005484628673908666,0.013733132566604824,0.6044836706270915,0.03804274931070856,0.07272704370174544,0.05567989419402772,0.0026006622684393403,0.01792981718348956,0.011585477932135614,0.003041350930791399,0.0060834020226256235,0.0035435556370202663,0.016820985115627466,0.0033801610577861435,0.027415741581679493,2.0816681711721685e-17,1.3778659611992945e-05,1.3778659611992945e-05,3.821059214060974,2839.16412236358
450007,2,21,M2,0,True,0.0,0.9890775587322591,0.9612089653333922,0.35,0.0,0.0,0.24985972577705978,0.08074341848492622,2.7879210490733386,0.2564136388897896,0.0,0.0,6.2897146246396005,7.174714235588908,0.14489297077002875,0.6196573525585163,10.875208018030216,3.866872344549739,2.7202811786400054,0.46937980005437235,0.07969565182383119,0.16934106231482024,0.03850046318712185,0.07000549518681813,-0.05146036286279748,-0.021463150000848807,0.18680039451485997,0.027818988786241925,0.8562499999999998,0.004383505485350169,0.012495266033079723,0.8409608910295139,0.04693883400172569,0.06639222339798027,0.057964387250125926,0.002492240196331698,0.01797917027333746,0.011602183916148473,0.003784676455635006,0.00716648077719498,0.0035762015065961585,0.01260815688718899,0.002930321324562944,0.02432280271440892,2.0816681711721685e-17,4.1335978835978834e-05,5.511463844797178e-05,4.400444106630585,12204.194660045536
450007,2,21,M3,1,True,0.0,0.9890775587322591,0.9612089653333922,0.35,0.0,0.0,0.24985972577705978,0.08074341848492622,2.7879210490733386,0.2564136388897896,0.0,0.0,6.2897146246396005,7.174714235588908,0.14489297077002875,0.6196573525585163,10.875208018030216,3.866872344549739,2.7202811786400054,0.46937980005437235,0.07969565182383119,0.16934106231482024,0.03850046318712185,0.07000549518681813,-0.05146036286279748,-0.021463150000848807,0.18680039451485997,0.027818988786241925,0.8562499999999998,0.004383505485350169,0.012495266033079723,0.8409608910295139,0.04693883400172569,0.06639222339798027,0.057964387250125926,0.002492240196331698,0.01797917027333746,0.011602183916148473,0.003784676455635006,0.00716648077719498,0.0035762015065961585,0.01260815688718899,0.002930321324562944,0.02432280271440892,2.0816681711721685e-17,4.1335978835978834e-05,5.511463844797178e-05,4.400444106630585,12204.194660045536
450007,2,21,M2+O,2,True,0.0,0.9890775587322591,0.9612089653333922,0.35,0.0,0.0,0.24985972577705978,0.08074341848492622,2.7879210490733386,0.2564136388897896,0.05298770697682681,0.0,6.2897146246396005,7.174714235588908,0.1449986289025147,0.6180456301425776,10.713805911322716,3.8546953693970085,2.73533585257123,0.4711224621866339,0.08051369802505792,0.169776968631275,0.03815887574837024,0.0711480108314763,-0.050200077016093136,-0.020464658317675605,0.18827381426968248,0.028013919993908027,0.8583333333333334,0.004438465237367207,0.012526681551585058,0.8130559520821352,0.044920126437195805,0.06458456150412745,0.05942797788392373,0.002588983519725411,0.018164295574573178,0.011771357226172214,0.003878244159164244,0.007261379947253301,0.0034310148649838754,0.012906265291648445,0.002998245032368517,0.02457365935914952,2.0816681711721685e-17,4.1335978835978834e-05,5.511463844797178e-05,4.3578119306984435,12215.218916108703
450007,2,21,M4,3,True,0.0,0.9890775587322591,0.9612089653333922,0.35,0.0,0.0,0.24985972577705978,0.08074341848492622,2.7879210490733386,0.2564136388897896,0.05298770697682681,0.0,6.2897146246396005,7.174714235588908,0.1449986289025147,0.6180456301425776,10.713805911322716,3.8546953693970085,2.73533585257123,0.4711224621866339,0.08051369802505792,0.169776968631275,0.03815887574837024,0.0711480108314763,-0.050200077016093136,-0.020464658317675605,0.18827381426968248,0.028013919993908027,0.8583333333333334,0.004438465237367207,0.012526681551585058,0.8130559520821352,0.044920126437195805,0.06458456150412745,0.05942797788392373,0.002588983519725411,0.018164295574573178,0.011771357226172214,0.003878244159164244,0.007261379947253301,0.0034310148649838754,0.012906265291648445,0.002998245032368517,0.02457365935914952,2.0816681711721685e-17,4.1335978835978834e-05,5.511463844797178e-05,4.3578119306984435,12215.218916108703
450007,2,22,M2,0,True,0.0,0.9890775587322591,0.9612089653333922,0.35,0.0,0.0,0.21934264209121468,0.06507959863170981,3.2768081992864606,0.20266117803752423,0.0,0.0,5.824183402583003,8.253249479457736,0.1559186411836574,0.5891396887254184,8.120228261164044,3.62195447454855,2.885597199327529,0.3955261202268123,0.0735025705802252,0.17070925237434373,0.04399121715338953,0.0659445600271345,-0.05828864744351226,-0.026328427166987734,0.18532365355455926,0.021215656319385223,0.8229166666666666,0.004240447350532089,0.012365070111621884,0.6633634240239744,0.04195638403169612,0.07375438296900351,0.053207941185382704,0.0024451521879917926,0.018444331684335343,0.011679258777080224,0.0031868189725572896,0.0059899075412554225,0.003573261766962156,0.01266709223403144,0.002676778944733063,0.027083333333333334,2.0816681711721685e-17,1.3778659611992945e-05,1.3778659611992945e-05,4.5611644128294015,4822.537806341653
450007,2,22,M3,1,True,0.0,0.9890775587322591,0.9612089653333922,0.35,0.0,0.0,0.21934264209121468,0.06507959863170981,3.2768081992864606,0.20266117803752423,0.0,0.0,5.824183402583003,8.253249479457736,0.1559186411836574,0.5891396887254184,8.120228261164044,3.62195447454855,2.885597199327529,0.3955261202268123,0.0735025705802252,0.17070925237434373,0.04399121715338953,0.0659445600271345,-0.05828864744351226,-0.026328427166987734,0.18532365355455926,0.021215656319385223,0.8229166666666666,0.004240447350532089,0.012365070111621884,0.6633634240239744,0.04195638403169612,0.07375438296900351,0.053207941185382704,0.0024451521879917926,0.018444331684335343,0.011679258777080224,0.0031868189725572896,0.0059899075412554225,0.003573261766962156,0.01266709223403144,0.002676778944733063,0.027083333333333334,2.0816681711721685e-17,1.3778659611992945e-05,1.3778659611992945e-05,4.5611644128294015,4822.537806341653
450007,2,22,M2+O,2,True,0.0,0.9890775587322591,0.9612089653333922,0.35,0.0,0.0,0.21934264209121468,0.06507959863170981,3.2768081992864606,0.20266117803752423,0.033084380497587614,0.0,5.824183402583003,8.253249479457736,0.1559893019713419,0.589078494794479,8.024552838034452,3.6193978457008478,2.897953638573989,0.3826508296584006,0.07396999805327226,0.17137197349515668,0.0436132711390263,0.06607400888286985,-0.05748831926606877,-0.02565561027586301,0.18589711530455558,0.021399507215110438,0.8208333333333334,0.004276025368589088,0.01258776064071341,0.649955621793356,0.03873668725028973,0.07298349984177811,0.0531980644247244,0.0025049402527899172,0.018627170560696914,0.01177052415853957,0.0032371020318400245,0.006072257210112017,0.0034704606184933844,0.012866648565613956,0.00272460037319681,0.027405414853364733,2.7755575615628914e-17,1.3778659611992945e-05,1.3778659611992945e-05,4.520961556171888,4825.751278666371
450007,2,22,M4,3,True,0.0,0.9890775587322591,0.9612089653333922,0.35,0.0,0.0,0.21934264209121468,0.06507959863170981,3.2768081992864606,0.20266117803752423,0.033084380497587614,0.0,5.824183402583003,8.253249479457736,0.1559893019713419,0.589078494794479,8.024552838034452,3.6193978457008478,2.897953638573989,0.3826508296584006,0.07396999805327226,0.17137197349515668,0.0436132711390263,0.06607400888286985,-0.05748831926606877,-0.02565561027586301,0.18589711530455558,0.021399507215110438,0.8208333333333334,0.004276025368589088,0.01258776064071341,0.649955621793356,0.03873668725028973,0.07298349984177811,0.0531980644247244,0.0025049402527899172,0.018627170560696914,0.01177052415853957,0.0032371020318400245,0.006072257210112017,0.0034704606184933844,0.012866648565613956,0.00272460037319681,0.027405414853364733,2.7755575615628914e-17,1.3778659611992945e-05,1.3778659611992945e-05,4.520961556171888,4825.751278666371
450007,2,23,M2,0,True,0.0,0.9890775587322591,0.9612089653333922,0.35,0.0,0.0,0.25806931434199215,0.07628014065790922,2.8931047920137645,0.23965651862323284,0.0,0.0,5.092159022577107,6.549499271437526,0.1480952227299465,0.6141217418970729,10.191346966771789,3.79258239157978,2.7628277769114384,0.4510217738165731,0.07921955512058952,0.17043503766609336,0.03999801550865492,0.0692738540967125,-0.05343402763864985,-0.022294102663156706,0.1959085423668947,0.027626021796833173,0.8583333333333334,0.004604687441865534,0.01317417071484118,0.8564204817166545,0.04247339541845911,0.06362995841288842,0.05129447143139824,0.0024967410625263155,0.018028244338533554,0.011607146435552987,0.003636796925697995,0.006856418960019856,0.0036155007055055574,0.013320776751981631,0.0030121043685133755,0.02457365935914952,2.0816681711721685e-17,0.000248015873015873,0.00038580246913580245,4.404748624956195,1284.7485931844246
450007,2,23,M3,1,True,0.0,0.9890775587322591,0.9612089653333922,0.35,0.0,0.0,0.25806931434199215,0.07628014065790922,2.8931047920137645,0.23965651862323284,0.0,0.0,5.092159022577107,6.549499271437526,0.1480952227299465,0.6141217418970729,10.191346966771789,3.79258239157978,2.7628277769114384,0.4510217738165731,0.07921955512058952,0.17043503766609336,0.03999801550865492,0.0692738540967125,-0.05343402763864985,-0.022294102663156706,0.1959085423668947,0.027626021796833173,0.8583333333333334,0.004604687441865534,0.01317417071484118,0.8564204817166545,0.04247339541845911,0.06362995841288842,0.05129447143139824,0.0024967410625263155,0.018028244338533554,0.011607146435552987,0.003636796925697995,0.006856418960019856,0.0036155007055055574,0.013320776751981631,0.0030121043685133755,0.02457365935914952,2.0816681711721685e-17,0.000248015873015873,0.00038580246913580245,4.404748624956195,1284.7485931844246
450007,2,23,M2+O,2,True,0.0,0.9890775587322591,0.9612089653333922,0.35,0.0,0.0,0.25806931434199215,0.07628014065790922,2.8931047920137645,0.23965651862323284,0.16454687114128402,0.0,5.092159022577107,6.549499271437526,0.14760981416573563,0.6085816760790442,9.838430197244657,3.786979542649243,2.753981991649478,0.39259663652167526,0.08459683923780348,0.16656369155929526,0.036032575893038175,0.0724532218491054,-0.04833468156425996,-0.017942391942716022,0.21246730651957765,0.03129319679905883,0.8604166666666666,0.00482406889956338,0.01305257749353388,0.7656600480548879,0.042238283329192855,0.06191880963496902,0.04869121193239175,0.0028239197442586988,0.0189308086031914,0.012232917918636723,0.004085943010644928,0.00720880139284882,0.003182853079827875,0.014379958209510582,0.0034101862484437607,0.028548707213722994,2.0816681711721685e-17,0.000248015873015873,0.0003720238095238095,4.331003272929938,1272.584296990609
450007,2,23,M4,3,True,0.0,0.9890775587322591,0.9612089653333922,0.35,0.0,0.0,0.25806931434199215,0.07628014065790922,2.8931047920137645,0.23965651862323284,0.16454687114128402,0.0,5.092159022577107,6.549499271437526,0.14760981416573563,0.6085816760790442,9.838430197244657,3.786979542649243,2.753981991649478,0.39259663652167526,0.08459683923780348,0.16656369155929526,0.036032575893038175,0.0724532218491054,-0.04833468156425996,-0.017942391942716022,0.21246730651957765,0.03129319679905883,0.8604166666666666,0.00482406889956338,0.01305257749353388,0.7656600480548879,0.042238283329192855,0.06191880963496902,0.04869121193239175,0.0028239197442586988,0.0189308086031914,0.012232917918636723,0.004085943010644928,0.00720880139284882,0.003182853079827875,0.014379958209510582,0.0034101862484437607,0.028548707213722994,2.0816681711721685e-17,0.000248015873015873,0.0003720238095238095,4.331003272929938,1272.584296990609
450007,2,24,M2,0,True,0.0,0.9890775587322591,0.9612089653333922,0.35,0.0,0.0,0.25229498287662866,0.07130121480673551,3.2424582408741114,0.25054258555173875,0.0,0.0,5.1947883064858615,7.697029176168144,0.14586448684671524,0.6184952085323506,10.801893989437815,3.8245887844169952,2.731488732403411,0.4546677836843889,0.07900746727851386,0.17057261733384854,0.037548857508894834,0.0704547119921775,-0.05362920279527326,-0.02239058928049666,0.18915405897577742,0.027689618026421947,0.8541666666666666,0.004455635495996684,0.012968426660511541,0.9028616812741159,0.045119617701110226,0.06883273450778496,0.05602040255158106,0.002486370643733787,0.018025074928079716,0.011705390770079498,0.003794704655684997,0.006969396320952298,0.0035870274461558475,0.012733193169766769,0.0029663910029232143,0.024435041559994274,2.7755575615628914e-17,0.00033068783068783067,0.00041335978835978834,5.492916780351379,1610.4714765427798
450007,2,24,M3,1,True,0.0,0.9890775587322591,0.9612089653333922,0.35,0.0,0.0,0.25229498287662866,0.07130121480673551,3.2424582408741114,0.25054258555173875,0.0,0.0,5.1947883064858615,7.697029176168144,0.14586448684671524,0.6184952085323506,10.801893989437815,3.8245887844169952,2.731488732403411,0.4546677836843889,0.07900746727851386,0.17057261733384854,0.037548857508894834,0.0704547119921775,-0.05362920279527326,-0.02239058928049666,0.18915405897577742,0.027689618026421947,0.8541666666666666,0.004455635495996684,0.012968426660511541,0.9028616812741159,0.045119617701110226,0.06883273450778496,0.05602040255158106,0.002486370643733787,0.018025074928079716,0.011705390770079498,0.003794704655684997,0.006969396320952298,0.0035870274461558475,0.012733193169766769,0.0029663910029232143,0.024435041559994274,2.7755575615628914e-17,0.00033068783068783067,0.00041335978835978834,5.492916780351379,1610.4714765427798
450007,2,24,M2+O,2,True,0.0,0.9890775587322591,0.9612089653333922,0.35,0.0,0.0,0.25229498287662866,0.07130121480673551,3.2424582408741114,0.25054258555173875,0.027300393382453058,0.0,5.1947883064858615,7.697029176168144,0.14594173349011383,0.618406573668084,10.712040431674813,3.820177960040874,2.7366739964149924,0.4388511967167905,0.07932831969434939,0.17096856870500518,0.03737465296449468,0.07092030235039186,-0.05300566241908799,-0.021961487573321253,0.18946171648164592,0.027709008336493205,0.8562499999999998,0.004481952600191482,0.012737401010518791,0.8873881747907433,0.044074363414762036,0.06742109063188031,0.05248684579225635,0.002535197425519384,0.018111058842227926,0.011784223677125717,0.0038435190950088286,0.007026865744730895,0.003511348284482708,0.012881505663539934,0.002993586829403169,0.02469240113705112,2.0816681711721685e-17,0.00033068783068783067,0.00041335978835978834,5.459930460672468,1606.442376368169
450007,2,24,M4,3,True,0.0,0.9890775587322591,0.9612089653333922,0.35,0.0,0.0,0.25229498287662866,0.07130121480673551,3.2424582408741114,0.25054258555173875,0.027300393382453058,0.0,5.1947883064858615,7.697029176168144,0.14594173349011383,0.618406573668084,10.712040431674813,3.820177960040874,2.7366739964149924,0.4388511967167905,0.07932831969434939,0.17096856870500518,0.03737465296449468,0.07092030235039186,-0.05300566241908799,-0.021961487573321253,0.18946171648164592,0.027709008336493205,0.8562499999999998,0.004481952600191482,0.012737401010518791,0.8873881747907433,0.044074363414762036,0.06742109063188031,0.05248684579225635,0.002535197425519384,0.018111058842227926,0.011784223677125717,0.0038435190950088286,0.007026865744730895,0.003511348284482708,0.012881505663539934,0.002993586829403169,0.02469240113705112,2.0816681711721685e-17,0.00033068783068783067,0.00041335978835978834,5.459930460672468,1606.442376368169
450007,2,25,M2,0,False,0.007668271069811224,0.9890775587322591,0.9612089653333922,0.35,0.0,0.0,0.2128114739432931,0.0819786664703861,2.857141142897308,0.18745961993932725,0.0,0.0,5.950249812100083,7.481925803236663,0.15357500154222406,0.5895077114802751,8.646325306291258,3.6536497018870535,2.829733176277262,0.3717210343010733,0.06211882016031414,0.15130406332181165,0.031223230371310754,0.06502140396074625,-0.05790538848260507,-0.028756104758311123,0.16257239373448462,0.020471731876457237,0.8145833333333332,0.004048292552202867,0.01078448615748004,0.6851089984924286,0.04376157707885717,0.06386512568184136,0.04395606782815318,0.0021988629950272756,0.017993089217511946,0.011705331511559324,0.0028275624589424223,0.004832678771927431,0.0033900536349571204,0.011423221947398851,0.002510229068868268,0.028627917651867826,2.0816681711721685e-17,1.3778659611992945e-05,1.3778659611992945e-05,4.224160031634672,6193.691809661043
450007,2,25,M3,1,False,0.007668271069811224,0.9890775587322591,0.9612089653333922,0.35,0.0,0.0,0.2128114739432931,0.0819786664703861,2.857141142897308,0.18745961993932725,0.0,0.0,5.950249812100083,7.481925803236663,0.15357500154222406,0.5895077114802751,8.646325306291258,3.6536497018870535,2.829733176277262,0.3717210343010733,0.06211882016031414,0.15130406332181165,0.031223230371310754,0.06502140396074625,-0.05790538848260507,-0.028756104758311123,0.16257239373448462,0.020471731876457237,0.8145833333333332,0.004048292552202867,0.01078448615748004,0.6851089984924286,0.04376157707885717,0.06386512568184136,0.04395606782815318,0.0021988629950272756,0.017993089217511946,0.011705331511559324,0.0028275624589424223,0.004832678771927431,0.0033900536349571204,0.011423221947398851,0.002510229068868268,0.028627917651867826,2.0816681711721685e-17,1.3778659611992945e-05,1.3778659611992945e-05,4.224160031634672,6193.691809661043
450007,2,25,M2+O,2,True,0.0,0.9890775587322591,0.9612089653333922,0.35,0.0,0.0,0.2128114739432931,0.0819786664703861,2.857141142897308,0.18745961993932725,0.23350648217868042,0.0,5.950249812100083,7.481925803236663,0.15176097825489146,0.5891710569086662,8.445932518964804,3.687682952577122,2.879702711682062,0.42572290564069526,0.07357795024553594,0.14156652114046134,0.022924036352736748,0.06898409564179184,-0.049641831917484024,-0.020462623268567095,0.201977815769918,0.029636273445173583,0.8604166666666666,0.004498262098277509,0.011629064345743404,0.6278860744198701,0.04227747996481076,0.07238412915732693,0.05627159197761502,0.002629117038547273,0.019657465702906524,0.012752679315066824,0.0034193967829785465,0.0056184076532315,0.0029868914805024627,0.01339688252181592,0.0031706814245660107,0.02917637002152341,2.0816681711721685e-17,2.755731922398589e-05,2.755731922398589e-05,4.082218067508998,6227.5970833091305
450007,2,25,M4,3,True,0.0,0.9890775587322591,0.9612089653333922,0.35,0.0,0.0,0.2128114739432931,0.0819786664703861,2.857141142897308,0.18745961993932725,0.23350648217868042,0.0,5.950249812100083,7.481925803236663,0.15176097825489146,0.5891710569086662,8.445932518964804,3.687682952577122,2.879702711682062,0.42572290564069526,0.07357795024553594,0.14156652114046134,0.022924036352736748,0.06898409564179184,-0.049641831917484024,-0.020462623268567095,0.201977815769918,0.029636273445173583,0.8604166666666666,0.004498262098277509,0.011629064345743404,0.6278860744198701,0.04227747996481076,0.07238412915732693,0.05627159197761502,0.002629117038547273,0.019657465702906524,0.012752679315066824,0.0034193967829785465,0.0056184076532315,0.0029868914805024627,0.01339688252181592,0.0031706814245660107,0.02917637002152341,2.0816681711721685e-17,2.755731922398589e-05,2.755731922398589e-05,4.082218067508998,6227.5970833091305
450007,2,26,M2,0,True,0.0,0.9890775587322591,0.9612089653333922,0.35,0.0,0.0,0.24332936750724912,0.0601364664407447,3.038868862576783,0.23370719604194165,0.0,0.0,6.421457636170089,8.555320414714515,0.15528034360017381,0.5996356067584221,8.443500931916374,3.666777845983402,2.899418432120419,0.4605523790940858,0.09216159340020998,0.19007003627326702,0.05836032425473081,0.0686971903138329,-0.05158001817990746,-0.0208719429990068,0.2180335286792392,0.025115421293564075,0.8395833333333335,0.004629717838131836,0.013191436378934754,0.6886993359909668,0.03924375765735762,0.0764707723006691,0.06313889655195126,0.0027497049785936865,0.01819568860585839,0.011442634544960887,0.0036524784943788753,0.007967542807406884,0.0037770731850633532,0.014472461691470652,0.002985036942214924,0.027580443388167685,2.0816681711721685e-17,1.3778659611992945e-05,1.3778659611992945e-05,3.7187157901055747,15739.818193230445
450007,2,26,M3,1,True,0.0,0.9890775587322591,0.9612089653333922,0.35,0.0,0.0,0.24332936750724912,0.0601364664407447,3.038868862576783,0.23370719604194165,0.0,0.0,6.421457636170089,8.555320414714515,0.15528034360017381,0.5996356067584221,8.443500931916374,3.666777845983402,2.899418432120419,0.4605523790940858,0.09216159340020998,0.19007003627326702,0.05836032425473081,0.0686971903138329,-0.05158001817990746,-0.0208719429990068,0.2180335286792392,0.025115421293564075,0.8395833333333335,0.004629717838131836,0.013191436378934754,0.6886993359909668,0.03924375765735762,0.0764707723006691,0.06313889655195126,0.0027497049785936865,0.01819568860585839,0.011442634544960887,0.0036524784943788753,0.007967542807406884,0.0037770731850633532,0.014472461691470652,0.002985036942214924,0.027580443388167685,2.0816681711721685e-17,1.3778659611992945e-05,1.3778659611992945e-05,3.7187157901055747,15739.818193230445
450007,2,26,M2+O,2,True,0.0,0.9890775587322591,0.9612089653333922,0.35,0.0,0.0,0.24332936750724912,0.0601364664407447,3.038868862576783,0.23370719604194165,0.10576962002334488,0.0,6.421457636170089,8.555320414714515,0.1551675005476246,0.5949696346043162,8.175602315924783,3.6447871003066887,2.9079716995732894,0.44717621511478106,0.09518710393050554,0.18846827129046642,0.05561479960318647,0.07104571006712086,-0.04832873030393936,-0.018294572334363338,0.22614258023786418,0.026631504140746085,0.84375,0.004754018191829432,0.012859448107636923,0.6348549451731235,0.052615603549987636,0.06770430116205303,0.052990919349878846,0.002965077336744273,0.01875126319997388,0.012021853019580867,0.0037328978660438428,0.008099324061893414,0.0034436365755434934,0.015196158406303697,0.003231409612320689,0.02646307586162219,2.0816681711721685e-17,1.3778659611992945e-05,1.3778659611992945e-05,3.6695918156842904,15778.801924568821
450007,2,26,M4,3,True,0.0,0.9890775587322591,0.9612089653333922,0.35,0.0,0.0,0.24332936750724912,0.0601364664407447,3.038868862576783,0.23370719604194165,0.10576962002334488,0.0,6.421457636170089,8.555320414714515,0.1551675005476246,0.5949696346043162,8.175602315924783,3.6447871003066887,2.9079716995732894,0.44717621511478106,0.09518710393050554,0.18846827129046642,0.05561479960318647,0.07104571006712086,-0.04832873030393936,-0.018294572334363338,0.22614258023786418,0.026631504140746085,0.84375,0.004754018191829432,0.012859448107636923,0.6348549451731235,0.052615603549987636,0.06770430116205303,0.052990919349878846,0.002965077336744273,0.01875126319997388,0.012021853019580867,0.0037328978660438428,0.008099324061893414,0.0034436365755434934,0.015196158406303697,0.003231409612320689,0.02646307586162219,2.0816681711721685e-17,1.3778659611992945e-05,1.3778659611992945e-05,3.6695918156842904,15778.801924568821
450007,2,27,M2,0,True,0.0,0.9890775587322591,0.9612089653333922,0.35,0.0,0.0,0.27959060072898867,0.07443597162142396,2.8240300370380282,0.20929500870406628,0.0,0.0,5.6652919836342335,6.6171028492972255,0.15312925370750927,0.5918682047160823,8.606255959976513,3.689426137394547,2.8300528776450107,0.3966832082352753,0.07803263259401781,0.1643440680815169,0.042412071241390036,0.06725666503592823,-0.05523153896826558,-0.0231404954729182,0.21700791515021547,0.027993026554690516,0.8645833333333334,0.005109473858517114,0.013221045775192541,0.7064064880105514,0.04290750021998331,0.06118358974207539,0.048836836769898036,0.0024783086690178965,0.018027372693143348,0.011386444994864714,0.003198142664134616,0.006286753720278545,0.0036755062490925034,0.01501480357134633,0.0032072983598208857,0.02733301851179601,2.0816681711721685e-17,1.3778659611992945e-05,2.755731922398589e-05,3.9431912978580996,3525.745594537926
450007,2,27,M3,1,True,0.0,0.9890775587322591,0.9612089653333922,0.35,0.0,0.0,0.27959060072898867,0.07443597162142396,2.8240300370380282,0.20929500870406628,0.0,0.0,5.6652919836342335,6.6171028492972255,0.15312925370750927,0.5918682047160823,8.606255959976513,3.689426137394547,2.8300528776450107,0.3966832082352753,0.07803263259401781,0.1643440680815169,0.042412071241390036,0.06725666503592823,-0.05523153896826558,-0.0231404954729182,0.21700791515021547,0.027993026554690516,0.8645833333333334,0.005109473858517114,0.013221045775192541,0.7064064880105514,0.04290750021998331,0.06118358974207539,0.048836836769898036,0.0024783086690178965,0.018027372693143348,0.011386444994864714,0.003198142664134616,0.006286753720278545,0.0036755062490925034,0.01501480357134633,0.0032072983598208857,0.02733301851179601,2.0816681711721685e-17,1.3778659611992945e-05,2.755731922398589e-05,3.9431912978580996,3525.745594537926
450007,2,27,M2+O,2,True,0.0,0.9890775587322591,0.9612089653333922,0.35,0.0,0.0,0.27959060072898867,0.07443597162142396,2.8240300370380282,0.20929500870406628,0.04330821162106339,0.0,5.6652919836342335,6.6171028492972255,0.1531978231865724,0.591839724823908,8.481140538449155,3.6858402283339706,2.8652595373226872,0.4229920586828347,0.07868743992770537,0.16482350468915843,0.04177791479378595,0.06759418766742409,-0.054154805350218715,-0.022247069240424206,0.21820170240541012,0.028295326568617135,0.8666666666666667,0.005150246490626033,0.01347978373623274,0.6882155810087972,0.03980209871906592,0.07137423110231121,0.05826695045255602,0.002559275271021222,0.018246153303771103,0.011479093730216234,0.0032806213188283397,0.0064112781475780594,0.0035528387175228645,0.01530248861233459,0.0032795759398142553,0.027198056907009154,2.0816681711721685e-17,2.755731922398589e-05,2.755731922398589e-05,3.9037878167402495,3530.2167790855187
450007,2,27,M4,3,True,0.0,0.9890775587322591,0.9612089653333922,0.35,0.0,0.0,0.27959060072898867,0.07443597162142396,2.8240300370380282,0.20929500870406628,0.04330821162106339,0.0,5.6652919836342335,6.6171028492972255,0.1531978231865724,0.591839724823908,8.481140538449155,3.6858402283339706,2.8652595373226872,0.4229920586828347,0.07868743992770537,0.16482350468915843,0.04177791479378595,0.06759418766742409,-0.054154805350218715,-0.022247069240424206,0.21820170240541012,0.028295326568617135,0.8666666666666667,0.005150246490626033,0.01347978373623274,0.6882155810087972,0.03980209871906592,0.07137423110231121,0.05826695045255602,0.002559275271021222,0.018246153303771103,0.011479093730216234,0.0032806213188283397,0.0064112781475780594,0.0035528387175228645,0.01530248861233459,0.0032795759398142553,0.027198056907009154,2.0816681711721685e-17,2.755731922398589e-05,2.755731922398589e-05,3.9037878167402495,3530.2167790855187
450007,2,28,M2,0,True,0.0,0.9890775587322591,0.9612089653333922,0.35,0.0,0.0,0.2879540531896055,0.06390389675740152,2.9761056745424868,0.21736293151974678,0.0,0.0,5.157286320813,8.887301716022193,0.15528075627831792,0.5917685474062772,8.143661211386572,3.634376051852776,2.9068314200337455,0.4502853479880838,0.08886217439157722,0.17712443773638742,0.052084650204008875,0.06804329135416955,-0.05328828479825922,-0.021054421721263376,0.24065894730624296,0.0289023488405387,0.8708333333333332,0.00534612718424025,0.013681493348537053,0.6858832352502542,0.03772883471826339,0.06743650679838863,0.055257602469107284,0.0026686307307285636,0.018098920848609486,0.011228974402727415,0.003439422777370583,0.007294730345162932,0.003809519784938328,0.016197682722325402,0.003367610550397704,0.027072879810911114,2.0816681711721685e-17,5.511463844797178e-05,8.267195767195767e-05,3.826760244052366,1334.000541463156
450007,2,28,M3,1,True,0.0,0.9890775587322591,0.9612089653333922,0.35,0.0,0.0,0.2879540531896055,0.06390389675740152,2.9761056745424868,0.21736293151974678,0.0,0.0,5.157286320813,8.887301716022193,0.15528075627831792,0.5917685474062772,8.143661211386572,3.634376051852776,2.9068314200337455,0.4502853479880838,0.08886217439157722,0.17712443773638742,0.052084650204008875,0.06804329135416955,-0.05328828479825922,-0.021054421721263376,0.24065894730624296,0.0289023488405387,0.8708333333333332,0.00534612718424025,0.013681493348537053,0.6858832352502542,0.03772883471826339,0.06743650679838863,0.055257602469107284,0.0026686307307285636,0.018098920848609486,0.011228974402727415,0.003439422777370583,0.007294730345162932,0.003809519784938328,0.016197682722325402,0.003367610550397704,0.027072879810911114,2.0816681711721685e-17,5.511463844797178e-05,8.267195767195767e-05,3.826760244052366,1334.000541463156
450007,2,28,M2+O,2,True,0.0,0.9890775587322591,0.9612089653333922,0.35,0.0,0.0,0.2879540531896055,0.06390389675740152,2.9761056745424868,0.21736293151974678,0.06325366420519049,0.0,5.157286320813,8.887301716022193,0.1553178876022621,0.5904229161502735,7.964272484023009,3.622067662130736,2.916856048053005,0.4505612914989789,0.09012157218324653,0.17703690377085748,0.051332785753110455,0.06883773813372145,-0.051538824344772256,-0.019698877706897145,0.24341030788745366,0.029448469565771684,0.8729166666666667,0.005405219392590207,0.013689180828181042,0.655005420586346,0.04286605881629941,0.06698643576107026,0.05349454601919506,0.002796061627216433,0.01839280225835191,0.011518004885904942,0.003509164489490316,0.007448151944078428,0.0036110345935255633,0.016638500150348994,0.003493003487397687,0.026576926673356465,2.0816681711721685e-17,5.511463844797178e-05,8.267195767195767e-05,3.7838187249364807,1324.5382362089383
450007,2,28,M4,3,True,0.0,0.9890775587322591,0.9612089653333922,0.35,0.0,0.0,0.2879540531896055,0.06390389675740152,2.9761056745424868,0.21736293151974678,0.06325366420519049,0.0,5.157286320813,8.887301716022193,0.1553178876022621,0.5904229161502735,7.964272484023009,3.622067662130736,2.916856048053005,0.4505612914989789,0.09012157218324653,0.17703690377085748,0.051332785753110455,0.06883773813372145,-0.051538824344772256,-0.019698877706897145,0.24341030788745366,0.029448469565771684,0.8729166666666667,0.005405219392590207,0.013689180828181042,0.655005420586346,0.04286605881629941,0.06698643576107026,0.05349454601919506,0.002796061627216433,0.01839280225835191,0.011518004885904942,0.003509164489490316,0.007448151944078428,0.0036110345935255633,0.016638500150348994,0.003493003487397687,0.026576926673356465,2.0816681711721685e-17,5.511463844797178e-05,8.267195767195767e-05,3.7838187249364807,1324.5382362089383
450007,2,29,M2,0,False,0.0012001569601549373,0.9890775587322591,0.9612089653333922,0.35,0.0,0.0,0.22657124940305948,0.07770606227219105,3.1914641311392185,0.22060196593403816,0.0,0.0,5.900983674451709,6.290362942032516,0.1475936731360618,0.6070566275561244,10.062646558643001,3.782035004789538,2.731325675656418,0.38038986537482966,0.0668821046558207,0.1562406579180997,0.030423257383365463,0.06679595259909794,-0.05671736847365666,-0.026357319464441892,0.1654559656442651,0.023611938174888474,0.8354166666666667,0.004114349099079129,0.011881976549323202,0.7824378907839602,0.04322210797134442,0.06200302221721231,0.03995326766686182,0.002279698981834964,0.018276079801019637,0.011567441613199588,0.003276097145606148,0.005564081370409943,0.003434565899987851,0.011394514996394043,0.0026638295314945384,0.025798685273396176,2.0816681711721685e-17,2.755731922398589e-05,9.645061728395061e-05,5.610819341313406,5668.596792693458
450007,2,29,M3,1,False,0.0012001569601549373,0.9890775587322591,0.9612089653333922,0.35,0.0,0.0,0.22657124940305948,0.07770606227219105,3.1914641311392185,0.22060196593403816,0.0,0.0,5.900983674451709,6.290362942032516,0.1475936731360618,0.6070566275561244,10.062646558643001,3.782035004789538,2.731325675656418,0.38038986537482966,0.0668821046558207,0.1562406579180997,0.030423257383365463,0.06679595259909794,-0.05671736847365666,-0.026357319464441892,0.1654559656442651,0.023611938174888474,0.8354166666666667,0.004114349099079129,0.011881976549323202,0.7824378907839602,0.04322210797134442,0.06200302221721231,0.03995326766686182,0.002279698981834964,0.018276079801019637,0.011567441613199588,0.003276097145606148,0.005564081370409943,0.003434565899987851,0.011394514996394043,0.0026638295314945384,0.025798685273396176,2.0816681711721685e-17,2.755731922398589e-05,9.645061728395061e-05,5.610819341313406,5668.596792693458
450007,2,29,M2+O,2,False,0.00024642848668573455,0.9890775587322591,0.9612089653333922,0.35,0.0,0.0,0.22657124940305948,0.07770606227219105,3.1914641311392185,0.22060196593403816,0.08459327775939506,0.0,5.900983674451709,6.290362942032516,0.14763145500927288,0.6047178779037067,9.828453199410923,3.7841377321797167,2.76307541655973,0.3856249284988797,0.06858717632304862,0.15710195718852518,0.028559976412260712,0.06809347910006809,-0.054638560214547,-0.0244270457468073,0.16967017960144923,0.024555734626680193,0.8416666666666668,0.00422065055228521,0.011980840438560505,0.7448224824073201,0.04234610176261934,0.06590087297657327,0.05001116703659712,0.0024288947094610615,0.01863182098915035,0.011802238292604359,0.0034152740751461556,0.005778079191046694,0.0032151543388196473,0.011882807775481057,0.002806939006727566,0.027693107672494735,2.0816681711721685e-17,2.755731922398589e-05,9.645061728395061e-05,5.499544189388199,5688.428120789693
450007,2,29,M4,3,False,0.00024642848668573455,0.9890775587322591,0.9612089653333922,0.35,0.0,0.0,0.22657124940305948,0.07770606227219105,3.1914641311392185,0.22060196593403816,0.08459327775939506,0.0,5.900983674451709,6.290362942032516,0.14763145500927288,0.6047178779037067,9.828453199410923,3.7841377321797167,2.76307541655973,0.3856249284988797,0.06858717632304862,0.15710195718852518,0.028559976412260712,0.06809347910006809,-0.054638560214547,-0.0244270457468073,0.16967017960144923,0.024555734626680193,0.8416666666666668,0.00422065055228521,0.011980840438560505,0.7448224824073201,0.04234610176261934,0.06590087297657327,0.05001116703659712,0.0024288947094610615,0.01863182098915035,0.011802238292604359,0.0034152740751461556,0.005778079191046694,0.0032151543388196473,0.011882807775481057,0.002806939006727566,0.027693107672494735,2.0816681711721685e-17,2.755731922398589e-05,9.645061728395061e-05,5.499544189388199,5688.428120789693
450007,2,30,M2,0,True,0.0,0.9890775587322591,0.9612089653333922,0.35,0.0,0.0,0.20396394031122328,0.06831493912264705,2.7050672242417932,0.19935442693531513,0.0,0.0,6.180342321749777,8.211909952573478,0.16015367199874275,0.5811537182422976,7.293634096707084,3.5644736143347084,2.986401748379567,0.41059630379287887,0.07976070954726444,0.18365551506469494,0.05623666923945061,0.06578242344998657,-0.05636585660607213,-0.02488929991381722,0.1937317365621067,0.019069822972292726,0.80625,0.004095332456370985,0.012747040422493743,0.6086612218365505,0.03868113268916048,0.07258792894954617,0.052206374915316905,0.002595232052693526,0.018516267900235382,0.011612660954921021,0.0032230867492392557,0.006626781942622215,0.0036445104075711527,0.013046113058565532,0.00255628773141478,0.02646307586162219,2.0816681711721685e-17,1.3778659611992945e-05,1.3778659611992945e-05,3.105563258189756,9567.123931587592
450007,2,30,M3,1,True,0.0,0.9890775587322591,0.9612089653333922,0.35,0.0,0.0,0.20396394031122328,0.06831493912264705,2.7050672242417932,0.19935442693531513,0.0,0.0,6.180342321749777,8.211909952573478,0.16015367199874275,0.5811537182422976,7.293634096707084,3.5644736143347084,2.986401748379567,0.41059630379287887,0.07976070954726444,0.18365551506469494,0.05623666923945061,0.06578242344998657,-0.05636585660607213,-0.02488929991381722,0.1937317365621067,0.019069822972292726,0.80625,0.004095332456370985,0.012747040422493743,0.6086612218365505,0.03868113268916048,0.07258792894954617,0.052206374915316905,0.002595232052693526,0.018516267900235382,0.011612660954921021,0.0032230867492392557,0.006626781942622215,0.0036445104075711527,0.013046113058565532,0.00255628773141478,0.02646307586162219,2.0816681711721685e-17,1.3778659611992945e-05,1.3778659611992945e-05,3.105563258189756,9567.123931587592
450007,2,30,M2+O,2,True,0.0,0.9890775587322591,0.9612089653333922,0.35,0.0,0.0,0.20396394031122328,0.06831493912264705,2.7050672242417932,0.19935442693531513,0.13821592361242302,0.0,6.180342321749777,8.211909952573478,0.15965282271703532,0.5749349686944908,7.051649256789901,3.5602043659302187,3.022301429796231,0.44532291577232236,0.08525173053934136,0.18019728540655736,0.05120691272033836,0.06766873114869483,-0.05164263299541543,-0.020823959631682293,0.2106377846878611,0.022648613562935477,0.8229166666666666,0.004309180033718608,0.01265289139288943,0.5557279358236341,0.043027790009169835,0.07690224885252941,0.05910786278318718,0.0028812601353147903,0.0194074341889528,0.012428637433001542,0.0033306795660500393,0.006916534188643763,0.0032111909027099004,0.014107216143980673,0.0029113398587044936,0.030093328059884086,2.0816681711721685e-17,1.3778659611992945e-05,1.3778659611992945e-05,3.037181746847453,9685.623355304162
450007,2,30,M4,3,True,0.0,0.9890775587322591,0.9612089653333922,0.35,0.0,0.0,0.20396394031122328,0.06831493912264705,2.7050672242417932,0.19935442693531513,0.13821592361242302,0.0,6.180342321749777,8.211909952573478,0.15965282271703532,0.5749349686944908,7.051649256789901,3.5602043659302187,3.022301429796231,0.44532291577232236,0.08525173053934136,0.18019728540655736,0.05120691272033836,0.06766873114869483,-0.05164263299541543,-0.020823959631682293,0.2106377846878611,0.022648613562935477,0.8229166666666666,0.004309180033718608,0.01265289139288943,0.5557279358236341,0.043027790009169835,0.07690224885252941,0.05910786278318718,0.0028812601353147903,0.0194074341889528,0.012428637433001542,0.0033306795660500393,0.006916534188643763,0.0032111909027099004,0.014107216143980673,0.0029113398587044936,0.030093328059884086,2.0816681711721685e-17,1.3778659611992945e-05,1.3778659611992945e-05,3.037181746847453,9685.623355304162
450007,2,31,M2,0,True,0.0,0.9890775587322591,0.9612089653333922,0.35,0.0,0.0,0.26837446838617324,0.07948992118705064,3.089864686690271,0.2436104691773653,0.0,0.0,5.435849939007312,6.96216984372586,0.14395603666960166,0.6182671216839206,11.087164129163599,3.8503434859388412,2.7047926374010913,0.45253918210574673,0.07352934262377192,0.15984596988390623,0.03136089811252186,0.06974002261515765,-0.05405773829201573,-0.023124446679532493,0.18566751453883498,0.02874327270141466,0.8604166666666666,0.004607212243262699,0.013055809468896852,0.9087695292775526,0.0384425619574514,0.06980058072479003,0.056313023740787053,0.002378750180808872,0.0179532370357928,0.01149977535852172,0.0036200210682808915,0.0063105435864999615,0.0035356632794762677,0.012799268790433837,0.0030116908719028637,0.02369399702813103,2.0816681711721685e-17,0.000248015873015873,0.00033068783068783067,5.601681657121101,2519.9540596129928
450007,2,31,M3,1,True,0.0,0.9890775587322591,0.9612089653333922,0.35,0.0,0.0,0.26837446838617324,0.07948992118705064,3.089864686690271,0.2436104691773653,0.0,0.0,5.435849939007312,6.96216984372586,0.14395603666960166,0.6182671216839206,11.087164129163599,3.8503434859388412,2.7047926374010913,0.45253918210574673,0.07352934262377192,0.15984596988390623,0.03136089811252186,0.06974002261515765,-0.05405773829201573,-0.023124446679532493,0.18566751453883498,0.02874327270141466,0.8604166666666666,0.004607212243262699,0.013055809468896852,0.9087695292775526,0.0384425619574514,0.06980058072479003,0.056313023740787053,0.002378750180808872,0.0179532370357928,0.01149977535852172,0.0036200210682808915,0.0063105435864999615,0.0035356632794762677,0.012799268790433837,0.0030116908719028637,0.02369399702813103,2.0816681711721685e-17,0.000248015873015873,0.00033068783068783067,5.601681657121101,2519.9540596129928
450007,2,31,M2+O,2,True,0.0,0.9890775587322591,0.9612089653333922,0.35,0.0,0.0,0.26837446838617324,0.07948992118705064,3.089864686690271,0.2436104691773653,0.028937818175195685,0.0,5.435849939007312,6.96216984372586,0.14403332856944795,0.6176812535050151,10.995250945480882,3.8449298099565077,2.694148938769944,0.44411154349795384,0.07385018012739529,0.1602737153783644,0.031061013058868506,0.07008674832619223,-0.053418334745308715,-0.02264198742419075,0.1860191330656312,0.0287906009775991,0.8583333333333334,0.004634774959221061,0.013067899728294183,0.8934205073077428,0.040734680863801054,0.06252599701526411,0.05256373167361416,0.0024283906397364603,0.018045987742736472,0.011559704583607548,0.00365893741788522,0.0063816163617396535,0.003462863683678742,0.012952695879913783,0.0030438200586029975,0.025478512306882847,2.0816681711721685e-17,0.00026179453262786595,0.0003444664902998236,5.5628565936844545,2513.7557299997666
450007,2,31,M4,3,True,0.0,0.9890775587322591,0.9612089653333922,0.35,0.0,0.0,0.26837446838617324,0.07948992118705064,3.089864686690271,0.2436104691773653,0.028937818175195685,0.0,5.435849939007312,6.96216984372586,0.14403332856944795,0.6176812535050151,10.995250945480882,3.8449298099565077,2.694148938769944,0.44411154349795384,0.07385018012739529,0.1602737153783644,0.031061013058868506,0.07008674832619223,-0.053418334745308715,-0.02264198742419075,0.1860191330656312,0.0287906009775991,0.8583333333333334,0.004634774959221061,0.013067899728294183,0.8934205073077428,0.040734680863801054,0.06252599701526411,0.05256373167361416,0.0024283906397364603,0.018045987742736472,0.011559704583607548,0.00365893741788522,0.0063816163617396535,0.003462863683678742,0.012952695879913783,0.0030438200586029975,0.025478512306882847,2.0816681711721685e-17,0.00026179453262786595,0.0003444664902998236,5.5628565936844545,2513.7557299997666
450007,3,0,M2,0,True,0.0,0.9844764295140137,0.9437096542220714,0.35,0.0,0.0,0.2629654662683606,0.06925510965753347,2.886044593714178,0.20057556301355361,0.0,0.0,5.873221298214048,6.1538892248645425,0.1569698824178715,0.5846178019514748,7.805660763421419,3.605587051208431,2.9301216983486396,0.41544067584804734,0.07911110742282039,0.16521333663105692,0.044812130667279716,0.06626829240373124,-0.054938246054857205,-0.024033245711460805,0.2180882951318677,0.025277936676980434,0.85,0.005014716061319999,0.013831776766969034,0.6575846187010174,0.03905686537071552,0.06753786586930093,0.05332200387748366,0.0025984637305342694,0.01789593179142109,0.011277243589599863,0.0032204738222729764,0.006083305254390896,0.003685866835714767,0.015366933631082698,0.003104816321295781,0.026750321683017712,2.0816681711721685e-17,1.3778659611992945e-05,1.3778659611992945e-05,3.7180174124490555,5298.390953421015
450007,3,0,M3,1,True,0.0,0.9844764295140137,0.9437096542220714,0.35,0.0,0.0,0.2629654662683606,0.06925510965753347,2.886044593714178,0.20057556301355361,0.0,0.0,5.873221298214048,6.1538892248645425,0.1569698824178715,0.5846178019514748,7.805660763421419,3.605587051208431,2.9301216983486396,0.41544067584804734,0.07911110742282039,0.16521333663105692,0.044812130667279716,0.06626829240373124,-0.054938246054857205,-0.024033245711460805,0.2180882951318677,0.025277936676980434,0.85,0.005014716061319999,0.013831776766969034,0.6575846187010174,0.03905686537071552,0.06753786586930093,0.05332200387748366,0.0025984637305342694,0.01789593179142109,0.011277243589599863,0.0032204738222729764,0.006083305254390896,0.003685866835714767,0.015366933631082698,0.003104816321295781,0.026750321683017712,2.0816681711721685e-17,1.3778659611992945e-05,1.3778659611992945e-05,3.7180174124490555,5298.390953421015
450007,3,0,M2+O,2,True,0.0,0.9844764295140137,0.9437096542220714,0.35,0.0,0.0,0.2629654662683606,0.06925510965753347,2.886044593714178,0.20057556301355361,0.11829547242644144,0.0,5.873221298214048,6.1538892248645425,0.15667403829748924,0.5850453380294293,7.577270380748355,3.5956976257783304,2.945461636540978,0.4298416029819914,0.08280575100317798,0.16395231380086853,0.04214027889036823,0.0678854435894166,-0.05138564092680287,-0.020843817655294226,0.2286114212207401,0.02781822193595831,0.8645833333333334,0.005148892378704364,0.013971871992001728,0.6173531549694248,0.04270588521150307,0.06829176480412807,0.05399864516812838,0.002833978747608565,0.018674663981270767,0.011719099997756678,0.0034133015050676224,0.006375843411635209,0.0033750289833929196,0.016234941590819847,0.0033465397167946036,0.026320069811442883,2.0816681711721685e-17,1.3778659611992945e-05,1.3778659611992945e-05,3.641494377095294,5310.384147120197
450007,3,0,M4,3,True,0.0,0.9844764295140137,0.9437096542220714,0.35,0.0,0.0,0.2629654662683606,0.06925510965753347,2.886044593714178,0.20057556301355361,0.11829547242644144,0.0,5.873221298214048,6.1538892248645425,0.15667403829748924,0.5850453380294293,7.577270380748355,3.5956976257783304,2.945461636540978,0.4298416029819914,0.08280575100317798,0.16395231380086853,0.04214027889036823,0.0678854435894166,-0.05138564092680287,-0.020843817655294226,0.2286114212207401,0.02781822193595831,0.8645833333333334,0.005148892378704364,0.013971871992001728,0.6173531549694248,0.04270588521150307,0.06829176480412807,0.05399864516812838,0.002833978747608565,0.018674663981270767,0.011719099997756678,0.0034133015050676224,0.006375843411635209,0.0033750289833929196,0.016234941590819847,0.0033465397167946036,0.026320069811442883,2.0816681711721685e-17,1.3778659611992945e-05,1.3778659611992945e-05,3.641494377095294,5310.384147120197
450007,3,1,M2,0,False,0.0018621946980100453,0.9844764295140137,0.9437096542220714,0.35,0.0,0.0,0.20160698210820557,0.07996574914082885,3.2510731095448135,0.2374085596203804,0.0,0.0,5.129386593122035,8.666233093477786,0.14470595987838042,0.6206312830895585,11.16880043118608,3.8826434508893297,2.6629179749669363,0.37500343898398203,0.06611621614222916,0.15482353825359804,0.025093460633707498,0.06903953996876613,-0.05463407013799058,-0.026462515167632986,0.15125622907259192,0.02238473218530679,0.8125,0.0037375646252376295,0.011721032606310274,0.8971318062396031,0.043807685992396844,0.061702287703445484,0.03973989881396881,0.0023606305850708107,0.018152790985808537,0.011682124300498831,0.0037824140171138472,0.005636134171590202,0.0033389528640304458,0.010362124684851006,0.002539651669438503,0.025581993780725953,2.0816681711721685e-17,0.00041335978835978834,0.0006200396825396825,6.276911619471857,1492.2673870165108
450007,3,1,M3,1,False,0.0018621946980100453,0.9844764295140137,0.9437096542220714,0.35,0.0,0.0,0.20160698210820557,0.07996574914082885,3.2510731095448135,0.2374085596203804,0.0,0.0,5.129386593122035,8.666233093477786,0.14470595987838042,0.6206312830895585,11.16880043118608,3.8826434508893297,2.6629179749669363,0.37500343898398203,0.06611621614222916,0.15482353825359804,0.025093460633707498,0.06903953996876613,-0.05463407013799058,-0.026462515167632986,0.15125622907259192,0.02238473218530679,0.8125,0.0037375646252376295,0.011721032606310274,0.8971318062396031,0.043807685992396844,0.061702287703445484,0.03973989881396881,0.0023606305850708107,0.018152790985808537,0.011682124300498831,0.0037824140171138472,0.005636134171590202,0.0033389528640304458,0.010362124684851006,0.002539651669438503,0.025581993780725953,2.0816681711721685e-17,0.00041335978835978834,0.0006200396825396825,6.276911619471857,1492.2673870165108
450007,3,1,M2+O,2,False,0.0013437039916381107,0.9844764295140137,0.9437096542220714,0.35,0.0,0.0,0.20160698210820557,0.07996574914082885,3.2510731095448135,0.2374085596203804,0.045232413939183466,0.0,5.129386593122035,8.666233093477786,0.1447967299688161,0.6188181803312697,11.041660706522677,3.86557016368198,2.664184085792853,0.3752057363411687,0.06670090886269132,0.1558996566070895,0.024307823082630426,0.06951042596883174,-0.05373807833794212,-0.025641474516125137,0.15203632793936014,0.022528667966811942,0.8208333333333333,0.003789785720973176,0.011840595535258016,0.877263338026002,0.0442377100644471,0.0644932371720815,0.03790481862832293,0.0024357931085803907,0.018266076320864143,0.011741600918914526,0.003840078173796679,0.005699306357394235,0.0032250827669311646,0.010598898790897341,0.0025985012496351208,0.02757017835088335,2.0816681711721685e-17,0.0003995811287477954,0.0006475970017636684,6.201158346895074,1480.2501902807935
450007,3,1,M4,3,False,0.0013437039916381107,0.9844764295140137,0.9437096542220714,0.35,0.0,0.0,0.20160698210820557,0.07996574914082885,3.2510731095448135,0.2374085596203804,0.045232413939183466,0.0,5.129386593122035,8.666233093477786,0.1447967299688161,0.6188181803312697,11.041660706522677,3.86557016368198,2.664184085792853,0.3752057363411687,0.06670090886269132,0.1558996566070895,0.024307823082630426,0.06951042596883174,-0.05373807833794212,-0.025641474516125137,0.15203632793936014,0.022528667966811942,0.8208333333333333,0.003789785720973176,0.011840595535258016,0.877263338026002,0.0442377100644471,0.0644932371720815,0.03790481862832293,0.0024357931085803907,0.018266076320864143,0.011741600918914526,0.003840078173796679,0.005699306357394235,0.0032250827669311646,0.010598898790897341,0.0025985012496351208,0.02757017835088335,2.0816681711721685e-17,0.0003995811287477954,0.0006475970017636684,6.201158346895074,1480.2501902807935
450007,3,2,M2,0,True,0.0,0.9844764295140137,0.9437096542220714,0.35,0.0,0.0,0.2289998285472393,0.06430660098791122,2.832480383478105,0.18366098158061503,0.0,0.0,5.41385539341718,6.8435773411765695,0.16285390529959964,0.5673552243377261,6.567519433870899,3.494119310963272,3.048123420963369,0.4094748847943701,0.07967050004594689,0.17360055717492096,0.05306193021148788,0.06556686470937768,-0.05633413691658574,-0.025569010890189866,0.21469460475112964,0.020096202651771058,0.8104166666666667,0.004622910174767945,0.013477371730704287,0.5728692712193821,0.03742955651109128,0.07947369462681782,0.05823009844979695,0.0026570132699647287,0.01803645158898509,0.011370346046134452,0.0029713799302332955,0.006038864835161493,0.0036856502048904336,0.015030600622799904,0.0027714890962059766,0.02774416746817996,2.0816681711721685e-17,1.3778659611992945e-05,1.3778659611992945e-05,3.1717539922164817,2122.258909279663
450007,3,2,M3,1,True,0.0,0.9844764295140137,0.9437096542220714,0.35,0.0,0.0,0.2289998285472393,0.06430660098791122,2.832480383478105,0.18366098158061503,0.0,0.0,5.41385539341718,6.8435773411765695,0.16285390529959964,0.5673552243377261,6.567519433870899,3.494119310963272,3.048123420963369,0.4094748847943701,0.07967050004594689,0.17360055717492096,0.05306193021148788,0.06556686470937768,-0.05633413691658574,-0.025569010890189866,0.21469460475112964,0.020096202651771058,0.8104166666666667,0.004622910174767945,0.013477371730704287,0.5728692712193821,0.03742955651109128,0.07947369462681782,0.05823009844979695,0.0026570132699647287,0.01803645158898509,0.011370346046134452,0.0029713799302332955,0.006038864835161493,0.0036856502048904336,0.015030600622799904,0.0027714890962059766,0.02774416746817996,2.0816681711721685e-17,1.3778659611992945e-05,1.3778659611992945e-05,3.1717539922164817,2122.258909279663
450007,3,2,M2+O,2,True,0.0,0.9844764295140137,0.9437096542220714,0.35,0.0,0.0,0.2289998285472393,0.06430660098791122,2.832480383478105,0.18366098158061503,0.020691600694384325,0.0,5.41385539341718,6.8435773411765695,0.16289683115328932,0.5674762186227836,6.514695139993985,3.489089082419706,3.047328792921185,0.40717844160380445,0.07992223423079835,0.17410739448879187,0.05272662963556907,0.06558109549334347,-0.0558393930510371,-0.02516267824494496,0.21490938760526632,0.02022283479728163,0.8229166666666666,0.004641970981997841,0.013721864543338706,0.5662136571850425,0.03808440505033432,0.07853659097882511,0.05530137343449461,0.0026964192827496143,0.018174235063240573,0.011500120570553631,0.0030096985125083082,0.006079572821206708,0.003624481450638987,0.015189090481737303,0.0028010236815316186,0.027580443388167692,2.0816681711721685e-17,1.3778659611992945e-05,1.3778659611992945e-05,3.154009773840064,2123.3479438316626
450007,3,2,M4,3,True,0.0,0.9844764295140137,0.9437096542220714,0.35,0.0,0.0,0.2289998285472393,0.06430660098791122,2.832480383478105,0.18366098158061503,0.020691600694384325,0.0,5.41385539341718,6.8435773411765695,0.16289683115328932,0.5674762186227836,6.514695139993985,3.489089082419706,3.047328792921185,0.40717844160380445,0.07992223423079835,0.17410739448879187,0.05272662963556907,0.06558109549334347,-0.0558393930510371,-0.02516267824494496,0.21490938760526632,0.02022283479728163,0.8229166666666666,0.004641970981997841,0.013721864543338706,0.5662136571850425,0.03808440505033432,0.07853659097882511,0.05530137343449461,0.0026964192827496143,0.018174235063240573,0.011500120570553631,0.0030096985125083082,0.006079572821206708,0.003624481450638987,0.015189090481737303,0.0028010236815316186,0.027580443388167692,2.0816681711721685e-17,1.3778659611992945e-05,1.3778659611992945e-05,3.154009773840064,2123.3479438316626
450007,3,3,M2,0,True,0.0,0.9844764295140137,0.9437096542220714,0.35,0.0,0.0,0.2933860388584435,0.07862174647394568,3.067900196649134,0.2593231426924467,0.0,0.0,6.15839353017509,7.984552980400622,0.1424327215579907,0.6200693002539993,11.384537503189108,3.9070170136296034,2.6656980191373782,0.44111031940708845,0.07843266843324632,0.15679262236146416,0.03132168440103338,0.07142737186831881,-0.05029863120674848,-0.021208601352271636,0.19801965082977233,0.031404099214212215,0.86875,0.004956691369081803,0.013469228292574896,0.8998970006807313,0.04721127512099267,0.0601108478087412,0.04672869513771119,0.002538448940407831,0.017701265847144414,0.011261057317871978,0.0038705954992569397,0.0066433027183394585,0.0035815180939032837,0.014034060768942636,0.0032611639792607936,0.02514676125168558,2.0816681711721685e-17,6.889329805996472e-05,0.0001240079365079365,5.629316849340047,9580.886730448272
450007,3,3,M3,1,True,0.0,0.9844764295140137,0.9437096542220714,0.35,0.0,0.0,0.2933860388584435,0.07862174647394568,3.067900196649134,0.2593231426924467,0.0,0.0,6.15839353017509,7.984552980400622,0.1424327215579907,0.6200693002539993,11.384537503189108,3.9070170136296034,2.6656980191373782,0.44111031940708845,0.07843266843324632,0.15679262236146416,0.03132168440103338,0.07142737186831881,-0.05029863120674848,-0.021208601352271636,0.19801965082977233,0.031404099214212215,0.86875,0.004956691369081803,0.013469228292574896,0.8998970006807313,0.04721127512099267,0.0601108478087412,0.04672869513771119,0.002538448940407831,0.017701265847144414,0.011261057317871978,0.0038705954992569397,0.0066433027183394585,0.0035815180939032837,0.014034060768942636,0.0032611639792607936,0.02514676125168558,2.0816681711721685e-17,6.889329805996472e-05,0.0001240079365079365,5.629316849340047,9580.886730448272
450007,3,3,M2+O,2,True,0.0,0.9844764295140137,0.9437096542220714,0.35,0.0,0.0,0.2933860388584435,0.07862174647394568,3.067900196649134,0.2593231426924467,0.19329371660206118,0.0,6.15839353017509,7.984552980400622,0.14175447295335922,0.6192729023000975,11.025607313810504,3.8813662558462476,2.6444349684826967,0.3817814111698043,0.08445764316400002,0.1522555740989149,0.02791655096070858,0.07505270342004687,-0.044679583481500425,-0.016153385171308373,0.21712301569368395,0.03585538742008143,0.8833333333333334,0.005190639929496485,0.012925171787748529,0.8163053714456441,0.05206513289077879,0.057256969105486076,0.04362904176879909,0.002898883815820006,0.018973896820749226,0.011892681910818388,0.004462973495026216,0.006989784508008897,0.003208692638689369,0.015195417700911215,0.0037195331827427538,0.026693826748396907,2.0816681711721685e-17,5.511463844797178e-05,0.00011022927689594356,5.560359180573077,9537.882517875205
450007,3,3,M4,3,True,0.0,0.9844764295140137,0.9437096542220714,0.35,0.0,0.0,0.2933860388584435,0.07862174647394568,3.067900196649134,0.2593231426924467,0.19329371660206118,0.0,6.15839353017509,7.984552980400622,0.14175447295335922,0.6192729023000975,11.025607313810504,3.8813662558462476,2.6444349684826967,0.3817814111698043,0.08445764316400002,0.1522555740989149,0.02791655096070858,0.07505270342004687,-0.044679583481500425,-0.016153385171308373,0.21712301569368395,0.03585538742008143,0.8833333333333334,0.005190639929496485,0.012925171787748529,0.8163053714456441,0.05206513289077879,0.057256969105486076,0.04362904176879909,0.002898883815820006,0.018973896820749226,0.011892681910818388,0.004462973495026216,0.006989784508008897,0.003208692638689369,0.015195417700911215,0.0037195331827427538,0.026693826748396907,2.0816681711721685e-17,5.511463844797178e-05,0.00011022927689594356,5.560359180573077,9537.882517875205
450007,3,4,M2,0,True,0.0,0.9844764295140137,0.9437096542220714,0.35,0.0,0.0,0.2773324431851506,0.06102733196690678,3.2200010089203714,0.24746617570519447,0.0,0.0,6.024978729896247,7.260679797269404,0.15120736617353497,0.6098328524833093,9.39840821995469,3.7334177324208206,2.8356758713567998,0.4526321103465363,0.09184418041274972,0.1776094691665222,0.049022157084983774,0.07041797131775339,-0.049232721758286746,-0.0200123701895003,0.22461369564634404,0.02937021396745414,0.8604166666666666,0.005079015814929403,0.013883182726844866,0.7797816771558551,0.04445430662659744,0.06747225191557395,0.053056951215650246,0.0027921354840485055,0.017931232642227887,0.011205779227365141,0.0038706048468728858,0.007700444789624417,0.0037606625129513673,0.015450780915353358,0.0033145522502497833,0.027415741581679493,2.0816681711721685e-17,1.3778659611992945e-05,2.755731922398589e-05,4.484905698588704,7196.055530017751
450007,3,4,M3,1,True,0.0,0.9844764295140137,0.9437096542220714,0.35,0.0,0.0,0.2773324431851506,0.06102733196690678,3.2200010089203714,0.24746617570519447,0.0,0.0,6.024978729896247,7.260679797269404,0.15120736617353497,0.6098328524833093,9.39840821995469,3.7334177324208206,2.8356758713567998,0.4526321103465363,0.09184418041274972,0.1776094691665222,0.049022157084983774,0.07041797131775339,-0.049232721758286746,-0.0200123701895003,0.22461369564634404,0.02937021396745414,0.8604166666666666,0.005079015814929403,0.013883182726844866,0.7797816771558551,0.04445430662659744,0.06747225191557395,0.053056951215650246,0.0027921354840485055,0.017931232642227887,0.011205779227365141,0.0038706048468728858,0.007700444789624417,0.0037606625129513673,0.015450780915353358,0.0033145522502497833,0.027415741581679493,2.0816681711721685e-17,1.3778659611992945e-05,2.755731922398589e-05,4.484905698588704,7196.055530017751
450007,3,4,M2+O,2,True,0.0,0.9844764295140137,0.9437096542220714,0.35,0.0,0.0,0.2773324431851506,0.06102733196690678,3.2200010089203714,0.24746617570519447,0.1806828490037143,0.0,6.024978729896247,7.260679797269404,0.15040047564436457,0.609231796474838,9.08367526629247,3.7407324798763177,2.836839672048749,0.4444083457443722,0.09839841906577416,0.17142584392774074,0.04329869821627228,0.07469988625621708,-0.043352462725824686,-0.015117050416411211,0.24468604178416012,0.03396843760295598,0.8666666666666667,0.005296094648952038,0.012745741084450651,0.699691348785188,0.056054387868276,0.07335459595585585,0.057394997497508815,0.003139905549789706,0.01920489553301897,0.012097224272338189,0.0042252022449269745,0.007857978725079309,0.0033198594680712706,0.016608844146567516,0.003760727911003493,0.028018282506059717,2.0816681711721685e-17,1.3778659611992945e-05,4.1335978835978834e-05,4.4487427709721885,7223.840970787246
450007,3,4,M4,3,True,0.0,0.9844764295140137,0.9437096542220714,0.35,0.0,0.0,0.2773324431851506,0.06102733196690678,3.2200010089203714,0.24746617570519447,0.1806828490037143,0.0,6.024978729896247,7.260679797269404,0.15040047564436457,0.609231796474838,9.08367526629247,3.7407324798763177,2.836839672048749,0.4444083457443722,0.09839841906577416,0.17142584392774074,0.04329869821627228,0.07469988625621708,-0.043352462725824686,-0.015117050416411211,0.24468604178416012,0.03396843760295598,0.8666666666666667,0.005296094648952038,0.012745741084450651,0.699691348785188,0.056054387868276,0.07335459595585585,0.057394997497508815,0.003139905549789706,0.01920489553301897,0.012097224272338189,0.0042252022449269745,0.007857978725079309,0.0033198594680712706,0.016608844146567516,0.003760727911003493,0.028018282506059717,2.0816681711721685e-17,1.3778659611992945e-05,4.1335978835978834e-05,4.4487427709721885,7223.840970787246
450007,3,5,M2,0,False,0.0006801890553403783,0.9844764295140137,0.9437096542220714,0.35,0.0,0.0,0.2378246164880693,0.0748634483339265,2.9850870983675124,0.19047712936997413,0.0,0.0,5.269471470266581,7.561110497452319,0.15528816586429176,0.5884501653709,8.233374401439491,3.65279205192887,2.862306873100044,0.3821339664008045,0.06765276090943913,0.15284495819962543,0.034705226334662866,0.06540543702388117,-0.05683223616910423,-0.027374499387539747,0.18502925908912307,0.02257190035060322,0.8354166666666667,0.0045306719557788155,0.012524227871026505,0.6723707464232628,0.04011251582441954,0.06576862035782127,0.04521800505832132,0.002384803952911419,0.01779573689905757,0.011519680404646175,0.0029637156970536097,0.005071884821610937,0.0035004428237960434,0.013326919339235355,0.002805678771149659,0.027166816706263006,2.0816681711721685e-17,2.755731922398589e-05,5.511463844797178e-05,4.266366701405468,1624.367142580185
450007,3,5,M3,1,False,0.0006801890553403783,0.9844764295140137,0.9437096542220714,0.35,0.0,0.0,0.2378246164880693,0.0748634483339265,2.9850870983675124,0.19047712936997413,0.0,0.0,5.269471470266581,7.561110497452319,0.15528816586429176,0.5884501653709,8.233374401439491,3.65279205192887,2.862306873100044,0.3821339664008045,0.06765276090943913,0.15284495819962543,0.034705226334662866,0.06540543702388117,-0.05683223616910423,-0.027374499387539747,0.18502925908912307,0.02257190035060322,0.8354166666666667,0.0045306719557788155,0.012524227871026505,0.6723707464232628,0.04011251582441954,0.06576862035782127,0.04521800505832132,0.002384803952911419,0.01779573689905757,0.011519680404646175,0.0029637156970536097,0.005071884821610937,0.0035004428237960434,0.013326919339235355,0.002805678771149659,0.027166816706263006,2.0816681711721685e-17,2.755731922398589e-05,5.511463844797178e-05,4.266366701405468,1624.367142580185
450007,3,5,M2+O,2,False,0.00043801235719578607,0.9844764295140137,0.9437096542220714,0.35,0.0,0.0,0.2378246164880693,0.0748634483339265,2.9850870983675124,0.19047712936997413,0.03528296146634178,0.0,5.269471470266581,7.561110497452319,0.155347462351648,0.5883320641467384,8.140944522577763,3.638474100732464,2.9067652667613175,0.39998933796551367,0.06811641297167191,0.15369155906093251,0.034200166915437646,0.06569711961968604,-0.05607601700542347,-0.0266071726831191,0.1857217845577913,0.0228241210581408,0.8395833333333332,0.004566407996304311,0.012596642778844645,0.6608465314429371,0.04232318414450116,0.07052935980761449,0.05156309123743275,0.0024455969466315734,0.01797377230507599,0.011591058447300033,0.003001316629289463,0.005141390089258813,0.0034111465928102365,0.013558894235551254,0.0028572392539521663,0.028229642958172423,2.0816681711721685e-17,2.755731922398589e-05,5.511463844797178e-05,4.223119555477911,1627.8437718129755
450007,3,5,M4,3,False,0.00043801235719578607,0.9844764295140137,0.9437096542220714,0.35,0.0,0.0,0.2378246164880693,0.0748634483339265,2.9850870983675124,0.19047712936997413,0.03528296146634178,0.0,5.269471470266581,7.561110497452319,0.155347462351648,0.5883320641467384,8.140944522577763,3.638474100732464,2.9067652667613175,0.39998933796551367,0.06811641297167191,0.15369155906093251,0.034200166915437646,0.06569711961968604,-0.05607601700542347,-0.0266071726831191,0.1857217845577913,0.0228241210581408,0.8395833333333332,0.004566407996304311,0.012596642778844645,0.6608465314429371,0.04232318414450116,0.07052935980761449,0.05156309123743275,0.0024455969466315734,0.01797377230507599,0.011591058447300033,0.003001316629289463,0.005141390089258813,0.0034111465928102365,0.013558894235551254,0.0028572392539521663,0.028229642958172423,2.0816681711721685e-17,2.755731922398589e-05,5.511463844797178e-05,4.223119555477911,1627.8437718129755
450007,3,6,M2,0,True,0.0,0.9844764295140137,0.9437096542220714,0.35,0.0,0.0,0.21834226027131082,0.07175303331110627,3.098974011652172,0.22922467060387136,0.0,0.0,5.734069987665862,6.390289471484721,0.15093746650317788,0.6055868616938404,9.46188725421184,3.7772223196747423,2.8048681711427847,0.4040774461804049,0.07512286122758327,0.16667419332105862,0.038747658628172005,0.06785765594826011,-0.05435090618362894,-0.02466288834467964,0.17693997805327713,0.022878168291514664,0.8333333333333334,0.0041385598097767205,0.012533316600849167,0.753981858718396,0.04362331208126553,0.06471966825477626,0.04804526615700854,0.0025498315740248765,0.018139802757256972,0.011541995038361104,0.0035283817557124008,0.006311632763329879,0.0035305129983895446,0.012265179274826645,0.0026932982525738483,0.026179886810869742,2.0816681711721685e-17,2.755731922398589e-05,8.267195767195767e-05,4.6340312040249145,4055.4817495910042
450007,3,6,M3,1,True,0.0,0.9844764295140137,0.9437096542220714,0.35,0.0,0.0,0.21834226027131082,0.07175303331110627,3.098974011652172,0.22922467060387136,0.0,0.0,5.734069987665862,6.390289471484721,0.15093746650317788,0.6055868616938404,9.46188725421184,3.7772223196747423,2.8048681711427847,0.4040774461804049,0.07512286122758327,0.16667419332105862,0.038747658628172005,0.06785765594826011,-0.05435090618362894,-0.02466288834467964,0.17693997805327713,0.022878168291514664,0.8333333333333334,0.0041385598097767205,0.012533316600849167,0.753981858718396,0.04362331208126553,0.06471966825477626,0.04804526615700854,0.0025498315740248765,0.018139802757256972,0.011541995038361104,0.0035283817557124008,0.006311632763329879,0.0035305129983895446,0.012265179274826645,0.0026932982525738483,0.026179886810869742,2.0816681711721685e-17,2.755731922398589e-05,8.267195767195767e-05,4.6340312040249145,4055.4817495910042
450007,3,6,M2+O,2,True,0.0,0.9844764295140137,0.9437096542220714,0.35,0.0,0.0,0.21834226027131082,0.07175303331110627,3.098974011652172,0.22922467060387136,0.05596634677516202,0.0,5.734069987665862,6.390289471484721,0.1510130237323901,0.6033661378966539,9.307189773930697,3.7413045037007744,2.8181182407359304,0.4036713211173093,0.07604953299051183,0.1674885188378691,0.038173086600112593,0.06873102010846717,-0.05304084183410606,-0.023458939297240303,0.17872292613256005,0.02328513082228002,0.8354166666666667,0.004201064561277446,0.012515839541542931,0.7308504637386664,0.04271740318220332,0.06971204029921102,0.05118311729052433,0.0026530360649845296,0.018406763797289904,0.011740201149287912,0.003655267121194807,0.006398020792383366,0.003372290626034766,0.012620282206352541,0.0027839527157322843,0.02614743015794735,2.0816681711721685e-17,4.1335978835978834e-05,5.511463844797178e-05,4.575165597530248,4063.6363100833155
450007,3,6,M4,3,True,0.0,0.9844764295140137,0.9437096542220714,0.35,0.0,0.0,0.21834226027131082,0.07175303331110627,3.098974011652172,0.22922467060387136,0.05596634677516202,0.0,5.734069987665862,6.390289471484721,0.1510130237323901,0.6033661378966539,9.307189773930697,3.7413045037007744,2.8181182407359304,0.4036713211173093,0.07604953299051183,0.1674885188378691,0.038173086600112593,0.06873102010846717,-0.05304084183410606,-0.023458939297240303,0.17872292613256005,0.02328513082228002,0.8354166666666667,0.004201064561277446,0.012515839541542931,0.7308504637386664,0.04271740318220332,0.06971204029921102,0.05118311729052433,0.0026530360649845296,0.018406763797289904,0.011740201149287912,0.003655267121194807,0.006398020792383366,0.003372290626034766,0.012620282206352541,0.0027839527157322843,0.02614743015794735,2.0816681711721685e-17,4.1335978835978834e-05,5.511463844797178e-05,4.575165597530248,4063.6363100833155
450007,3,7,M2,0,True,0.0,0.9844764295140137,0.9437096542220714,0.35,0.0,0.0,0.25462781311944127,0.08294289264827967,2.7334395976737142,0.21371863551437856,0.0,0.0,6.490372991655022,8.436539084650576,0.15067840495888585,0.6009743509677622,9.313287666193562,3.7357915895117575,2.772164554451834,0.3763998388030654,0.0710476508381124,0.15480750197088997,0.03376238532418916,0.0669749889123943,-0.0542234371009078,-0.02477018085256431,0.1880740180205053,0.025560767624433003,0.8479166666666668,0.004654421856214843,0.01259349428758552,0.7371858173122913,0.0426170143739265,0.060967654205021635,0.0392606362917807,0.002437391898110946,0.017877390280499204,0.011346657347094545,0.0032350080118418536,0.005605744731623673,0.003522391983125341,0.013505000352512165,0.0029589093643771036,0.026147430157947345,2.0816681711721685e-17,1.3778659611992945e-05,1.3778659611992945e-05,4.078123715216159,18146.93317776578
450007,3,7,M3,1,True,0.0,0.9844764295140137,0.9437096542220714,0.35,0.0,0.0,0.25462781311944127,0.08294289264827967,2.7334395976737142,0.21371863551437856,0.0,0.0,6.490372991655022,8.436539084650576,0.15067840495888585,0.6009743509677622,9.313287666193562,3.7357915895117575,2.772164554451834,0.3763998388030654,0.0710476508381124,0.15480750197088997,0.03376238532418916,0.0669749889123943,-0.0542234371009078,-0.02477018085256431,0.1880740180205053,0.025560767624433003,0.8479166666666668,0.004654421856214843,0.01259349428758552,0.7371858173122913,0.0426170143739265,0.060967654205021635,0.0392606362917807,0.002437391898110946,0.017877390280499204,0.011346657347094545,0.0032350080118418536,0.005605744731623673,0.003522391983125341,0.013505000352512165,0.0029589093643771036,0.026147430157947345,2.0816681711721685e-17,1.3778659611992945e-05,1.3778659611992945e-05,4.078123715216159,18146.93317776578
450007,3,7,M2+O,2,True,0.0,0.9844764295140137,0.9437096542220714,0.35,0.0,0.0,0.25462781311944127,0.08294289264827967,2.7334395976737142,0.21371863551437856,0.0818483628556123,0.0,6.490372991655022,8.436539084650576,0.1506806052730588,0.5992781221532765,9.115981991114584,3.710154351499812,2.8134103197813602,0.40538316952552256,0.07271724239699293,0.15550811300692421,0.03255807841009819,0.0681082261217665,-0.0522258988915012,-0.022888295000534537,0.19235485176870462,0.026607070232975292,0.8604166666666666,0.004743850124634928,0.012927829612816535,0.7092577580924848,0.042086767417850224,0.06733393452810293,0.05365828398266555,0.0025893353339681096,0.018286620739834916,0.011559636626048399,0.0033793326122123196,0.005784407013862958,0.0033262713691164752,0.014051099254062569,0.0031064206991446163,0.02838962332544034,2.0816681711721685e-17,1.3778659611992945e-05,1.3778659611992945e-05,4.005169363773589,18158.651963207696
450007,3,7,M4,3,True,0.0,0.9844764295140137,0.9437096542220714,0.35,0.0,0.0,0.25462781311944127,0.08294289264827967,2.7334395976737142,0.21371863551437856,0.0818483628556123,0.0,6.490372991655022,8.436539084650576,0.1506806052730588,0.5992781221532765,9.115981991114584,3.710154351499812,2.8134103197813602,0.40538316952552256,0.07271724239699293,0.15550811300692421,0.03255807841009819,0.0681082261217665,-0.0522258988915012,-0.022888295000534537,0.19235485176870462,0.026607070232975292,0.8604166666666666,0.004743850124634928,0.012927829612816535,0.7092577580924848,0.042086767417850224,0.06733393452810293,0.05365828398266555,0.0025893353339681096,0.018286620739834916,0.011559636626048399,0.0033793326122123196,0.005784407013862958,0.0033262713691164752,0.014051099254062569,0.0031064206991446163,0.02838962332544034,2.0816681711721685e-17,1.3778659611992945e-05,1.3778659611992945e-05,4.005169363773589,18158.651963207696
450007,3,8,M2,0,True,0.0,0.9844764295140137,0.9437096542220714,0.35,0.0,0.0,0.26037696758285167,0.06623911500442774,3.1390380073338746,0.19648031547665595,0.0,0.0,6.223864151164889,7.334144979715347,0.1568181586340983,0.5837770082749976,7.802788897547665,3.606761852832461,2.925056262053244,0.40344102020324996,0.07621352599560503,0.1616837446016944,0.041918609881434,0.06605392327924987,-0.05619458953594761,-0.025102736497804548,0.2125126925907853,0.02479162100229479,0.84375,0.004964872661471844,0.013630572256220911,0.6559220294801713,0.03940031888511883,0.06916212982276863,0.051757450304377034,0.002542726935788051,0.01785641721675924,0.011343676899459488,0.0031518118589155195,0.005774679839398969,0.0036610089306455974,0.015045699895732671,0.0030608967036142632,0.027139017449346648,2.0816681711721685e-17,1.3778659611992945e-05,1.3778659611992945e-05,4.251395472110929,10629.935930632118
450007,3,8,M3,1,True,0.0,0.9844764295140137,0.9437096542220714,0.35,0.0,0.0,0.26037696758285167,0.06623911500442774,3.1390380073338746,0.19648031547665595,0.0,0.0,6.223864151164889,7.334144979715347,0.1568181586340983,0.5837770082749976,7.802788897547665,3.606761852832461,2.925056262053244,0.40344102020324996,0.07621352599560503,0.1616837446016944,0.041918609881434,0.06605392327924987,-0.05619458953594761,-0.025102736497804548,0.2125126925907853,0.02479162100229479,0.84375,0.004964872661471844,0.013630572256220911,0.6559220294801713,0.03940031888511883,0.06916212982276863,0.051757450304377034,0.002542726935788051,0.01785641721675924,0.011343676899459488,0.0031518118589155195,0.005774679839398969,0.0036610089306455974,0.015045699895732671,0.0030608967036142632,0.027139017449346648,2.0816681711721685e-17,1.3778659611992945e-05,1.3778659611992945e-05,4.251395472110929,10629.935930632118
450007,3,8,M2+O,2,True,0.0,0.9844764295140137,0.9437096542220714,0.35,0.0,0.0,0.26037696758285167,0.06623911500442774,3.1390380073338746,0.19648031547665595,0.03941378565485458,0.0,6.223864151164889,7.334144979715347,0.15687415487828757,0.5841344498402973,7.697898917224205,3.60345119687936,2.935929290587642,0.43189300454274115,0.0767945209247871,0.16235487628939227,0.04142650585764887,0.06640728506185768,-0.05525711460404913,-0.024301781781552036,0.21352297982655086,0.025104846500859146,0.8500000000000001,0.005002078615488818,0.01398427230522412,0.6420464585140527,0.04069184118505755,0.06914505052405372,0.056184098555092765,0.002616111389939154,0.018097629812349695,0.011451015368048614,0.0031697151803026045,0.0058650001882870504,0.0035623982626769254,0.015331936791378464,0.0031220271124277176,0.027910311844305445,2.0816681711721685e-17,1.3778659611992945e-05,1.3778659611992945e-05,4.208387310029351,10639.188035714384
450007,3,8,M4,3,True,0.0,0.9844764295140137,0.9437096542220714,0.35,0.0,0.0,0.26037696758285167,0.06623911500442774,3.1390380073338746,0.19648031547665595,0.03941378565485458,0.0,6.223864151164889,7.334144979715347,0.15687415487828757,0.5841344498402973,7.697898917224205,3.60345119687936,2.935929290587642,0.43189300454274115,0.0767945209247871,0.16235487628939227,0.04142650585764887,0.06640728506185768,-0.05525711460404913,-0.024301781781552036,0.21352297982655086,0.025104846500859146,0.8500000000000001,0.005002078615488818,0.01398427230522412,0.6420464585140527,0.04069184118505755,0.06914505052405372,0.056184098555092765,0.002616111389939154,0.018097629812349695,0.011451015368048614,0.0031697151803026045,0.0058650001882870504,0.0035623982626769254,0.015331936791378464,0.0031220271124277176,0.027910311844305445,2.0816681711721685e-17,1.3778659611992945e-05,1.3778659611992945e-05,4.208387310029351,10639.188035714384
450007,3,9,M2,0,True,0.0,0.9844764295140137,0.9437096542220714,0.35,0.0,0.0,0.22489707954227925,0.07692724628373981,2.7730619207024576,0.2408962793648243,0.0,0.0,5.490998988039792,7.869041427969933,0.14986742421525953,0.6107903857687208,9.859931583144558,3.7971606193431793,2.7828685955109447,0.4372108199456919,0.07933605978301601,0.17050271081080423,0.04136200791299842,0.06909427352986626,-0.051729493262605654,-0.022835457101807982,0.18312350688585424,0.024299913082937708,0.8354166666666666,0.004212054049899794,0.012978358688992659,0.79963418216854,0.045668351234436105,0.0649739506552902,0.052092176568137076,0.0026154100089286723,0.01802672573173723,0.011540639480344795,0.0036748918925667102,0.006835201176074747,0.0035639420793441225,0.012611756087069576,0.002757485489266079,0.024539078318761273,2.0816681711721685e-17,8.267195767195767e-05,0.00013778659611992945,3.9442348299762053,2560.58619936771
450007,3,9,M3,1,True,0.0,0.9844764295140137,0.9437096542220714,0.35,0.0,0.0,0.22489707954227925,0.07692724628373981,2.7730619207024576,0.2408962793648243,0.0,0.0,5.490998988039792,7.869041427969933,0.14986742421525953,0.6107903857687208,9.859931583144558,3.7971606193431793,2.7828685955109447,0.4372108199456919,0.07933605978301601,0.17050271081080423,0.04136200791299842,0.06909427352986626,-0.051729493262605654,-0.022835457101807982,0.18312350688585424,0.024299913082937708,0.8354166666666666,0.004212054049899794,0.012978358688992659,0.79963418216854,0.045668351234436105,0.0649739506552902,0.052092176568137076,0.0026154100089286723,0.01802672573173723,0.011540639480344795,0.0036748918925667102,0.006835201176074747,0.0035639420793441225,0.012611756087069576,0.002757485489266079,0.024539078318761273,2.0816681711721685e-17,8.267195767195767e-05,0.00013778659611992945,3.9442348299762053,2560.58619936771
450007,3,9,M2+O,2,True,0.0,0.9844764295140137,0.9437096542220714,0.35,0.0,0.0,0.22489707954227925,0.07692724628373981,2.7730619207024576,0.2408962793648243,0.09924992682199865,0.0,5.490998988039792,7.869041427969933,0.1498304324459902,0.6081369115632697,9.60344132649705,3.7558793272882958,2.7856936548536275,0.4119943334779592,0.0816560705807613,0.17054731624890754,0.039933380255943014,0.0707609647518215,-0.049151724219445025,-0.020531422081301803,0.18939466530769833,0.02561961147943249,0.8375,0.004333117722464056,0.01274588444820667,0.7532321666078803,0.04711427708090437,0.06904205119295877,0.05664627970739306,0.002805360910545707,0.01854069426915549,0.011977403047949546,0.003970083186378367,0.006955130790069037,0.003287129786473434,0.01327031529027724,0.0029507186015804206,0.028906709015156958,2.0816681711721685e-17,6.889329805996472e-05,0.00016534391534391533,3.879958047022814,2542.7294963514864
450007,3,9,M4,3,True,0.0,0.9844764295140137,0.9437096542220714,0.35,0.0,0.0,0.22489707954227925,0.07692724628373981,2.7730619207024576,0.2408962793648243,0.09924992682199865,0.0,5.490998988039792,7.869041427969933,0.1498304324459902,0.6081369115632697,9.60344132649705,3.7558793272882958,2.7856936548536275,0.4119943334779592,0.0816560705807613,0.17054731624890754,0.039933380255943014,0.0707609647518215,-0.049151724219445025,-0.020531422081301803,0.18939466530769833,0.02561961147943249,0.8375,0.004333117722464056,0.01274588444820667,0.7532321666078803,0.04711427708090437,0.06904205119295877,0.05664627970739306,0.002805360910545707,0.01854069426915549,0.011977403047949546,0.003970083186378367,0.006955130790069037,0.003287129786473434,0.01327031529027724,0.0029507186015804206,0.028906709015156958,2.0816681711721685e-17,6.889329805996472e-05,0.00016534391534391533,3.879958047022814,2542.7294963514864
450007,3,10,M2,0,True,0.0,0.9844764295140137,0.9437096542220714,0.35,0.0,0.0,0.2443801517598331,0.06754384808242321,3.1797893855720756,0.21964385755360127,0.0,0.0,5.020357612986118,6.691643536090851,0.15313877917031668,0.5999269828021724,8.93541847233594,3.7113289405501804,2.8361375981901404,0.4004492173011042,0.07763293336166928,0.16737431832819571,0.04124817587158754,0.06769434771783331,-0.054809979342904325,-0.024296548034695952,0.1964988969566165,0.02462848222956025,0.84375,0.004598823758576355,0.013436412015419537,0.764068322662927,0.042592271045792815,0.06303351522675045,0.0464981433563025,0.002585723684623895,0.018070076377256123,0.011436642391100949,0.003458690582096813,0.0062596531190028245,0.0036122220233673653,0.013767660088568993,0.0029292257965396425,0.02646307586162219,2.0816681711721685e-17,0.00013778659611992945,0.000248015873015873,4.595097548802311,1077.6365009053463
450007,3,10,M3,1,True,0.0,0.9844764295140137,0.9437096542220714,0.35,0.0,0.0,0.2443801517598331,0.06754384808242321,3.1797893855720756,0.21964385755360127,0.0,0.0,5.020357612986118,6.691643536090851,0.15313877917031668,0.5999269828021724,8.93541847233594,3.7113289405501804,2.8361375981901404,0.4004492173011042,0.07763293336166928,0.16737431832819571,0.04124817587158754,0.06769434771783331,-0.054809979342904325,-0.024296548034695952,0.1964988969566165,0.02462848222956025,0.84375,0.004598823758576355,0.013436412015419537,0.764068322662927,0.042592271045792815,0.06303351522675045,0.0464981433563025,0.002585723684623895,0.018070076377256123,0.011436642391100949,0.003458690582096813,0.0062596531190028245,0.0036122220233673653,0.013767660088568993,0.0029292257965396425,0.02646307586162219,2.0816681711721685e-17,0.00013778659611992945,0.000248015873015873,4.595097548802311,1077.6365009053463
450007,3,10,M2+O,2,True,0.0,0.9844764295140137,0.9437096542220714,0.35,0.0,0.0,0.2443801517598331,0.06754384808242321,3.1797893855720756,0.21964385755360127,0.22120154879690973,0.0,5.020357612986118,6.691643536090851,0.15157757523955986,0.596509782347676,8.674922277846552,3.6892586393100175,2.8856000910528508,0.4409285975954916,0.08762202708971815,0.15754982950513916,0.0332922841660784,0.07251385124770027,-0.04694475775161453,-0.017246897243982363,0.2292048751477104,0.032468855370964715,0.8645833333333334,0.004942921039296666,0.013542827386381415,0.6735057251517299,0.04566224212017854,0.0808104129208113,0.06078281237332821,0.0029954427175996183,0.01990900410720268,0.012528399884627527,0.003946260918983418,0.006723468461549309,0.0031651287084714093,0.01536377171288382,0.0035340275460888203,0.029866727929220297,2.0816681711721685e-17,0.0001240079365079365,0.000248015873015873,4.509976184699213,1063.7263632679746
450007,3,10,M4,3,True,0.0,0.9844764295140137,0.9437096542220714,0.35,0.0,0.0,0.2443801517598331,0.06754384808242321,3.1797893855720756,0.21964385755360127,0.22120154879690973,0.0,5.020357612986118,6.691643536090851,0.15157757523955986,0.596509782347676,8.674922277846552,3.6892586393100175,2.8856000910528508,0.4409285975954916,0.08762202708971815,0.15754982950513916,0.0332922841660784,0.07251385124770027,-0.04694475775161453,-0.017246897243982363,0.2292048751477104,0.032468855370964715,0.8645833333333334,0.004942921039296666,0.013542827386381415,0.6735057251517299,0.04566224212017854,0.0808104129208113,0.06078281237332821,0.0029954427175996183,0.01990900410720268,0.012528399884627527,0.003946260918983418,0.006723468461549309,0.0031651287084714093,0.01536377171288382,0.0035340275460888203,0.029866727929220297,2.0816681711721685e-17,0.0001240079365079365,0.000248015873015873,4.509976184699213,1063.7263632679746
450007,3,11,M2,0,True,0.0,0.9844764295140137,0.9437096542220714,0.35,0.0,0.0,0.28308231513947246,0.08182962188962847,2.945610111951828,0.22273273594677448,0.0,0.0,5.752427791710943,8.503426149487495,0.14717101688341624,0.6071431104118105,10.075948892379456,3.8099000663407305,2.693938884643823,0.36508578953476717,0.07109494109523742,0.14918595170627627,0.02946125796723532,0.06817694737747759,-0.053625609097763725,-0.024069945752576486,0.19425986212360935,0.028827269096126134,0.8624999999999999,0.004963632801206599,0.012927042485022818,0.7959656981873806,0.04062888173226803,0.05737644269694681,0.038196676678393174,0.002414598227141477,0.017759818076852965,0.011270806307364122,0.0033697143456689663,0.005572400502582887,0.0035463094468594593,0.01401815745314607,0.003175358428983233,0.02628060672539872,2.0816681711721685e-17,5.511463844797178e-05,0.00011022927689594356,5.0001832026369115,4316.134682208806
450007,3,11,M3,1,True,0.0,0.9844764295140137,0.9437096542220714,0.35,0.0,0.0,0.28308231513947246,0.08182962188962847,2.945610111951828,0.22273273594677448,0.0,0.0,5.752427791710943,8.503426149487495,0.14717101688341624,0.6071431104118105,10.075948892379456,3.8099000663407305,2.693938884643823,0.36508578953476717,0.07109494109523742,0.14918595170627627,0.02946125796723532,0.06817694737747759,-0.053625609097763725,-0.024069945752576486,0.19425986212360935,0.028827269096126134,0.8624999999999999,0.004963632801206599,0.012927042485022818,0.7959656981873806,0.04062888173226803,0.05737644269694681,0.038196676678393174,0.002414598227141477,0.017759818076852965,0.011270806307364122,0.0033697143456689663,0.005572400502582887,0.0035463094468594593,0.01401815745314607,0.003175358428983233,0.02628060672539872,2.0816681711721685e-17,5.511463844797178e-05,0.00011022927689594356,5.0001832026369115,4316.134682208806
450007,3,11,M2+O,2,True,0.0,0.9844764295140137,0.9437096542220714,0.35,0.0,0.0,0.28308231513947246,0.08182962188962847,2.945610111951828,0.22273273594677448,0.024611350639674,0.0,5.752427791710943,8.503426149487495,0.14723045072008048,0.606733376369539,10.002129335548576,3.7860324383190744,2.7214110516499446,0.3803288787850845,0.0713356605960135,0.1496295394367407,0.02914309014207031,0.06843520686682024,-0.05312055923895404,-0.023609657838254538,0.19451624714593363,0.028894075853112905,0.86875,0.004985589618652233,0.013102038811957305,0.7858624139771364,0.04107097498177548,0.060349203578081774,0.044941207955720285,0.002456790355878416,0.01786262592381891,0.011263429172018065,0.003392225091929816,0.0056237894851618835,0.003483521886426352,0.014169975340020288,0.0032102535966910756,0.026548509742831468,2.0816681711721685e-17,5.511463844797178e-05,0.00011022927689594356,4.967484036989773,4304.981239141625
450007,3,11,M4,3,True,0.0,0.9844764295140137,0.9437096542220714,0.35,0.0,0.0,0.28308231513947246,0.08182962188962847,2.945610111951828,0.22273273594677448,0.024611350639674,0.0,5.752427791710943,8.503426149487495,0.14723045072008048,0.606733376369539,10.002129335548576,3.7860324383190744,2.7214110516499446,0.3803288787850845,0.0713356605960135,0.1496295394367407,0.02914309014207031,0.06843520686682024,-0.05312055923895404,-0.023609657838254538,0.19451624714593363,0.028894075853112905,0.86875,0.004985589618652233,0.013102038811957305,0.7858624139771364,0.04107097498177548,0.060349203578081774,0.044941207955720285,0.002456790355878416,0.01786262592381891,0.011263429172018065,0.003392225091929816,0.0056237894851618835,0.003483521886426352,0.014169975340020288,0.0032102535966910756,0.026548509742831468,2.0816681711721685e-17,5.511463844797178e-05,0.00011022927689594356,4.967484036989773,4304.981239141625
450007,3,12,M2,0,True,0.0,0.9844764295140137,0.9437096542220714,0.35,0.0,0.0,0.29935491690412164,0.07051171878352762,2.7982757639139892,0.23080004900693893,0.0,0.0,6.378210476133972,6.27442592382431,0.15212445336727376,0.6012500203684903,8.975637917179743,3.7093114578233792,2.8330241160070706,0.4286567650822691,0.08811731373499783,0.1694563385994655,0.04616882877823792,0.06865797641037015,-0.05033752224746204,-0.020312947501253384,0.23539551124492672,0.030873490363182866,0.8666666666666667,0.005441506896535553,0.014192264192557024,0.7469350772722632,0.04284907891985799,0.06475736710093202,0.052605946318180115,0.0027196421486354394,0.017776807210192265,0.011020291860520552,0.0036614105287127727,0.00711377007789803,0.003753667297174332,0.01635657720068041,0.0034860276484769514,0.027031025295064477,2.0816681711721685e-17,1.3778659611992945e-05,1.3778659611992945e-05,3.8270762189066168,14489.046290549477
450007,3,12,M3,1,True,0.0,0.9844764295140137,0.9437096542220714,0.35,0.0,0.0,0.29935491690412164,0.07051171878352762,2.7982757639139892,0.23080004900693893,0.0,0.0,6.378210476133972,6.27442592382431,0.15212445336727376,0.6012500203684903,8.975637917179743,3.7093114578233792,2.8330241160070706,0.4286567650822691,0.08811731373499783,0.1694563385994655,0.04616882877823792,0.06865797641037015,-0.05033752224746204,-0.020312947501253384,0.23539551124492672,0.030873490363182866,0.8666666666666667,0.005441506896535553,0.014192264192557024,0.7469350772722632,0.04284907891985799,0.06475736710093202,0.052605946318180115,0.0027196421486354394,0.017776807210192265,0.011020291860520552,0.0036614105287127727,0.00711377007789803,0.003753667297174332,0.01635657720068041,0.0034860276484769514,0.027031025295064477,2.0816681711721685e-17,1.3778659611992945e-05,1.3778659611992945e-05,3.8270762189066168,14489.046290549477
450007,3,12,M2+O,2,True,0.0,0.9844764295140137,0.9437096542220714,0.35,0.0,0.0,0.29935491690412164,0.07051171878352762,2.7982757639139892,0.23080004900693893,0.032109614985167255,0.0,6.378210476133972,6.27442592382431,0.1521890937839843,0.6015829179137554,8.878763485144521,3.7058582109430147,2.8342649713619488,0.42000150637795897,0.08851616483549812,0.16975049869831257,0.045773472846225995,0.06920411434444541,-0.04957530581844068,-0.019725108953963424,0.2360139383545193,0.03098267119323517,0.8708333333333332,0.005467967449033592,0.013973708116763522,0.7328025001583495,0.04432198707765079,0.06210587465708837,0.04721668362213182,0.002782157969141166,0.017920922638604644,0.011136186869106678,0.003690154851033988,0.007171078767295982,0.003667084359260572,0.01658553526199707,0.0035245154731973743,0.028379650973399596,2.0816681711721685e-17,1.3778659611992945e-05,1.3778659611992945e-05,3.80315420665554,14494.585217069724
450007,3,12,M4,3,True,0.0,0.9844764295140137,0.9437096542220714,0.35,0.0,0.0,0.29935491690412164,0.07051171878352762,2.7982757639139892,0.23080004900693893,0.032109614985167255,0.0,6.378210476133972,6.27442592382431,0.1521890937839843,0.6015829179137554,8.878763485144521,3.7058582109430147,2.8342649713619488,0.42000150637795897,0.08851616483549812,0.16975049869831257,0.045773472846225995,0.06920411434444541,-0.04957530581844068,-0.019725108953963424,0.2360139383545193,0.03098267119323517,0.8708333333333332,0.005467967449033592,0.013973708116763522,0.7328025001583495,0.04432198707765079,0.06210587465708837,0.04721668362213182,0.002782157969141166,0.017920922638604644,0.011136186869106678,0.003690154851033988,0.007171078767295982,0.003667084359260572,0.01658553526199707,0.0035245154731973743,0.028379650973399596,2.0816681711721685e-17,1.3778659611992945e-05,1.3778659611992945e-05,3.80315420665554,14494.585217069724
450007,3,13,M2,0,False,0.007835971813571223,0.9844764295140137,0.9437096542220714,0.35,0.0,0.0,0.2357255432754755,0.0843245640071109,3.0317934952676295,0.20654045909643173,0.0,0.0,5.610234498512,8.927487328648567,0.14809118773516414,0.6055984861318434,9.977584675139019,3.77147699378443,2.7482660803315455,0.39737371594218857,0.062033107777186465,0.14298296517772327,0.023894772248467422,0.06629395694038474,-0.055394333847499776,-0.027675301696032117,0.16250773293928852,0.02358518844942753,0.8395833333333335,0.004276342809377257,0.011754010656010531,0.7786544419515501,0.042494042149824246,0.06239306148940373,0.04508002624477384,0.0022544810643374785,0.017799518359250643,0.011434427850709061,0.0031027454048524646,0.0047739686396887065,0.0033744497951510815,0.011769746508048039,0.002706406202752912,0.02623389199817634,2.0816681711721685e-17,8.267195767195767e-05,0.00013778659611992945,5.366476092710187,3320.841479698906
450007,3,13,M3,1,False,0.007835971813571223,0.9844764295140137,0.9437096542220714,0.35,0.0,0.0,0.2357255432754755,0.0843245640071109,3.0317934952676295,0.20654045909643173,0.0,0.0,5.610234498512,8.927487328648567,0.14809118773516414,0.6055984861318434,9.977584675139019,3.77147699378443,2.7482660803315455,0.39737371594218857,0.062033107777186465,0.14298296517772327,0.023894772248467422,0.06629395694038474,-0.055394333847499776,-0.027675301696032117,0.16250773293928852,0.02358518844942753,0.8395833333333335,0.004276342809377257,0.011754010656010531,0.7786544419515501,0.042494042149824246,0.06239306148940373,0.04508002624477384,0.0022544810643374785,0.017799518359250643,0.011434427850709061,0.0031027454048524646,0.0047739686396887065,0.0033744497951510815,0.011769746508048039,0.002706406202752912,0.02623389199817634,2.0816681711721685e-17,8.267195767195767e-05,0.00013778659611992945,5.366476092710187,3320.841479698906
450007,3,13,M2+O,2,False,0.0017526925013701391,0.9844764295140137,0.9437096542220714,0.35,0.0,0.0,0.2357255432754755,0.0843245640071109,3.0317934952676295,0.20654045909643173,0.14585900465534243,0.0,5.610234498512,8.927487328648567,0.14772487446590946,0.602861828364273,9.67806429186409,3.789373495407593,2.7620930903073684,0.36926786706606657,0.06623213465459578,0.14279393441147184,0.02064507234473446,0.06807491977061757,-0.05161383070984201,-0.023572526510969225,0.17588748147700603,0.02683166252429545,0.8520833333333334,0.004480336659226264,0.011949931784417814,0.7297272027082162,0.037857112252835855,0.06085823644443376,0.04293450866413716,0.0025065921442738535,0.01849549849848301,0.011830235310978977,0.003438980003812094,0.005121553949229896,0.0030882844125078228,0.012743407216822763,0.0029931843404346343,0.02766242655652553,2.0816681711721685e-17,8.267195767195767e-05,0.00013778659611992945,5.202605010454533,3271.2394116021683
450007,3,13,M4,3,False,0.0017526925013701391,0.9844764295140137,0.9437096542220714,0.35,0.0,0.0,0.2357255432754755,0.0843245640071109,3.0317934952676295,0.20654045909643173,0.14585900465534243,0.0,5.610234498512,8.927487328648567,0.14772487446590946,0.602861828364273,9.67806429186409,3.789373495407593,2.7620930903073684,0.36926786706606657,0.06623213465459578,0.14279393441147184,0.02064507234473446,0.06807491977061757,-0.05161383070984201,-0.023572526510969225,0.17588748147700603,0.02683166252429545,0.8520833333333334,0.004480336659226264,0.011949931784417814,0.7297272027082162,0.037857112252835855,0.06085823644443376,0.04293450866413716,0.0025065921442738535,0.01849549849848301,0.011830235310978977,0.003438980003812094,0.005121553949229896,0.0030882844125078228,0.012743407216822763,0.0029931843404346343,0.02766242655652553,2.0816681711721685e-17,8.267195767195767e-05,0.00013778659611992945,5.202605010454533,3271.2394116021683
450007,3,14,M2,0,True,0.0,0.9844764295140137,0.9437096542220714,0.35,0.0,0.0,0.20833341283723714,0.062489898935891686,2.92039684318006,0.25279291801154613,0.0,0.0,5.331442344933748,7.0982246696949005,0.15344329124438152,0.6142454197840804,9.293002153537659,3.7238322678879476,2.8147311134199513,0.4296578270963147,0.09347160546043755,0.1902408815827993,0.05651648751156232,0.07049947812577136,-0.047625703847645584,-0.020490010203702586,0.19726378019458135,0.023377133403141362,0.8041666666666667,0.004093571519807751,0.014783651605653671,0.7700750109467485,0.043953602292162365,0.06593497141775381,0.053688532917429345,0.002866872533795541,0.01818159536394504,0.011599434544033362,0.00402530329136863,0.00817397381145676,0.003695223628537044,0.013074439730461474,0.0027368776129964552,0.02604981756498656,2.0816681711721685e-17,5.511463844797178e-05,0.0001515652557319224,3.580629154904967,1826.8591314851858
450007,3,14,M3,1,True,0.0,0.9844764295140137,0.9437096542220714,0.35,0.0,0.0,0.20833341283723714,0.062489898935891686,2.92039684318006,0.25279291801154613,0.0,0.0,5.331442344933748,7.0982246696949005,0.15344329124438152,0.6142454197840804,9.293002153537659,3.7238322678879476,2.8147311134199513,0.4296578270963147,0.09347160546043755,0.1902408815827993,0.05651648751156232,0.07049947812577136,-0.047625703847645584,-0.020490010203702586,0.19726378019458135,0.023377133403141362,0.8041666666666667,0.004093571519807751,0.014783651605653671,0.7700750109467485,0.043953602292162365,0.06593497141775381,0.053688532917429345,0.002866872533795541,0.01818159536394504,0.011599434544033362,0.00402530329136863,0.00817397381145676,0.003695223628537044,0.013074439730461474,0.0027368776129964552,0.02604981756498656,2.0816681711721685e-17,5.511463844797178e-05,0.0001515652557319224,3.580629154904967,1826.8591314851858
450007,3,14,M2+O,2,True,0.0,0.9844764295140137,0.9437096542220714,0.35,0.0,0.0,0.20833341283723714,0.062489898935891686,2.92039684318006,0.25279291801154613,0.09017833367092232,0.0,5.331442344933748,7.0982246696949005,0.1534353649082526,0.6124763752680358,9.044485473253989,3.7045816221253425,2.794503798642568,0.38895032740567576,0.09562644983545909,0.1900085779387115,0.0545360940975092,0.07227365444043081,-0.04518253685850424,-0.01841797946636231,0.20276184969977396,0.024393237583566246,0.8354166666666667,0.004201116275145477,0.015304211066641751,0.7316186786611636,0.06070530884504884,0.06539673367512315,0.05071645107772145,0.0030408769383972662,0.018661646773302294,0.012194618301888243,0.0041559676924456754,0.008167198666806746,0.0034154987081033527,0.01371518569893144,0.002893386059857784,0.027987957857338475,2.0816681711721685e-17,5.511463844797178e-05,0.0001515652557319224,3.5380646904630892,1834.982397693224
450007,3,14,M4,3,True,0.0,0.9844764295140137,0.9437096542220714,0.35,0.0,0.0,0.20833341283723714,0.062489898935891686,2.92039684318006,0.25279291801154613,0.09017833367092232,0.0,5.331442344933748,7.0982246696949005,0.1534353649082526,0.6124763752680358,9.044485473253989,3.7045816221253425,2.794503798642568,0.38895032740567576,0.09562644983545909,0.1900085779387115,0.0545360940975092,0.07227365444043081,-0.04518253685850424,-0.01841797946636231,0.20276184969977396,0.024393237583566246,0.8354166666666667,0.004201116275145477,0.015304211066641751,0.7316186786611636,0.06070530884504884,0.06539673367512315,0.05071645107772145,0.0030408769383972662,0.018661646773302294,0.012194618301888243,0.0041559676924456754,0.008167198666806746,0.0034154987081033527,0.01371518569893144,0.002893386059857784,0.027987957857338475,2.0816681711721685e-17,5.511463844797178e-05,0.0001515652557319224,3.5380646904630892,1834.982397693224
450007,3,15,M2,0,False,0.0027415207998156086,0.9844764295140137,0.9437096542220714,0.35,0.0,0.0,0.26893506180495025,0.07365114953368902,3.2870344676077363,0.18954758934676647,0.0,0.0,6.0987141309306026,8.098484382033348,0.15231173005292387,0.5908525463414313,8.75484608693211,3.687878452546442,2.818282022448752,0.3957676994250179,0.06528764194075765,0.14187247784379953,0.028054264019861053,0.06603331815642197,-0.056570311942722905,-0.027350575077652955,0.19115580162949608,0.025834549373975373,0.8624999999999999,0.004923451245716135,0.012730110671739448,0.7020757484335542,0.04033381661653473,0.0658154976258515,0.048718011609081006,0.0022977982791454604,0.017281618100348967,0.011376663185912093,0.0029387820615512017,0.00477128702228595,0.0035218140304835843,0.013934154975036967,0.0030191067441953873,0.026792614708134602,2.0816681711721685e-17,1.3778659611992945e-05,1.3778659611992945e-05,5.563793964135183,8341.347652964198
450007,3,15,M3,1,False,0.0027415207998156086,0.9844764295140137,0.9437096542220714,0.35,0.0,0.0,0.26893506180495025,0.07365114953368902,3.2870344676077363,0.18954758934676647,0.0,0.0,6.0987141309306026,8.098484382033348,0.15231173005292387,0.5908525463414313,8.75484608693211,3.687878452546442,2.818282022448752,0.3957676994250179,0.06528764194075765,0.14187247784379953,0.028054264019861053,0.06603331815642197,-0.056570311942722905,-0.027350575077652955,0.19115580162949608,0.025834549373975373,0.8624999999999999,0.004923451245716135,0.012730110671739448,0.7020757484335542,0.04033381661653473,0.0658154976258515,0.048718011609081006,0.0022977982791454604,0.017281618100348967,0.011376663185912093,0.0029387820615512017,0.00477128702228595,0.0035218140304835843,0.013934154975036967,0.0030191067441953873,0.026792614708134602,2.0816681711721685e-17,1.3778659611992945e-05,1.3778659611992945e-05,5.563793964135183,8341.347652964198
450007,3,15,M2+O,2,False,0.001455345456033355,0.9844764295140137,0.9437096542220714,0.35,0.0,0.0,0.26893506180495025,0.07365114953368902,3.2870344676077363,0.18954758934676647,0.06948194053920671,0.0,6.0987141309306026,8.098484382033348,0.15232728927200279,0.5904965583992575,8.588787657566046,3.6739921929123605,2.8464043494538367,0.3837927016272416,0.06656659087875183,0.14289633964421103,0.027211157704274142,0.06671204325523385,-0.054999696992977846,-0.025693074237140918,0.1942564937035904,0.02671386951048882,0.8604166666666666,0.004996068881326841,0.012870652969169578,0.6819028783706708,0.040296249481530426,0.06884558671872575,0.050435532918604184,0.002415556479105561,0.017655784120996828,0.011531867302860634,0.0030041560530239637,0.004926640900843216,0.003366042802688665,0.014408653897768426,0.0031406619648184334,0.028389623325440348,2.0816681711721685e-17,1.3778659611992945e-05,1.3778659611992945e-05,5.458174613214461,8352.829694479626
450007,3,15,M4,3,False,0.001455345456033355,0.9844764295140137,0.9437096542220714,0.35,0.0,0.0,0.26893506180495025,0.07365114953368902,3.2870344676077363,0.18954758934676647,0.06948194053920671,0.0,6.0987141309306026,8.098484382033348,0.15232728927200279,0.5904965583992575,8.588787657566046,3.6739921929123605,2.8464043494538367,0.3837927016272416,0.06656659087875183,0.14289633964421103,0.027211157704274142,0.06671204325523385,-0.054999696992977846,-0.025693074237140918,0.1942564937035904,0.02671386951048882,0.8604166666666666,0.004996068881326841,0.012870652969169578,0.6819028783706708,0.040296249481530426,0.06884558671872575,0.050435532918604184,0.002415556479105561,0.017655784120996828,0.011531867302860634,0.0030041560530239637,0.004926640900843216,0.003366042802688665,0.014408653897768426,0.0031406619648184334,0.028389623325440348,2.0816681711721685e-17,1.3778659611992945e-05,1.3778659611992945e-05,5.458174613214461,8352.829694479626
450007,3,16,M2,0,True,0.0,0.9844764295140137,0.9437096542220714,0.35,0.0,0.0,0.27431888692080975,0.06181873608380556,2.745128928869963,0.22651283517479898,0.0,0.0,5.591213259845972,8.767512990161777,0.157449639122437,0.5919799710734271,7.901148587449579,3.6224506109787455,2.9352883405892123,0.4407347211614243,0.09746768263153138,0.18529952994972057,0.05898955689252339,0.06885940774842547,-0.04836057019297072,-0.0195869518172487,0.2461201404885681,0.0274475324079158,0.8479166666666668,0.005254264767246444,0.014279780567563584,0.6720503409359783,0.03857237778740585,0.0726816987142795,0.05703242998126429,0.0029007913524248035,0.01790767712859345,0.010966543864384719,0.0036258231553440083,0.007892979130682041,0.00384373518369885,0.016738112846941933,0.0033144299019572587,0.02766242655652553,2.0816681711721685e-17,1.3778659611992945e-05,1.3778659611992945e-05,3.1939864561341094,3027.006308378645
450007,3,16,M3,1,True,0.0,0.9844764295140137,0.9437096542220714,0.35,0.0,0.0,0.27431888692080975,0.06181873608380556,2.745128928869963,0.22651283517479898,0.0,0.0,5.591213259845972,8.767512990161777,0.157449639122437,0.5919799710734271,7.901148587449579,3.6224506109787455,2.9352883405892123,0.4407347211614243,0.09746768263153138,0.18529952994972057,0.05898955689252339,0.06885940774842547,-0.04836057019297072,-0.0195869518172487,0.2461201404885681,0.0274475324079158,0.8479166666666668,0.005254264767246444,0.014279780567563584,0.6720503409359783,0.03857237778740585,0.0726816987142795,0.05703242998126429,0.0029007913524248035,0.01790767712859345,0.010966543864384719,0.0036258231553440083,0.007892979130682041,0.00384373518369885,0.016738112846941933,0.0033144299019572587,0.02766242655652553,2.0816681711721685e-17,1.3778659611992945e-05,1.3778659611992945e-05,3.1939864561341094,3027.006308378645
450007,3,16,M2+O,2,True,0.0,0.9844764295140137,0.9437096542220714,0.35,0.0,0.0,0.27431888692080975,0.06181873608380556,2.745128928869963,0.22651283517479898,0.2121842301297775,0.0,5.591213259845972,8.767512990161777,0.15581658074572138,0.5939482945559198,7.7117478498334435,3.60213952332521,2.9587632954863636,0.43660518815935867,0.10755502072709733,0.1730628461340545,0.049866482615297546,0.07394008608224074,-0.04044930805870584,-0.013345233098817487,0.27632896378246224,0.034610548983177246,0.875,0.005521624128759745,0.013111377654639156,0.591021330578919,0.050099764747948576,0.07927244127722058,0.05806449457258454,0.0032921028384715655,0.01958703869115329,0.012181606957406084,0.0038779762548323176,0.008012511584522078,0.0033476081654535287,0.01803331065231357,0.003957540779874514,0.029641578709741444,2.0816681711721685e-17,1.3778659611992945e-05,1.3778659611992945e-05,3.1817083972338813,3042.612521550775
450007,3,16,M4,3,True,0.0,0.9844764295140137,0.9437096542220714,0.35,0.0,0.0,0.27431888692080975,0.06181873608380556,2.745128928869963,0.22651283517479898,0.2121842301297775,0.0,5.591213259845972,8.767512990161777,0.15581658074572138,0.5939482945559198,7.7117478498334435,3.60213952332521,2.9587632954863636,0.43660518815935867,0.10755502072709733,0.1730628461340545,0.049866482615297546,0.07394008608224074,-0.04044930805870584,-0.013345233098817487,0.27632896378246224,0.034610548983177246,0.875,0.005521624128759745,0.013111377654639156,0.591021330578919,0.050099764747948576,0.07927244127722058,0.05806449457258454,0.0032921028384715655,0.01958703869115329,0.012181606957406084,0.0038779762548323176,0.008012511584522078,0.0033476081654535287,0.01803331065231357,0.003957540779874514,0.029641578709741444,2.0816681711721685e-17,1.3778659611992945e-05,1.3778659611992945e-05,3.1817083972338813,3042.612521550775
450007,3,17,M2,0,False,1.175399573272805e-05,0.9844764295140137,0.9437096542220714,0.35,0.0,0.0,0.2107140221633017,0.07251564121339471,3.1294893007725477,0.21084689751267433,0.0,0.0,6.359143438749015,6.029857037588954,0.152927890438176,0.5973904410232648,8.899511827959516,3.725340381551122,2.8372339880181645,0.3834353524567338,0.06969144309206389,0.16122616219221597,0.036036367754881636,0.06626531100193765,-0.05633705658169067,-0.026748711162083837,0.1698719046275767,0.021078477578358946,0.81875,0.004058689331702993,0.011998007615100231,0.7067766047836608,0.042460238210200486,0.06704040146748631,0.04651959909403472,0.002452910970241431,0.018177435472629493,0.01155718358603475,0.003272644326836066,0.005609091994421966,0.0034755814625952353,0.011926996016757743,0.002606163194720832,0.025857136065450988,2.0816681711721685e-17,1.3778659611992945e-05,1.3778659611992945e-05,4.680441119720407,13960.050555078507
450007,3,17,M3,1,False,1.175399573272805e-05,0.9844764295140137,0.9437096542220714,0.35,0.0,0.0,0.2107140221633017,0.07251564121339471,3.1294893007725477,0.21084689751267433,0.0,0.0,6.359143438749015,6.029857037588954,0.152927890438176,0.5973904410232648,8.899511827959516,3.725340381551122,2.8372339880181645,0.3834353524567338,0.06969144309206389,0.16122616219221597,0.036036367754881636,0.06626531100193765,-0.05633705658169067,-0.026748711162083837,0.1698719046275767,0.021078477578358946,0.81875,0.004058689331702993,0.011998007615100231,0.7067766047836608,0.042460238210200486,0.06704040146748631,0.04651959909403472,0.002452910970241431,0.018177435472629493,0.01155718358603475,0.003272644326836066,0.005609091994421966,0.0034755814625952353,0.011926996016757743,0.002606163194720832,0.025857136065450988,2.0816681711721685e-17,1.3778659611992945e-05,1.3778659611992945e-05,4.680441119720407,13960.050555078507
450007,3,17,M2+O,2,False,6.964141148118668e-07,0.9844764295140137,0.9437096542220714,0.35,0.0,0.0,0.2107140221633017,0.07251564121339471,3.1294893007725477,0.21084689751267433,0.022073353820592844,0.0,6.359143438749015,6.029857037588954,0.15298518337300412,0.596918784699174,8.837626616780808,3.713238768376179,2.8489099869024823,0.38976633212452044,0.06992489371311285,0.16180703738948923,0.035882780474910614,0.06654780904115587,-0.055878908929776955,-0.02631848129258435,0.16997190972191226,0.021138826651627907,0.8208333333333334,0.004081646822701732,0.012239341057333148,0.6988007306699147,0.04391965085915591,0.06791774132765109,0.04579714024407531,0.0024909644784457618,0.018275624631876763,0.01159465073188935,0.0032996968152901123,0.0056439626702678315,0.003407969480754595,0.012056205700346692,0.0026369515336115224,0.02639524459439745,2.0816681711721685e-17,1.3778659611992945e-05,1.3778659611992945e-05,4.651141049612087,13963.990842550336
450007,3,17,M4,3,False,6.964141148118668e-07,0.9844764295140137,0.9437096542220714,0.35,0.0,0.0,0.2107140221633017,0.07251564121339471,3.1294893007725477,0.21084689751267433,0.022073353820592844,0.0,6.359143438749015,6.029857037588954,0.15298518337300412,0.596918784699174,8.837626616780808,3.713238768376179,2.8489099869024823,0.38976633212452044,0.06992489371311285,0.16180703738948923,0.035882780474910614,0.06654780904115587,-0.055878908929776955,-0.02631848129258435,0.16997190972191226,0.021138826651627907,0.8208333333333334,0.004081646822701732,0.012239341057333148,0.6988007306699147,0.04391965085915591,0.06791774132765109,0.04579714024407531,0.0024909644784457618,0.018275624631876763,0.01159465073188935,0.0032996968152901123,0.0056439626702678315,0.003407969480754595,0.012056205700346692,0.0026369515336115224,0.02639524459439745,2.0816681711721685e-17,1.3778659611992945e-05,1.3778659611992945e-05,4.651141049612087,13963.990842550336
450007,3,18,M2,0,True,0.0,0.9844764295140137,0.9437096542220714,0.35,0.0,0.0,0.2333221411332488,0.0694007444800809,2.9358963377773764,0.24959932155907155,0.0,0.0,6.073741978500038,7.956517500802875,0.15027282589601057,0.6133353380215434,9.77625731508675,3.772869853029842,2.794568426760034,0.43968996891415396,0.08563277487454161,0.17688368529171097,0.046258960575294605,0.0700131078411146,-0.050059450944353025,-0.021465134988516012,0.19458251315741992,0.025495255081570023,0.8375,0.004366592593230271,0.013691809071321226,0.7865925674262896,0.04657867982533153,0.06452612627693483,0.05506854777705608,0.0027164660776195036,0.018036598772766196,0.011488841068904168,0.00384595787879847,0.007433315014616177,0.0036394577337189736,0.013301484988849258,0.002885491762968545,0.026452377225299906,2.0816681711721685e-17,1.3778659611992945e-05,2.755731922398589e-05,4.071679008947102,7923.995183672304
450007,3,18,M3,1,True,0.0,0.9844764295140137,0.9437096542220714,0.35,0.0,0.0,0.2333221411332488,0.0694007444800809,2.9358963377773764,0.24959932155907155,0.0,0.0,6.073741978500038,7.956517500802875,0.15027282589601057,0.6133353380215434,9.77625731508675,3.772869853029842,2.794568426760034,0.43968996891415396,0.08563277487454161,0.17688368529171097,0.046258960575294605,0.0700131078411146,-0.050059450944353025,-0.021465134988516012,0.19458251315741992,0.025495255081570023,0.8375,0.004366592593230271,0.013691809071321226,0.7865925674262896,0.04657867982533153,0.06452612627693483,0.05506854777705608,0.0027164660776195036,0.018036598772766196,0.011488841068904168,0.00384595787879847,0.007433315014616177,0.0036394577337189736,0.013301484988849258,0.002885491762968545,0.026452377225299906,2.0816681711721685e-17,1.3778659611992945e-05,2.755731922398589e-05,4.071679008947102,7923.995183672304
450007,3,18,M2+O,2,True,0.0,0.9844764295140137,0.9437096542220714,0.35,0.0,0.0,0.2333221411332488,0.0694007444800809,2.9358963377773764,0.24959932155907155,0.04776055824152218,0.0,6.073741978500038,7.956517500802875,0.1503603489323507,0.6118772144846213,9.635583164753646,3.7398941280698104,2.7744599663386857,0.40971866308554244,0.08637087305098601,0.17742601419340084,0.04595121585161847,0.07088552700910818,-0.04892729485820755,-0.0205141670424738,0.1958373724949202,0.02570394851130739,0.8395833333333335,0.004414236016572295,0.01362386757011989,0.7669657848194245,0.0447142654974239,0.06412470456048487,0.04811420571198929,0.002807170247308871,0.01826676446740855,0.01172713358989537,0.003965511993509725,0.007476728222184862,0.0034954092874214045,0.013618110764582652,0.0029504685527918296,0.02535600982606524,2.0816681711721685e-17,1.3778659611992945e-05,2.755731922398589e-05,4.035790656289167,7930.063628164665
450007,3,18,M4,3,True,0.0,0.9844764295140137,0.9437096542220714,0.35,0.0,0.0,0.2333221411332488,0.0694007444800809,2.9358963377773764,0.24959932155907155,0.04776055824152218,0.0,6.073741978500038,7.956517500802875,0.1503603489323507,0.6118772144846213,9.635583164753646,3.7398941280698104,2.7744599663386857,0.40971866308554244,0.08637087305098601,0.17742601419340084,0.04595121585161847,0.07088552700910818,-0.04892729485820755,-0.0205141670424738,0.1958373724949202,0.02570394851130739,0.8395833333333335,0.004414236016572295,0.01362386757011989,0.7669657848194245,0.0447142654974239,0.06412470456048487,0.04811420571198929,0.002807170247308871,0.01826676446740855,0.01172713358989537,0.003965511993509725,0.007476728222184862,0.0034954092874214045,0.013618110764582652,0.0029504685527918296,0.02535600982606524,2.0816681711721685e-17,1.3778659611992945e-05,2.755731922398589e-05,4.035790656289167,7930.063628164665
450007,3,19,M2,0,False,0.008933565803422085,0.9844764295140137,0.9437096542220714,0.35,0.0,0.0,0.29389928011223676,0.0837265725620091,3.151984858140349,0.19276041217148304,0.0,0.0,5.306607499253005,6.847492961212993,0.1475293420742734,0.6028473561443392,9.955764029541745,3.7650182813338255,2.729624112652369,0.38012945763380884,0.06149342119252876,0.12943878290108876,0.020438820321965173,0.06677586427025317,-0.054729208353536236,-0.027043150239637367,0.18731304285080078,0.02874344647673772,0.8833333333333333,0.005111750834565999,0.012904510343397398,0.8020251263297604,0.04534115620208551,0.061499598392122705,0.043907400387235514,0.002196818220075884,0.016771666023819763,0.011284407329385852,0.0030274128375389923,0.004448526219192262,0.00346084038986817,0.013845677755431612,0.003139303917857505,0.024757275805589143,2.0816681711721685e-17,0.00016534391534391533,0.0002204585537918871,6.124587794229559,1994.352740484098
450007,3,19,M3,1,False,0.008933565803422085,0.9844764295140137,0.9437096542220714,0.35,0.0,0.0,0.29389928011223676,0.0837265725620091,3.151984858140349,0.19276041217148304,0.0,0.0,5.306607499253005,6.847492961212993,0.1475293420742734,0.6028473561443392,9.955764029541745,3.7650182813338255,2.729624112652369,0.38012945763380884,0.06149342119252876,0.12943878290108876,0.020438820321965173,0.06677586427025317,-0.054729208353536236,-0.027043150239637367,0.18731304285080078,0.02874344647673772,0.8833333333333333,0.005111750834565999,0.012904510343397398,0.8020251263297604,0.04534115620208551,0.061499598392122705,0.043907400387235514,0.002196818220075884,0.016771666023819763,0.011284407329385852,0.0030274128375389923,0.004448526219192262,0.00346084038986817,0.013845677755431612,0.003139303917857505,0.024757275805589143,2.0816681711721685e-17,0.00016534391534391533,0.0002204585537918871,6.124587794229559,1994.352740484098
450007,3,19,M2+O,2,False,0.0032684316090178752,0.9844764295140137,0.9437096542220714,0.35,0.0,0.0,0.29389928011223676,0.0837265725620091,3.151984858140349,0.19276041217148304,0.13119263357491437,0.0,5.306607499253005,6.847492961212993,0.14725414666241693,0.6000974968948025,9.692467148859006,3.7602341165397832,2.7639166714434253,0.3633821452277592,0.06485468212517004,0.1296020204986997,0.01825923706194975,0.06761977763311114,-0.051549794513173354,-0.023455997093617634,0.1973961962264927,0.03143490056537123,0.8729166666666668,0.005258630381783866,0.013304819695311153,0.7627602512122921,0.03924792380694615,0.06101469557194798,0.041641344593218194,0.0024139672582324237,0.017429768251270305,0.011509668211300707,0.0032725796051354676,0.004788336175159078,0.0032543667621885075,0.014728781001297552,0.003382338281940649,0.027083333333333334,2.0816681711721685e-17,0.00016534391534391533,0.0002204585537918871,5.935192412802794,1962.7022619131137
450007,3,19,M4,3,False,0.0032684316090178752,0.9844764295140137,0.9437096542220714,0.35,0.0,0.0,0.29389928011223676,0.0837265725620091,3.151984858140349,0.19276041217148304,0.13119263357491437,0.0,5.306607499253005,6.847492961212993,0.14725414666241693,0.6000974968948025,9.692467148859006,3.7602341165397832,2.7639166714434253,0.3633821452277592,0.06485468212517004,0.1296020204986997,0.01825923706194975,0.06761977763311114,-0.051549794513173354,-0.023455997093617634,0.1973961962264927,0.03143490056537123,0.8729166666666668,0.005258630381783866,0.013304819695311153,0.7627602512122921,0.03924792380694615,0.06101469557194798,0.041641344593218194,0.0024139672582324237,0.017429768251270305,0.011509668211300707,0.0032725796051354676,0.004788336175159078,0.0032543667621885075,0.014728781001297552,0.003382338281940649,0.027083333333333334,2.0816681711721685e-17,0.00016534391534391533,0.0002204585537918871,5.935192412802794,1962.7022619131137
450007,3,20,M2,0,True,0.0,0.9844764295140137,0.9437096542220714,0.35,0.0,0.0,0.2853641238063574,0.066921036564745,3.004666529595852,0.18090405613183974,0.0,0.0,5.5569867682643235,7.624283714219928,0.15895654587799454,0.5719179200638292,7.198137373306636,3.5526119022536715,2.9938716751789136,0.423995942303596,0.07724073600257576,0.1546555562529681,0.041989643960299555,0.06580691540511718,-0.0561121155948916,-0.02478099584661277,0.23680862489634413,0.026875638997836127,0.875,0.005456431036032945,0.014606378327887543,0.6272024337302954,0.03851001447010352,0.07452477785829617,0.05689625609324866,0.002524149826775209,0.017242946171910148,0.01124138394922035,0.002997557272310433,0.0055867664162264075,0.0037390405134545557,0.016605477589973407,0.0032705864847718813,0.024635016906245765,2.0816681711721685e-17,1.3778659611992945e-05,1.3778659611992945e-05,3.8751736732726907,2833.161032162143
450007,3,20,M3,1,True,0.0,0.9844764295140137,0.9437096542220714,0.35,0.0,0.0,0.2853641238063574,0.066921036564745,3.004666529595852,0.18090405613183974,0.0,0.0,5.5569867682643235,7.624283714219928,0.15895654587799454,0.5719179200638292,7.198137373306636,3.5526119022536715,2.9938716751789136,0.423995942303596,0.07724073600257576,0.1546555562529681,0.041989643960299555,0.06580691540511718,-0.0561121155948916,-0.02478099584661277,0.23680862489634413,0.026875638997836127,0.875,0.005456431036032945,0.014606378327887543,0.6272024337302954,0.03851001447010352,0.07452477785829617,0.05689625609324866,0.002524149826775209,0.017242946171910148,0.01124138394922035,0.002997557272310433,0.0055867664162264075,0.0037390405134545557,0.016605477589973407,0.0032705864847718813,0.024635016906245765,2.0816681711721685e-17,1.3778659611992945e-05,1.3778659611992945e-05,3.8751736732726907,2833.161032162143
450007,3,20,M2+O,2,True,0.0,0.9844764295140137,0.9437096542220714,0.35,0.0,0.0,0.2853641238063574,0.066921036564745,3.004666529595852,0.18090405613183974,0.07382451393861636,0.0,5.5569867682643235,7.624283714219928,0.15890649202655313,0.5722072279041183,7.0350433878188765,3.5539468079178484,3.00523548825279,0.42860017973783987,0.07893819065688329,0.1550409933061541,0.040596859886083164,0.0663582451681675,-0.054143516171375076,-0.022938842391845484,0.24092762582747596,0.028019167175100505,0.875,0.005527078555698356,0.014602728065832599,0.6036402392538384,0.03878651408736516,0.07219397818354047,0.058340029113000985,0.0026658205259946994,0.017731976924708563,0.011414311298765674,0.003002536607092962,0.00579148228937958,0.0035485227478410392,0.017179903775869424,0.003399957412248968,0.02902397809308411,2.0816681711721685e-17,1.3778659611992945e-05,1.3778659611992945e-05,3.8085150940395547,2838.485093241916
450007,3,20,M4,3,True,0.0,0.9844764295140137,0.9437096542220714,0.35,0.0,0.0,0.2853641238063574,0.066921036564745,3.004666529595852,0.18090405613183974,0.07382451393861636,0.0,5.5569867682643235,7.624283714219928,0.15890649202655313,0.5722072279041183,7.0350433878188765,3.5539468079178484,3.00523548825279,0.42860017973783987,0.07893819065688329,0.1550409933061541,0.040596859886083164,0.0663582451681675,-0.054143516171375076,-0.022938842391845484,0.24092762582747596,0.028019167175100505,0.875,0.005527078555698356,0.014602728065832599,0.6036402392538384,0.03878651408736516,0.07219397818354047,0.058340029113000985,0.0026658205259946994,0.017731976924708563,0.011414311298765674,0.003002536607092962,0.00579148228937958,0.0035485227478410392,0.017179903775869424,0.003399957412248968,0.02902397809308411,2.0816681711721685e-17,1.3778659611992945e-05,1.3778659611992945e-05,3.8085150940395547,2838.485093241916
450007,3,21,M2,0,True,0.0,0.9844764295140137,0.9437096542220714,0.35,0.0,0.0,0.24985972577705978,0.08074341848492622,2.7879210490733386,0.2564136388897896,0.0,0.0,6.2897146246396005,7.174714235588908,0.14541158662096587,0.6186843928677429,10.84111449221412,3.8625558252958867,2.7061533097774895,0.43835378657592616,0.0795263337071791,0.16508659112195923,0.036475862947455355,0.0704681782588184,-0.050011092503327505,-0.021643865517591076,0.18643043800295425,0.02746755225238411,0.8541666666666666,0.004445550270711229,0.013201615891799122,0.8487156490007618,0.04483775431501732,0.06304728421765285,0.0546010560932502,0.002583372714294754,0.017857657240802963,0.01147177923165974,0.0038292648250778175,0.006934647224984757,0.00355253156558216,0.012965671232438851,0.0029514847510940054,0.02443504155999427,2.0816681711721685e-17,1.3778659611992945e-05,4.1335978835978834e-05,4.390233214132167,12201.598103929276
450007,3,21,M3,1,True,0.0,0.9844764295140137,0.9437096542220714,0.35,0.0,0.0,0.24985972577705978,0.08074341848492622,2.7879210490733386,0.2564136388897896,0.0,0.0,6.2897146246396005,7.174714235588908,0.14541158662096587,0.6186843928677429,10.84111449221412,3.8625558252958867,2.7061533097774895,0.43835378657592616,0.0795263337071791,0.16508659112195923,0.036475862947455355,0.0704681782588184,-0.050011092503327505,-0.021643865517591076,0.18643043800295425,0.02746755225238411,0.8541666666666666,0.004445550270711229,0.013201615891799122,0.8487156490007618,0.04483775431501732,0.06304728421765285,0.0546010560932502,0.002583372714294754,0.017857657240802963,0.01147177923165974,0.0038292648250778175,0.006934647224984757,0.00355253156558216,0.012965671232438851,0.0029514847510940054,0.02443504155999427,2.0816681711721685e-17,1.3778659611992945e-05,4.1335978835978834e-05,4.390233214132167,12201.598103929276
450007,3,21,M2+O,2,True,0.0,0.9844764295140137,0.9437096542220714,0.35,0.0,0.0,0.24985972577705978,0.08074341848492622,2.7879210490733386,0.2564136388897896,0.05298770697682681,0.0,6.2897146246396005,7.174714235588908,0.1455048195677544,0.6179423117531533,10.689287553982012,3.841481385894386,2.708733810671742,0.4295078797849512,0.08030617376233005,0.1656914034136153,0.03613525407395767,0.07142255218624965,-0.048821465697359345,-0.02061105820451223,0.18786875420965954,0.027713833098526527,0.85,0.004498176785712059,0.013095953183796217,0.8265057382761737,0.04383289612269047,0.0650774071200563,0.05324558371046443,0.002680975159369369,0.018085808799157162,0.01159232878407298,0.003979463655048011,0.007001660640235818,0.00341161421388215,0.013293088621573001,0.0030282851045537935,0.026237488391640102,2.0816681711721685e-17,1.3778659611992945e-05,4.1335978835978834e-05,4.346601118677072,12212.390028294767
450007,3,21,M4,3,True,0.0,0.9844764295140137,0.9437096542220714,0.35,0.0,0.0,0.24985972577705978,0.08074341848492622,2.7879210490733386,0.2564136388897896,0.05298770697682681,0.0,6.2897146246396005,7.174714235588908,0.1455048195677544,0.6179423117531533,10.689287553982012,3.841481385894386,2.708733810671742,0.4295078797849512,0.08030617376233005,0.1656914034136153,0.03613525407395767,0.07142255218624965,-0.048821465697359345,-0.02061105820451223,0.18786875420965954,0.027713833098526527,0.85,0.004498176785712059,0.013095953183796217,0.8265057382761737,0.04383289612269047,0.0650774071200563,0.05324558371046443,0.002680975159369369,0.018085808799157162,0.01159232878407298,0.003979463655048011,0.007001660640235818,0.00341161421388215,0.013293088621573001,0.0030282851045537935,0.026237488391640102,2.0816681711721685e-17,1.3778659611992945e-05,4.1335978835978834e-05,4.346601118677072,12212.390028294767
450007,3,22,M2,0,True,0.0,0.9844764295140137,0.9437096542220714,0.35,0.0,0.0,0.21934264209121468,0.06507959863170981,3.2768081992864606,0.20266117803752423,0.0,0.0,5.824183402583003,8.253249479457736,0.15637218735796476,0.5885379834323805,8.060279686940458,3.6491597533250655,2.9114763563044135,0.3878362882866164,0.07333799224920433,0.16636123439511222,0.041682466368865294,0.06573174548661094,-0.05702141441296105,-0.026514224557083344,0.18496492119142802,0.02095575435226335,0.81875,0.004287420697707412,0.012603064627019238,0.6614138083555303,0.03987460441176786,0.06913319810922351,0.048747848313482174,0.0025319718152232305,0.018200694395214757,0.011509255344588932,0.003222846816093208,0.005775411789521662,0.0035639649720421857,0.013007233337074639,0.002700161459778014,0.02671855798091862,2.0816681711721685e-17,1.3778659611992945e-05,1.3778659611992945e-05,4.5501189247560125,4821.547572728296
450007,3,22,M3,1,True,0.0,0.9844764295140137,0.9437096542220714,0.35,0.0,0.0,0.21934264209121468,0.06507959863170981,3.2768081992864606,0.20266117803752423,0.0,0.0,5.824183402583003,8.253249479457736,0.15637218735796476,0.5885379834323805,8.060279686940458,3.6491597533250655,2.9114763563044135,0.3878362882866164,0.07333799224920433,0.16636123439511222,0.041682466368865294,0.06573174548661094,-0.05702141441296105,-0.026514224557083344,0.18496492119142802,0.02095575435226335,0.81875,0.004287420697707412,0.012603064627019238,0.6614138083555303,0.03987460441176786,0.06913319810922351,0.048747848313482174,0.0025319718152232305,0.018200694395214757,0.011509255344588932,0.003222846816093208,0.005775411789521662,0.0035639649720421857,0.013007233337074639,0.002700161459778014,0.02671855798091862,2.0816681711721685e-17,1.3778659611992945e-05,1.3778659611992945e-05,4.5501189247560125,4821.547572728296
450007,3,22,M2+O,2,True,0.0,0.9844764295140137,0.9437096542220714,0.35,0.0,0.0,0.21934264209121468,0.06507959863170981,3.2768081992864606,0.20266117803752423,0.033084380497587614,0.0,5.824183402583003,8.253249479457736,0.15643643078252717,0.5877925269130211,7.970738238949065,3.6318574139493562,2.908076523512007,0.3770864636617223,0.07378504211878394,0.16708859941649887,0.0414186538948317,0.06612842656088823,-0.05626539820814184,-0.02585661398625111,0.18552822583859593,0.021162887873731367,0.8229166666666666,0.00432179925011859,0.01296263072823049,0.6495872381729525,0.039598892541920755,0.06599495685306886,0.04741351340726878,0.0025921655932213067,0.018387709212908453,0.011628694213724056,0.0032856257344517055,0.005835787471761051,0.003459063190534086,0.01322406105331581,0.0027493405888579492,0.027083333333333334,2.0816681711721685e-17,1.3778659611992945e-05,1.3778659611992945e-05,4.509581997855599,4824.700581042233
450007,3,22,M4,3,True,0.0,0.9844764295140137,0.9437096542220714,0.35,0.0,0.0,0.21934264209121468,0.06507959863170981,3.2768081992864606,0.20266117803752423,0.033084380497587614,0.0,5.824183402583003,8.253249479457736,0.15643643078252717,0.5877925269130211,7.970738238949065,3.6318574139493562,2.908076523512007,0.3770864636617223,0.07378504211878394,0.16708859941649887,0.0414186538948317,0.06612842656088823,-0.05626539820814184,-0.02585661398625111,0.18552822583859593,0.021162887873731367,0.8229166666666666,0.00432179925011859,0.01296263072823049,0.6495872381729525,0.039598892541920755,0.06599495685306886,0.04741351340726878,0.0025921655932213067,0.018387709212908453,0.011628694213724056,0.0032856257344517055,0.005835787471761051,0.003459063190534086,0.01322406105331581,0.0027493405888579492,0.027083333333333334,2.0816681711721685e-17,1.3778659611992945e-05,1.3778659611992945e-05,4.509581997855599,4824.700581042233
450007,3,23,M2,0,True,0.0,0.9844764295140137,0.9437096542220714,0.35,0.0,0.0,0.25806931434199215,0.07628014065790922,2.8931047920137645,0.23965651862323284,0.0,0.0,5.092159022577107,6.549499271437526,0.1485932695516067,0.6123401935393828,10.146389939113819,3.806770309222506,2.7495749163934264,0.42301372496086437,0.07906827915672456,0.1659723433709964,0.03796141352214505,0.06967403260164995,-0.05204313828736221,-0.02250447893649341,0.19559309439145978,0.02731495955565479,0.8562500000000001,0.004662997295397887,0.013182619930403709,0.8591532012952183,0.04452472634771884,0.06318791033150596,0.05183441826377694,0.0025853810002927583,0.017885873813235937,0.01145895525227605,0.0037071407005619147,0.006614666466384723,0.0035906481573478167,0.013688573200842396,0.0030391507457579047,0.024692401137051123,2.0816681711721685e-17,0.000248015873015873,0.0003720238095238095,4.393730513156387,1269.2026256503275
450007,3,23,M3,1,True,0.0,0.9844764295140137,0.9437096542220714,0.35,0.0,0.0,0.25806931434199215,0.07628014065790922,2.8931047920137645,0.23965651862323284,0.0,0.0,5.092159022577107,6.549499271437526,0.1485932695516067,0.6123401935393828,10.146389939113819,3.806770309222506,2.7495749163934264,0.42301372496086437,0.07906827915672456,0.1659723433709964,0.03796141352214505,0.06967403260164995,-0.05204313828736221,-0.02250447893649341,0.19559309439145978,0.02731495955565479,0.8562500000000001,0.004662997295397887,0.013182619930403709,0.8591532012952183,0.04452472634771884,0.06318791033150596,0.05183441826377694,0.0025853810002927583,0.017885873813235937,0.01145895525227605,0.0037071407005619147,0.006614666466384723,0.0035906481573478167,0.013688573200842396,0.0030391507457579047,0.024692401137051123,2.0816681711721685e-17,0.000248015873015873,0.0003720238095238095,4.393730513156387,1269.2026256503275
450007,3,23,M2+O,2,True,0.0,0.9844764295140137,0.9437096542220714,0.35,0.0,0.0,0.25806931434199215,0.07628014065790922,2.8931047920137645,0.23965651862323284,0.16454687114128402,0.0,5.092159022577107,6.549499271437526,0.14805922246055225,0.6087252990054086,9.823532360342087,3.778819819261289,2.731453309299306,0.37434579101212434,0.08437616805046864,0.162826543554168,0.03417697429742181,0.07249532957522957,-0.0471565783315702,-0.018088058789078616,0.21222836416316923,0.031158195572494746,0.8604166666666666,0.004874756014610926,0.01319163791098474,0.7829093228067749,0.04619922265141166,0.06252306060406933,0.047877513641021247,0.0029043638684357474,0.0189332640079307,0.01209832201564159,0.0042309614667627796,0.006892536365655845,0.0032133234807882388,0.014785063296033917,0.0034121309899633324,0.02963839537958033,2.0816681711721685e-17,0.00023423721340388006,0.00035824514991181656,4.317195127772389,1256.7867580877448
450007,3,23,M4,3,True,0.0,0.9844764295140137,0.9437096542220714,0.35,0.0,0.0,0.25806931434199215,0.07628014065790922,2.8931047920137645,0.23965651862323284,0.16454687114128402,0.0,5.092159022577107,6.549499271437526,0.14805922246055225,0.6087252990054086,9.823532360342087,3.778819819261289,2.731453309299306,0.37434579101212434,0.08437616805046864,0.162826543554168,0.03417697429742181,0.07249532957522957,-0.0471565783315702,-0.018088058789078616,0.21222836416316923,0.031158195572494746,0.8604166666666666,0.004874756014610926,0.01319163791098474,0.7829093228067749,0.04619922265141166,0.06252306060406933,0.047877513641021247,0.0029043638684357474,0.0189332640079307,0.01209832201564159,0.0042309614667627796,0.006892536365655845,0.0032133234807882388,0.014785063296033917,0.0034121309899633324,0.02963839537958033,2.0816681711721685e-17,0.00023423721340388006,0.00035824514991181656,4.317195127772389,1256.7867580877448
450007,3,24,M2,0,True,0.0,0.9844764295140137,0.9437096542220714,0.35,0.0,0.0,0.25229498287662866,0.07130121480673551,3.2424582408741114,0.25054258555173875,0.0,0.0,5.1947883064858615,7.697029176168144,0.14637772343474134,0.6179119243823549,10.75799268842047,3.8438995192305314,2.7040821614044805,0.40612513644235015,0.07883760627160485,0.16612253886962816,0.035438513482663685,0.07099058239800357,-0.05217408118424375,-0.022607839066892066,0.18876787156894062,0.027312851977418395,0.8541666666666666,0.004515162948931887,0.013424685182263455,0.9067945271150857,0.04463021776445235,0.06061193484921891,0.04500780696667358,0.002576543406924621,0.017937497607496595,0.011566577717729093,0.003916081488502276,0.006732990579153734,0.0035645960240982674,0.013097807818778643,0.0029953741222946873,0.02387252276143368,2.0816681711721685e-17,0.00033068783068783067,0.00041335978835978834,5.480413116433446,1587.4844255483704
450007,3,24,M3,1,True,0.0,0.9844764295140137,0.9437096542220714,0.35,0.0,0.0,0.25229498287662866,0.07130121480673551,3.2424582408741114,0.25054258555173875,0.0,0.0,5.1947883064858615,7.697029176168144,0.14637772343474134,0.6179119243823549,10.75799268842047,3.8438995192305314,2.7040821614044805,0.40612513644235015,0.07883760627160485,0.16612253886962816,0.035438513482663685,0.07099058239800357,-0.05217408118424375,-0.022607839066892066,0.18876787156894062,0.027312851977418395,0.8541666666666666,0.004515162948931887,0.013424685182263455,0.9067945271150857,0.04463021776445235,0.06061193484921891,0.04500780696667358,0.002576543406924621,0.017937497607496595,0.011566577717729093,0.003916081488502276,0.006732990579153734,0.0035645960240982674,0.013097807818778643,0.0029953741222946873,0.02387252276143368,2.0816681711721685e-17,0.00033068783068783067,0.00041335978835978834,5.480413116433446,1587.4844255483704
450007,3,24,M2+O,2,True,0.0,0.9844764295140137,0.9437096542220714,0.35,0.0,0.0,0.25229498287662866,0.07130121480673551,3.2424582408741114,0.25054258555173875,0.027300393382453058,0.0,5.1947883064858615,7.697029176168144,0.14644903764487557,0.6166094902264869,10.673422453372183,3.8306558684613634,2.7316121304766416,0.4347976109904648,0.07913946032692183,0.16656963711684783,0.0354559883136115,0.07144969124867674,-0.05158529746192875,-0.022146891749926043,0.18905567338073512,0.02735502761580466,0.8541666666666666,0.004540388977713233,0.013464082558410743,0.8936429790760007,0.04401415277881235,0.06483909085968378,0.04882780983992416,0.0026264031643330635,0.018043767502713783,0.011652486888796831,0.0039679541398749615,0.0067748577987281925,0.0034934947450628406,0.013262824743553931,0.0030272211653705806,0.02461969185536529,2.0816681711721685e-17,0.0003169091710758377,0.0004271384479717813,5.446835788199555,1583.470846258816
450007,3,24,M4,3,True,0.0,0.9844764295140137,0.9437096542220714,0.35,0.0,0.0,0.25229498287662866,0.07130121480673551,3.2424582408741114,0.25054258555173875,0.027300393382453058,0.0,5.1947883064858615,7.697029176168144,0.14644903764487557,0.6166094902264869,10.673422453372183,3.8306558684613634,2.7316121304766416,0.4347976109904648,0.07913946032692183,0.16656963711684783,0.0354559883136115,0.07144969124867674,-0.05158529746192875,-0.022146891749926043,0.18905567338073512,0.02735502761580466,0.8541666666666666,0.004540388977713233,0.013464082558410743,0.8936429790760007,0.04401415277881235,0.06483909085968378,0.04882780983992416,0.0026264031643330635,0.018043767502713783,0.011652486888796831,0.0039679541398749615,0.0067748577987281925,0.0034934947450628406,0.013262824743553931,0.0030272211653705806,0.02461969185536529,2.0816681711721685e-17,0.0003169091710758377,0.0004271384479717813,5.446835788199555,1583.470846258816
450007,3,25,M2,0,False,0.008013987453616558,0.9844764295140137,0.9437096542220714,0.35,0.0,0.0,0.2128114739432931,0.0819786664703861,2.857141142897308,0.18745961993932725,0.0,0.0,5.950249812100083,7.481925803236663,0.15402954977844022,0.5911608045051301,8.574238034051598,3.668428944041428,2.845113082470581,0.40875483445095667,0.06194312105252325,0.1477511205181533,0.029478441823154566,0.06499281404725725,-0.0567712823994995,-0.02896845793316458,0.16225378577714614,0.02025986583839927,0.8145833333333332,0.0040887153913842225,0.011039891870588988,0.6772848982231766,0.04223873177883107,0.06447060124298126,0.047737257545149625,0.0022756208323434957,0.017786388309817974,0.011638780968595223,0.002875955316004101,0.004667043927315303,0.0033729301684335203,0.011716107538578463,0.002552359941123617,0.028942591644687096,2.0816681711721685e-17,1.3778659611992945e-05,1.3778659611992945e-05,4.2123435361759585,6192.706869772886
450007,3,25,M3,1,False,0.008013987453616558,0.9844764295140137,0.9437096542220714,0.35,0.0,0.0,0.2128114739432931,0.0819786664703861,2.857141142897308,0.18745961993932725,0.0,0.0,5.950249812100083,7.481925803236663,0.15402954977844022,0.5911608045051301,8.574238034051598,3.668428944041428,2.845113082470581,0.40875483445095667,0.06194312105252325,0.1477511205181533,0.029478441823154566,0.06499281404725725,-0.0567712823994995,-0.02896845793316458,0.16225378577714614,0.02025986583839927,0.8145833333333332,0.0040887153913842225,0.011039891870588988,0.6772848982231766,0.04223873177883107,0.06447060124298126,0.047737257545149625,0.0022756208323434957,0.017786388309817974,0.011638780968595223,0.002875955316004101,0.004667043927315303,0.0033729301684335203,0.011716107538578463,0.002552359941123617,0.028942591644687096,2.0816681711721685e-17,1.3778659611992945e-05,1.3778659611992945e-05,4.2123435361759585,6192.706869772886
450007,3,25,M2+O,2,True,0.0,0.9844764295140137,0.9437096542220714,0.35,0.0,0.0,0.2128114739432931,0.0819786664703861,2.857141142897308,0.18745961993932725,0.23350648217868042,0.0,5.950249812100083,7.481925803236663,0.15214952202107676,0.5901387046114052,8.415271383579674,3.6732772229370956,2.9087746606714933,0.4612229559871768,0.07337230298286451,0.13896426668445128,0.021591870909915534,0.06921758291974509,-0.04879028981378824,-0.0205284456280436,0.20197796667855325,0.029552126579389233,0.8624999999999998,0.004530943978467601,0.01196554104388081,0.634040456002549,0.04085848219745897,0.07272951724393768,0.05358209392716462,0.0026856367317717087,0.01952305868719675,0.012680185269256822,0.0034700912587231664,0.005356807889671861,0.003016505110609662,0.013677426036470836,0.0031779514354679994,0.028273060358386847,2.0816681711721685e-17,1.3778659611992945e-05,1.3778659611992945e-05,4.06911647192391,6225.998943374659
450007,3,25,M4,3,True,0.0,0.9844764295140137,0.9437096542220714,0.35,0.0,0.0,0.2128114739432931,0.0819786664703861,2.857141142897308,0.18745961993932725,0.23350648217868042,0.0,5.950249812100083,7.481925803236663,0.15214952202107676,0.5901387046114052,8.415271383579674,3.6732772229370956,2.9087746606714933,0.4612229559871768,0.07337230298286451,0.13896426668445128,0.021591870909915534,0.06921758291974509,-0.04879028981378824,-0.0205284456280436,0.20197796667855325,0.029552126579389233,0.8624999999999998,0.004530943978467601,0.01196554104388081,0.634040456002549,0.04085848219745897,0.07272951724393768,0.05358209392716462,0.0026856367317717087,0.01952305868719675,0.012680185269256822,0.0034700912587231664,0.005356807889671861,0.003016505110609662,0.013677426036470836,0.0031779514354679994,0.028273060358386847,2.0816681711721685e-17,1.3778659611992945e-05,1.3778659611992945e-05,4.06911647192391,6225.998943374659
450007,3,26,M2,0,True,0.0,0.9844764295140137,0.9437096542220714,0.35,0.0,0.0,0.24332936750724912,0.0601364664407447,3.038868862576783,0.23370719604194165,0.0,0.0,6.421457636170089,8.555320414714515,0.15573171149965223,0.6001353754258046,8.41371072906732,3.658009979842177,2.904030397608011,0.44523761341233775,0.09205346667452878,0.18501078376884014,0.05556502722437386,0.06875840136566215,-0.05019008211932877,-0.021097284258492718,0.21767242684012533,0.024881441299156693,0.8395833333333332,0.00468981272135703,0.013661492722642934,0.7019380309024126,0.041932507249227084,0.07112468284123757,0.05385211879303506,0.0028414995529299123,0.018084549150826797,0.011273131237776717,0.0037266774608195946,0.007693739799727677,0.003763286400626712,0.014868639052538879,0.003005705261026867,0.027415741581679493,2.0816681711721685e-17,1.3778659611992945e-05,1.3778659611992945e-05,3.7094150668154597,15759.221089331937
450007,3,26,M3,1,True,0.0,0.9844764295140137,0.9437096542220714,0.35,0.0,0.0,0.24332936750724912,0.0601364664407447,3.038868862576783,0.23370719604194165,0.0,0.0,6.421457636170089,8.555320414714515,0.15573171149965223,0.6001353754258046,8.41371072906732,3.658009979842177,2.904030397608011,0.44523761341233775,0.09205346667452878,0.18501078376884014,0.05556502722437386,0.06875840136566215,-0.05019008211932877,-0.021097284258492718,0.21767242684012533,0.024881441299156693,0.8395833333333332,0.00468981272135703,0.013661492722642934,0.7019380309024126,0.041932507249227084,0.07112468284123757,0.05385211879303506,0.0028414995529299123,0.018084549150826797,0.011273131237776717,0.0037266774608195946,0.007693739799727677,0.003763286400626712,0.014868639052538879,0.003005705261026867,0.027415741581679493,2.0816681711721685e-17,1.3778659611992945e-05,1.3778659611992945e-05,3.7094150668154597,15759.221089331937
450007,3,26,M2+O,2,True,0.0,0.9844764295140137,0.9437096542220714,0.35,0.0,0.0,0.24332936750724912,0.0601364664407447,3.038868862576783,0.23370719604194165,0.10576962002334488,0.0,6.421457636170089,8.555320414714515,0.155589193656148,0.5961184554792348,8.163338582971566,3.646010758675631,2.93067685191541,0.48237383817524115,0.09500067928238069,0.18392431850441557,0.052961334045352575,0.07111138085525334,-0.047080140372782964,-0.018488909091318593,0.22577754591695084,0.0265489394636772,0.8520833333333333,0.004808740587539096,0.013613950669538745,0.6577842785256974,0.05707055983976645,0.07528707538776809,0.05958026492696195,0.003052822190459627,0.018747545680263836,0.01192024119656256,0.0038221934584682644,0.007778165843098544,0.003442553896452132,0.01563053925414611,0.003214669191877851,0.02782566825809691,2.0816681711721685e-17,1.3778659611992945e-05,1.3778659611992945e-05,3.658557886670328,15787.4729744797
450007,3,26,M4,3,True,0.0,0.9844764295140137,0.9437096542220714,0.35,0.0,0.0,0.24332936750724912,0.0601364664407447,3.038868862576783,0.23370719604194165,0.10576962002334488,0.0,6.421457636170089,8.555320414714515,0.155589193656148,0.5961184554792348,8.163338582971566,3.646010758675631,2.93067685191541,0.48237383817524115,0.09500067928238069,0.18392431850441557,0.052961334045352575,0.07111138085525334,-0.047080140372782964,-0.018488909091318593,0.22577754591695084,0.0265489394636772,0.8520833333333333,0.004808740587539096,0.013613950669538745,0.6577842785256974,0.05707055983976645,0.07528707538776809,0.05958026492696195,0.003052822190459627,0.018747545680263836,0.01192024119656256,0.0038221934584682644,0.007778165843098544,0.003442553896452132,0.01563053925414611,0.003214669191877851,0.02782566825809691,2.0816681711721685e-17,1.3778659611992945e-05,1.3778659611992945e-05,3.658557886670328,15787.4729744797
450007,3,27,M2,0,True,0.0,0.9844764295140137,0.9437096542220714,0.35,0.0,0.0,0.27959060072898867,0.07443597162142396,2.8240300370380282,0.20929500870406628,0.0,0.0,5.6652919836342335,6.6171028492972255,0.15359042909730847,0.5927688237050895,8.55298383357674,3.672800026972237,2.8534725540203802,0.41096723418082565,0.077888058311496,0.1599297809375062,0.040303343670428794,0.06707507868305966,-0.053989403768506215,-0.023294650989468493,0.216815810228116,0.02776491068324825,0.8645833333333334,0.00516105372339732,0.013855136847520742,0.7065628485690845,0.03966924924863403,0.06623182556280224,0.049346003692550995,0.002555836703476965,0.017802035400580535,0.01122952408516204,0.003259792726891141,0.006031452560089108,0.0036692787634543447,0.015372306919574955,0.003241475618718633,0.026491584435320584,2.0816681711721685e-17,1.3778659611992945e-05,1.3778659611992945e-05,3.9317483535543993,3524.658321488901
450007,3,27,M3,1,True,0.0,0.9844764295140137,0.9437096542220714,0.35,0.0,0.0,0.27959060072898867,0.07443597162142396,2.8240300370380282,0.20929500870406628,0.0,0.0,5.6652919836342335,6.6171028492972255,0.15359042909730847,0.5927688237050895,8.55298383357674,3.672800026972237,2.8534725540203802,0.41096723418082565,0.077888058311496,0.1599297809375062,0.040303343670428794,0.06707507868305966,-0.053989403768506215,-0.023294650989468493,0.216815810228116,0.02776491068324825,0.8645833333333334,0.00516105372339732,0.013855136847520742,0.7065628485690845,0.03966924924863403,0.06623182556280224,0.049346003692550995,0.002555836703476965,0.017802035400580535,0.01122952408516204,0.003259792726891141,0.006031452560089108,0.0036692787634543447,0.015372306919574955,0.003241475618718633,0.026491584435320584,2.0816681711721685e-17,1.3778659611992945e-05,1.3778659611992945e-05,3.9317483535543993,3524.658321488901
450007,3,27,M2+O,2,True,0.0,0.9844764295140137,0.9437096542220714,0.35,0.0,0.0,0.27959060072898867,0.07443597162142396,2.8240300370380282,0.20929500870406628,0.04330821162106339,0.0,5.6652919836342335,6.6171028492972255,0.15365110822702965,0.5929969886580789,8.434288413893999,3.6745089290806665,2.8598734845046487,0.41524669877200376,0.07851832005753505,0.1605019513742863,0.03981272750458854,0.06758717970540204,-0.05296652841702917,-0.022429654613280715,0.2179926084051839,0.028083601814950718,0.8708333333333332,0.005200429483214186,0.014190699269108277,0.690160995409031,0.041964208037121385,0.06625227963505448,0.050198304415203066,0.002637739260189431,0.01802972394325755,0.011313635793928656,0.003312467827360881,0.00613057041865676,0.0035470725851258263,0.0156790994633238,0.0033085478940436323,0.02639524459439745,2.0816681711721685e-17,1.3778659611992945e-05,2.755731922398589e-05,3.8919111337737937,3529.04852809182
450007,3,27,M4,3,True,0.0,0.9844764295140137,0.9437096542220714,0.35,0.0,0.0,0.27959060072898867,0.07443597162142396,2.8240300370380282,0.20929500870406628,0.04330821162106339,0.0,5.6652919836342335,6.6171028492972255,0.15365110822702965,0.5929969886580789,8.434288413893999,3.6745089290806665,2.8598734845046487,0.41524669877200376,0.07851832005753505,0.1605019513742863,0.03981272750458854,0.06758717970540204,-0.05296652841702917,-0.022429654613280715,0.2179926084051839,0.028083601814950718,0.8708333333333332,0.005200429483214186,0.014190699269108277,0.690160995409031,0.041964208037121385,0.06625227963505448,0.050198304415203066,0.002637739260189431,0.01802972394325755,0.011313635793928656,0.003312467827360881,0.00613057041865676,0.0035470725851258263,0.0156790994633238,0.0033085478940436323,0.02639524459439745,2.0816681711721685e-17,1.3778659611992945e-05,2.755731922398589e-05,3.8919111337737937,3529.04852809182
450007,3,28,M2,0,True,0.0,0.9844764295140137,0.9437096542220714,0.35,0.0,0.0,0.2879540531896055,0.06390389675740152,2.9761056745424868,0.21736293151974678,0.0,0.0,5.157286320813,8.887301716022193,0.15572654979621056,0.59166974593267,8.103212276560592,3.633343420236983,2.9015665557787593,0.4418402729439858,0.08875745555258867,0.17224555010371348,0.04968244722282226,0.06778873449103621,-0.0519993623551795,-0.02126443045035281,0.24047240884498458,0.028702568424443548,0.8666666666666666,0.005402213397464389,0.014489747725854481,0.6906425402044295,0.038462004172495484,0.06744106558600702,0.05438961544138113,0.0027478530171504054,0.017913151815216546,0.011094834386103659,0.0035161675307945253,0.007003432835297432,0.003791924815826524,0.016583568001543644,0.003396402186623721,0.02736406896883943,2.0816681711721685e-17,5.511463844797178e-05,6.889329805996472e-05,3.8160547583162585,1321.2887270261933
450007,3,28,M3,1,True,0.0,0.9844764295140137,0.9437096542220714,0.35,0.0,0.0,0.2879540531896055,0.06390389675740152,2.9761056745424868,0.21736293151974678,0.0,0.0,5.157286320813,8.887301716022193,0.15572654979621056,0.59166974593267,8.103212276560592,3.633343420236983,2.9015665557787593,0.4418402729439858,0.08875745555258867,0.17224555010371348,0.04968244722282226,0.06778873449103621,-0.0519993623551795,-0.02126443045035281,0.24047240884498458,0.028702568424443548,0.8666666666666666,0.005402213397464389,0.014489747725854481,0.6906425402044295,0.038462004172495484,0.06744106558600702,0.05438961544138113,0.0027478530171504054,0.017913151815216546,0.011094834386103659,0.0035161675307945253,0.007003432835297432,0.003791924815826524,0.016583568001543644,0.003396402186623721,0.02736406896883943,2.0816681711721685e-17,5.511463844797178e-05,6.889329805996472e-05,3.8160547583162585,1321.2887270261933
450007,3,28,M2+O,2,True,0.0,0.9844764295140137,0.9437096542220714,0.35,0.0,0.0,0.2879540531896055,0.06390389675740152,2.9761056745424868,0.21736293151974678,0.06325366420519049,0.0,5.157286320813,8.887301716022193,0.15574999013143018,0.5921586992777118,7.932840925448848,3.6192958667320383,2.9100431517037513,0.4337445145021799,0.08997506012699959,0.1723731977749922,0.04874869926729647,0.0689168106956875,-0.05032445047158866,-0.019877943841309864,0.24319678524564672,0.029307013675283516,0.8770833333333333,0.005458921519101832,0.013939830497775942,0.6633770440611629,0.04285394337012803,0.06962559944399421,0.05366256083544356,0.0028759030705269428,0.018244051066605187,0.011342515227203703,0.0035520077804941166,0.007128958817338855,0.0036107490940810744,0.017050855225812542,0.003494967490514303,0.025886311968741225,2.0816681711721685e-17,5.511463844797178e-05,6.889329805996472e-05,3.772263475993873,1309.782106109752
450007,3,28,M4,3,True,0.0,0.9844764295140137,0.9437096542220714,0.35,0.0,0.0,0.2879540531896055,0.06390389675740152,2.9761056745424868,0.21736293151974678,0.06325366420519049,0.0,5.157286320813,8.887301716022193,0.15574999013143018,0.5921586992777118,7.932840925448848,3.6192958667320383,2.9100431517037513,0.4337445145021799,0.08997506012699959,0.1723731977749922,0.04874869926729647,0.0689168106956875,-0.05032445047158866,-0.019877943841309864,0.24319678524564672,0.029307013675283516,0.8770833333333333,0.005458921519101832,0.013939830497775942,0.6633770440611629,0.04285394337012803,0.06962559944399421,0.05366256083544356,0.0028759030705269428,0.018244051066605187,0.011342515227203703,0.0035520077804941166,0.007128958817338855,0.0036107490940810744,0.017050855225812542,0.003494967490514303,0.025886311968741225,2.0816681711721685e-17,5.511463844797178e-05,6.889329805996472e-05,3.772263475993873,1309.782106109752
450007,3,29,M2,0,False,0.0013491095925089727,0.9844764295140137,0.9437096542220714,0.35,0.0,0.0,0.22657124940305948,0.07770606227219105,3.1914641311392185,0.22060196593403816,0.0,0.0,5.900983674451709,6.290362942032516,0.1480962289347304,0.6065825166499098,9.99581520802627,3.7935611214881377,2.7596486993985785,0.412159137930667,0.0666942795491266,0.15244755280841307,0.02836121042427459,0.06712657425161184,-0.05540061417472201,-0.026542668001503265,0.16507738844626277,0.023309427966265294,0.8416666666666667,0.004163014916401135,0.012104053983773008,0.776412690256614,0.04304571015523677,0.06396720789532531,0.038992314942627906,0.002364809824473688,0.018057033322043593,0.011481877706563611,0.0033190677956256875,0.005380422588779359,0.003427490078290941,0.011707362695731,0.0026871595388255867,0.025300130797240715,2.0816681711721685e-17,2.755731922398589e-05,8.267195767195767e-05,5.598013568117595,5666.259847041809
450007,3,29,M3,1,False,0.0013491095925089727,0.9844764295140137,0.9437096542220714,0.35,0.0,0.0,0.22657124940305948,0.07770606227219105,3.1914641311392185,0.22060196593403816,0.0,0.0,5.900983674451709,6.290362942032516,0.1480962289347304,0.6065825166499098,9.99581520802627,3.7935611214881377,2.7596486993985785,0.412159137930667,0.0666942795491266,0.15244755280841307,0.02836121042427459,0.06712657425161184,-0.05540061417472201,-0.026542668001503265,0.16507738844626277,0.023309427966265294,0.8416666666666667,0.004163014916401135,0.012104053983773008,0.776412690256614,0.04304571015523677,0.06396720789532531,0.038992314942627906,0.002364809824473688,0.018057033322043593,0.011481877706563611,0.0033190677956256875,0.005380422588779359,0.003427490078290941,0.011707362695731,0.0026871595388255867,0.025300130797240715,2.0816681711721685e-17,2.755731922398589e-05,8.267195767195767e-05,5.598013568117595,5666.259847041809
450007,3,29,M2+O,2,False,0.0003327779872982172,0.9844764295140137,0.9437096542220714,0.35,0.0,0.0,0.22657124940305948,0.07770606227219105,3.1914641311392185,0.22060196593403816,0.08459327775939506,0.0,5.900983674451709,6.290362942032516,0.14811559018362408,0.6052163323768079,9.780200917333904,3.7706146385998824,2.771394827664201,0.3989751701140653,0.06835820168805193,0.15346989741006703,0.0269633255235254,0.06840885942300033,-0.0534350702727572,-0.024597813951835763,0.16929082492632122,0.024291781626903233,0.84375,0.004266255862239972,0.012049341707983123,0.7444679401986193,0.044106701524916685,0.06259481720854006,0.046382056871059354,0.002512982242099156,0.01842940160227118,0.01171751230215344,0.003479515404147247,0.005543686874472001,0.0032243162546663996,0.012226488626347263,0.0028367280661222237,0.028759450242674487,2.0816681711721685e-17,2.755731922398589e-05,8.267195767195767e-05,5.485689757941387,5685.706934398146
450007,3,29,M4,3,False,0.0003327779872982172,0.9844764295140137,0.9437096542220714,0.35,0.0,0.0,0.22657124940305948,0.07770606227219105,3.1914641311392185,0.22060196593403816,0.08459327775939506,0.0,5.900983674451709,6.290362942032516,0.14811559018362408,0.6052163323768079,9.780200917333904,3.7706146385998824,2.771394827664201,0.3989751701140653,0.06835820168805193,0.15346989741006703,0.0269633255235254,0.06840885942300033,-0.0534350702727572,-0.024597813951835763,0.16929082492632122,0.024291781626903233,0.84375,0.004266255862239972,0.012049341707983123,0.7444679401986193,0.044106701524916685,0.06259481720854006,0.046382056871059354,0.002512982242099156,0.01842940160227118,0.01171751230215344,0.003479515404147247,0.005543686874472001,0.0032243162546663996,0.012226488626347263,0.0028367280661222237,0.028759450242674487,2.0816681711721685e-17,2.755731922398589e-05,8.267195767195767e-05,5.485689757941387,5685.706934398146
450007,3,30,M2,0,True,0.0,0.9844764295140137,0.9437096542220714,0.35,0.0,0.0,0.20396394031122328,0.06831493912264705,2.7050672242417932,0.19935442693531513,0.0,0.0,6.180342321749777,8.211909952573478,0.1605786890627512,0.5796851934271802,7.242408760783943,3.5708718953113663,2.9864148865408957,0.40306257077289986,0.07962962503327922,0.17897607500520754,0.0535902489147601,0.06584860327306886,-0.055138971493479925,-0.02511665438329207,0.19338602334599167,0.018825401238591447,0.7999999999999999,0.004143747681867674,0.01291660386340983,0.6093524770394525,0.03837583301161199,0.07427169909432914,0.057773557886006376,0.002687900196088203,0.01826609957607662,0.011474321967801506,0.0032264616007085375,0.00639478247537217,0.0036142120827265755,0.013407369504073846,0.002572944846944821,0.025714429491201455,2.0816681711721685e-17,1.3778659611992945e-05,1.3778659611992945e-05,3.0984963033312827,9614.278099347554
450007,3,30,M3,1,True,0.0,0.9844764295140137,0.9437096542220714,0.35,0.0,0.0,0.20396394031122328,0.06831493912264705,2.7050672242417932,0.19935442693531513,0.0,0.0,6.180342321749777,8.211909952573478,0.1605786890627512,0.5796851934271802,7.242408760783943,3.5708718953113663,2.9864148865408957,0.40306257077289986,0.07962962503327922,0.17897607500520754,0.0535902489147601,0.06584860327306886,-0.055138971493479925,-0.02511665438329207,0.19338602334599167,0.018825401238591447,0.7999999999999999,0.004143747681867674,0.01291660386340983,0.6093524770394525,0.03837583301161199,0.07427169909432914,0.057773557886006376,0.002687900196088203,0.01826609957607662,0.011474321967801506,0.0032264616007085375,0.00639478247537217,0.0036142120827265755,0.013407369504073846,0.002572944846944821,0.025714429491201455,2.0816681711721685e-17,1.3778659611992945e-05,1.3778659611992945e-05,3.0984963033312827,9614.278099347554
450007,3,30,M2+O,2,True,0.0,0.9844764295140137,0.9437096542220714,0.35,0.0,0.0,0.20396394031122328,0.06831493912264705,2.7050672242417932,0.19935442693531513,0.13821592361242302,0.0,6.180342321749777,8.211909952573478,0.16004058509519845,0.5763861461689105,7.0252149162795945,3.5571738237298476,3.0159447414669,0.42985968444843037,0.08506129147046619,0.17614322565715287,0.04873118289298228,0.06794182470936365,-0.050594703534725206,-0.021007531553822425,0.21043452247668623,0.022578149342400867,0.8229166666666666,0.004351125845815154,0.013127500582304087,0.5645884676775351,0.0474777902825547,0.070872233280182,0.05571604431368335,0.0029611624001002995,0.019277073834303198,0.012318751171823916,0.0033868851235057847,0.006612547879202014,0.0032193037505327624,0.0144889756737878,0.0028974061076413016,0.030243451600872207,2.0816681711721685e-17,1.3778659611992945e-05,1.3778659611992945e-05,3.0288503697523033,9704.873490034415
450007,3,30,M4,3,True,0.0,0.9844764295140137,0.9437096542220714,0.35,0.0,0.0,0.20396394031122328,0.06831493912264705,2.7050672242417932,0.19935442693531513,0.13821592361242302,0.0,6.180342321749777,8.211909952573478,0.16004058509519845,0.5763861461689105,7.0252149162795945,3.5571738237298476,3.0159447414669,0.42985968444843037,0.08506129147046619,0.17614322565715287,0.04873118289298228,0.06794182470936365,-0.050594703534725206,-0.021007531553822425,0.21043452247668623,0.022578149342400867,0.8229166666666666,0.004351125845815154,0.013127500582304087,0.5645884676775351,0.0474777902825547,0.070872233280182,0.05571604431368335,0.0029611624001002995,0.019277073834303198,0.012318751171823916,0.0033868851235057847,0.006612547879202014,0.0032193037505327624,0.0144889756737878,0.0028974061076413016,0.030243451600872207,2.0816681711721685e-17,1.3778659611992945e-05,1.3778659611992945e-05,3.0288503697523033,9704.873490034415
450007,3,31,M2,0,True,0.0,0.9844764295140137,0.9437096542220714,0.35,0.0,0.0,0.26837446838617324,0.07948992118705064,3.089864686690271,0.2436104691773653,0.0,0.0,5.435849939007312,6.96216984372586,0.14447718113143462,0.6182959381711076,11.0360093844992,3.8691085817208637,2.686602658221481,0.4198456241908937,0.07334661979389594,0.15570665133495218,0.029512538774951746,0.07017153213954733,-0.052653348846700226,-0.023346824766415086,0.185333722621015,0.028390224324207496,0.8583333333333334,0.004664341630550146,0.013141991710588502,0.9085837297405625,0.04066983060756871,0.06273374344031234,0.04160241146502975,0.0024640563373822624,0.01778565676634545,0.011398735711512203,0.0036947242592016206,0.006088018796540186,0.003520495369291302,0.013146546492092638,0.0030370056603120105,0.024202247669803962,2.0816681711721685e-17,0.000248015873015873,0.0003169091710758377,5.5877505548834,2491.0894608714466
450007,3,31,M3,1,True,0.0,0.9844764295140137,0.9437096542220714,0.35,0.0,0.0,0.26837446838617324,0.07948992118705064,3.089864686690271,0.2436104691773653,0.0,0.0,5.435849939007312,6.96216984372586,0.14447718113143462,0.6182959381711076,11.0360093844992,3.8691085817208637,2.686602658221481,0.4198456241908937,0.07334661979389594,0.15570665133495218,0.029512538774951746,0.07017153213954733,-0.052653348846700226,-0.023346824766415086,0.185333722621015,0.028390224324207496,0.8583333333333334,0.004664341630550146,0.013141991710588502,0.9085837297405625,0.04066983060756871,0.06273374344031234,0.04160241146502975,0.0024640563373822624,0.01778565676634545,0.011398735711512203,0.0036947242592016206,0.006088018796540186,0.003520495369291302,0.013146546492092638,0.0030370056603120105,0.024202247669803962,2.0816681711721685e-17,0.000248015873015873,0.0003169091710758377,5.5877505548834,2491.0894608714466
450007,3,31,M2+O,2,True,0.0,0.9844764295140137,0.9437096542220714,0.35,0.0,0.0,0.26837446838617324,0.07948992118705064,3.089864686690271,0.2436104691773653,0.028937818175195685,0.0,5.435849939007312,6.96216984372586,0.1445487926870014,0.617062783251667,10.949526563689835,3.8520132554090876,2.6801274736486227,0.4036458608065178,0.07365031594851534,0.1561730349858132,0.029312692533451663,0.07049373169508939,-0.052051276380338914,-0.022821515035421666,0.18566717014769515,0.028454017280347414,0.8583333333333334,0.00469087694391794,0.013130650102146216,0.8951711899797986,0.041486507133517724,0.05765522529546031,0.03874617367932104,0.002514700618914273,0.017893935450558063,0.011432959986210856,0.003733714467926334,0.006142013293952001,0.00344997096276447,0.013315799490115214,0.0030738292129629695,0.025120482625598482,2.0816681711721685e-17,0.000248015873015873,0.0003169091710758377,5.548405095847522,2484.874420461966
450007,3,31,M4,3,True,0.0,0.9844764295140137,0.9437096542220714,0.35,0.0,0.0,0.26837446838617324,0.07948992118705064,3.089864686690271,0.2436104691773653,0.028937818175195685,0.0,5.435849939007312,6.96216984372586,0.1445487926870014,0.617062783251667,10.949526563689835,3.8520132554090876,2.6801274736486227,0.4036458608065178,0.07365031594851534,0.1561730349858132,0.029312692533451663,0.07049373169508939,-0.052051276380338914,-0.022821515035421666,0.18566717014769515,0.028454017280347414,0.8583333333333334,0.00469087694391794,0.013130650102146216,0.8951711899797986,0.041486507133517724,0.05765522529546031,0.03874617367932104,0.002514700618914273,0.017893935450558063,0.011432959986210856,0.003733714467926334,0.006142013293952001,0.00344997096276447,0.013315799490115214,0.0030738292129629695,0.025120482625598482,2.0816681711721685e-17,0.000248015873015873,0.0003169091710758377,5.548405095847522,2484.874420461966
