seed,structural_scenario_id,candidate_id,variant,variant_order,accepted,distance,feedback_asset_correlation,spike_asset_correlation,equity_risk_price,feedback_idiosyncratic_risk_price,spike_idiosyncratic_risk_price,cluster_loading,feedback_curvature,feedback_shift,spike_curvature,orthogonal_curvature,echo_loading,cap_level,cap_sharpness,mean_volatility,q995_volatility,excess_kurtosis,absolute_return_tail_ratio,hill_tail_index,hill_threshold_instability,rough_hurst,zumbach,zumbach_rank,max_abs_return_acf,leverage,leverage_rank,mean_log_variance_acf,taylor_gap,taylor_fraction,se_mean_volatility,se_q995_volatility,se_excess_kurtosis,se_absolute_return_tail_ratio,se_hill_tail_index,se_hill_threshold_instability,se_rough_hurst,se_zumbach,se_zumbach_rank,se_max_abs_return_acf,se_leverage,se_leverage_rank,se_mean_log_variance_acf,se_taylor_gap,se_taylor_fraction,q_forward_mean_max_error,p_cap_exceedance_fraction,q_cap_exceedance_fraction,normalizer_min,normalizer_max
420001,0,0,M2,0,False,0.003262366422031943,0.996259961884662,0.9790548338377681,0.35,0.0,0.0,0.2629654662683606,0.06925510965753347,2.886044593714178,0.20057556301355361,0.0,0.0,5.873221298214048,6.1538892248645425,0.16132515057478838,0.5703976256677203,8.978927620297174,3.507358494386974,3.030663713703111,0.3513055359636105,0.06485945839249806,0.13832318084770448,0.03566220835834439,0.07288766274303944,-0.0419526002191166,-0.010640935140709157,0.23384054588163394,0.0262492124177426,0.8479166666666668,0.004181004970207881,0.01072971943974052,1.524634535372926,0.051591453122948196,0.07876316033658469,0.04514981021098942,0.0021744636630188765,0.019612054406112127,0.011914431657694879,0.003183569799668909,0.006239634010992726,0.0046758802263096415,0.014216378295573966,0.0033827255374194506,0.02699959182908509,2.0816681711721685e-17,1.3778659611992945e-05,2.755731922398589e-05,3.5297310172410783,5063.811473324119
420001,0,0,M3,1,False,0.003262366422031943,0.996259961884662,0.9790548338377681,0.35,0.0,0.0,0.2629654662683606,0.06925510965753347,2.886044593714178,0.20057556301355361,0.0,0.0,5.873221298214048,6.1538892248645425,0.16132515057478838,0.5703976256677203,8.978927620297174,3.507358494386974,3.030663713703111,0.3513055359636105,0.06485945839249806,0.13832318084770448,0.03566220835834439,0.07288766274303944,-0.0419526002191166,-0.010640935140709157,0.23384054588163394,0.0262492124177426,0.8479166666666668,0.004181004970207881,0.01072971943974052,1.524634535372926,0.051591453122948196,0.07876316033658469,0.04514981021098942,0.0021744636630188765,0.019612054406112127,0.011914431657694879,0.003183569799668909,0.006239634010992726,0.0046758802263096415,0.014216378295573966,0.0033827255374194506,0.02699959182908509,2.0816681711721685e-17,1.3778659611992945e-05,2.755731922398589e-05,3.5297310172410783,5063.811473324119
420001,0,0,M2+O,2,False,0.00013003072303399335,0.996259961884662,0.9790548338377681,0.35,0.0,0.0,0.2629654662683606,0.06925510965753347,2.886044593714178,0.20057556301355361,0.11829547242644144,0.0,5.873221298214048,6.1538892248645425,0.16038856555649222,0.5692402492612614,8.969440849585988,3.5201013581088305,3.0125417103159857,0.38167265073116247,0.06897372086809907,0.13842996455199721,0.03435092734440892,0.07369484440626378,-0.039258293834664844,-0.008228128967941775,0.25140041658667267,0.02944813593073066,0.8770833333333332,0.004534904920080884,0.010967492686039339,1.4762915097148879,0.058004249817517166,0.08224842172438754,0.04394141845047818,0.0020102389023978584,0.01962140313048547,0.011343362548092288,0.002805250553627576,0.0065466900700941275,0.0049219414963808895,0.013871964045661045,0.003173049786580046,0.026060681463796916,2.0816681711721685e-17,2.755731922398589e-05,4.1335978835978834e-05,3.5992505112487514,5134.158316377004
420001,0,0,M4,3,False,0.00013003072303399335,0.996259961884662,0.9790548338377681,0.35,0.0,0.0,0.2629654662683606,0.06925510965753347,2.886044593714178,0.20057556301355361,0.11829547242644144,0.0,5.873221298214048,6.1538892248645425,0.16038856555649222,0.5692402492612614,8.969440849585988,3.5201013581088305,3.0125417103159857,0.38167265073116247,0.06897372086809907,0.13842996455199721,0.03435092734440892,0.07369484440626378,-0.039258293834664844,-0.008228128967941775,0.25140041658667267,0.02944813593073066,0.8770833333333332,0.004534904920080884,0.010967492686039339,1.4762915097148879,0.058004249817517166,0.08224842172438754,0.04394141845047818,0.0020102389023978584,0.01962140313048547,0.011343362548092288,0.002805250553627576,0.0065466900700941275,0.0049219414963808895,0.013871964045661045,0.003173049786580046,0.026060681463796916,2.0816681711721685e-17,2.755731922398589e-05,4.1335978835978834e-05,3.5992505112487514,5134.158316377004
420001,0,1,M2,0,False,0.03566202409837424,0.996259961884662,0.9790548338377681,0.35,0.0,0.0,0.20160698210820557,0.07996574914082885,3.2510731095448135,0.2374085596203804,0.0,0.0,5.129386593122035,8.666233093477786,0.14968872584365214,0.5988884743485549,11.98515527537509,3.743564355893635,2.77208149793834,0.3577752033402362,0.05302249515648344,0.12363103018119455,0.02206690507287125,0.07584285153671726,-0.04417407324987843,-0.01527561257334171,0.14261117964309902,0.021262226350610505,0.8000000000000002,0.0030520676618742875,0.010398574601849375,1.8014304498207714,0.05203235260489649,0.07677392647188049,0.03696333599414143,0.0022156936018321778,0.019615222957618066,0.012997508622867417,0.0035739760279252636,0.00529988633934576,0.003932360567739822,0.008967120784471443,0.002757411911585045,0.03255430246059117,2.0816681711721685e-17,0.0003444664902998236,0.0005235890652557319,6.12328026657386,1652.5376663973911
420001,0,1,M3,1,False,0.03566202409837424,0.996259961884662,0.9790548338377681,0.35,0.0,0.0,0.20160698210820557,0.07996574914082885,3.2510731095448135,0.2374085596203804,0.0,0.0,5.129386593122035,8.666233093477786,0.14968872584365214,0.5988884743485549,11.98515527537509,3.743564355893635,2.77208149793834,0.3577752033402362,0.05302249515648344,0.12363103018119455,0.02206690507287125,0.07584285153671726,-0.04417407324987843,-0.01527561257334171,0.14261117964309902,0.021262226350610505,0.8000000000000002,0.0030520676618742875,0.010398574601849375,1.8014304498207714,0.05203235260489649,0.07677392647188049,0.03696333599414143,0.0022156936018321778,0.019615222957618066,0.012997508622867417,0.0035739760279252636,0.00529988633934576,0.003932360567739822,0.008967120784471443,0.002757411911585045,0.03255430246059117,2.0816681711721685e-17,0.0003444664902998236,0.0005235890652557319,6.12328026657386,1652.5376663973911
420001,0,1,M2+O,2,False,0.03392911510618546,0.996259961884662,0.9790548338377681,0.35,0.0,0.0,0.20160698210820557,0.07996574914082885,3.2510731095448135,0.2374085596203804,0.045232413939183466,0.0,5.129386593122035,8.666233093477786,0.14957239771906755,0.5966133679258058,11.893224613146693,3.7395079334790053,2.7573032416768384,0.3529468080730036,0.05342879018657722,0.1236788241713624,0.021716502100387478,0.07593366334208651,-0.043661051178225836,-0.014740866931047059,0.145613952160871,0.02176617539984059,0.8125,0.0031616255622899502,0.010458426152888474,1.7624949151529126,0.05882297366202145,0.06852864566164521,0.031169771988903507,0.0021740849335838376,0.019431331704541057,0.012808204176400348,0.003371228388064045,0.0053892251284617665,0.004049401752175221,0.00894131143910616,0.0026737353660109342,0.029062962634622255,2.0816681711721685e-17,0.00038580246913580245,0.0005373677248677248,6.130589747992192,1700.7271684216191
420001,0,1,M4,3,False,0.03392911510618546,0.996259961884662,0.9790548338377681,0.35,0.0,0.0,0.20160698210820557,0.07996574914082885,3.2510731095448135,0.2374085596203804,0.045232413939183466,0.0,5.129386593122035,8.666233093477786,0.14957239771906755,0.5966133679258058,11.893224613146693,3.7395079334790053,2.7573032416768384,0.3529468080730036,0.05342879018657722,0.1236788241713624,0.021716502100387478,0.07593366334208651,-0.043661051178225836,-0.014740866931047059,0.145613952160871,0.02176617539984059,0.8125,0.0031616255622899502,0.010458426152888474,1.7624949151529126,0.05882297366202145,0.06852864566164521,0.031169771988903507,0.0021740849335838376,0.019431331704541057,0.012808204176400348,0.003371228388064045,0.0053892251284617665,0.004049401752175221,0.00894131143910616,0.0026737353660109342,0.029062962634622255,2.0816681711721685e-17,0.00038580246913580245,0.0005373677248677248,6.130589747992192,1700.7271684216191
420001,0,2,M2,0,False,0.002691032798445215,0.996259961884662,0.9790548338377681,0.35,0.0,0.0,0.2289998285472393,0.06430660098791122,2.832480383478105,0.18366098158061503,0.0,0.0,5.41385539341718,6.8435773411765695,0.1667939644340309,0.5508952127356703,7.652676793545008,3.398692431826762,3.144389817809382,0.35199237224711294,0.06533123510257732,0.1447090057596564,0.04387304114881008,0.07112774760903919,-0.043219339487541496,-0.01220683289981668,0.22766743274272114,0.020857743329803214,0.8000000000000002,0.003827314853069937,0.010627412198529283,1.3615243693402412,0.05030535733455065,0.08358980878827327,0.04177519645268663,0.002221127491160271,0.019631951042288515,0.012319167963181618,0.003114288224879811,0.006108938392727785,0.004677272275881722,0.013820048798704486,0.003085525658844888,0.03378319623460881,2.0816681711721685e-17,1.3778659611992945e-05,1.3778659611992945e-05,3.0312170706655857,2022.6453287626791
420001,0,2,M3,1,False,0.002691032798445215,0.996259961884662,0.9790548338377681,0.35,0.0,0.0,0.2289998285472393,0.06430660098791122,2.832480383478105,0.18366098158061503,0.0,0.0,5.41385539341718,6.8435773411765695,0.1667939644340309,0.5508952127356703,7.652676793545008,3.398692431826762,3.144389817809382,0.35199237224711294,0.06533123510257732,0.1447090057596564,0.04387304114881008,0.07112774760903919,-0.043219339487541496,-0.01220683289981668,0.22766743274272114,0.020857743329803214,0.8000000000000002,0.003827314853069937,0.010627412198529283,1.3615243693402412,0.05030535733455065,0.08358980878827327,0.04177519645268663,0.002221127491160271,0.019631951042288515,0.012319167963181618,0.003114288224879811,0.006108938392727785,0.004677272275881722,0.013820048798704486,0.003085525658844888,0.03378319623460881,2.0816681711721685e-17,1.3778659611992945e-05,1.3778659611992945e-05,3.0312170706655857,2022.6453287626791
420001,0,2,M2+O,2,False,0.0024693861209041396,0.996259961884662,0.9790548338377681,0.35,0.0,0.0,0.2289998285472393,0.06430660098791122,2.832480383478105,0.18366098158061503,0.020691600694384325,0.0,5.41385539341718,6.8435773411765695,0.16673967233535927,0.5510123039296804,7.628828719764592,3.4037072273294418,3.1397289991554964,0.3373239021233287,0.06552763736048568,0.1454120669807184,0.044014148533629525,0.07107750400942399,-0.04289323514218266,-0.011950483751504681,0.22910044324959086,0.02106291157677621,0.7979166666666666,0.0038859483488393933,0.010839355393474642,1.354084228378208,0.0515165882461335,0.08160252605756071,0.04113468786167923,0.002188759547503713,0.01959221150567048,0.012154497072286228,0.0030467297923805195,0.006164020002133329,0.004739325712652269,0.013794993673860084,0.003035175690625978,0.03579824284544223,2.0816681711721685e-17,1.3778659611992945e-05,1.3778659611992945e-05,3.032880369200889,2028.9993972913355
420001,0,2,M4,3,False,0.0024693861209041396,0.996259961884662,0.9790548338377681,0.35,0.0,0.0,0.2289998285472393,0.06430660098791122,2.832480383478105,0.18366098158061503,0.020691600694384325,0.0,5.41385539341718,6.8435773411765695,0.16673967233535927,0.5510123039296804,7.628828719764592,3.4037072273294418,3.1397289991554964,0.3373239021233287,0.06552763736048568,0.1454120669807184,0.044014148533629525,0.07107750400942399,-0.04289323514218266,-0.011950483751504681,0.22910044324959086,0.02106291157677621,0.7979166666666666,0.0038859483488393933,0.010839355393474642,1.354084228378208,0.0515165882461335,0.08160252605756071,0.04113468786167923,0.002188759547503713,0.01959221150567048,0.012154497072286228,0.0030467297923805195,0.006164020002133329,0.004739325712652269,0.013794993673860084,0.003035175690625978,0.03579824284544223,2.0816681711721685e-17,1.3778659611992945e-05,1.3778659611992945e-05,3.032880369200889,2028.9993972913355
420001,0,3,M2,0,False,0.004489871440183531,0.996259961884662,0.9790548338377681,0.35,0.0,0.0,0.2933860388584435,0.07862174647394568,3.067900196649134,0.2593231426924467,0.0,0.0,6.15839353017509,7.984552980400622,0.1481088686837335,0.6068951345235479,12.286553809561127,3.726785807205191,2.796951770261932,0.4174660785553268,0.06396941473275715,0.1329549019155344,0.023713324612531964,0.0768503612802081,-0.03817490999178242,-0.008634898751458016,0.2065054827873607,0.03197095378522894,0.8770833333333333,0.004191156006008206,0.011463068966010313,1.8805816873469348,0.05299064905526992,0.07636756330206271,0.055583038621545844,0.002237148967162864,0.0197890213524791,0.011594142979633603,0.00340854098112217,0.0067917844094188985,0.004522805180876034,0.012622902680352068,0.0035512281484231475,0.0242606555602391,2.0816681711721685e-17,9.645061728395061e-05,0.00013778659611992945,5.384274462980783,9363.32551665609
420001,0,3,M3,1,False,0.004489871440183531,0.996259961884662,0.9790548338377681,0.35,0.0,0.0,0.2933860388584435,0.07862174647394568,3.067900196649134,0.2593231426924467,0.0,0.0,6.15839353017509,7.984552980400622,0.1481088686837335,0.6068951345235479,12.286553809561127,3.726785807205191,2.796951770261932,0.4174660785553268,0.06396941473275715,0.1329549019155344,0.023713324612531964,0.0768503612802081,-0.03817490999178242,-0.008634898751458016,0.2065054827873607,0.03197095378522894,0.8770833333333333,0.004191156006008206,0.011463068966010313,1.8805816873469348,0.05299064905526992,0.07636756330206271,0.055583038621545844,0.002237148967162864,0.0197890213524791,0.011594142979633603,0.00340854098112217,0.0067917844094188985,0.004522805180876034,0.012622902680352068,0.0035512281484231475,0.0242606555602391,2.0816681711721685e-17,9.645061728395061e-05,0.00013778659611992945,5.384274462980783,9363.32551665609
420001,0,3,M2+O,2,False,3.5943076471153836e-05,0.996259961884662,0.9790548338377681,0.35,0.0,0.0,0.2933860388584435,0.07862174647394568,3.067900196649134,0.2593231426924467,0.19329371660206118,0.0,6.15839353017509,7.984552980400622,0.14630825072352302,0.6046647780376023,12.345937937773002,3.7928449526800123,2.7535659698971613,0.4204787569081589,0.07059718536097746,0.12959525920199857,0.019819545481400285,0.07891489564104309,-0.0341002386876064,-0.004450809338400309,0.23577169968232656,0.03797203218577303,0.9104166666666665,0.004715586440983521,0.012001391055840945,1.7591720320647595,0.06124268547304135,0.07817321876597631,0.05537858165669348,0.002029503015244772,0.01977644082188496,0.01111797708943378,0.0027521116671378066,0.007290283342399984,0.004851276240579264,0.012359925631494803,0.0033485804830424523,0.01805265212627415,2.0816681711721685e-17,8.267195767195767e-05,0.00013778659611992945,5.635321236098252,9393.248366946467
420001,0,3,M4,3,False,3.5943076471153836e-05,0.996259961884662,0.9790548338377681,0.35,0.0,0.0,0.2933860388584435,0.07862174647394568,3.067900196649134,0.2593231426924467,0.19329371660206118,0.0,6.15839353017509,7.984552980400622,0.14630825072352302,0.6046647780376023,12.345937937773002,3.7928449526800123,2.7535659698971613,0.4204787569081589,0.07059718536097746,0.12959525920199857,0.019819545481400285,0.07891489564104309,-0.0341002386876064,-0.004450809338400309,0.23577169968232656,0.03797203218577303,0.9104166666666665,0.004715586440983521,0.012001391055840945,1.7591720320647595,0.06124268547304135,0.07817321876597631,0.05537858165669348,0.002029503015244772,0.01977644082188496,0.01111797708943378,0.0027521116671378066,0.007290283342399984,0.004851276240579264,0.012359925631494803,0.0033485804830424523,0.01805265212627415,2.0816681711721685e-17,8.267195767195767e-05,0.00013778659611992945,5.635321236098252,9393.248366946467
420001,0,4,M2,0,False,4.512879526492398e-06,0.996259961884662,0.9790548338377681,0.35,0.0,0.0,0.2773324431851506,0.06102733196690678,3.2200010089203714,0.24746617570519447,0.0,0.0,6.024978729896247,7.260679797269404,0.15693357564742852,0.5886805986716986,10.004401488052803,3.5883115783716217,2.9267046874932148,0.3676077540090908,0.07611496130200228,0.1549729950669313,0.03842791697898553,0.0748185413391122,-0.035909624815453074,-0.006742382486455985,0.23867723048722156,0.03027168496342994,0.8583333333333334,0.004330000475588215,0.012285318837043568,1.6166128550934384,0.05389344617301462,0.07762898012027956,0.04772554046125428,0.002456309291717819,0.01989089495102163,0.011359414546259534,0.0032441056823771567,0.007902673308845023,0.0049027184159614505,0.013954626389442351,0.00376809974529986,0.028499088891275986,2.0816681711721685e-17,2.755731922398589e-05,5.511463844797178e-05,4.309436170239403,7135.17434968986
420001,0,4,M3,1,False,4.512879526492398e-06,0.996259961884662,0.9790548338377681,0.35,0.0,0.0,0.2773324431851506,0.06102733196690678,3.2200010089203714,0.24746617570519447,0.0,0.0,6.024978729896247,7.260679797269404,0.15693357564742852,0.5886805986716986,10.004401488052803,3.5883115783716217,2.9267046874932148,0.3676077540090908,0.07611496130200228,0.1549729950669313,0.03842791697898553,0.0748185413391122,-0.035909624815453074,-0.006742382486455985,0.23867723048722156,0.03027168496342994,0.8583333333333334,0.004330000475588215,0.012285318837043568,1.6166128550934384,0.05389344617301462,0.07762898012027956,0.04772554046125428,0.002456309291717819,0.01989089495102163,0.011359414546259534,0.0032441056823771567,0.007902673308845023,0.0049027184159614505,0.013954626389442351,0.00376809974529986,0.028499088891275986,2.0816681711721685e-17,2.755731922398589e-05,5.511463844797178e-05,4.309436170239403,7135.17434968986
420001,0,4,M2+O,2,False,7.885732339995426e-05,0.996259961884662,0.9790548338377681,0.35,0.0,0.0,0.2773324431851506,0.06102733196690678,3.2200010089203714,0.24746617570519447,0.1806828490037143,0.0,6.024978729896247,7.260679797269404,0.15501082388789592,0.5916741142571024,10.129356058417345,3.6409297782477505,2.913517994821732,0.42231633501554433,0.08373339166641043,0.15073676985398476,0.0324339428828325,0.07694966510413258,-0.03130146860256533,-0.0027429425542380113,0.26938966118047075,0.03651456407783987,0.9020833333333332,0.004859918397573277,0.012633280796246031,1.5233487014452756,0.05690182315017467,0.0728030145921289,0.04463209499501719,0.002218816730106181,0.019827416050338824,0.011063316105379539,0.0025739922966095084,0.008392472449560519,0.005171786199447003,0.01347357714314114,0.003568517790173572,0.020072144938084197,2.0816681711721685e-17,4.1335978835978834e-05,5.511463844797178e-05,4.506558911634664,7168.463754325472
420001,0,4,M4,3,False,7.885732339995426e-05,0.996259961884662,0.9790548338377681,0.35,0.0,0.0,0.2773324431851506,0.06102733196690678,3.2200010089203714,0.24746617570519447,0.1806828490037143,0.0,6.024978729896247,7.260679797269404,0.15501082388789592,0.5916741142571024,10.129356058417345,3.6409297782477505,2.913517994821732,0.42231633501554433,0.08373339166641043,0.15073676985398476,0.0324339428828325,0.07694966510413258,-0.03130146860256533,-0.0027429425542380113,0.26938966118047075,0.03651456407783987,0.9020833333333332,0.004859918397573277,0.012633280796246031,1.5233487014452756,0.05690182315017467,0.0728030145921289,0.04463209499501719,0.002218816730106181,0.019827416050338824,0.011063316105379539,0.0025739922966095084,0.008392472449560519,0.005171786199447003,0.01347357714314114,0.003568517790173572,0.020072144938084197,2.0816681711721685e-17,4.1335978835978834e-05,5.511463844797178e-05,4.506558911634664,7168.463754325472
420001,0,5,M2,0,False,0.029142876895703104,0.996259961884662,0.9790548338377681,0.35,0.0,0.0,0.2378246164880693,0.0748634483339265,2.9850870983675124,0.19047712936997413,0.0,0.0,5.269471470266581,7.561110497452319,0.15929023086455305,0.5744648600543877,9.649476543817007,3.547842151193116,2.9729924393231975,0.3579749674589164,0.0546358435683831,0.12344089580605394,0.028030496612405947,0.07302497226601362,-0.04504480950574354,-0.014759718042236816,0.1919224786681051,0.022753043766483096,0.8229166666666666,0.0037124950223582425,0.00966690286876895,1.6101930004688232,0.04928785715499503,0.0811834643616979,0.040995618368065624,0.0020414796932378748,0.019573851045829187,0.0125484074069832,0.0032968904327887257,0.005159006202142465,0.004267718571732812,0.012149574887884693,0.0030035168697104563,0.028706909526965318,2.0816681711721685e-17,5.511463844797178e-05,0.00011022927689594356,4.055034522183319,1594.597005407915
420001,0,5,M3,1,False,0.029142876895703104,0.996259961884662,0.9790548338377681,0.35,0.0,0.0,0.2378246164880693,0.0748634483339265,2.9850870983675124,0.19047712936997413,0.0,0.0,5.269471470266581,7.561110497452319,0.15929023086455305,0.5744648600543877,9.649476543817007,3.547842151193116,2.9729924393231975,0.3579749674589164,0.0546358435683831,0.12344089580605394,0.028030496612405947,0.07302497226601362,-0.04504480950574354,-0.014759718042236816,0.1919224786681051,0.022753043766483096,0.8229166666666666,0.0037124950223582425,0.00966690286876895,1.6101930004688232,0.04928785715499503,0.0811834643616979,0.040995618368065624,0.0020414796932378748,0.019573851045829187,0.0125484074069832,0.0032968904327887257,0.005159006202142465,0.004267718571732812,0.012149574887884693,0.0030035168697104563,0.028706909526965318,2.0816681711721685e-17,5.511463844797178e-05,0.00011022927689594356,4.055034522183319,1594.597005407915
420001,0,5,M2+O,2,False,0.02772733203281783,0.996259961884662,0.9790548338377681,0.35,0.0,0.0,0.2378246164880693,0.0748634483339265,2.9850870983675124,0.19047712936997413,0.03528296146634178,0.0,5.269471470266581,7.561110497452319,0.15918356143447177,0.5725477656486718,9.592954460248988,3.5665438995551217,2.9666376900826514,0.3654455611990353,0.05501362654055945,0.1240921485473746,0.028369189426259128,0.07323303745416448,-0.04455618503017759,-0.014313319005451505,0.1944762695414964,0.023163109577626226,0.8312499999999999,0.0038082410017956005,0.009553240930964145,1.5900369752597905,0.054705774766141656,0.08148944919779803,0.04504032674494219,0.0019972829826218424,0.019518113725016595,0.012238583080324082,0.0031549938584558485,0.005229282999781565,0.004367435239778845,0.012145170288154884,0.002921870305974832,0.029459579899008864,2.0816681711721685e-17,5.511463844797178e-05,0.0001240079365079365,4.059639399943152,1596.3518701937246
420001,0,5,M4,3,False,0.02772733203281783,0.996259961884662,0.9790548338377681,0.35,0.0,0.0,0.2378246164880693,0.0748634483339265,2.9850870983675124,0.19047712936997413,0.03528296146634178,0.0,5.269471470266581,7.561110497452319,0.15918356143447177,0.5725477656486718,9.592954460248988,3.5665438995551217,2.9666376900826514,0.3654455611990353,0.05501362654055945,0.1240921485473746,0.028369189426259128,0.07323303745416448,-0.04455618503017759,-0.014313319005451505,0.1944762695414964,0.023163109577626226,0.8312499999999999,0.0038082410017956005,0.009553240930964145,1.5900369752597905,0.054705774766141656,0.08148944919779803,0.04504032674494219,0.0019972829826218424,0.019518113725016595,0.012238583080324082,0.0031549938584558485,0.005229282999781565,0.004367435239778845,0.012145170288154884,0.002921870305974832,0.029459579899008864,2.0816681711721685e-17,5.511463844797178e-05,0.0001240079365079365,4.059639399943152,1596.3518701937246
420001,0,6,M2,0,False,0.010520785420131826,0.996259961884662,0.9790548338377681,0.35,0.0,0.0,0.21834226027131082,0.07175303331110627,3.098974011652172,0.22922467060387136,0.0,0.0,5.734069987665862,6.390289471484721,0.156049446546324,0.5863586871416949,10.295774246737311,3.6137475051983627,2.9027293930152958,0.3702569397796946,0.060768620801685824,0.1390373796593574,0.033049665305042046,0.07449252102635642,-0.04246994622237291,-0.012476063783631036,0.1755716805748602,0.022489869521339422,0.8104166666666668,0.003420994903559327,0.0104507248592861,1.6546900584304727,0.04877213185498298,0.07121311238581521,0.043617059637305285,0.0022789956255592062,0.02002991245377226,0.012594225722281693,0.003342023717013239,0.006190198224129633,0.004361798761667578,0.010764173603887688,0.0030687795261178305,0.03241197201577977,2.0816681711721685e-17,5.511463844797178e-05,0.00011022927689594356,4.498633712492282,4011.3699801874372
420001,0,6,M3,1,False,0.010520785420131826,0.996259961884662,0.9790548338377681,0.35,0.0,0.0,0.21834226027131082,0.07175303331110627,3.098974011652172,0.22922467060387136,0.0,0.0,5.734069987665862,6.390289471484721,0.156049446546324,0.5863586871416949,10.295774246737311,3.6137475051983627,2.9027293930152958,0.3702569397796946,0.060768620801685824,0.1390373796593574,0.033049665305042046,0.07449252102635642,-0.04246994622237291,-0.012476063783631036,0.1755716805748602,0.022489869521339422,0.8104166666666668,0.003420994903559327,0.0104507248592861,1.6546900584304727,0.04877213185498298,0.07121311238581521,0.043617059637305285,0.0022789956255592062,0.02002991245377226,0.012594225722281693,0.003342023717013239,0.006190198224129633,0.004361798761667578,0.010764173603887688,0.0030687795261178305,0.03241197201577977,2.0816681711721685e-17,5.511463844797178e-05,0.00011022927689594356,4.498633712492282,4011.3699801874372
420001,0,6,M2+O,2,False,0.00880295141123356,0.996259961884662,0.9790548338377681,0.35,0.0,0.0,0.21834226027131082,0.07175303331110627,3.098974011652172,0.22922467060387136,0.05596634677516202,0.0,5.734069987665862,6.390289471484721,0.15584649520984736,0.584950008604551,10.214484362474954,3.6040524700080936,2.9162807420812005,0.4046708220848596,0.06155583595428229,0.13943551106849314,0.032412303918996944,0.07464160765713308,-0.04165705937841643,-0.01169897504613792,0.18050215415293902,0.02326166605181514,0.8312499999999999,0.003569531420905733,0.010822346614006734,1.6200173417422175,0.054337423150784554,0.07620221473852257,0.040587980349067666,0.002212204074098551,0.01985583852836475,0.012301751365559124,0.0030953075478019868,0.006330629475314887,0.004501063697493566,0.010673510932991532,0.0029686044159577527,0.030958788057206223,2.0816681711721685e-17,5.511463844797178e-05,0.00011022927689594356,4.512320333811264,4017.0979503169347
420001,0,6,M4,3,False,0.00880295141123356,0.996259961884662,0.9790548338377681,0.35,0.0,0.0,0.21834226027131082,0.07175303331110627,3.098974011652172,0.22922467060387136,0.05596634677516202,0.0,5.734069987665862,6.390289471484721,0.15584649520984736,0.584950008604551,10.214484362474954,3.6040524700080936,2.9162807420812005,0.4046708220848596,0.06155583595428229,0.13943551106849314,0.032412303918996944,0.07464160765713308,-0.04165705937841643,-0.01169897504613792,0.18050215415293902,0.02326166605181514,0.8312499999999999,0.003569531420905733,0.010822346614006734,1.6200173417422175,0.054337423150784554,0.07620221473852257,0.040587980349067666,0.002212204074098551,0.01985583852836475,0.012301751365559124,0.0030953075478019868,0.006330629475314887,0.004501063697493566,0.010673510932991532,0.0029686044159577527,0.030958788057206223,2.0816681711721685e-17,5.511463844797178e-05,0.00011022927689594356,4.512320333811264,4017.0979503169347
420001,0,7,M2,0,False,0.01950854024513453,0.996259961884662,0.9790548338377681,0.35,0.0,0.0,0.25462781311944127,0.08294289264827967,2.7334395976737142,0.21371863551437856,0.0,0.0,6.490372991655022,8.436539084650576,0.1552816622232765,0.5855252334283362,10.589215469891736,3.6306648789964076,2.8761100469082734,0.35397349119503674,0.05742943215341528,0.12733685567537387,0.02743738427117885,0.07462551831106128,-0.042320214473432705,-0.01209900011778206,0.19510833007087994,0.025652283183794172,0.8416666666666667,0.0038532976148433046,0.010033167772304799,1.7131930469287744,0.046992352007540504,0.07311080924014536,0.04084262635999506,0.0020844342514294563,0.019674871459405552,0.012289785322269368,0.0032976051388364193,0.005712796181134877,0.004371247149766714,0.012248173442802114,0.003157880112894112,0.02703102529506447,2.0816681711721685e-17,1.3778659611992945e-05,1.3778659611992945e-05,3.8773010906404686,18037.78407137981
420001,0,7,M3,1,False,0.01950854024513453,0.996259961884662,0.9790548338377681,0.35,0.0,0.0,0.25462781311944127,0.08294289264827967,2.7334395976737142,0.21371863551437856,0.0,0.0,6.490372991655022,8.436539084650576,0.1552816622232765,0.5855252334283362,10.589215469891736,3.6306648789964076,2.8761100469082734,0.35397349119503674,0.05742943215341528,0.12733685567537387,0.02743738427117885,0.07462551831106128,-0.042320214473432705,-0.01209900011778206,0.19510833007087994,0.025652283183794172,0.8416666666666667,0.0038532976148433046,0.010033167772304799,1.7131930469287744,0.046992352007540504,0.07311080924014536,0.04084262635999506,0.0020844342514294563,0.019674871459405552,0.012289785322269368,0.0032976051388364193,0.005712796181134877,0.004371247149766714,0.012248173442802114,0.003157880112894112,0.02703102529506447,2.0816681711721685e-17,1.3778659611992945e-05,1.3778659611992945e-05,3.8773010906404686,18037.78407137981
420001,0,7,M2+O,2,False,0.014768906596130171,0.996259961884662,0.9790548338377681,0.35,0.0,0.0,0.25462781311944127,0.08294289264827967,2.7334395976737142,0.21371863551437856,0.0818483628556123,0.0,6.490372991655022,8.436539084650576,0.15486705319153324,0.5855162097992405,10.504418955207017,3.6075874412551125,2.8730027801349536,0.38484277013617446,0.05906253487188854,0.12786226750436647,0.027267618129816634,0.07494280020757185,-0.04096656629525428,-0.010825207730880299,0.2038171038354505,0.02715721093558174,0.86875,0.004077538060417996,0.01013706966099171,1.6671667039832456,0.054884157736055,0.07650162815362908,0.04779957866267591,0.001984842997774902,0.019524975405594922,0.011744337301783963,0.0030113143514913215,0.005893107085882072,0.00456659180345665,0.012132508493439208,0.0030016812734931183,0.02514676125168558,2.0816681711721685e-17,1.3778659611992945e-05,2.755731922398589e-05,3.907795096129314,18056.516301065374
420001,0,7,M4,3,False,0.014768906596130171,0.996259961884662,0.9790548338377681,0.35,0.0,0.0,0.25462781311944127,0.08294289264827967,2.7334395976737142,0.21371863551437856,0.0818483628556123,0.0,6.490372991655022,8.436539084650576,0.15486705319153324,0.5855162097992405,10.504418955207017,3.6075874412551125,2.8730027801349536,0.38484277013617446,0.05906253487188854,0.12786226750436647,0.027267618129816634,0.07494280020757185,-0.04096656629525428,-0.010825207730880299,0.2038171038354505,0.02715721093558174,0.86875,0.004077538060417996,0.01013706966099171,1.6671667039832456,0.054884157736055,0.07650162815362908,0.04779957866267591,0.001984842997774902,0.019524975405594922,0.011744337301783963,0.0030113143514913215,0.005893107085882072,0.00456659180345665,0.012132508493439208,0.0030016812734931183,0.02514676125168558,2.0816681711721685e-17,1.3778659611992945e-05,2.755731922398589e-05,3.907795096129314,18056.516301065374
420001,0,8,M2,0,False,0.007304281381650712,0.996259961884662,0.9790548338377681,0.35,0.0,0.0,0.26037696758285167,0.06623911500442774,3.1390380073338746,0.19648031547665595,0.0,0.0,6.223864151164889,7.334144979715347,0.16102747974096754,0.5703486169400563,8.940276719220021,3.5115166233237027,3.0203765715244164,0.35961352014632375,0.06230814201955271,0.13425225110847303,0.03323209854208008,0.07283382638879973,-0.04346027937466749,-0.01187358886842485,0.22696275474959374,0.025638058383897152,0.84375,0.004121881203836331,0.010603281100379912,1.4768501339513813,0.05095287298444793,0.07956084655880456,0.04393457955921508,0.0021411741109226673,0.019553949644070513,0.012043807541429545,0.0032270261251520637,0.005919037441226524,0.004592269655767187,0.01390963164053532,0.003331418106419566,0.028759450242674487,2.0816681711721685e-17,0.0,1.3778659611992945e-05,4.0361722899654024,8958.745415951447
420001,0,8,M3,1,False,0.007304281381650712,0.996259961884662,0.9790548338377681,0.35,0.0,0.0,0.26037696758285167,0.06623911500442774,3.1390380073338746,0.19648031547665595,0.0,0.0,6.223864151164889,7.334144979715347,0.16102747974096754,0.5703486169400563,8.940276719220021,3.5115166233237027,3.0203765715244164,0.35961352014632375,0.06230814201955271,0.13425225110847303,0.03323209854208008,0.07283382638879973,-0.04346027937466749,-0.01187358886842485,0.22696275474959374,0.025638058383897152,0.84375,0.004121881203836331,0.010603281100379912,1.4768501339513813,0.05095287298444793,0.07956084655880456,0.04393457955921508,0.0021411741109226673,0.019553949644070513,0.012043807541429545,0.0032270261251520637,0.005919037441226524,0.004592269655767187,0.01390963164053532,0.003331418106419566,0.028759450242674487,2.0816681711721685e-17,0.0,1.3778659611992945e-05,4.0361722899654024,8958.745415951447
420001,0,8,M2+O,2,False,0.006382437130414543,0.996259961884662,0.9790548338377681,0.35,0.0,0.0,0.26037696758285167,0.06623911500442774,3.1390380073338746,0.19648031547665595,0.03941378565485458,0.0,6.223864151164889,7.334144979715347,0.16088793008151633,0.5682123461540597,8.89775404051226,3.514904250692871,3.0172306661484565,0.3592900605481732,0.06280988590101953,0.13521582552016892,0.03358860087254683,0.07304702080821134,-0.04282906076733891,-0.011399611040649611,0.23004239848887834,0.026151589691985378,0.8520833333333334,0.004230779557015484,0.010741613864509553,1.461358412864251,0.05437389389035155,0.07846721097193922,0.04488784824767332,0.0020838038560870363,0.019495461347477244,0.011769432611670783,0.0030660163341066364,0.006012795820935989,0.004688626775980771,0.013866981987941179,0.0032349490609523187,0.028942591644687096,2.0816681711721685e-17,0.0,1.3778659611992945e-05,4.043625603599145,9151.49325167573
420001,0,8,M4,3,False,0.006382437130414543,0.996259961884662,0.9790548338377681,0.35,0.0,0.0,0.26037696758285167,0.06623911500442774,3.1390380073338746,0.19648031547665595,0.03941378565485458,0.0,6.223864151164889,7.334144979715347,0.16088793008151633,0.5682123461540597,8.89775404051226,3.514904250692871,3.0172306661484565,0.3592900605481732,0.06280988590101953,0.13521582552016892,0.03358860087254683,0.07304702080821134,-0.04282906076733891,-0.011399611040649611,0.23004239848887834,0.026151589691985378,0.8520833333333334,0.004230779557015484,0.010741613864509553,1.461358412864251,0.05437389389035155,0.07846721097193922,0.04488784824767332,0.0020838038560870363,0.019495461347477244,0.011769432611670783,0.0030660163341066364,0.006012795820935989,0.004688626775980771,0.013866981987941179,0.0032349490609523187,0.028942591644687096,2.0816681711721685e-17,0.0,1.3778659611992945e-05,4.043625603599145,9151.49325167573
420001,0,9,M2,0,False,0.0037994642107117443,0.996259961884662,0.9790548338377681,0.35,0.0,0.0,0.22489707954227925,0.07692724628373981,2.7730619207024576,0.2408962793648243,0.0,0.0,5.490998988039792,7.869041427969933,0.15535686432661225,0.5922395057041715,10.519366611653822,3.6125239440966532,2.88525693628266,0.36409521654821003,0.06445241853536471,0.1440326208930501,0.03507017524786505,0.07466050868672201,-0.03964531003869754,-0.01049153746751189,0.1825926534904744,0.02391436025223742,0.8291666666666666,0.003515281169634139,0.011104005528016787,1.665491051177568,0.04949101094012818,0.07212243703240098,0.04155046331433516,0.0023391023397224316,0.020175683559336726,0.01235285225806058,0.0033077992002691578,0.006752825483500275,0.004477370327282957,0.011050039322225052,0.003150008511138531,0.03198118030529529,2.0816681711721685e-17,0.00013778659611992945,0.00016534391534391533,3.8266461110365806,2478.9219444841424
420001,0,9,M3,1,False,0.0037994642107117443,0.996259961884662,0.9790548338377681,0.35,0.0,0.0,0.22489707954227925,0.07692724628373981,2.7730619207024576,0.2408962793648243,0.0,0.0,5.490998988039792,7.869041427969933,0.15535686432661225,0.5922395057041715,10.519366611653822,3.6125239440966532,2.88525693628266,0.36409521654821003,0.06445241853536471,0.1440326208930501,0.03507017524786505,0.07466050868672201,-0.03964531003869754,-0.01049153746751189,0.1825926534904744,0.02391436025223742,0.8291666666666666,0.003515281169634139,0.011104005528016787,1.665491051177568,0.04949101094012818,0.07212243703240098,0.04155046331433516,0.0023391023397224316,0.020175683559336726,0.01235285225806058,0.0033077992002691578,0.006752825483500275,0.004477370327282957,0.011050039322225052,0.003150008511138531,0.03198118030529529,2.0816681711721685e-17,0.00013778659611992945,0.00016534391534391533,3.8266461110365806,2478.9219444841424
420001,0,9,M2+O,2,False,0.0012887447197774322,0.996259961884662,0.9790548338377681,0.35,0.0,0.0,0.22489707954227925,0.07692724628373981,2.7730619207024576,0.2408962793648243,0.09924992682199865,0.0,5.490998988039792,7.869041427969933,0.15479254723149882,0.5906951999618602,10.436417150400395,3.6535082387277735,2.8899353819396567,0.3735604871161738,0.06676908182861324,0.14358079730076054,0.03260744580356986,0.07540205227830842,-0.03792796007829146,-0.008734024268029604,0.19504247290747254,0.026011260853909656,0.8562500000000001,0.0037901879487461576,0.011418793786607455,1.606092600916816,0.062954185261108,0.07237885692822617,0.039207882860607175,0.002218196352614033,0.019895809461368156,0.012094586399387621,0.002849668010991167,0.007022074463016607,0.004690794649441156,0.010805291526859415,0.0030046579625920464,0.028122483784383243,2.0816681711721685e-17,0.0001240079365079365,0.0001515652557319224,3.872038591604216,2484.8861105939222
420001,0,9,M4,3,False,0.0012887447197774322,0.996259961884662,0.9790548338377681,0.35,0.0,0.0,0.22489707954227925,0.07692724628373981,2.7730619207024576,0.2408962793648243,0.09924992682199865,0.0,5.490998988039792,7.869041427969933,0.15479254723149882,0.5906951999618602,10.436417150400395,3.6535082387277735,2.8899353819396567,0.3735604871161738,0.06676908182861324,0.14358079730076054,0.03260744580356986,0.07540205227830842,-0.03792796007829146,-0.008734024268029604,0.19504247290747254,0.026011260853909656,0.8562500000000001,0.0037901879487461576,0.011418793786607455,1.606092600916816,0.062954185261108,0.07237885692822617,0.039207882860607175,0.002218196352614033,0.019895809461368156,0.012094586399387621,0.002849668010991167,0.007022074463016607,0.004690794649441156,0.010805291526859415,0.0030046579625920464,0.028122483784383243,2.0816681711721685e-17,0.0001240079365079365,0.0001515652557319224,3.872038591604216,2484.8861105939222
420001,0,10,M2,0,False,0.005590841173331301,0.996259961884662,0.9790548338377681,0.35,0.0,0.0,0.2443801517598331,0.06754384808242321,3.1797893855720756,0.21964385755360127,0.0,0.0,5.020357612986118,6.691643536090851,0.15798918147900157,0.5824868396667052,9.869534405122712,3.569124913626433,2.9376209447061883,0.34975205688696764,0.06327052650618316,0.1402401099620808,0.03392625704593108,0.07403725075066817,-0.04240849710536454,-0.011554917183076061,0.20316447666490575,0.02485373140887776,0.8270833333333334,0.0038199549251073358,0.010874214765582249,1.6226422738143196,0.047671539202910715,0.07357328737163908,0.0392213772766533,0.002264957724020012,0.01984104869265086,0.012187434032167335,0.0032913615849244934,0.006251477366471771,0.004515755537003463,0.012411761264646588,0.003236613095460108,0.03351118765528362,2.0816681711721685e-17,0.00016534391534391533,0.00019290123456790122,4.41588499767663,1017.6688263205921
420001,0,10,M3,1,False,0.005590841173331301,0.996259961884662,0.9790548338377681,0.35,0.0,0.0,0.2443801517598331,0.06754384808242321,3.1797893855720756,0.21964385755360127,0.0,0.0,5.020357612986118,6.691643536090851,0.15798918147900157,0.5824868396667052,9.869534405122712,3.569124913626433,2.9376209447061883,0.34975205688696764,0.06327052650618316,0.1402401099620808,0.03392625704593108,0.07403725075066817,-0.04240849710536454,-0.011554917183076061,0.20316447666490575,0.02485373140887776,0.8270833333333334,0.0038199549251073358,0.010874214765582249,1.6226422738143196,0.047671539202910715,0.07357328737163908,0.0392213772766533,0.002264957724020012,0.01984104869265086,0.012187434032167335,0.0032913615849244934,0.006251477366471771,0.004515755537003463,0.012411761264646588,0.003236613095460108,0.03351118765528362,2.0816681711721685e-17,0.00016534391534391533,0.00019290123456790122,4.41588499767663,1017.6688263205921
420001,0,10,M2+O,2,False,1.810932935551585e-05,0.996259961884662,0.9790548338377681,0.35,0.0,0.0,0.2443801517598331,0.06754384808242321,3.1797893855720756,0.21964385755360127,0.22120154879690973,0.0,5.020357612986118,6.691643536090851,0.1551479643273281,0.5835143421139942,10.10059025102812,3.6130337372250776,2.886657322134395,0.3940194908144034,0.07493760886547081,0.13331097504356582,0.027284724906324886,0.07625388334364307,-0.0362419487385226,-0.005480740584367798,0.25082209023130925,0.03432715106353268,0.9083333333333333,0.004532633685810945,0.011038187817252965,1.4867766348817772,0.04792211448335066,0.07525178667567599,0.03484262445362824,0.0020582799990227587,0.019939639730727834,0.01128403713344312,0.0027312641312912758,0.006906914986991877,0.004905105610118242,0.012481698917099198,0.003100600941255888,0.017201561551404666,2.0816681711721685e-17,0.00017912257495590828,0.000248015873015873,4.726103583220065,1075.4000183620958
420001,0,10,M4,3,False,1.810932935551585e-05,0.996259961884662,0.9790548338377681,0.35,0.0,0.0,0.2443801517598331,0.06754384808242321,3.1797893855720756,0.21964385755360127,0.22120154879690973,0.0,5.020357612986118,6.691643536090851,0.1551479643273281,0.5835143421139942,10.10059025102812,3.6130337372250776,2.886657322134395,0.3940194908144034,0.07493760886547081,0.13331097504356582,0.027284724906324886,0.07625388334364307,-0.0362419487385226,-0.005480740584367798,0.25082209023130925,0.03432715106353268,0.9083333333333333,0.004532633685810945,0.011038187817252965,1.4867766348817772,0.04792211448335066,0.07525178667567599,0.03484262445362824,0.0020582799990227587,0.019939639730727834,0.01128403713344312,0.0027312641312912758,0.006906914986991877,0.004905105610118242,0.012481698917099198,0.003100600941255888,0.017201561551404666,2.0816681711721685e-17,0.00017912257495590828,0.000248015873015873,4.726103583220065,1075.4000183620958
420001,0,11,M2,0,False,0.018940364671407323,0.996259961884662,0.9790548338377681,0.35,0.0,0.0,0.28308231513947246,0.08182962188962847,2.945610111951828,0.22273273594677448,0.0,0.0,5.752427791710943,8.503426149487495,0.15189800821651336,0.5918798648572285,11.453900747251465,3.685069428383875,2.8178352948882393,0.35156362626561005,0.05761384023038621,0.12322753962952242,0.02287562022288142,0.07560400895581286,-0.04169352434436693,-0.01128484616687484,0.20452519109109893,0.029269421053103973,0.8708333333333332,0.004128468710800734,0.01014887449879362,1.8124198929925288,0.05100707961399463,0.07224196491699379,0.03683401574786205,0.0020675238611355994,0.019527682449089475,0.011949410301938931,0.0033661221405494237,0.0057249994478797165,0.004380978387585406,0.012826287896602034,0.0033221701826450863,0.02552291288481007,2.0816681711721685e-17,8.267195767195767e-05,0.00013778659611992945,4.724229484076689,4171.340277747194
420001,0,11,M3,1,False,0.018940364671407323,0.996259961884662,0.9790548338377681,0.35,0.0,0.0,0.28308231513947246,0.08182962188962847,2.945610111951828,0.22273273594677448,0.0,0.0,5.752427791710943,8.503426149487495,0.15189800821651336,0.5918798648572285,11.453900747251465,3.685069428383875,2.8178352948882393,0.35156362626561005,0.05761384023038621,0.12322753962952242,0.02287562022288142,0.07560400895581286,-0.04169352434436693,-0.01128484616687484,0.20452519109109893,0.029269421053103973,0.8708333333333332,0.004128468710800734,0.01014887449879362,1.8124198929925288,0.05100707961399463,0.07224196491699379,0.03683401574786205,0.0020675238611355994,0.019527682449089475,0.011949410301938931,0.0033661221405494237,0.0057249994478797165,0.004380978387585406,0.012826287896602034,0.0033221701826450863,0.02552291288481007,2.0816681711721685e-17,8.267195767195767e-05,0.00013778659611992945,4.724229484076689,4171.340277747194
420001,0,11,M2+O,2,False,0.018490192131664973,0.996259961884662,0.9790548338377681,0.35,0.0,0.0,0.28308231513947246,0.08182962188962847,2.945610111951828,0.22273273594677448,0.024611350639674,0.0,5.752427791710943,8.503426149487495,0.15183761555471145,0.5913320468040254,11.410902301242922,3.691337990081857,2.8188078741535345,0.3650833498753299,0.0577619218720223,0.12361993243381819,0.022976787255682345,0.07569560760473158,-0.041382935859334814,-0.011034202593867753,0.20579508381232847,0.02946588699956774,0.8729166666666667,0.004189817657722738,0.01027269350071193,1.7987610653981954,0.0562228948751609,0.07161756535650358,0.04136903744463682,0.002036996977968638,0.019492048327258833,0.01177611196825459,0.0032617733499758213,0.00578208452364921,0.0044427294085793755,0.01283081759645585,0.0032708447517416413,0.02535600982606524,2.0816681711721685e-17,8.267195767195767e-05,0.00013778659611992945,4.726194736346167,4172.51558504363
420001,0,11,M4,3,False,0.018490192131664973,0.996259961884662,0.9790548338377681,0.35,0.0,0.0,0.28308231513947246,0.08182962188962847,2.945610111951828,0.22273273594677448,0.024611350639674,0.0,5.752427791710943,8.503426149487495,0.15183761555471145,0.5913320468040254,11.410902301242922,3.691337990081857,2.8188078741535345,0.3650833498753299,0.0577619218720223,0.12361993243381819,0.022976787255682345,0.07569560760473158,-0.041382935859334814,-0.011034202593867753,0.20579508381232847,0.02946588699956774,0.8729166666666667,0.004189817657722738,0.01027269350071193,1.7987610653981954,0.0562228948751609,0.07161756535650358,0.04136903744463682,0.002036996977968638,0.019492048327258833,0.01177611196825459,0.0032617733499758213,0.00578208452364921,0.0044427294085793755,0.01283081759645585,0.0032708447517416413,0.02535600982606524,2.0816681711721685e-17,8.267195767195767e-05,0.00013778659611992945,4.726194736346167,4172.51558504363
420001,0,12,M2,0,False,5.421782672019613e-06,0.996259961884662,0.9790548338377681,0.35,0.0,0.0,0.29935491690412164,0.07051171878352762,2.7982757639139892,0.23080004900693893,0.0,0.0,6.378210476133972,6.27442592382431,0.15729114868552582,0.584870015096998,9.829064437438136,3.5795846788972625,2.960319724986903,0.3921970376300965,0.07301465934965026,0.14633920280833776,0.03494808536467276,0.07425837404197656,-0.03686462275711647,-0.006621544472111385,0.256166848727306,0.03238788312685528,0.8791666666666668,0.004622299161628976,0.011588113843531447,1.5691885130255778,0.051912975938048334,0.08024219823870785,0.04481098389374526,0.002295628686591312,0.01972850588723744,0.011253383496311853,0.0031960690384265694,0.00741099092564199,0.004907890974090201,0.015124028055167637,0.003806174552197418,0.02461969185536529,2.0816681711721685e-17,0.0,2.755731922398589e-05,3.6265695157243307,12548.726832742766
420001,0,12,M3,1,False,5.421782672019613e-06,0.996259961884662,0.9790548338377681,0.35,0.0,0.0,0.29935491690412164,0.07051171878352762,2.7982757639139892,0.23080004900693893,0.0,0.0,6.378210476133972,6.27442592382431,0.15729114868552582,0.584870015096998,9.829064437438136,3.5795846788972625,2.960319724986903,0.3921970376300965,0.07301465934965026,0.14633920280833776,0.03494808536467276,0.07425837404197656,-0.03686462275711647,-0.006621544472111385,0.256166848727306,0.03238788312685528,0.8791666666666668,0.004622299161628976,0.011588113843531447,1.5691885130255778,0.051912975938048334,0.08024219823870785,0.04481098389374526,0.002295628686591312,0.01972850588723744,0.011253383496311853,0.0031960690384265694,0.00741099092564199,0.004907890974090201,0.015124028055167637,0.003806174552197418,0.02461969185536529,2.0816681711721685e-17,0.0,2.755731922398589e-05,3.6265695157243307,12548.726832742766
420001,0,12,M2+O,2,False,8.370947757353905e-06,0.996259961884662,0.9790548338377681,0.35,0.0,0.0,0.29935491690412164,0.07051171878352762,2.7982757639139892,0.23080004900693893,0.032109614985167255,0.0,6.378210476133972,6.27442592382431,0.15718513750640412,0.5843831004043892,9.80259725409987,3.5866351998053005,2.9562193438239155,0.39289411811388514,0.07332141158435362,0.14699945070152937,0.03500147731630078,0.07438976902197512,-0.0363550431254657,-0.006287190660104494,0.258243545900394,0.032719858870855795,0.8791666666666668,0.004706222301614309,0.011843355472470831,1.5607201795937957,0.05800345666843886,0.08328739721750436,0.05226986533040593,0.0022475475596276393,0.01967350012759676,0.011182244255479484,0.003056067501311769,0.007502774347965923,0.004986025983908488,0.015073245992880744,0.003735826910660846,0.02461969185536529,2.0816681711721685e-17,0.0,2.755731922398589e-05,3.632418159183682,12719.42162891651
420001,0,12,M4,3,False,8.370947757353905e-06,0.996259961884662,0.9790548338377681,0.35,0.0,0.0,0.29935491690412164,0.07051171878352762,2.7982757639139892,0.23080004900693893,0.032109614985167255,0.0,6.378210476133972,6.27442592382431,0.15718513750640412,0.5843831004043892,9.80259725409987,3.5866351998053005,2.9562193438239155,0.39289411811388514,0.07332141158435362,0.14699945070152937,0.03500147731630078,0.07438976902197512,-0.0363550431254657,-0.006287190660104494,0.258243545900394,0.032719858870855795,0.8791666666666668,0.004706222301614309,0.011843355472470831,1.5607201795937957,0.05800345666843886,0.08328739721750436,0.05226986533040593,0.0022475475596276393,0.01967350012759676,0.011182244255479484,0.003056067501311769,0.007502774347965923,0.004986025983908488,0.015073245992880744,0.003735826910660846,0.02461969185536529,2.0816681711721685e-17,0.0,2.755731922398589e-05,3.632418159183682,12719.42162891651
420001,0,13,M2,0,False,0.051203426388052184,0.996259961884662,0.9790548338377681,0.35,0.0,0.0,0.2357255432754755,0.0843245640071109,3.0317934952676295,0.20654045909643173,0.0,0.0,5.610234498512,8.927487328648567,0.15232806613082123,0.588743673861147,11.459933200102187,3.6966172016480043,2.824034210922379,0.3660373961320955,0.04963464329447622,0.11337598301722995,0.019825075662450144,0.07465380613648073,-0.04454633898080671,-0.015860461352336683,0.1630963216827557,0.022998914404583366,0.8270833333333334,0.0034849889917178867,0.009008687605785735,1.7866364871641216,0.05032588968100244,0.08029182406066498,0.04214165810382553,0.001993242896127451,0.01938023299166778,0.012700118327217819,0.0034987471218936176,0.004787961807671066,0.004000909125454303,0.010541308657465923,0.002840006455039894,0.027744167468179967,2.0816681711721685e-17,0.0001240079365079365,0.00013778659611992945,5.101261864496271,3170.3486967285244
420001,0,13,M3,1,False,0.051203426388052184,0.996259961884662,0.9790548338377681,0.35,0.0,0.0,0.2357255432754755,0.0843245640071109,3.0317934952676295,0.20654045909643173,0.0,0.0,5.610234498512,8.927487328648567,0.15232806613082123,0.588743673861147,11.459933200102187,3.6966172016480043,2.824034210922379,0.3660373961320955,0.04963464329447622,0.11337598301722995,0.019825075662450144,0.07465380613648073,-0.04454633898080671,-0.015860461352336683,0.1630963216827557,0.022998914404583366,0.8270833333333334,0.0034849889917178867,0.009008687605785735,1.7866364871641216,0.05032588968100244,0.08029182406066498,0.04214165810382553,0.001993242896127451,0.01938023299166778,0.012700118327217819,0.0034987471218936176,0.004787961807671066,0.004000909125454303,0.010541308657465923,0.002840006455039894,0.027744167468179967,2.0816681711721685e-17,0.0001240079365079365,0.00013778659611992945,5.101261864496271,3170.3486967285244
420001,0,13,M2+O,2,False,0.031162569017379012,0.996259961884662,0.9790548338377681,0.35,0.0,0.0,0.2357255432754755,0.0843245640071109,3.0317934952676295,0.20654045909643173,0.14585900465534243,0.0,5.610234498512,8.927487328648567,0.151226426227796,0.5889106544394475,11.36841014307339,3.6724948696376862,2.806852605016804,0.3855819884412746,0.05411236930688626,0.11171236576476501,0.01879260119160032,0.07515114403278503,-0.04195757961261345,-0.012613321614144843,0.18546010774254928,0.02723338055527026,0.8666666666666666,0.003907908596810418,0.009194041824040124,1.6788972439380512,0.05672157453216165,0.07773853413705596,0.053753335464956246,0.001862200385776572,0.0193149730415937,0.011855446836952332,0.003110802854751024,0.005062479012949131,0.004315892545924602,0.010459697742372279,0.0026452820929306863,0.025478512306882847,2.0816681711721685e-17,0.0001240079365079365,0.0001515652557319224,5.231162301731826,3190.308189170233
420001,0,13,M4,3,False,0.031162569017379012,0.996259961884662,0.9790548338377681,0.35,0.0,0.0,0.2357255432754755,0.0843245640071109,3.0317934952676295,0.20654045909643173,0.14585900465534243,0.0,5.610234498512,8.927487328648567,0.151226426227796,0.5889106544394475,11.36841014307339,3.6724948696376862,2.806852605016804,0.3855819884412746,0.05411236930688626,0.11171236576476501,0.01879260119160032,0.07515114403278503,-0.04195757961261345,-0.012613321614144843,0.18546010774254928,0.02723338055527026,0.8666666666666666,0.003907908596810418,0.009194041824040124,1.6788972439380512,0.05672157453216165,0.07773853413705596,0.053753335464956246,0.001862200385776572,0.0193149730415937,0.011855446836952332,0.003110802854751024,0.005062479012949131,0.004315892545924602,0.010459697742372279,0.0026452820929306863,0.025478512306882847,2.0816681711721685e-17,0.0001240079365079365,0.0001515652557319224,5.231162301731826,3190.308189170233
420001,0,14,M2,0,False,3.097175869440117e-08,0.996259961884662,0.9790548338377681,0.35,0.0,0.0,0.20833341283723714,0.062489898935891686,2.92039684318006,0.25279291801154613,0.0,0.0,5.331442344933748,7.0982246696949005,0.1595364420139063,0.5881896805797541,9.473835310377195,3.5495648487126683,2.960089558171834,0.3780670870755148,0.07703497139686197,0.1654129394884463,0.04820887101966442,0.07422747442941874,-0.034798899103717036,-0.007895815133349058,0.19570496103378895,0.022657644107561187,0.7999999999999999,0.0034644636076871537,0.012635854706615502,1.5092438353815154,0.04911617555213819,0.07163850289631907,0.04475233261628556,0.0026392567891122334,0.020366094098045,0.01219407788922289,0.003238911090211073,0.00812344327252458,0.004791801546797182,0.011280455678026515,0.0033073106765213493,0.03795019619586107,2.0816681711721685e-17,8.267195767195767e-05,0.0001515652557319224,3.5053521837443067,1802.803614617943
420001,0,14,M3,1,False,3.097175869440117e-08,0.996259961884662,0.9790548338377681,0.35,0.0,0.0,0.20833341283723714,0.062489898935891686,2.92039684318006,0.25279291801154613,0.0,0.0,5.331442344933748,7.0982246696949005,0.1595364420139063,0.5881896805797541,9.473835310377195,3.5495648487126683,2.960089558171834,0.3780670870755148,0.07703497139686197,0.1654129394884463,0.04820887101966442,0.07422747442941874,-0.034798899103717036,-0.007895815133349058,0.19570496103378895,0.022657644107561187,0.7999999999999999,0.0034644636076871537,0.012635854706615502,1.5092438353815154,0.04911617555213819,0.07163850289631907,0.04475233261628556,0.0026392567891122334,0.020366094098045,0.01219407788922289,0.003238911090211073,0.00812344327252458,0.004791801546797182,0.011280455678026515,0.0033073106765213493,0.03795019619586107,2.0816681711721685e-17,8.267195767195767e-05,0.0001515652557319224,3.5053521837443067,1802.803614617943
420001,0,14,M2+O,2,False,8.701545898905602e-06,0.996259961884662,0.9790548338377681,0.35,0.0,0.0,0.20833341283723714,0.062489898935891686,2.92039684318006,0.25279291801154613,0.09017833367092232,0.0,5.331442344933748,7.0982246696949005,0.15902695830748018,0.5900309204319297,9.406301977896735,3.587576192693509,2.970526292596967,0.3848790820023398,0.07921796958765608,0.16475307256498373,0.045061999498941796,0.07502278847875309,-0.03315522403841272,-0.006253695736157627,0.20744016410193247,0.02452064167555773,0.8375,0.0037179202484493574,0.012929028949172758,1.4584068706377133,0.05239760994878835,0.07430543701980523,0.04290224374195181,0.0025087508218727384,0.02001554540081976,0.012137613410869675,0.0027335272803323623,0.008388748429289406,0.004988518849825191,0.010921497702835948,0.0031811592075935537,0.03341249657742192,2.0816681711721685e-17,8.267195767195767e-05,0.00016534391534391533,3.5418567148921407,1807.3725635372157
420001,0,14,M4,3,False,8.701545898905602e-06,0.996259961884662,0.9790548338377681,0.35,0.0,0.0,0.20833341283723714,0.062489898935891686,2.92039684318006,0.25279291801154613,0.09017833367092232,0.0,5.331442344933748,7.0982246696949005,0.15902695830748018,0.5900309204319297,9.406301977896735,3.587576192693509,2.970526292596967,0.3848790820023398,0.07921796958765608,0.16475307256498373,0.045061999498941796,0.07502278847875309,-0.03315522403841272,-0.006253695736157627,0.20744016410193247,0.02452064167555773,0.8375,0.0037179202484493574,0.012929028949172758,1.4584068706377133,0.05239760994878835,0.07430543701980523,0.04290224374195181,0.0025087508218727384,0.02001554540081976,0.012137613410869675,0.0027335272803323623,0.008388748429289406,0.004988518849825191,0.010921497702835948,0.0031811592075935537,0.03341249657742192,2.0816681711721685e-17,8.267195767195767e-05,0.00016534391534391533,3.5418567148921407,1807.3725635372157
420001,0,15,M2,0,False,0.03656916573619453,0.996259961884662,0.9790548338377681,0.35,0.0,0.0,0.26893506180495025,0.07365114953368902,3.2870344676077363,0.18954758934676647,0.0,0.0,6.0987141309306026,8.098484382033348,0.15618561732658895,0.5812566506614236,10.402721676760194,3.5968256029464576,2.9000931386174877,0.34714163522455105,0.05278924050301163,0.11391448406027045,0.020739975736974132,0.07413807281602626,-0.0449706304373196,-0.014638022884935676,0.20229987563565718,0.02630965300582939,0.8562499999999998,0.004044176961688908,0.009509284919017359,1.7003166687493043,0.05385324663684839,0.0760823395681967,0.04245851166757898,0.001955001506671216,0.019267440123392286,0.012284785022737083,0.0034127879265626873,0.004900031324967931,0.004240014783366613,0.012875432461815616,0.003168536129872158,0.027305388463276525,2.0816681711721685e-17,1.3778659611992945e-05,4.1335978835978834e-05,5.2215668688491945,8270.4507230384
420001,0,15,M3,1,False,0.03656916573619453,0.996259961884662,0.9790548338377681,0.35,0.0,0.0,0.26893506180495025,0.07365114953368902,3.2870344676077363,0.18954758934676647,0.0,0.0,6.0987141309306026,8.098484382033348,0.15618561732658895,0.5812566506614236,10.402721676760194,3.5968256029464576,2.9000931386174877,0.34714163522455105,0.05278924050301163,0.11391448406027045,0.020739975736974132,0.07413807281602626,-0.0449706304373196,-0.014638022884935676,0.20229987563565718,0.02630965300582939,0.8562499999999998,0.004044176961688908,0.009509284919017359,1.7003166687493043,0.05385324663684839,0.0760823395681967,0.04245851166757898,0.001955001506671216,0.019267440123392286,0.012284785022737083,0.0034127879265626873,0.004900031324967931,0.004240014783366613,0.012875432461815616,0.003168536129872158,0.027305388463276525,2.0816681711721685e-17,1.3778659611992945e-05,4.1335978835978834e-05,5.2215668688491945,8270.4507230384
420001,0,15,M2+O,2,False,0.031556408922386314,0.996259961884662,0.9790548338377681,0.35,0.0,0.0,0.26893506180495025,0.07365114953368902,3.2870344676077363,0.18954758934676647,0.06948194053920671,0.0,6.0987141309306026,8.098484382033348,0.15585878830024122,0.5794712512472482,10.314544806894569,3.618066639542087,2.917440567521593,0.380101085278711,0.05401228871065877,0.11470677975512349,0.021285274090706782,0.07434086277578597,-0.0438833440103771,-0.013598102804743809,0.2089170607576396,0.027515633051483884,0.8708333333333332,0.004234938886272229,0.009665690051454276,1.6600287601686567,0.058097656650910254,0.07595402445795714,0.044457324876983846,0.0018697518799015555,0.019213800042857148,0.011660739862267358,0.003198718439161728,0.005014464890134325,0.004412081414369483,0.012837571850433485,0.0030130691582984236,0.025875374860175254,2.0816681711721685e-17,2.755731922398589e-05,5.511463844797178e-05,5.248716229588534,8271.979096046232
420001,0,15,M4,3,False,0.031556408922386314,0.996259961884662,0.9790548338377681,0.35,0.0,0.0,0.26893506180495025,0.07365114953368902,3.2870344676077363,0.18954758934676647,0.06948194053920671,0.0,6.0987141309306026,8.098484382033348,0.15585878830024122,0.5794712512472482,10.314544806894569,3.618066639542087,2.917440567521593,0.380101085278711,0.05401228871065877,0.11470677975512349,0.021285274090706782,0.07434086277578597,-0.0438833440103771,-0.013598102804743809,0.2089170607576396,0.027515633051483884,0.8708333333333332,0.004234938886272229,0.009665690051454276,1.6600287601686567,0.058097656650910254,0.07595402445795714,0.044457324876983846,0.0018697518799015555,0.019213800042857148,0.011660739862267358,0.003198718439161728,0.005014464890134325,0.004412081414369483,0.012837571850433485,0.0030130691582984236,0.025875374860175254,2.0816681711721685e-17,2.755731922398589e-05,5.511463844797178e-05,5.248716229588534,8271.979096046232
420001,0,16,M2,0,False,1.4072020799289844e-05,0.996259961884662,0.9790548338377681,0.35,0.0,0.0,0.27431888692080975,0.06181873608380556,2.745128928869963,0.22651283517479898,0.0,0.0,5.591213259845972,8.767512990161777,0.16264807430382064,0.5713119522127296,8.618490824959181,3.464463460548816,3.064468824448639,0.38718294517005963,0.08150674572117733,0.1622386853041151,0.04729489714553615,0.07289963563660247,-0.03426807902160637,-0.005779248618732319,0.26739151584088233,0.028833001401409156,0.8583333333333334,0.004480494715493198,0.012077396869155183,1.4553696543301877,0.05239655748249322,0.08555726627664806,0.0452098514246655,0.002486131642956932,0.01971280593746877,0.011252363162246965,0.003150967028318324,0.008128283920187811,0.005106784558488338,0.015357040629463383,0.00372220640758563,0.028339726473950975,2.0816681711721685e-17,2.755731922398589e-05,5.511463844797178e-05,3.04636281731946,2985.6453457397693
420001,0,16,M3,1,False,1.4072020799289844e-05,0.996259961884662,0.9790548338377681,0.35,0.0,0.0,0.27431888692080975,0.06181873608380556,2.745128928869963,0.22651283517479898,0.0,0.0,5.591213259845972,8.767512990161777,0.16264807430382064,0.5713119522127296,8.618490824959181,3.464463460548816,3.064468824448639,0.38718294517005963,0.08150674572117733,0.1622386853041151,0.04729489714553615,0.07289963563660247,-0.03426807902160637,-0.005779248618732319,0.26739151584088233,0.028833001401409156,0.8583333333333334,0.004480494715493198,0.012077396869155183,1.4553696543301877,0.05239655748249322,0.08555726627664806,0.0452098514246655,0.002486131642956932,0.01971280593746877,0.011252363162246965,0.003150967028318324,0.008128283920187811,0.005106784558488338,0.015357040629463383,0.00372220640758563,0.028339726473950975,2.0816681711721685e-17,2.755731922398589e-05,5.511463844797178e-05,3.04636281731946,2985.6453457397693
420001,0,16,M2+O,2,False,0.00015560701340037954,0.996259961884662,0.9790548338377681,0.35,0.0,0.0,0.27431888692080975,0.06181873608380556,2.745128928869963,0.22651283517479898,0.2121842301297775,0.0,5.591213259845972,8.767512990161777,0.15968095444083497,0.5806561013168611,8.958200601125995,3.548403532113413,2.9823898682792644,0.39999816195086896,0.09399629495793087,0.15383956568344972,0.03837069901917591,0.07593488320400987,-0.02761327139855918,-0.0006152416190947311,0.3094855130138295,0.037883186989067334,0.9125,0.005150790658519507,0.013018399749619575,1.3702958464902764,0.052891918008570224,0.07437804376873161,0.037758816882663374,0.0022338389380822023,0.019909853195829268,0.010923731408840502,0.0026215222211008926,0.008721137416518997,0.005362288933479943,0.014798174397946872,0.0035925217399875938,0.016553054799293265,2.0816681711721685e-17,4.1335978835978834e-05,4.1335978835978834e-05,3.2647457536728695,3015.991302574808
420001,0,16,M4,3,False,0.00015560701340037954,0.996259961884662,0.9790548338377681,0.35,0.0,0.0,0.27431888692080975,0.06181873608380556,2.745128928869963,0.22651283517479898,0.2121842301297775,0.0,5.591213259845972,8.767512990161777,0.15968095444083497,0.5806561013168611,8.958200601125995,3.548403532113413,2.9823898682792644,0.39999816195086896,0.09399629495793087,0.15383956568344972,0.03837069901917591,0.07593488320400987,-0.02761327139855918,-0.0006152416190947311,0.3094855130138295,0.037883186989067334,0.9125,0.005150790658519507,0.013018399749619575,1.3702958464902764,0.052891918008570224,0.07437804376873161,0.037758816882663374,0.0022338389380822023,0.019909853195829268,0.010923731408840502,0.0026215222211008926,0.008721137416518997,0.005362288933479943,0.014798174397946872,0.0035925217399875938,0.016553054799293265,2.0816681711721685e-17,4.1335978835978834e-05,4.1335978835978834e-05,3.2647457536728695,3015.991302574808
420001,0,17,M2,0,False,0.02391881624123837,0.996259961884662,0.9790548338377681,0.35,0.0,0.0,0.2107140221633017,0.07251564121339471,3.1294893007725477,0.21084689751267433,0.0,0.0,6.359143438749015,6.029857037588954,0.15748633206285065,0.5807454898805661,9.960953608274265,3.5931581702854287,2.9205842664303074,0.35972886382491503,0.05608086168062008,0.13157162709387862,0.0308512550321759,0.07384311807875645,-0.04476581086757044,-0.014720349277684302,0.16829376465734244,0.02065861275224676,0.8020833333333334,0.003320248503002756,0.009969547819679264,1.6204914027114685,0.04383989282792997,0.07238565982444403,0.039064795673959075,0.0021727125716617026,0.01983909206280762,0.01286538709686513,0.003346423434809135,0.005527769592083869,0.004214375794862659,0.010525732043091564,0.0029148431374329763,0.03275943921204883,2.0816681711721685e-17,1.3778659611992945e-05,1.3778659611992945e-05,4.52416219573237,13683.268730690537
420001,0,17,M3,1,False,0.02391881624123837,0.996259961884662,0.9790548338377681,0.35,0.0,0.0,0.2107140221633017,0.07251564121339471,3.1294893007725477,0.21084689751267433,0.0,0.0,6.359143438749015,6.029857037588954,0.15748633206285065,0.5807454898805661,9.960953608274265,3.5931581702854287,2.9205842664303074,0.35972886382491503,0.05608086168062008,0.13157162709387862,0.0308512550321759,0.07384311807875645,-0.04476581086757044,-0.014720349277684302,0.16829376465734244,0.02065861275224676,0.8020833333333334,0.003320248503002756,0.009969547819679264,1.6204914027114685,0.04383989282792997,0.07238565982444403,0.039064795673959075,0.0021727125716617026,0.01983909206280762,0.01286538709686513,0.003346423434809135,0.005527769592083869,0.004214375794862659,0.010525732043091564,0.0029148431374329763,0.03275943921204883,2.0816681711721685e-17,1.3778659611992945e-05,1.3778659611992945e-05,4.52416219573237,13683.268730690537
420001,0,17,M2+O,2,False,0.023424213704446608,0.996259961884662,0.9790548338377681,0.35,0.0,0.0,0.2107140221633017,0.07251564121339471,3.1294893007725477,0.21084689751267433,0.022073353820592844,0.0,6.359143438749015,6.029857037588954,0.15744095086476761,0.5793205541065926,9.921120992296858,3.592587846195747,2.920431860577162,0.37300233820824363,0.05622552610783202,0.1319674429491057,0.03081129782728988,0.07385389040250157,-0.04449429196785948,-0.014486766547213531,0.1695319581804086,0.020842053452032855,0.7999999999999999,0.0033769454663399086,0.010022540934725703,1.6068786202339358,0.04688809432633747,0.07576340727909066,0.036920402080383025,0.0021475318021328517,0.01974880851119999,0.012710784090669246,0.003253677400021212,0.005574650326811833,0.004277710137044623,0.010518509046474285,0.0028687724059189234,0.03283136534968715,2.0816681711721685e-17,1.3778659611992945e-05,2.755731922398589e-05,4.524935669027369,13701.128709813447
420001,0,17,M4,3,False,0.023424213704446608,0.996259961884662,0.9790548338377681,0.35,0.0,0.0,0.2107140221633017,0.07251564121339471,3.1294893007725477,0.21084689751267433,0.022073353820592844,0.0,6.359143438749015,6.029857037588954,0.15744095086476761,0.5793205541065926,9.921120992296858,3.592587846195747,2.920431860577162,0.37300233820824363,0.05622552610783202,0.1319674429491057,0.03081129782728988,0.07385389040250157,-0.04449429196785948,-0.014486766547213531,0.1695319581804086,0.020842053452032855,0.7999999999999999,0.0033769454663399086,0.010022540934725703,1.6068786202339358,0.04688809432633747,0.07576340727909066,0.036920402080383025,0.0021475318021328517,0.01974880851119999,0.012710784090669246,0.003253677400021212,0.005574650326811833,0.004277710137044623,0.010518509046474285,0.0028687724059189234,0.03283136534968715,2.0816681711721685e-17,1.3778659611992945e-05,2.755731922398589e-05,4.524935669027369,13701.128709813447
420001,0,18,M2,0,True,0.0,0.996259961884662,0.9790548338377681,0.35,0.0,0.0,0.2333221411332488,0.0694007444800809,2.9358963377773764,0.24959932155907155,0.0,0.0,6.073741978500038,7.956517500802875,0.15609077929781048,0.5927059918714891,10.25180717219465,3.601150718623634,2.8902771784628176,0.35600988493554536,0.07008006034908433,0.15196055728902663,0.038203462868364846,0.07481956570725219,-0.03755088856883559,-0.008880198745301179,0.19638926111769409,0.02520141610815686,0.8270833333333334,0.0036817135464825654,0.011816329595076476,1.630410263977422,0.051454770400560755,0.07144154032631476,0.047500111339408256,0.002442410174902347,0.0202374558246102,0.01205341501033581,0.0032849758112343725,0.00743125400000065,0.004651967070418693,0.011655508336975307,0.0033626969547899095,0.03241197201577977,2.0816681711721685e-17,4.1335978835978834e-05,5.511463844797178e-05,3.9578933237664935,7876.75602967905
420001,0,18,M3,1,True,0.0,0.996259961884662,0.9790548338377681,0.35,0.0,0.0,0.2333221411332488,0.0694007444800809,2.9358963377773764,0.24959932155907155,0.0,0.0,6.073741978500038,7.956517500802875,0.15609077929781048,0.5927059918714891,10.25180717219465,3.601150718623634,2.8902771784628176,0.35600988493554536,0.07008006034908433,0.15196055728902663,0.038203462868364846,0.07481956570725219,-0.03755088856883559,-0.008880198745301179,0.19638926111769409,0.02520141610815686,0.8270833333333334,0.0036817135464825654,0.011816329595076476,1.630410263977422,0.051454770400560755,0.07144154032631476,0.047500111339408256,0.002442410174902347,0.0202374558246102,0.01205341501033581,0.0032849758112343725,0.00743125400000065,0.004651967070418693,0.011655508336975307,0.0033626969547899095,0.03241197201577977,2.0816681711721685e-17,4.1335978835978834e-05,5.511463844797178e-05,3.9578933237664935,7876.75602967905
420001,0,18,M2+O,2,True,0.0,0.996259961884662,0.9790548338377681,0.35,0.0,0.0,0.2333221411332488,0.0694007444800809,2.9358963377773764,0.24959932155907155,0.04776055824152218,0.0,6.073741978500038,7.956517500802875,0.15592870090179978,0.5923799648392738,10.189719257562459,3.631414181747417,2.9210002052263953,0.4032419553192663,0.07066401626225964,0.15230018399679082,0.03735860566292301,0.07496697672666408,-0.036844503768041326,-0.008276065053679964,0.20016884369582613,0.02578975330212686,0.8354166666666666,0.003805309770314977,0.01211712888957339,1.60432283946862,0.055024460023112724,0.07627005194464363,0.05047081752629458,0.0023788689332711337,0.020054221570475983,0.011962859586506646,0.003017767230557673,0.0075637132870816646,0.0047598278839164135,0.011544793427501584,0.003284005031364498,0.03234203061720838,2.0816681711721685e-17,5.511463844797178e-05,5.511463844797178e-05,3.9674052608107857,7885.139240989087
420001,0,18,M4,3,True,0.0,0.996259961884662,0.9790548338377681,0.35,0.0,0.0,0.2333221411332488,0.0694007444800809,2.9358963377773764,0.24959932155907155,0.04776055824152218,0.0,6.073741978500038,7.956517500802875,0.15592870090179978,0.5923799648392738,10.189719257562459,3.631414181747417,2.9210002052263953,0.4032419553192663,0.07066401626225964,0.15230018399679082,0.03735860566292301,0.07496697672666408,-0.036844503768041326,-0.008276065053679964,0.20016884369582613,0.02578975330212686,0.8354166666666666,0.003805309770314977,0.01211712888957339,1.60432283946862,0.055024460023112724,0.07627005194464363,0.05047081752629458,0.0023788689332711337,0.020054221570475983,0.011962859586506646,0.003017767230557673,0.0075637132870816646,0.0047598278839164135,0.011544793427501584,0.003284005031364498,0.03234203061720838,2.0816681711721685e-17,5.511463844797178e-05,5.511463844797178e-05,3.9674052608107857,7885.139240989087
420001,0,19,M2,0,False,0.05128865627418554,0.996259961884662,0.9790548338377681,0.35,0.0,0.0,0.29389928011223676,0.0837265725620091,3.151984858140349,0.19276041217148304,0.0,0.0,5.306607499253005,6.847492961212993,0.15133858126140728,0.5930248177529234,11.788494193530681,3.6946692326906168,2.8319530770347314,0.3790377524832113,0.04961806020156758,0.10399215738140012,0.014213369098229484,0.07522763051223832,-0.043773288793979424,-0.014405071904171769,0.19941909431468643,0.029010544460402257,0.8791666666666668,0.004196103436685786,0.009328307917799978,1.8356970498194423,0.05989177196939819,0.07352684770584067,0.043788259804580495,0.001871616897045966,0.019036648145072915,0.01210022720099405,0.00354910902350289,0.00456595160557479,0.0041232079964497485,0.01287463406262575,0.0031524095158770677,0.023296425261221748,2.0816681711721685e-17,0.0001515652557319224,0.00020667989417989417,5.664132807181642,1819.0742592412143
420001,0,19,M3,1,False,0.05128865627418554,0.996259961884662,0.9790548338377681,0.35,0.0,0.0,0.29389928011223676,0.0837265725620091,3.151984858140349,0.19276041217148304,0.0,0.0,5.306607499253005,6.847492961212993,0.15133858126140728,0.5930248177529234,11.788494193530681,3.6946692326906168,2.8319530770347314,0.3790377524832113,0.04961806020156758,0.10399215738140012,0.014213369098229484,0.07522763051223832,-0.043773288793979424,-0.014405071904171769,0.19941909431468643,0.029010544460402257,0.8791666666666668,0.004196103436685786,0.009328307917799978,1.8356970498194423,0.05989177196939819,0.07352684770584067,0.043788259804580495,0.001871616897045966,0.019036648145072915,0.01210022720099405,0.00354910902350289,0.00456595160557479,0.0041232079964497485,0.01287463406262575,0.0031524095158770677,0.023296425261221748,2.0816681711721685e-17,0.0001515652557319224,0.00020667989417989417,5.664132807181642,1819.0742592412143
420001,0,19,M2+O,2,False,0.034868697493854676,0.996259961884662,0.9790548338377681,0.35,0.0,0.0,0.29389928011223676,0.0837265725620091,3.151984858140349,0.19276041217148304,0.13119263357491437,0.0,5.306607499253005,6.847492961212993,0.1503988935255359,0.5957472128300816,11.70607848278564,3.7080398675314528,2.7769973576184666,0.3753957657984958,0.05319435165580185,0.10337424764612226,0.014470601779855508,0.07549875301047915,-0.0414880425294423,-0.011778029048954926,0.21589376606504332,0.03233519745431287,0.9041666666666668,0.004556456907685774,0.009813230503473604,1.755135083044412,0.06458575741591323,0.0744593609678553,0.046542580461489964,0.0017315173723362644,0.019159460781492933,0.011150194897905695,0.003328345021206455,0.004780039381945794,0.004410447921608677,0.012794948653273104,0.0029248923779872154,0.02061479582152792,2.0816681711721685e-17,0.0001515652557319224,0.00019290123456790122,5.778100815088098,1820.366412758229
420001,0,19,M4,3,False,0.034868697493854676,0.996259961884662,0.9790548338377681,0.35,0.0,0.0,0.29389928011223676,0.0837265725620091,3.151984858140349,0.19276041217148304,0.13119263357491437,0.0,5.306607499253005,6.847492961212993,0.1503988935255359,0.5957472128300816,11.70607848278564,3.7080398675314528,2.7769973576184666,0.3753957657984958,0.05319435165580185,0.10337424764612226,0.014470601779855508,0.07549875301047915,-0.0414880425294423,-0.011778029048954926,0.21589376606504332,0.03233519745431287,0.9041666666666668,0.004556456907685774,0.009813230503473604,1.755135083044412,0.06458575741591323,0.0744593609678553,0.046542580461489964,0.0017315173723362644,0.019159460781492933,0.011150194897905695,0.003328345021206455,0.004780039381945794,0.004410447921608677,0.012794948653273104,0.0029248923779872154,0.02061479582152792,2.0816681711721685e-17,0.0001515652557319224,0.00019290123456790122,5.778100815088098,1820.366412758229
420001,0,20,M2,0,False,0.004929883641817875,0.996259961884662,0.9790548338377681,0.35,0.0,0.0,0.2853641238063574,0.066921036564745,3.004666529595852,0.18090405613183974,0.0,0.0,5.5569867682643235,7.624283714219928,0.16271435373243148,0.5636899826567386,8.665176525973836,3.4747183665636676,3.0740281699184138,0.3490585783501026,0.0636808182888348,0.12779384960628692,0.031498772045005785,0.07263465843894215,-0.04297879628279872,-0.010951241880732676,0.26048526721484583,0.02853110604153053,0.8645833333333334,0.004546606356926547,0.010723714632229124,1.5072160810080575,0.0510363725450591,0.07622807263375775,0.04422126528321846,0.0020603378135619845,0.01916587347328272,0.011770996330261572,0.0032279952987773757,0.0057851377829678296,0.004707946080130143,0.015703473970580216,0.0035335776610926966,0.024539078318761277,2.0816681711721685e-17,1.3778659611992945e-05,2.755731922398589e-05,3.6345900490114915,2769.7075224722576
420001,0,20,M3,1,False,0.004929883641817875,0.996259961884662,0.9790548338377681,0.35,0.0,0.0,0.2853641238063574,0.066921036564745,3.004666529595852,0.18090405613183974,0.0,0.0,5.5569867682643235,7.624283714219928,0.16271435373243148,0.5636899826567386,8.665176525973836,3.4747183665636676,3.0740281699184138,0.3490585783501026,0.0636808182888348,0.12779384960628692,0.031498772045005785,0.07263465843894215,-0.04297879628279872,-0.010951241880732676,0.26048526721484583,0.02853110604153053,0.8645833333333334,0.004546606356926547,0.010723714632229124,1.5072160810080575,0.0510363725450591,0.07622807263375775,0.04422126528321846,0.0020603378135619845,0.01916587347328272,0.011770996330261572,0.0032279952987773757,0.0057851377829678296,0.004707946080130143,0.015703473970580216,0.0035335776610926966,0.024539078318761277,2.0816681711721685e-17,1.3778659611992945e-05,2.755731922398589e-05,3.6345900490114915,2769.7075224722576
420001,0,20,M2+O,2,False,0.0025410837124835305,0.996259961884662,0.9790548338377681,0.35,0.0,0.0,0.2853641238063574,0.066921036564745,3.004666529595852,0.18090405613183974,0.07382451393861636,0.0,5.5569867682643235,7.624283714219928,0.16228369596403983,0.5612579193324133,8.62349268851939,3.492305756732625,3.080686163590599,0.3899604914437014,0.06546317533167563,0.1292918574324612,0.032175926629406604,0.07307272030946256,-0.0415018474165692,-0.009769683979799685,0.2684305847270376,0.02999335724054894,0.88125,0.0047600462728071445,0.010730725594717386,1.4827689914204414,0.056985874732839656,0.08046218458334643,0.049846084550135845,0.0019441624544847358,0.01920843567253848,0.011242773482606331,0.003004888866477948,0.0059597575283813495,0.004878972070365939,0.015516997466199884,0.003353125275416525,0.025681384590647633,2.0816681711721685e-17,1.3778659611992945e-05,4.1335978835978834e-05,3.66348614949082,2779.4146243957125
420001,0,20,M4,3,False,0.0025410837124835305,0.996259961884662,0.9790548338377681,0.35,0.0,0.0,0.2853641238063574,0.066921036564745,3.004666529595852,0.18090405613183974,0.07382451393861636,0.0,5.5569867682643235,7.624283714219928,0.16228369596403983,0.5612579193324133,8.62349268851939,3.492305756732625,3.080686163590599,0.3899604914437014,0.06546317533167563,0.1292918574324612,0.032175926629406604,0.07307272030946256,-0.0415018474165692,-0.009769683979799685,0.2684305847270376,0.02999335724054894,0.88125,0.0047600462728071445,0.010730725594717386,1.4827689914204414,0.056985874732839656,0.08046218458334643,0.049846084550135845,0.0019441624544847358,0.01920843567253848,0.011242773482606331,0.003004888866477948,0.0059597575283813495,0.004878972070365939,0.015516997466199884,0.003353125275416525,0.025681384590647633,2.0816681711721685e-17,1.3778659611992945e-05,4.1335978835978834e-05,3.66348614949082,2779.4146243957125
420001,0,21,M2,0,False,0.0035239265773402166,0.996259961884662,0.9790548338377681,0.35,0.0,0.0,0.24985972577705978,0.08074341848492622,2.7879210490733386,0.2564136388897896,0.0,0.0,6.2897146246396005,7.174714235588908,0.15120909428971624,0.6015776610112509,11.485480658567381,3.6822098799804266,2.816465714293949,0.395352780786223,0.06465735970923966,0.1396383015923332,0.029405415283349935,0.07604609302763299,-0.03802116680348955,-0.009325029410389414,0.18801610041032804,0.027203310169312617,0.85,0.0037441620177568343,0.011401851730185129,1.77082843035636,0.050267546493325724,0.07466697935480972,0.04716478430998427,0.0023105384762328414,0.020096381090704912,0.01199865328054169,0.0033303409978690007,0.00695145570075393,0.004485376158544279,0.01140331133933684,0.003326745474422462,0.029488391230979426,2.0816681711721685e-17,5.511463844797178e-05,6.889329805996472e-05,4.246508789492755,12133.689904059887
420001,0,21,M3,1,False,0.0035239265773402166,0.996259961884662,0.9790548338377681,0.35,0.0,0.0,0.24985972577705978,0.08074341848492622,2.7879210490733386,0.2564136388897896,0.0,0.0,6.2897146246396005,7.174714235588908,0.15120909428971624,0.6015776610112509,11.485480658567381,3.6822098799804266,2.816465714293949,0.395352780786223,0.06465735970923966,0.1396383015923332,0.029405415283349935,0.07604609302763299,-0.03802116680348955,-0.009325029410389414,0.18801610041032804,0.027203310169312617,0.85,0.0037441620177568343,0.011401851730185129,1.77082843035636,0.050267546493325724,0.07466697935480972,0.04716478430998427,0.0023105384762328414,0.020096381090704912,0.01199865328054169,0.0033303409978690007,0.00695145570075393,0.004485376158544279,0.01140331133933684,0.003326745474422462,0.029488391230979426,2.0816681711721685e-17,5.511463844797178e-05,6.889329805996472e-05,4.246508789492755,12133.689904059887
420001,0,21,M2+O,2,False,0.0027800206850318383,0.996259961884662,0.9790548338377681,0.35,0.0,0.0,0.24985972577705978,0.08074341848492622,2.7879210490733386,0.2564136388897896,0.05298770697682681,0.0,6.2897146246396005,7.174714235588908,0.15103018213737504,0.6009073412745759,11.409922577612242,3.6996281247174303,2.820705484318642,0.40914639485236554,0.06525466886837622,0.13985666869763172,0.02854807051763311,0.07620371973537342,-0.037289712320255554,-0.008653915342512914,0.19195296712572163,0.027848115651779855,0.8541666666666666,0.003876193751735068,0.01159841330398349,1.739152181008264,0.05649733275664184,0.07190509613248833,0.04299056275913122,0.0022471046447542177,0.01991359163554773,0.011868232343681853,0.0030734699227712983,0.007089708813167402,0.004603114931122139,0.011318643230749697,0.0032415526069018764,0.026736209140920734,2.0816681711721685e-17,5.511463844797178e-05,8.267195767195767e-05,4.258081067081385,12142.94071647853
420001,0,21,M4,3,False,0.0027800206850318383,0.996259961884662,0.9790548338377681,0.35,0.0,0.0,0.24985972577705978,0.08074341848492622,2.7879210490733386,0.2564136388897896,0.05298770697682681,0.0,6.2897146246396005,7.174714235588908,0.15103018213737504,0.6009073412745759,11.409922577612242,3.6996281247174303,2.820705484318642,0.40914639485236554,0.06525466886837622,0.13985666869763172,0.02854807051763311,0.07620371973537342,-0.037289712320255554,-0.008653915342512914,0.19195296712572163,0.027848115651779855,0.8541666666666666,0.003876193751735068,0.01159841330398349,1.739152181008264,0.05649733275664184,0.07190509613248833,0.04299056275913122,0.0022471046447542177,0.01991359163554773,0.011868232343681853,0.0030734699227712983,0.007089708813167402,0.004603114931122139,0.011318643230749697,0.0032415526069018764,0.026736209140920734,2.0816681711721685e-17,5.511463844797178e-05,8.267195767195767e-05,4.258081067081385,12142.94071647853
420001,0,22,M2,0,False,0.013843784817353363,0.996259961884662,0.9790548338377681,0.35,0.0,0.0,0.21934264209121468,0.06507959863170981,3.2768081992864606,0.20266117803752423,0.0,0.0,5.824183402583003,8.253249479457736,0.16077443809748426,0.572765761987717,9.140832232663058,3.523536395884021,3.0054955916909214,0.352710041336727,0.05941063472060001,0.1372188435042995,0.035197745299679145,0.07294273072777104,-0.04486391177326502,-0.014033352297373647,0.18812381009224718,0.02104359861547998,0.7979166666666666,0.003521620660405779,0.010331632397976432,1.5473668993180485,0.045406852047171424,0.07736490946594586,0.03786333706197052,0.0022087481049132872,0.019808641620832654,0.012614742405803025,0.003278993310031441,0.005750031878397966,0.004382106541382669,0.011639226960382412,0.0030289841958926547,0.03248176281329167,2.0816681711721685e-17,1.3778659611992945e-05,4.1335978835978834e-05,4.385934629715482,4772.540823963403
420001,0,22,M3,1,False,0.013843784817353363,0.996259961884662,0.9790548338377681,0.35,0.0,0.0,0.21934264209121468,0.06507959863170981,3.2768081992864606,0.20266117803752423,0.0,0.0,5.824183402583003,8.253249479457736,0.16077443809748426,0.572765761987717,9.140832232663058,3.523536395884021,3.0054955916909214,0.352710041336727,0.05941063472060001,0.1372188435042995,0.035197745299679145,0.07294273072777104,-0.04486391177326502,-0.014033352297373647,0.18812381009224718,0.02104359861547998,0.7979166666666666,0.003521620660405779,0.010331632397976432,1.5473668993180485,0.045406852047171424,0.07736490946594586,0.03786333706197052,0.0022087481049132872,0.019808641620832654,0.012614742405803025,0.003278993310031441,0.005750031878397966,0.004382106541382669,0.011639226960382412,0.0030289841958926547,0.03248176281329167,2.0816681711721685e-17,1.3778659611992945e-05,4.1335978835978834e-05,4.385934629715482,4772.540823963403
420001,0,22,M2+O,2,False,0.01294668491836226,0.996259961884662,0.9790548338377681,0.35,0.0,0.0,0.21934264209121468,0.06507959863170981,3.2768081992864606,0.20266117803752423,0.033084380497587614,0.0,5.824183402583003,8.253249479457736,0.16068032316516093,0.5705390236138712,9.090874055221924,3.5217646774700007,2.993571802349654,0.34642681258161784,0.059759484981763165,0.13789255174969384,0.0352287310233031,0.07310783380939943,-0.044390508126599844,-0.013630256274235428,0.19055396012094827,0.021413550788293684,0.8041666666666666,0.003611622200063472,0.010415283643181656,1.529112026873981,0.0482683420793798,0.07722834037006153,0.04002758815903535,0.0021663597356355517,0.019714067698537615,0.012363485158287111,0.003134947742389845,0.005826786028532988,0.004473545620215736,0.011610738399716273,0.0029567300979606477,0.03336728343549613,2.0816681711721685e-17,2.755731922398589e-05,5.511463844797178e-05,4.390015515547273,4773.830195522806
420001,0,22,M4,3,False,0.01294668491836226,0.996259961884662,0.9790548338377681,0.35,0.0,0.0,0.21934264209121468,0.06507959863170981,3.2768081992864606,0.20266117803752423,0.033084380497587614,0.0,5.824183402583003,8.253249479457736,0.16068032316516093,0.5705390236138712,9.090874055221924,3.5217646774700007,2.993571802349654,0.34642681258161784,0.059759484981763165,0.13789255174969384,0.0352287310233031,0.07310783380939943,-0.044390508126599844,-0.013630256274235428,0.19055396012094827,0.021413550788293684,0.8041666666666666,0.003611622200063472,0.010415283643181656,1.529112026873981,0.0482683420793798,0.07722834037006153,0.04002758815903535,0.0021663597356355517,0.019714067698537615,0.012363485158287111,0.003134947742389845,0.005826786028532988,0.004473545620215736,0.011610738399716273,0.0029567300979606477,0.03336728343549613,2.0816681711721685e-17,2.755731922398589e-05,5.511463844797178e-05,4.390015515547273,4773.830195522806
420001,0,23,M2,0,False,0.003763892214493237,0.996259961884662,0.9790548338377681,0.35,0.0,0.0,0.25806931434199215,0.07628014065790922,2.8931047920137645,0.23965651862323284,0.0,0.0,5.092159022577107,6.549499271437526,0.15393166357209823,0.595846793588744,10.900916080087873,3.6315095441183836,2.8590227309238387,0.3728476476842533,0.06447844886491168,0.139760194260281,0.030886305315111173,0.07530788859860812,-0.039819031273958846,-0.009818321678942003,0.20158391646450455,0.02735137917211096,0.8520833333333333,0.003906816231112317,0.011310405299511734,1.7237980043536087,0.047844048351921034,0.07379831788539573,0.04446200995777538,0.002286006011944619,0.019945210650370117,0.012034721342915734,0.0033203637471902305,0.006635831029745226,0.0045297296848536665,0.012276738244149673,0.0033178836795576087,0.029098652582647256,2.0816681711721685e-17,0.00019290123456790122,0.0002755731922398589,4.2210227112099075,1195.389632282049
420001,0,23,M3,1,False,0.003763892214493237,0.996259961884662,0.9790548338377681,0.35,0.0,0.0,0.25806931434199215,0.07628014065790922,2.8931047920137645,0.23965651862323284,0.0,0.0,5.092159022577107,6.549499271437526,0.15393166357209823,0.595846793588744,10.900916080087873,3.6315095441183836,2.8590227309238387,0.3728476476842533,0.06447844886491168,0.139760194260281,0.030886305315111173,0.07530788859860812,-0.039819031273958846,-0.009818321678942003,0.20158391646450455,0.02735137917211096,0.8520833333333333,0.003906816231112317,0.011310405299511734,1.7237980043536087,0.047844048351921034,0.07379831788539573,0.04446200995777538,0.002286006011944619,0.019945210650370117,0.012034721342915734,0.0033203637471902305,0.006635831029745226,0.0045297296848536665,0.012276738244149673,0.0033178836795576087,0.029098652582647256,2.0816681711721685e-17,0.00019290123456790122,0.0002755731922398589,4.2210227112099075,1195.389632282049
420001,0,23,M2+O,2,False,8.658822197928148e-06,0.996259961884662,0.9790548338377681,0.35,0.0,0.0,0.25806931434199215,0.07628014065790922,2.8931047920137645,0.23965651862323284,0.16454687114128402,0.0,5.092159022577107,6.549499271437526,0.15246442126534968,0.594125629432646,10.92865163281723,3.677260896196524,2.836105810881977,0.3752684213048072,0.0703426716199629,0.13707903342041663,0.02689289566492331,0.07673312979732522,-0.03625438082785778,-0.006257988099129432,0.22828831213335268,0.032458929200300045,0.8875000000000001,0.004383660524089517,0.011616859021763357,1.6284628752020667,0.06005469901142632,0.07953019729725887,0.047310244484379656,0.0020956240792171176,0.019845341616405523,0.011428507541612383,0.0027714173909143117,0.007081375871339869,0.004829494178453529,0.011991066116660615,0.003115400656816619,0.020687898163776395,2.0816681711721685e-17,0.0002204585537918871,0.00028935185185185184,4.37033028890679,1280.7278192593876
420001,0,23,M4,3,False,8.658822197928148e-06,0.996259961884662,0.9790548338377681,0.35,0.0,0.0,0.25806931434199215,0.07628014065790922,2.8931047920137645,0.23965651862323284,0.16454687114128402,0.0,5.092159022577107,6.549499271437526,0.15246442126534968,0.594125629432646,10.92865163281723,3.677260896196524,2.836105810881977,0.3752684213048072,0.0703426716199629,0.13707903342041663,0.02689289566492331,0.07673312979732522,-0.03625438082785778,-0.006257988099129432,0.22828831213335268,0.032458929200300045,0.8875000000000001,0.004383660524089517,0.011616859021763357,1.6284628752020667,0.06005469901142632,0.07953019729725887,0.047310244484379656,0.0020956240792171176,0.019845341616405523,0.011428507541612383,0.0027714173909143117,0.007081375871339869,0.004829494178453529,0.011991066116660615,0.003115400656816619,0.020687898163776395,2.0816681711721685e-17,0.0002204585537918871,0.00028935185185185184,4.37033028890679,1280.7278192593876
420001,0,24,M2,0,False,0.004134660392274609,0.996259961884662,0.9790548338377681,0.35,0.0,0.0,0.25229498287662866,0.07130121480673551,3.2424582408741114,0.25054258555173875,0.0,0.0,5.1947883064858615,7.697029176168144,0.15195413343597897,0.6006136411755055,11.328861801453664,3.6672439074840835,2.8273192475690383,0.3795344516838704,0.06421288075313596,0.13968748022382588,0.02914140995176402,0.07595015718931893,-0.04020608875175916,-0.010266119907592032,0.19122746386958767,0.027112844252137825,0.84375,0.003783139040975451,0.011464193380340708,1.7501232287681525,0.048855514318150155,0.07424990358282109,0.04297160667166871,0.0023381824380693085,0.019942214078116107,0.012051639348299155,0.003396014319830295,0.006661496872442847,0.004447525354221709,0.011609613831670931,0.003309608483887019,0.03059087495373061,2.0816681711721685e-17,0.00023423721340388006,0.0003444664902998236,5.3062677866133,1500.4262429273776
420001,0,24,M3,1,False,0.004134660392274609,0.996259961884662,0.9790548338377681,0.35,0.0,0.0,0.25229498287662866,0.07130121480673551,3.2424582408741114,0.25054258555173875,0.0,0.0,5.1947883064858615,7.697029176168144,0.15195413343597897,0.6006136411755055,11.328861801453664,3.6672439074840835,2.8273192475690383,0.3795344516838704,0.06421288075313596,0.13968748022382588,0.02914140995176402,0.07595015718931893,-0.04020608875175916,-0.010266119907592032,0.19122746386958767,0.027112844252137825,0.84375,0.003783139040975451,0.011464193380340708,1.7501232287681525,0.048855514318150155,0.07424990358282109,0.04297160667166871,0.0023381824380693085,0.019942214078116107,0.012051639348299155,0.003396014319830295,0.006661496872442847,0.004447525354221709,0.011609613831670931,0.003309608483887019,0.03059087495373061,2.0816681711721685e-17,0.00023423721340388006,0.0003444664902998236,5.3062677866133,1500.4262429273776
420001,0,24,M2+O,2,False,0.0038983289445622344,0.996259961884662,0.9790548338377681,0.35,0.0,0.0,0.25229498287662866,0.07130121480673551,3.2424582408741114,0.25054258555173875,0.027300393382453058,0.0,5.1947883064858615,7.697029176168144,0.15188945511474147,0.5994374461768609,11.285366461835006,3.6781493237373404,2.8289898293207085,0.38527313587584516,0.06438070605405323,0.13996474618991353,0.02884323236123193,0.07599345750167408,-0.03986159514357187,-0.010001749108729733,0.192695453770051,0.02733737621873659,0.84375,0.0038499680341628245,0.01170514985573315,1.7346917576281968,0.05444713063309844,0.07407670308241403,0.04013862290001855,0.0023045472291867057,0.019857777645284534,0.011952563869355792,0.003269638450831625,0.006736041399343302,0.004519934265881711,0.01158917483216893,0.003259792709604272,0.030442464739575372,2.0816681711721685e-17,0.000248015873015873,0.00033068783068783067,5.308497312180961,1550.4833161281276
420001,0,24,M4,3,False,0.0038983289445622344,0.996259961884662,0.9790548338377681,0.35,0.0,0.0,0.25229498287662866,0.07130121480673551,3.2424582408741114,0.25054258555173875,0.027300393382453058,0.0,5.1947883064858615,7.697029176168144,0.15188945511474147,0.5994374461768609,11.285366461835006,3.6781493237373404,2.8289898293207085,0.38527313587584516,0.06438070605405323,0.13996474618991353,0.02884323236123193,0.07599345750167408,-0.03986159514357187,-0.010001749108729733,0.192695453770051,0.02733737621873659,0.84375,0.0038499680341628245,0.01170514985573315,1.7346917576281968,0.05444713063309844,0.07407670308241403,0.04013862290001855,0.0023045472291867057,0.019857777645284534,0.011952563869355792,0.003269638450831625,0.006736041399343302,0.004519934265881711,0.01158917483216893,0.003259792709604272,0.030442464739575372,2.0816681711721685e-17,0.000248015873015873,0.00033068783068783067,5.308497312180961,1550.4833161281276
420001,0,25,M2,0,False,0.05160062995728579,0.996259961884662,0.9790548338377681,0.35,0.0,0.0,0.2128114739432931,0.0819786664703861,2.857141142897308,0.18745961993932725,0.0,0.0,5.950249812100083,7.481925803236663,0.15789760580744364,0.5767358563226216,10.059994966287846,3.5848311132505537,2.9217160394809647,0.34662063872472965,0.049555805160045686,0.11652928788051835,0.024699009083238913,0.07315303765275796,-0.04576560839959214,-0.01700350104510154,0.16237034308979673,0.019796420983151708,0.8020833333333334,0.0033143792340902113,0.008881326282971592,1.644842630265414,0.047803905160678985,0.07869812955643499,0.04023821676749391,0.0019849004876281683,0.01959625144625927,0.013066483863258656,0.003344820485310357,0.004711848206203591,0.004012346665033787,0.010492121750862617,0.0027369229826347667,0.03149061952959148,2.0816681711721685e-17,1.3778659611992945e-05,4.1335978835978834e-05,4.018498942289276,6148.765045353911
420001,0,25,M3,1,False,0.05160062995728579,0.996259961884662,0.9790548338377681,0.35,0.0,0.0,0.2128114739432931,0.0819786664703861,2.857141142897308,0.18745961993932725,0.0,0.0,5.950249812100083,7.481925803236663,0.15789760580744364,0.5767358563226216,10.059994966287846,3.5848311132505537,2.9217160394809647,0.34662063872472965,0.049555805160045686,0.11652928788051835,0.024699009083238913,0.07315303765275796,-0.04576560839959214,-0.01700350104510154,0.16237034308979673,0.019796420983151708,0.8020833333333334,0.0033143792340902113,0.008881326282971592,1.644842630265414,0.047803905160678985,0.07869812955643499,0.04023821676749391,0.0019849004876281683,0.01959625144625927,0.013066483863258656,0.003344820485310357,0.004711848206203591,0.004012346665033787,0.010492121750862617,0.0027369229826347667,0.03149061952959148,2.0816681711721685e-17,1.3778659611992945e-05,4.1335978835978834e-05,4.018498942289276,6148.765045353911
420001,0,25,M2+O,2,False,0.006849272960190209,0.996259961884662,0.9790548338377681,0.35,0.0,0.0,0.2128114739432931,0.0819786664703861,2.857141142897308,0.18745961993932725,0.23350648217868042,0.0,5.950249812100083,7.481925803236663,0.1547911037044224,0.5815353299768284,10.262282831107983,3.6040657924012245,2.8961480257481775,0.4292151332245579,0.0625515698984591,0.10938872907027047,0.02036822903612348,0.07533369555013524,-0.03955213589522857,-0.009719205380519506,0.2192749970802912,0.030751821426886677,0.8937499999999999,0.004116646401983308,0.009371589321782897,1.4663377120631444,0.056529335452508975,0.07921609597750687,0.04311956687593445,0.0018629318594920845,0.019577193779462536,0.011379401643950713,0.002725385309749687,0.005286306400721561,0.004519402434986605,0.011208281740945231,0.0027051247498945967,0.021767983569813076,2.0816681711721685e-17,4.1335978835978834e-05,4.1335978835978834e-05,4.345327162727199,6150.2907610518205
420001,0,25,M4,3,False,0.006849272960190209,0.996259961884662,0.9790548338377681,0.35,0.0,0.0,0.2128114739432931,0.0819786664703861,2.857141142897308,0.18745961993932725,0.23350648217868042,0.0,5.950249812100083,7.481925803236663,0.1547911037044224,0.5815353299768284,10.262282831107983,3.6040657924012245,2.8961480257481775,0.4292151332245579,0.0625515698984591,0.10938872907027047,0.02036822903612348,0.07533369555013524,-0.03955213589522857,-0.009719205380519506,0.2192749970802912,0.030751821426886677,0.8937499999999999,0.004116646401983308,0.009371589321782897,1.4663377120631444,0.056529335452508975,0.07921609597750687,0.04311956687593445,0.0018629318594920845,0.019577193779462536,0.011379401643950713,0.002725385309749687,0.005286306400721561,0.004519402434986605,0.011208281740945231,0.0027051247498945967,0.021767983569813076,2.0816681711721685e-17,4.1335978835978834e-05,4.1335978835978834e-05,4.345327162727199,6150.2907610518205
420001,0,26,M2,0,False,3.40534011624225e-08,0.996259961884662,0.9790548338377681,0.35,0.0,0.0,0.24332936750724912,0.0601364664407447,3.038868862576783,0.23370719604194165,0.0,0.0,6.421457636170089,8.555320414714515,0.1611762201407321,0.577140298836563,8.763691258254022,3.5096400049815024,2.9982550790878846,0.3656046795095269,0.0761211716157983,0.16145257521317466,0.046254527230215746,0.07308731819236082,-0.03685477232025434,-0.007890754903153564,0.2275551896882503,0.02512834339693405,0.8375,0.0039672909355823694,0.011871304362422777,1.376446683468321,0.05235259772392543,0.07757721360851567,0.04312154858083796,0.0025027060995791548,0.020064773166227148,0.011751630510151555,0.0032373666018587948,0.0077858799211179795,0.004899374444600474,0.013294746671238275,0.0034627884880166692,0.03174427941160925,2.0816681711721685e-17,0.0,0.0,3.5817143000781115,10235.556570319139
420001,0,26,M3,1,False,3.40534011624225e-08,0.996259961884662,0.9790548338377681,0.35,0.0,0.0,0.24332936750724912,0.0601364664407447,3.038868862576783,0.23370719604194165,0.0,0.0,6.421457636170089,8.555320414714515,0.1611762201407321,0.577140298836563,8.763691258254022,3.5096400049815024,2.9982550790878846,0.3656046795095269,0.0761211716157983,0.16145257521317466,0.046254527230215746,0.07308731819236082,-0.03685477232025434,-0.007890754903153564,0.2275551896882503,0.02512834339693405,0.8375,0.0039672909355823694,0.011871304362422777,1.376446683468321,0.05235259772392543,0.07757721360851567,0.04312154858083796,0.0025027060995791548,0.020064773166227148,0.011751630510151555,0.0032373666018587948,0.0077858799211179795,0.004899374444600474,0.013294746671238275,0.0034627884880166692,0.03174427941160925,2.0816681711721685e-17,0.0,0.0,3.5817143000781115,10235.556570319139
420001,0,26,M2+O,2,False,1.2451116849461733e-05,0.996259961884662,0.9790548338377681,0.35,0.0,0.0,0.24332936750724912,0.0601364664407447,3.038868862576783,0.23370719604194165,0.10576962002334488,0.0,6.421457636170089,8.555320414714515,0.16043467082738522,0.5792344077580901,8.728722966961861,3.5491475990067336,3.020351126902318,0.39365686633904007,0.07933310089267503,0.16095172304081865,0.04321085887606779,0.07392521721130933,-0.034578106943887195,-0.005911060504578997,0.2425794952661187,0.027705083038532623,0.8562500000000001,0.004276695941801743,0.012308636507465434,1.321139372336772,0.051308327620150626,0.08122118278481592,0.046391164214698334,0.0023428683102048624,0.019840004933585315,0.011558272272746146,0.002702520675244127,0.008086474085364953,0.005116814208827105,0.01289569384331277,0.003300816345520674,0.02828307029332903,2.0816681711721685e-17,0.0,1.3778659611992945e-05,3.6367398638698756,13636.001479251072
420001,0,26,M4,3,False,1.2451116849461733e-05,0.996259961884662,0.9790548338377681,0.35,0.0,0.0,0.24332936750724912,0.0601364664407447,3.038868862576783,0.23370719604194165,0.10576962002334488,0.0,6.421457636170089,8.555320414714515,0.16043467082738522,0.5792344077580901,8.728722966961861,3.5491475990067336,3.020351126902318,0.39365686633904007,0.07933310089267503,0.16095172304081865,0.04321085887606779,0.07392521721130933,-0.034578106943887195,-0.005911060504578997,0.2425794952661187,0.027705083038532623,0.8562500000000001,0.004276695941801743,0.012308636507465434,1.321139372336772,0.051308327620150626,0.08122118278481592,0.046391164214698334,0.0023428683102048624,0.019840004933585315,0.011558272272746146,0.002702520675244127,0.008086474085364953,0.005116814208827105,0.01289569384331277,0.003300816345520674,0.02828307029332903,2.0816681711721685e-17,0.0,1.3778659611992945e-05,3.6367398638698756,13636.001479251072
420001,0,27,M2,0,False,0.00479168180392677,0.996259961884662,0.9790548338377681,0.35,0.0,0.0,0.27959060072898867,0.07443597162142396,2.8240300370380282,0.20929500870406628,0.0,0.0,5.6652919836342335,6.6171028492972255,0.15813193618787438,0.5800221801622385,9.838648038649643,3.565438616021023,2.962572062661245,0.36372563772340755,0.06377002226233458,0.13388241963931358,0.03136164162930811,0.07404145861936205,-0.041151181714205155,-0.009943118321780723,0.23318418965925305,0.028821916676892767,0.8645833333333334,0.004314565632849659,0.010704317572072231,1.6509669950919115,0.05314819424973885,0.07846582366756744,0.04379725978144587,0.002136742115313831,0.01962703671442944,0.01179781409564189,0.003211129605373441,0.006232151039885669,0.004651620041335552,0.014244654367182311,0.0034800942614719495,0.026320069811442883,2.0816681711721685e-17,5.511463844797178e-05,5.511463844797178e-05,3.717590725442568,3477.328910745436
420001,0,27,M3,1,False,0.00479168180392677,0.996259961884662,0.9790548338377681,0.35,0.0,0.0,0.27959060072898867,0.07443597162142396,2.8240300370380282,0.20929500870406628,0.0,0.0,5.6652919836342335,6.6171028492972255,0.15813193618787438,0.5800221801622385,9.838648038649643,3.565438616021023,2.962572062661245,0.36372563772340755,0.06377002226233458,0.13388241963931358,0.03136164162930811,0.07404145861936205,-0.041151181714205155,-0.009943118321780723,0.23318418965925305,0.028821916676892767,0.8645833333333334,0.004314565632849659,0.010704317572072231,1.6509669950919115,0.05314819424973885,0.07846582366756744,0.04379725978144587,0.002136742115313831,0.01962703671442944,0.01179781409564189,0.003211129605373441,0.006232151039885669,0.004651620041335552,0.014244654367182311,0.0034800942614719495,0.026320069811442883,2.0816681711721685e-17,5.511463844797178e-05,5.511463844797178e-05,3.717590725442568,3477.328910745436
420001,0,27,M2+O,2,False,0.003993075683281807,0.996259961884662,0.9790548338377681,0.35,0.0,0.0,0.27959060072898867,0.07443597162142396,2.8240300370380282,0.20929500870406628,0.04330821162106339,0.0,5.6652919836342335,6.6171028492972255,0.1579718215371458,0.579047314384895,9.788284754232274,3.571399566368619,2.931809570852838,0.3557492817376871,0.06431282908340337,0.13473697658560743,0.031677411394068385,0.07421155459626227,-0.040462765641443924,-0.009439137869170737,0.23645904219749,0.029353570756260827,0.8729166666666667,0.0044311133558576285,0.01098498025829844,1.6326690824453083,0.05699013610791625,0.07878418103601885,0.040834268799644774,0.002074097844089106,0.01959556150599548,0.011548421711309138,0.0030501368638416,0.0063415557658229324,0.004759757173918865,0.01419201909309232,0.003379770887819456,0.02553400096565381,2.0816681711721685e-17,5.511463844797178e-05,5.511463844797178e-05,3.7265323196357336,3477.853961466331
420001,0,27,M4,3,False,0.003993075683281807,0.996259961884662,0.9790548338377681,0.35,0.0,0.0,0.27959060072898867,0.07443597162142396,2.8240300370380282,0.20929500870406628,0.04330821162106339,0.0,5.6652919836342335,6.6171028492972255,0.1579718215371458,0.579047314384895,9.788284754232274,3.571399566368619,2.931809570852838,0.3557492817376871,0.06431282908340337,0.13473697658560743,0.031677411394068385,0.07421155459626227,-0.040462765641443924,-0.009439137869170737,0.23645904219749,0.029353570756260827,0.8729166666666667,0.0044311133558576285,0.01098498025829844,1.6326690824453083,0.05699013610791625,0.07878418103601885,0.040834268799644774,0.002074097844089106,0.01959556150599548,0.011548421711309138,0.0030501368638416,0.0063415557658229324,0.004759757173918865,0.01419201909309232,0.003379770887819456,0.02553400096565381,2.0816681711721685e-17,5.511463844797178e-05,5.511463844797178e-05,3.7265323196357336,3477.853961466331
420001,0,28,M2,0,False,8.61672023593747e-07,0.996259961884662,0.9790548338377681,0.35,0.0,0.0,0.2879540531896055,0.06390389675740152,2.9761056745424868,0.21736293151974678,0.0,0.0,5.157286320813,8.887301716022193,0.16055793988903216,0.574003012385291,9.183213831932255,3.5060771911426847,3.035474994092963,0.3940555392657518,0.07370702694877389,0.14812818813212217,0.03856251384611139,0.07331518384918884,-0.03826533372778657,-0.007450468359348837,0.26242300265995494,0.030429146819279006,0.8624999999999999,0.004567348751535102,0.011345667437164673,1.5719668406439053,0.04980373377391577,0.08054271729802415,0.044368825004888576,0.002314047745280564,0.0195893444217879,0.011324197306413581,0.003173687606918583,0.007209070487317324,0.004930148191188364,0.015413206024505365,0.003736712346808126,0.027295019984276046,2.0816681711721685e-17,5.511463844797178e-05,0.00013778659611992945,3.6206351555998046,1275.8043667783375
420001,0,28,M3,1,False,8.61672023593747e-07,0.996259961884662,0.9790548338377681,0.35,0.0,0.0,0.2879540531896055,0.06390389675740152,2.9761056745424868,0.21736293151974678,0.0,0.0,5.157286320813,8.887301716022193,0.16055793988903216,0.574003012385291,9.183213831932255,3.5060771911426847,3.035474994092963,0.3940555392657518,0.07370702694877389,0.14812818813212217,0.03856251384611139,0.07331518384918884,-0.03826533372778657,-0.007450468359348837,0.26242300265995494,0.030429146819279006,0.8624999999999999,0.004567348751535102,0.011345667437164673,1.5719668406439053,0.04980373377391577,0.08054271729802415,0.044368825004888576,0.002314047745280564,0.0195893444217879,0.011324197306413581,0.003173687606918583,0.007209070487317324,0.004930148191188364,0.015413206024505365,0.003736712346808126,0.027295019984276046,2.0816681711721685e-17,5.511463844797178e-05,0.00013778659611992945,3.6206351555998046,1275.8043667783375
420001,0,28,M2+O,2,False,5.820659290336483e-06,0.996259961884662,0.9790548338377681,0.35,0.0,0.0,0.2879540531896055,0.06390389675740152,2.9761056745424868,0.21736293151974678,0.06325366420519049,0.0,5.157286320813,8.887301716022193,0.16023886660287853,0.5734169656034706,9.140598184305134,3.511193514087758,3.037043830907209,0.3865634474752535,0.0749295999847021,0.1490731840619602,0.03874768062411096,0.07383113697958117,-0.037069831006275436,-0.006571738281151355,0.2684277495402227,0.03145959744658135,0.8729166666666667,0.004743056135146262,0.012079858834439423,1.5500266594323118,0.060219254746589214,0.08914172828154679,0.05314883793329952,0.0022145510317255206,0.019602308526105984,0.011162189189953401,0.0029029149941913633,0.00739785997032748,0.005074465591371793,0.015232701326812537,0.0036001989696659354,0.027083333333333334,2.0816681711721685e-17,6.889329805996472e-05,0.00013778659611992945,3.6419163963236194,1277.523412566862
420001,0,28,M4,3,False,5.820659290336483e-06,0.996259961884662,0.9790548338377681,0.35,0.0,0.0,0.2879540531896055,0.06390389675740152,2.9761056745424868,0.21736293151974678,0.06325366420519049,0.0,5.157286320813,8.887301716022193,0.16023886660287853,0.5734169656034706,9.140598184305134,3.511193514087758,3.037043830907209,0.3865634474752535,0.0749295999847021,0.1490731840619602,0.03874768062411096,0.07383113697958117,-0.037069831006275436,-0.006571738281151355,0.2684277495402227,0.03145959744658135,0.8729166666666667,0.004743056135146262,0.012079858834439423,1.5500266594323118,0.060219254746589214,0.08914172828154679,0.05314883793329952,0.0022145510317255206,0.019602308526105984,0.011162189189953401,0.0029029149941913633,0.00739785997032748,0.005074465591371793,0.015232701326812537,0.0036001989696659354,0.027083333333333334,2.0816681711721685e-17,6.889329805996472e-05,0.00013778659611992945,3.6419163963236194,1277.523412566862
420001,0,29,M2,0,False,0.03354103516898629,0.996259961884662,0.9790548338377681,0.35,0.0,0.0,0.22657124940305948,0.07770606227219105,3.1914641311392185,0.22060196593403816,0.0,0.0,5.900983674451709,6.290362942032516,0.15277194438261676,0.5898315979356575,11.191714945218592,3.6901007841364755,2.8346179526991784,0.36896536905457467,0.05351720943320614,0.12306847298467649,0.023895901092251856,0.07497445216685185,-0.044204529089025245,-0.014773964661560328,0.16353873380902656,0.022768816556235114,0.8229166666666666,0.00340933944409669,0.009694274190166913,1.7562093315419434,0.04761114679327536,0.07577413234544804,0.03841883425363916,0.0021138109699065403,0.01961951412154249,0.01270975736182484,0.0034744242601590183,0.005301573814625579,0.004104854855401842,0.01035085189159291,0.002924846952082684,0.027906931030066855,2.0816681711721685e-17,5.511463844797178e-05,0.00013778659611992945,5.386949748603651,5599.256192159563
420001,0,29,M3,1,False,0.03354103516898629,0.996259961884662,0.9790548338377681,0.35,0.0,0.0,0.22657124940305948,0.07770606227219105,3.1914641311392185,0.22060196593403816,0.0,0.0,5.900983674451709,6.290362942032516,0.15277194438261676,0.5898315979356575,11.191714945218592,3.6901007841364755,2.8346179526991784,0.36896536905457467,0.05351720943320614,0.12306847298467649,0.023895901092251856,0.07497445216685185,-0.044204529089025245,-0.014773964661560328,0.16353873380902656,0.022768816556235114,0.8229166666666666,0.00340933944409669,0.009694274190166913,1.7562093315419434,0.04761114679327536,0.07577413234544804,0.03841883425363916,0.0021138109699065403,0.01961951412154249,0.01270975736182484,0.0034744242601590183,0.005301573814625579,0.004104854855401842,0.01035085189159291,0.002924846952082684,0.027906931030066855,2.0816681711721685e-17,5.511463844797178e-05,0.00013778659611992945,5.386949748603651,5599.256192159563
420001,0,29,M2+O,2,False,0.027469395845486563,0.996259961884662,0.9790548338377681,0.35,0.0,0.0,0.22657124940305948,0.07770606227219105,3.1914641311392185,0.22060196593403816,0.08459327775939506,0.0,5.900983674451709,6.290362942032516,0.1523744537034927,0.5893049747110152,11.075831099110445,3.656411253583876,2.80820129232409,0.35846143165244254,0.055083495505030645,0.12307295042410622,0.02341802259711107,0.0752307804477485,-0.04295612269899569,-0.013351388392205232,0.17253979646193152,0.02433299151849916,0.8374999999999999,0.003637589493068362,0.009624479395265,1.6955262309125905,0.055757735784276626,0.06838279533578638,0.04038874260663789,0.002026678582686136,0.019442087678975702,0.012210213383982425,0.003152390123699309,0.005473378583590092,0.0043034402010828764,0.010260447737226511,0.0027826973977843864,0.028432796433757238,2.0816681711721685e-17,5.511463844797178e-05,0.0001240079365079365,5.4257785354547785,5611.095589927422
420001,0,29,M4,3,False,0.027469395845486563,0.996259961884662,0.9790548338377681,0.35,0.0,0.0,0.22657124940305948,0.07770606227219105,3.1914641311392185,0.22060196593403816,0.08459327775939506,0.0,5.900983674451709,6.290362942032516,0.1523744537034927,0.5893049747110152,11.075831099110445,3.656411253583876,2.80820129232409,0.35846143165244254,0.055083495505030645,0.12307295042410622,0.02341802259711107,0.0752307804477485,-0.04295612269899569,-0.013351388392205232,0.17253979646193152,0.02433299151849916,0.8374999999999999,0.003637589493068362,0.009624479395265,1.6955262309125905,0.055757735784276626,0.06838279533578638,0.04038874260663789,0.002026678582686136,0.019442087678975702,0.012210213383982425,0.003152390123699309,0.005473378583590092,0.0043034402010828764,0.010260447737226511,0.0027826973977843864,0.028432796433757238,2.0816681711721685e-17,5.511463844797178e-05,0.0001240079365079365,5.4257785354547785,5611.095589927422
420001,0,30,M2,0,False,0.003259732840952963,0.996259961884662,0.9790548338377681,0.35,0.0,0.0,0.20396394031122328,0.06831493912264705,2.7050672242417932,0.19935442693531513,0.0,0.0,6.180342321749777,8.211909952573478,0.16500575364309172,0.561973676178404,7.970511000195625,3.4390196007628773,3.0747712755350123,0.3227371315806469,0.06486153369070898,0.15073200049950533,0.046459844384825866,0.07147307110197305,-0.04247444279669869,-0.012177952418599904,0.19682082727468767,0.018830464517890763,0.78125,0.003418478943183831,0.010575459395068376,1.33500664861191,0.04941532128519435,0.07825158081764258,0.03624760937341563,0.002307119941469906,0.020148217283794,0.012596412583008268,0.0031683826262700926,0.006359762515465733,0.004590935918828004,0.011944513023064282,0.0029293971152832333,0.03348865533627596,2.0816681711721685e-17,0.0,0.0,2.992111144216608,6374.347917604253
420001,0,30,M3,1,False,0.003259732840952963,0.996259961884662,0.9790548338377681,0.35,0.0,0.0,0.20396394031122328,0.06831493912264705,2.7050672242417932,0.19935442693531513,0.0,0.0,6.180342321749777,8.211909952573478,0.16500575364309172,0.561973676178404,7.970511000195625,3.4390196007628773,3.0747712755350123,0.3227371315806469,0.06486153369070898,0.15073200049950533,0.046459844384825866,0.07147307110197305,-0.04247444279669869,-0.012177952418599904,0.19682082727468767,0.018830464517890763,0.78125,0.003418478943183831,0.010575459395068376,1.33500664861191,0.04941532128519435,0.07825158081764258,0.03624760937341563,0.002307119941469906,0.020148217283794,0.012596412583008268,0.0031683826262700926,0.006359762515465733,0.004590935918828004,0.011944513023064282,0.0029293971152832333,0.03348865533627596,2.0816681711721685e-17,0.0,0.0,2.992111144216608,6374.347917604253
420001,0,30,M2+O,2,True,0.0,0.996259961884662,0.9790548338377681,0.35,0.0,0.0,0.20396394031122328,0.06831493912264705,2.7050672242417932,0.19935442693531513,0.13821592361242302,0.0,6.180342321749777,8.211909952573478,0.16373178733111676,0.560596759874116,7.978496816419063,3.4767511939500033,3.07698245135891,0.3891369784769692,0.07108467648849519,0.14866633683477734,0.04208492904801011,0.07269206592071009,-0.03898659874660083,-0.008836506286562996,0.22505342867681408,0.023342210039188033,0.8354166666666667,0.003873925690411406,0.010779488227842119,1.25493756199704,0.05362920503592042,0.08092848195177785,0.04198546490096267,0.002132360973279893,0.01983593103266713,0.01194435380858124,0.002598523402558814,0.006742174702390884,0.0049063269893181915,0.01162782670677711,0.0027768505183842543,0.032060739268074574,2.0816681711721685e-17,0.0,0.0,3.076386380193622,7254.203156273245
420001,0,30,M4,3,True,0.0,0.996259961884662,0.9790548338377681,0.35,0.0,0.0,0.20396394031122328,0.06831493912264705,2.7050672242417932,0.19935442693531513,0.13821592361242302,0.0,6.180342321749777,8.211909952573478,0.16373178733111676,0.560596759874116,7.978496816419063,3.4767511939500033,3.07698245135891,0.3891369784769692,0.07108467648849519,0.14866633683477734,0.04208492904801011,0.07269206592071009,-0.03898659874660083,-0.008836506286562996,0.22505342867681408,0.023342210039188033,0.8354166666666667,0.003873925690411406,0.010779488227842119,1.25493756199704,0.05362920503592042,0.08092848195177785,0.04198546490096267,0.002132360973279893,0.01983593103266713,0.01194435380858124,0.002598523402558814,0.006742174702390884,0.0049063269893181915,0.01162782670677711,0.0027768505183842543,0.032060739268074574,2.0816681711721685e-17,0.0,0.0,3.076386380193622,7254.203156273245
420001,0,31,M2,0,False,0.013811499014742625,0.996259961884662,0.9790548338377681,0.35,0.0,0.0,0.26837446838617324,0.07948992118705064,3.089864686690271,0.2436104691773653,0.0,0.0,5.435849939007312,6.96216984372586,0.1497188213699907,0.6008055688066705,11.942289173339889,3.722229964821434,2.8075533029403794,0.38747101203318035,0.059422989930069316,0.1290439873213267,0.02361795639295818,0.07644211070680186,-0.040999228688565294,-0.011017245714914798,0.1898070604665646,0.02827566792692519,0.8583333333333334,0.003890653837502193,0.010722197558862957,1.8324182734421248,0.05034932371698693,0.0746132449427863,0.04365136986615091,0.0021924999253293905,0.01970592997244593,0.012047486005410389,0.0034361564758064443,0.006098862573517829,0.004338697889289616,0.011786085890076603,0.0032544306530219564,0.02736406896883943,2.0816681711721685e-17,0.00017912257495590828,0.00026179453262786595,5.351913160435466,2352.496515803794
420001,0,31,M3,1,False,0.013811499014742625,0.996259961884662,0.9790548338377681,0.35,0.0,0.0,0.26837446838617324,0.07948992118705064,3.089864686690271,0.2436104691773653,0.0,0.0,5.435849939007312,6.96216984372586,0.1497188213699907,0.6008055688066705,11.942289173339889,3.722229964821434,2.8075533029403794,0.38747101203318035,0.059422989930069316,0.1290439873213267,0.02361795639295818,0.07644211070680186,-0.040999228688565294,-0.011017245714914798,0.1898070604665646,0.02827566792692519,0.8583333333333334,0.003890653837502193,0.010722197558862957,1.8324182734421248,0.05034932371698693,0.0746132449427863,0.04365136986615091,0.0021924999253293905,0.01970592997244593,0.012047486005410389,0.0034361564758064443,0.006098862573517829,0.004338697889289616,0.011786085890076603,0.0032544306530219564,0.02736406896883943,2.0816681711721685e-17,0.00017912257495590828,0.00026179453262786595,5.351913160435466,2352.496515803794
420001,0,31,M2+O,2,False,0.013355666813113403,0.996259961884662,0.9790548338377681,0.35,0.0,0.0,0.26837446838617324,0.07948992118705064,3.089864686690271,0.2436104691773653,0.028937818175195685,0.0,5.435849939007312,6.96216984372586,0.1496487077991275,0.5991655270363815,11.893809872242462,3.7222328477505733,2.791496829117666,0.3861774362507975,0.059598995183819094,0.1293304341339024,0.023608747736123373,0.07650970533137404,-0.04064323765026625,-0.01073376756469284,0.19132183984167672,0.02851474368506983,0.8666666666666667,0.003960886136773475,0.011069059658173928,1.8151522790549404,0.0568814058430868,0.07232378160260294,0.04915605096606994,0.002158690605108894,0.019634748707329466,0.011922309440654796,0.003314756077902296,0.00617032038802238,0.004410770489346275,0.011781363507821926,0.003201699453622907,0.026179886810869742,2.0816681711721685e-17,0.00016534391534391533,0.00026179453262786595,5.354323834780831,2351.471653428083
420001,0,31,M4,3,False,0.013355666813113403,0.996259961884662,0.9790548338377681,0.35,0.0,0.0,0.26837446838617324,0.07948992118705064,3.089864686690271,0.2436104691773653,0.028937818175195685,0.0,5.435849939007312,6.96216984372586,0.1496487077991275,0.5991655270363815,11.893809872242462,3.7222328477505733,2.791496829117666,0.3861774362507975,0.059598995183819094,0.1293304341339024,0.023608747736123373,0.07650970533137404,-0.04064323765026625,-0.01073376756469284,0.19132183984167672,0.02851474368506983,0.8666666666666667,0.003960886136773475,0.011069059658173928,1.8151522790549404,0.0568814058430868,0.07232378160260294,0.04915605096606994,0.002158690605108894,0.019634748707329466,0.011922309440654796,0.003314756077902296,0.00617032038802238,0.004410770489346275,0.011781363507821926,0.003201699453622907,0.026179886810869742,2.0816681711721685e-17,0.00016534391534391533,0.00026179453262786595,5.354323834780831,2351.471653428083
420001,1,0,M2,0,False,0.002873084690275533,0.9766958138810892,0.98378601407178,0.35,0.0,0.0,0.2629654662683606,0.06925510965753347,2.886044593714178,0.20057556301355361,0.0,0.0,5.873221298214048,6.1538892248645425,0.16150165595242674,0.5688364882696587,8.9337381419914,3.5026108953999078,3.0511117621264248,0.34528183564180687,0.06517589531713586,0.1389140800516924,0.037039442022282085,0.07305711299089476,-0.041199157628451825,-0.01025117276345562,0.23301180359247797,0.02604452052183755,0.8458333333333332,0.004217297337000847,0.010519339397873289,1.5480532621188892,0.05367538826894798,0.07854824995930208,0.04114220010792043,0.00216915929795249,0.019621765948051113,0.011895363081262822,0.0031446339242969896,0.006341102000811982,0.004734112787589886,0.014278251204991491,0.0033540226017652022,0.028379650973399596,2.0816681711721685e-17,1.3778659611992945e-05,2.755731922398589e-05,3.509683277605435,5215.895377165358
420001,1,0,M3,1,False,0.002873084690275533,0.9766958138810892,0.98378601407178,0.35,0.0,0.0,0.2629654662683606,0.06925510965753347,2.886044593714178,0.20057556301355361,0.0,0.0,5.873221298214048,6.1538892248645425,0.16150165595242674,0.5688364882696587,8.9337381419914,3.5026108953999078,3.0511117621264248,0.34528183564180687,0.06517589531713586,0.1389140800516924,0.037039442022282085,0.07305711299089476,-0.041199157628451825,-0.01025117276345562,0.23301180359247797,0.02604452052183755,0.8458333333333332,0.004217297337000847,0.010519339397873289,1.5480532621188892,0.05367538826894798,0.07854824995930208,0.04114220010792043,0.00216915929795249,0.019621765948051113,0.011895363081262822,0.0031446339242969896,0.006341102000811982,0.004734112787589886,0.014278251204991491,0.0033540226017652022,0.028379650973399596,2.0816681711721685e-17,1.3778659611992945e-05,2.755731922398589e-05,3.509683277605435,5215.895377165358
420001,1,0,M2+O,2,False,6.943976383852621e-05,0.9766958138810892,0.98378601407178,0.35,0.0,0.0,0.2629654662683606,0.06925510965753347,2.886044593714178,0.20057556301355361,0.11829547242644144,0.0,5.873221298214048,6.1538892248645425,0.16056526889785724,0.5712833183053219,8.918153936047245,3.513792741153804,3.0235043833428357,0.38387961755632377,0.06925015796050588,0.13895232344608469,0.035547305262604016,0.07381469336236579,-0.03854397560694232,-0.007907208349596071,0.25055999209381735,0.029175278193583565,0.8833333333333333,0.0045701467313790725,0.010845051732702948,1.4896072806682539,0.05757438161144274,0.07871601841389596,0.04127454706918711,0.0020019758933881825,0.019476423703795154,0.011263940470491049,0.0027892370641263795,0.006633528957948284,0.004967960193480823,0.013997540610199902,0.003155283955043887,0.025300130797240715,2.0816681711721685e-17,2.755731922398589e-05,4.1335978835978834e-05,3.57874248052701,5235.074267557408
420001,1,0,M4,3,False,6.943976383852621e-05,0.9766958138810892,0.98378601407178,0.35,0.0,0.0,0.2629654662683606,0.06925510965753347,2.886044593714178,0.20057556301355361,0.11829547242644144,0.0,5.873221298214048,6.1538892248645425,0.16056526889785724,0.5712833183053219,8.918153936047245,3.513792741153804,3.0235043833428357,0.38387961755632377,0.06925015796050588,0.13895232344608469,0.035547305262604016,0.07381469336236579,-0.03854397560694232,-0.007907208349596071,0.25055999209381735,0.029175278193583565,0.8833333333333333,0.0045701467313790725,0.010845051732702948,1.4896072806682539,0.05757438161144274,0.07871601841389596,0.04127454706918711,0.0020019758933881825,0.019476423703795154,0.011263940470491049,0.0027892370641263795,0.006633528957948284,0.004967960193480823,0.013997540610199902,0.003155283955043887,0.025300130797240715,2.0816681711721685e-17,2.755731922398589e-05,4.1335978835978834e-05,3.57874248052701,5235.074267557408
420001,1,1,M2,0,False,0.034306660970821315,0.9766958138810892,0.98378601407178,0.35,0.0,0.0,0.20160698210820557,0.07996574914082885,3.2510731095448135,0.2374085596203804,0.0,0.0,5.129386593122035,8.666233093477786,0.14990629622248106,0.5979366053270712,11.885316445581688,3.726882470748056,2.795937467093497,0.39845294609870924,0.053352448782242,0.12356998628812993,0.023546893599082283,0.07585804911791824,-0.043507153707538306,-0.01489392339730373,0.14195494647784723,0.021162411224147092,0.8083333333333332,0.003116869270557066,0.010422395577730913,1.7967499256449027,0.05279367187397892,0.07522902861658393,0.045547950801577745,0.0022303823028989394,0.01954998628521602,0.012976838171313846,0.0034530170647722887,0.005406756804431245,0.0040151627740999075,0.009199441383627821,0.002730201837930562,0.030346230734751282,2.0816681711721685e-17,0.0003720238095238095,0.0005235890652557319,6.050704016798115,1553.2999517196158
420001,1,1,M3,1,False,0.034306660970821315,0.9766958138810892,0.98378601407178,0.35,0.0,0.0,0.20160698210820557,0.07996574914082885,3.2510731095448135,0.2374085596203804,0.0,0.0,5.129386593122035,8.666233093477786,0.14990629622248106,0.5979366053270712,11.885316445581688,3.726882470748056,2.795937467093497,0.39845294609870924,0.053352448782242,0.12356998628812993,0.023546893599082283,0.07585804911791824,-0.043507153707538306,-0.01489392339730373,0.14195494647784723,0.021162411224147092,0.8083333333333332,0.003116869270557066,0.010422395577730913,1.7967499256449027,0.05279367187397892,0.07522902861658393,0.045547950801577745,0.0022303823028989394,0.01954998628521602,0.012976838171313846,0.0034530170647722887,0.005406756804431245,0.0040151627740999075,0.009199441383627821,0.002730201837930562,0.030346230734751282,2.0816681711721685e-17,0.0003720238095238095,0.0005235890652557319,6.050704016798115,1553.2999517196158
420001,1,1,M2+O,2,False,0.03263973385205727,0.9766958138810892,0.98378601407178,0.35,0.0,0.0,0.20160698210820557,0.07996574914082885,3.2510731095448135,0.2374085596203804,0.045232413939183466,0.0,5.129386593122035,8.666233093477786,0.14978960332064814,0.5975741074174076,11.7977207589504,3.7264827670860243,2.7891612842829043,0.39323230569525797,0.05374921559787212,0.12355935894829466,0.023015575380383083,0.07594748594137705,-0.043007636403542715,-0.014326078507194232,0.14494058846745075,0.02162080279942051,0.8145833333333332,0.0032252453685677387,0.010320804525093822,1.7568946126710825,0.058000721835981366,0.07043932180784794,0.04214517657093634,0.0021846225909095468,0.01931706595793419,0.012711690681842861,0.003235387888417145,0.005490771165797636,0.004127334088227877,0.00918931949196371,0.0026527967255855723,0.029408290058325216,2.0816681711721685e-17,0.0003720238095238095,0.0005373677248677248,6.058887188570554,1610.3762208266432
420001,1,1,M4,3,False,0.03263973385205727,0.9766958138810892,0.98378601407178,0.35,0.0,0.0,0.20160698210820557,0.07996574914082885,3.2510731095448135,0.2374085596203804,0.045232413939183466,0.0,5.129386593122035,8.666233093477786,0.14978960332064814,0.5975741074174076,11.7977207589504,3.7264827670860243,2.7891612842829043,0.39323230569525797,0.05374921559787212,0.12355935894829466,0.023015575380383083,0.07594748594137705,-0.043007636403542715,-0.014326078507194232,0.14494058846745075,0.02162080279942051,0.8145833333333332,0.0032252453685677387,0.010320804525093822,1.7568946126710825,0.058000721835981366,0.07043932180784794,0.04214517657093634,0.0021846225909095468,0.01931706595793419,0.012711690681842861,0.003235387888417145,0.005490771165797636,0.004127334088227877,0.00918931949196371,0.0026527967255855723,0.029408290058325216,2.0816681711721685e-17,0.0003720238095238095,0.0005373677248677248,6.058887188570554,1610.3762208266432
420001,1,2,M2,0,False,0.0024035033294999186,0.9766958138810892,0.98378601407178,0.35,0.0,0.0,0.2289998285472393,0.06430660098791122,2.832480383478105,0.18366098158061503,0.0,0.0,5.41385539341718,6.8435773411765695,0.1669563151538098,0.5506629883855744,7.605717740805887,3.393495725467915,3.1757187176014425,0.3490721117130642,0.0655877016228558,0.14557497057908328,0.045404864629006454,0.07138203623411328,-0.04246434974426433,-0.01183137234905455,0.2268023454049195,0.020687483558356666,0.80625,0.0038611015147160094,0.01043594176440378,1.378510084069419,0.05169660298493854,0.08700150155219523,0.040624206501183306,0.0022171635095221257,0.01966496635178957,0.012288709065635938,0.0030502555022076856,0.006217120779572216,0.004753073064328043,0.013891818971950132,0.0030694920876926227,0.033011924174170156,2.0816681711721685e-17,1.3778659611992945e-05,1.3778659611992945e-05,3.0160083692403603,2084.5055961082853
420001,1,2,M3,1,False,0.0024035033294999186,0.9766958138810892,0.98378601407178,0.35,0.0,0.0,0.2289998285472393,0.06430660098791122,2.832480383478105,0.18366098158061503,0.0,0.0,5.41385539341718,6.8435773411765695,0.1669563151538098,0.5506629883855744,7.605717740805887,3.393495725467915,3.1757187176014425,0.3490721117130642,0.0655877016228558,0.14557497057908328,0.045404864629006454,0.07138203623411328,-0.04246434974426433,-0.01183137234905455,0.2268023454049195,0.020687483558356666,0.80625,0.0038611015147160094,0.01043594176440378,1.378510084069419,0.05169660298493854,0.08700150155219523,0.040624206501183306,0.0022171635095221257,0.01966496635178957,0.012288709065635938,0.0030502555022076856,0.006217120779572216,0.004753073064328043,0.013891818971950132,0.0030694920876926227,0.033011924174170156,2.0816681711721685e-17,1.3778659611992945e-05,1.3778659611992945e-05,3.0160083692403603,2084.5055961082853
420001,1,2,M2+O,2,False,0.002201471134057225,0.9766958138810892,0.98378601407178,0.35,0.0,0.0,0.2289998285472393,0.06430660098791122,2.832480383478105,0.18366098158061503,0.020691600694384325,0.0,5.41385539341718,6.8435773411765695,0.1669029909578097,0.5510572839637125,7.5802355032810285,3.4016360707255267,3.1752431372146304,0.3473665255444329,0.06577721464127485,0.14626832760498254,0.04546918123842961,0.07133319533933696,-0.04214508341279823,-0.01158291169562044,0.22822468280863184,0.02087857194535946,0.8020833333333334,0.003919537864269151,0.010497417305588012,1.3697810211654158,0.05242169509997204,0.08679887735922995,0.04010600661293138,0.0021825530407635395,0.019600462864025673,0.012193351488830273,0.00298926630479927,0.006270429346893222,0.004808578622192146,0.013877156591250195,0.003020426584026679,0.035030934397105355,2.0816681711721685e-17,1.3778659611992945e-05,1.3778659611992945e-05,3.017726924410501,2086.2206489598825
420001,1,2,M4,3,False,0.002201471134057225,0.9766958138810892,0.98378601407178,0.35,0.0,0.0,0.2289998285472393,0.06430660098791122,2.832480383478105,0.18366098158061503,0.020691600694384325,0.0,5.41385539341718,6.8435773411765695,0.1669029909578097,0.5510572839637125,7.5802355032810285,3.4016360707255267,3.1752431372146304,0.3473665255444329,0.06577721464127485,0.14626832760498254,0.04546918123842961,0.07133319533933696,-0.04214508341279823,-0.01158291169562044,0.22822468280863184,0.02087857194535946,0.8020833333333334,0.003919537864269151,0.010497417305588012,1.3697810211654158,0.05242169509997204,0.08679887735922995,0.04010600661293138,0.0021825530407635395,0.019600462864025673,0.012193351488830273,0.00298926630479927,0.006270429346893222,0.004808578622192146,0.013877156591250195,0.003020426584026679,0.035030934397105355,2.0816681711721685e-17,1.3778659611992945e-05,1.3778659611992945e-05,3.017726924410501,2086.2206489598825
420001,1,3,M2,0,False,0.0037929916642645543,0.9766958138810892,0.98378601407178,0.35,0.0,0.0,0.2933860388584435,0.07862174647394568,3.067900196649134,0.2593231426924467,0.0,0.0,6.15839353017509,7.984552980400622,0.14831567451353378,0.6060283286977531,12.21973230603553,3.7353950874008066,2.783023453913573,0.41442942447198705,0.06445714581821398,0.13303190403064746,0.0247660201960089,0.07715432336841306,-0.037501873602986124,-0.008392463293529237,0.20586655807674692,0.03175720832719931,0.8708333333333332,0.004236187833083392,0.01135487723668799,1.884618880680509,0.056335094968200335,0.07881277279348141,0.05160655594316529,0.0022404868859378906,0.019681041799593305,0.01146193284051533,0.0033379148255307206,0.006889642963694065,0.004563470945222515,0.012734008126322754,0.0034907641072935104,0.02387252276143368,2.0816681711721685e-17,0.00011022927689594356,0.0001515652557319224,5.344310772458196,9365.633617897058
420001,1,3,M3,1,False,0.0037929916642645543,0.9766958138810892,0.98378601407178,0.35,0.0,0.0,0.2933860388584435,0.07862174647394568,3.067900196649134,0.2593231426924467,0.0,0.0,6.15839353017509,7.984552980400622,0.14831567451353378,0.6060283286977531,12.21973230603553,3.7353950874008066,2.783023453913573,0.41442942447198705,0.06445714581821398,0.13303190403064746,0.0247660201960089,0.07715432336841306,-0.037501873602986124,-0.008392463293529237,0.20586655807674692,0.03175720832719931,0.8708333333333332,0.004236187833083392,0.01135487723668799,1.884618880680509,0.056335094968200335,0.07881277279348141,0.05160655594316529,0.0022404868859378906,0.019681041799593305,0.01146193284051533,0.0033379148255307206,0.006889642963694065,0.004563470945222515,0.012734008126322754,0.0034907641072935104,0.02387252276143368,2.0816681711721685e-17,0.00011022927689594356,0.0001515652557319224,5.344310772458196,9365.633617897058
420001,1,3,M2+O,2,False,4.108404921298646e-05,0.9766958138810892,0.98378601407178,0.35,0.0,0.0,0.2933860388584435,0.07862174647394568,3.067900196649134,0.2593231426924467,0.19329371660206118,0.0,6.15839353017509,7.984552980400622,0.1465080908376618,0.6061686038768167,12.298995920487478,3.773225421028077,2.7276092854419907,0.3879665761780649,0.07104449668014155,0.12940882016663283,0.020610966444640288,0.07916078323805613,-0.03349104701079816,-0.004205467061234007,0.2351895081067037,0.03769329998032838,0.9104166666666668,0.004758668188081876,0.011699505917953197,1.7526788096079684,0.05887653169648466,0.07350066222838844,0.05083034519697446,0.00203053810445347,0.019458925399587167,0.01090143173165415,0.002745613191955001,0.007362423371773723,0.004885153712497491,0.01254557480564499,0.0033212110953860204,0.017800007802744853,2.0816681711721685e-17,9.645061728395061e-05,0.0001515652557319224,5.5926723823779225,9391.290921898655
420001,1,3,M4,3,False,4.108404921298646e-05,0.9766958138810892,0.98378601407178,0.35,0.0,0.0,0.2933860388584435,0.07862174647394568,3.067900196649134,0.2593231426924467,0.19329371660206118,0.0,6.15839353017509,7.984552980400622,0.1465080908376618,0.6061686038768167,12.298995920487478,3.773225421028077,2.7276092854419907,0.3879665761780649,0.07104449668014155,0.12940882016663283,0.020610966444640288,0.07916078323805613,-0.03349104701079816,-0.004205467061234007,0.2351895081067037,0.03769329998032838,0.9104166666666668,0.004758668188081876,0.011699505917953197,1.7526788096079684,0.05887653169648466,0.07350066222838844,0.05083034519697446,0.00203053810445347,0.019458925399587167,0.01090143173165415,0.002745613191955001,0.007362423371773723,0.004885153712497491,0.01254557480564499,0.0033212110953860204,0.017800007802744853,2.0816681711721685e-17,9.645061728395061e-05,0.0001515652557319224,5.5926723823779225,9391.290921898655
420001,1,4,M2,0,False,6.4174812473582155e-06,0.9766958138810892,0.98378601407178,0.35,0.0,0.0,0.2773324431851506,0.06102733196690678,3.2200010089203714,0.24746617570519447,0.0,0.0,6.024978729896247,7.260679797269404,0.15710746867673359,0.5892249539494331,9.95411856380695,3.589831889899146,2.9378209318359887,0.3772438050800184,0.07662578999894742,0.15586601485553805,0.03965560571412319,0.07496257976344901,-0.03519448989934362,-0.006500301314305387,0.23801854188396906,0.03004240466429654,0.8541666666666666,0.004362154665927306,0.0119842548862207,1.6343108159409494,0.054437963981410806,0.0783517119496532,0.04780472789387946,0.0024518387790574557,0.019841050223154653,0.011289790822619595,0.003190686091473521,0.007982954578956357,0.004967782081144916,0.0140337610437907,0.003727365063584714,0.02805866438986352,2.0816681711721685e-17,4.1335978835978834e-05,5.511463844797178e-05,4.295794149344713,7141.532046322689
420001,1,4,M3,1,False,6.4174812473582155e-06,0.9766958138810892,0.98378601407178,0.35,0.0,0.0,0.2773324431851506,0.06102733196690678,3.2200010089203714,0.24746617570519447,0.0,0.0,6.024978729896247,7.260679797269404,0.15710746867673359,0.5892249539494331,9.95411856380695,3.589831889899146,2.9378209318359887,0.3772438050800184,0.07662578999894742,0.15586601485553805,0.03965560571412319,0.07496257976344901,-0.03519448989934362,-0.006500301314305387,0.23801854188396906,0.03004240466429654,0.8541666666666666,0.004362154665927306,0.0119842548862207,1.6343108159409494,0.054437963981410806,0.0783517119496532,0.04780472789387946,0.0024518387790574557,0.019841050223154653,0.011289790822619595,0.003190686091473521,0.007982954578956357,0.004967782081144916,0.0140337610437907,0.003727365063584714,0.02805866438986352,2.0816681711721685e-17,4.1335978835978834e-05,5.511463844797178e-05,4.295794149344713,7141.532046322689
420001,1,4,M2+O,2,False,8.567931942163266e-05,0.9766958138810892,0.98378601407178,0.35,0.0,0.0,0.2773324431851506,0.06102733196690678,3.2200010089203714,0.24746617570519447,0.1806828490037143,0.0,6.024978729896247,7.260679797269404,0.15518439277008847,0.5903902827838582,10.06563070000534,3.6162964593436424,2.8837438995787363,0.39914133319979256,0.08418327642270251,0.1515552367480137,0.033476250950761045,0.0769767922946054,-0.030647866857923006,-0.00252026305359618,0.2687352203517955,0.036215281996741795,0.8958333333333334,0.004891308518444532,0.012377987246014558,1.5224796323976832,0.04891176888241808,0.07382977371107387,0.04427396941110846,0.002212016296456415,0.019522013394371106,0.010951682195300731,0.0025491647014360486,0.008456730698396432,0.005222550947001631,0.01363703684556109,0.003547590968379472,0.019251544890640036,2.0816681711721685e-17,4.1335978835978834e-05,8.267195767195767e-05,4.490984868500601,7167.9400096507825
420001,1,4,M4,3,False,8.567931942163266e-05,0.9766958138810892,0.98378601407178,0.35,0.0,0.0,0.2773324431851506,0.06102733196690678,3.2200010089203714,0.24746617570519447,0.1806828490037143,0.0,6.024978729896247,7.260679797269404,0.15518439277008847,0.5903902827838582,10.06563070000534,3.6162964593436424,2.8837438995787363,0.39914133319979256,0.08418327642270251,0.1515552367480137,0.033476250950761045,0.0769767922946054,-0.030647866857923006,-0.00252026305359618,0.2687352203517955,0.036215281996741795,0.8958333333333334,0.004891308518444532,0.012377987246014558,1.5224796323976832,0.04891176888241808,0.07382977371107387,0.04427396941110846,0.002212016296456415,0.019522013394371106,0.010951682195300731,0.0025491647014360486,0.008456730698396432,0.005222550947001631,0.01363703684556109,0.003547590968379472,0.019251544890640036,2.0816681711721685e-17,4.1335978835978834e-05,8.267195767195767e-05,4.490984868500601,7167.9400096507825
420001,1,5,M2,0,False,0.028112163589399334,0.9766958138810892,0.98378601407178,0.35,0.0,0.0,0.2378246164880693,0.0748634483339265,2.9850870983675124,0.19047712936997413,0.0,0.0,5.269471470266581,7.561110497452319,0.15948465378321264,0.5743828189877863,9.5668137835486,3.538231554405041,2.9827279928724786,0.36160545158624763,0.05490998591537654,0.12360748429495098,0.029398071379784438,0.07318063779270312,-0.04430746894841575,-0.014285840100704932,0.19109911984288694,0.022600149089550995,0.8145833333333333,0.0037595171661669903,0.009505285188186255,1.6086093063955815,0.04939413535122985,0.07716396576613153,0.0403637571267349,0.002043293576646335,0.019596383299061697,0.012555672795699038,0.0032164076220812625,0.005276890144225865,0.004330394540044386,0.012259530863935008,0.0029729389088690005,0.030318234616176876,2.0816681711721685e-17,5.511463844797178e-05,0.0001240079365079365,4.019162711461136,1595.6707781751008
420001,1,5,M3,1,False,0.028112163589399334,0.9766958138810892,0.98378601407178,0.35,0.0,0.0,0.2378246164880693,0.0748634483339265,2.9850870983675124,0.19047712936997413,0.0,0.0,5.269471470266581,7.561110497452319,0.15948465378321264,0.5743828189877863,9.5668137835486,3.538231554405041,2.9827279928724786,0.36160545158624763,0.05490998591537654,0.12360748429495098,0.029398071379784438,0.07318063779270312,-0.04430746894841575,-0.014285840100704932,0.19109911984288694,0.022600149089550995,0.8145833333333333,0.0037595171661669903,0.009505285188186255,1.6086093063955815,0.04939413535122985,0.07716396576613153,0.0403637571267349,0.002043293576646335,0.019596383299061697,0.012555672795699038,0.0032164076220812625,0.005276890144225865,0.004330394540044386,0.012259530863935008,0.0029729389088690005,0.030318234616176876,2.0816681711721685e-17,5.511463844797178e-05,0.0001240079365079365,4.019162711461136,1595.6707781751008
420001,1,5,M2+O,2,False,0.02675352482145333,0.9766958138810892,0.98378601407178,0.35,0.0,0.0,0.2378246164880693,0.0748634483339265,2.9850870983675124,0.19047712936997413,0.03528296146634178,0.0,5.269471470266581,7.561110497452319,0.1593785739329174,0.5733857401930037,9.51238179934826,3.5470190455865946,2.9825936388643353,0.359012218014726,0.05527914570910466,0.12422258112285138,0.029479545636309005,0.07341368862046073,-0.04383072908339177,-0.013859861833584527,0.19364303744395636,0.022978859245651184,0.8250000000000001,0.0038546953800243293,0.009405882061630632,1.5874035645297964,0.05390877850545383,0.0813885850628168,0.04590781793047216,0.0019966557424270013,0.0195051417461267,0.012258920269615194,0.003073808763487964,0.005342946657874953,0.00442807512046804,0.012271999890429514,0.0028948327802123973,0.03039593794371644,2.0816681711721685e-17,5.511463844797178e-05,0.0001240079365079365,4.023936335722196,1597.251323490045
420001,1,5,M4,3,False,0.02675352482145333,0.9766958138810892,0.98378601407178,0.35,0.0,0.0,0.2378246164880693,0.0748634483339265,2.9850870983675124,0.19047712936997413,0.03528296146634178,0.0,5.269471470266581,7.561110497452319,0.1593785739329174,0.5733857401930037,9.51238179934826,3.5470190455865946,2.9825936388643353,0.359012218014726,0.05527914570910466,0.12422258112285138,0.029479545636309005,0.07341368862046073,-0.04383072908339177,-0.013859861833584527,0.19364303744395636,0.022978859245651184,0.8250000000000001,0.0038546953800243293,0.009405882061630632,1.5874035645297964,0.05390877850545383,0.0813885850628168,0.04590781793047216,0.0019966557424270013,0.0195051417461267,0.012258920269615194,0.003073808763487964,0.005342946657874953,0.00442807512046804,0.012271999890429514,0.0028948327802123973,0.03039593794371644,2.0816681711721685e-17,5.511463844797178e-05,0.0001240079365079365,4.023936335722196,1597.251323490045
420001,1,6,M2,0,False,0.009601653897339418,0.9766958138810892,0.98378601407178,0.35,0.0,0.0,0.21834226027131082,0.07175303331110627,3.098974011652172,0.22922467060387136,0.0,0.0,5.734069987665862,6.390289471484721,0.15624843279836625,0.5857976624913324,10.216005010506848,3.599972197219348,2.924188703478766,0.39846917296769924,0.06118107735783734,0.13948876258682621,0.03449009872006737,0.07464045667452741,-0.04179158042309485,-0.012092525836147576,0.17490471526884588,0.02235322696693794,0.8020833333333334,0.003469472352878069,0.010412657445142266,1.6543886200893412,0.045718556273536104,0.07948893885129119,0.04757365961697794,0.0022857632590212885,0.019956294355426188,0.012505770608130247,0.003250787115225398,0.006295373925969881,0.004440004284388473,0.01093494578152156,0.003039201848613906,0.03450991858402926,2.0816681711721685e-17,6.889329805996472e-05,0.00013778659611992945,4.4645029296226655,4013.040346156636
420001,1,6,M3,1,False,0.009601653897339418,0.9766958138810892,0.98378601407178,0.35,0.0,0.0,0.21834226027131082,0.07175303331110627,3.098974011652172,0.22922467060387136,0.0,0.0,5.734069987665862,6.390289471484721,0.15624843279836625,0.5857976624913324,10.216005010506848,3.599972197219348,2.924188703478766,0.39846917296769924,0.06118107735783734,0.13948876258682621,0.03449009872006737,0.07464045667452741,-0.04179158042309485,-0.012092525836147576,0.17490471526884588,0.02235322696693794,0.8020833333333334,0.003469472352878069,0.010412657445142266,1.6543886200893412,0.045718556273536104,0.07948893885129119,0.04757365961697794,0.0022857632590212885,0.019956294355426188,0.012505770608130247,0.003250787115225398,0.006295373925969881,0.004440004284388473,0.01093494578152156,0.003039201848613906,0.03450991858402926,2.0816681711721685e-17,6.889329805996472e-05,0.00013778659611992945,4.4645029296226655,4013.040346156636
420001,1,6,M2+O,2,False,0.007989021199946378,0.9766958138810892,0.98378601407178,0.35,0.0,0.0,0.21834226027131082,0.07175303331110627,3.098974011652172,0.22922467060387136,0.05596634677516202,0.0,5.734069987665862,6.390289471484721,0.1560469439724399,0.5857616372627982,10.134341524625937,3.602919252069526,2.9053869886575376,0.3876667349407494,0.06195568077960816,0.1398220531168222,0.033785887547821615,0.07484712441132778,-0.04100260186403239,-0.011335016142437787,0.1798180127308545,0.02306398334959986,0.8229166666666666,0.003617139008366364,0.010583384457484626,1.6164167094123334,0.05425469532047478,0.07385890298757133,0.03776819649301142,0.0022140322217736163,0.019708819184945086,0.012265660990981125,0.002996159159057023,0.006430814388853538,0.004572899379908024,0.010868079018157376,0.0029447324584350367,0.032131292969980296,2.0816681711721685e-17,8.267195767195767e-05,0.00013778659611992945,4.478498125922341,4017.9353769333793
420001,1,6,M4,3,False,0.007989021199946378,0.9766958138810892,0.98378601407178,0.35,0.0,0.0,0.21834226027131082,0.07175303331110627,3.098974011652172,0.22922467060387136,0.05596634677516202,0.0,5.734069987665862,6.390289471484721,0.1560469439724399,0.5857616372627982,10.134341524625937,3.602919252069526,2.9053869886575376,0.3876667349407494,0.06195568077960816,0.1398220531168222,0.033785887547821615,0.07484712441132778,-0.04100260186403239,-0.011335016142437787,0.1798180127308545,0.02306398334959986,0.8229166666666666,0.003617139008366364,0.010583384457484626,1.6164167094123334,0.05425469532047478,0.07385890298757133,0.03776819649301142,0.0022140322217736163,0.019708819184945086,0.012265660990981125,0.002996159159057023,0.006430814388853538,0.004572899379908024,0.010868079018157376,0.0029447324584350367,0.032131292969980296,2.0816681711721685e-17,8.267195767195767e-05,0.00013778659611992945,4.478498125922341,4017.9353769333793
420001,1,7,M2,0,False,0.018460012421712864,0.9766958138810892,0.98378601407178,0.35,0.0,0.0,0.25462781311944127,0.08294289264827967,2.7334395976737142,0.21371863551437856,0.0,0.0,6.490372991655022,8.436539084650576,0.15548019122754506,0.5857054808579064,10.508942724583425,3.6177969626314055,2.8797093885898044,0.3651280740016678,0.057771913452388635,0.12743325206076964,0.028576307420734814,0.07467312556735024,-0.04160418506383776,-0.011733929291388513,0.19433260612479844,0.02548946168935833,0.8416666666666667,0.0038995638333916473,0.009870669609178756,1.7206087418356606,0.04988047462229483,0.07561591564235427,0.04404391955298226,0.0020836553346203135,0.019659868140306142,0.012236457036816974,0.0032198672317733114,0.005813867748266051,0.004427218502727566,0.01235768320144189,0.003123214704327257,0.028018282506059717,2.0816681711721685e-17,1.3778659611992945e-05,1.3778659611992945e-05,3.845572432509622,18085.776376277307
420001,1,7,M3,1,False,0.018460012421712864,0.9766958138810892,0.98378601407178,0.35,0.0,0.0,0.25462781311944127,0.08294289264827967,2.7334395976737142,0.21371863551437856,0.0,0.0,6.490372991655022,8.436539084650576,0.15548019122754506,0.5857054808579064,10.508942724583425,3.6177969626314055,2.8797093885898044,0.3651280740016678,0.057771913452388635,0.12743325206076964,0.028576307420734814,0.07467312556735024,-0.04160418506383776,-0.011733929291388513,0.19433260612479844,0.02548946168935833,0.8416666666666667,0.0038995638333916473,0.009870669609178756,1.7206087418356606,0.04988047462229483,0.07561591564235427,0.04404391955298226,0.0020836553346203135,0.019659868140306142,0.012236457036816974,0.0032198672317733114,0.005813867748266051,0.004427218502727566,0.01235768320144189,0.003123214704327257,0.028018282506059717,2.0816681711721685e-17,1.3778659611992945e-05,1.3778659611992945e-05,3.845572432509622,18085.776376277307
420001,1,7,M2+O,2,False,0.013907600053243699,0.9766958138810892,0.98378601407178,0.35,0.0,0.0,0.25462781311944127,0.08294289264827967,2.7334395976737142,0.21371863551437856,0.0818483628556123,0.0,6.490372991655022,8.436539084650576,0.155064979981364,0.5869939959269507,10.425038446769562,3.615159643613795,2.8843289216471226,0.3813071890034112,0.059386256059652004,0.12786364790095336,0.028350945109457692,0.07505903977730649,-0.04027556946278223,-0.010438590074039286,0.20303413508665583,0.026931774683564082,0.8708333333333332,0.004122826798027295,0.00977401231594508,1.6688433282931985,0.05638808926561524,0.07928936930371051,0.052552193370128585,0.001979505972479864,0.01941875194113865,0.0117125300849995,0.002924451916444585,0.005983451440118641,0.004613189846658083,0.012278514293412965,0.0029773606385270833,0.02461969185536529,2.0816681711721685e-17,1.3778659611992945e-05,2.755731922398589e-05,3.876277944876954,18087.85785240527
420001,1,7,M4,3,False,0.013907600053243699,0.9766958138810892,0.98378601407178,0.35,0.0,0.0,0.25462781311944127,0.08294289264827967,2.7334395976737142,0.21371863551437856,0.0818483628556123,0.0,6.490372991655022,8.436539084650576,0.155064979981364,0.5869939959269507,10.425038446769562,3.615159643613795,2.8843289216471226,0.3813071890034112,0.059386256059652004,0.12786364790095336,0.028350945109457692,0.07505903977730649,-0.04027556946278223,-0.010438590074039286,0.20303413508665583,0.026931774683564082,0.8708333333333332,0.004122826798027295,0.00977401231594508,1.6688433282931985,0.05638808926561524,0.07928936930371051,0.052552193370128585,0.001979505972479864,0.01941875194113865,0.0117125300849995,0.002924451916444585,0.005983451440118641,0.004613189846658083,0.012278514293412965,0.0029773606385270833,0.02461969185536529,2.0816681711721685e-17,1.3778659611992945e-05,2.755731922398589e-05,3.876277944876954,18087.85785240527
420001,1,8,M2,0,False,0.006763170297489412,0.9766958138810892,0.98378601407178,0.35,0.0,0.0,0.26037696758285167,0.06623911500442774,3.1390380073338746,0.19648031547665595,0.0,0.0,6.223864151164889,7.334144979715347,0.16120783970907623,0.5690125428227595,8.93777563464725,3.504862230494309,3.038735087365031,0.34628474937636883,0.06259853531997456,0.13468968316348298,0.034740927155640484,0.07306024103042348,-0.042687295878915676,-0.011503893321675361,0.22608643155565655,0.025458901156489643,0.8375,0.00416069295504313,0.010477106072124407,1.520640673791524,0.04997755890105153,0.07640871753863834,0.04200270372452001,0.002137518070518438,0.019557408428572263,0.012019579075578315,0.003181720927047608,0.0060229770621004425,0.004649405981472963,0.013977664651214534,0.0033047595952780903,0.030876389835525823,2.0816681711721685e-17,1.3778659611992945e-05,1.3778659611992945e-05,4.009209990078474,10180.42888228336
420001,1,8,M3,1,False,0.006763170297489412,0.9766958138810892,0.98378601407178,0.35,0.0,0.0,0.26037696758285167,0.06623911500442774,3.1390380073338746,0.19648031547665595,0.0,0.0,6.223864151164889,7.334144979715347,0.16120783970907623,0.5690125428227595,8.93777563464725,3.504862230494309,3.038735087365031,0.34628474937636883,0.06259853531997456,0.13468968316348298,0.034740927155640484,0.07306024103042348,-0.042687295878915676,-0.011503893321675361,0.22608643155565655,0.025458901156489643,0.8375,0.00416069295504313,0.010477106072124407,1.520640673791524,0.04997755890105153,0.07640871753863834,0.04200270372452001,0.002137518070518438,0.019557408428572263,0.012019579075578315,0.003181720927047608,0.0060229770621004425,0.004649405981472963,0.013977664651214534,0.0033047595952780903,0.030876389835525823,2.0816681711721685e-17,1.3778659611992945e-05,1.3778659611992945e-05,4.009209990078474,10180.42888228336
420001,1,8,M2+O,2,False,0.005896434510848263,0.9766958138810892,0.98378601407178,0.35,0.0,0.0,0.26037696758285167,0.06623911500442774,3.1390380073338746,0.19648031547665595,0.03941378565485458,0.0,6.223864151164889,7.334144979715347,0.1610693541635136,0.5681725976090329,8.896962042440187,3.512391075787327,3.026590707912176,0.3557500653699317,0.06308905798477003,0.13560950823564635,0.03474974918930987,0.0732903002321932,-0.04206674522434708,-0.01102215076679039,0.22915173165905559,0.025934075891849453,0.8520833333333334,0.004269242219465656,0.010429664209818768,1.5053576024952986,0.05259215101557124,0.07998097205064172,0.048892004924859685,0.0020774642159116495,0.019453196009913024,0.011730918667018874,0.0030242763712703354,0.006112080878652355,0.004748984825799238,0.013954145376122398,0.003211435633520767,0.028469276388198433,2.0816681711721685e-17,1.3778659611992945e-05,1.3778659611992945e-05,4.016658962774569,10245.872362332997
420001,1,8,M4,3,False,0.005896434510848263,0.9766958138810892,0.98378601407178,0.35,0.0,0.0,0.26037696758285167,0.06623911500442774,3.1390380073338746,0.19648031547665595,0.03941378565485458,0.0,6.223864151164889,7.334144979715347,0.1610693541635136,0.5681725976090329,8.896962042440187,3.512391075787327,3.026590707912176,0.3557500653699317,0.06308905798477003,0.13560950823564635,0.03474974918930987,0.0732903002321932,-0.04206674522434708,-0.01102215076679039,0.22915173165905559,0.025934075891849453,0.8520833333333334,0.004269242219465656,0.010429664209818768,1.5053576024952986,0.05259215101557124,0.07998097205064172,0.048892004924859685,0.0020774642159116495,0.019453196009913024,0.011730918667018874,0.0030242763712703354,0.006112080878652355,0.004748984825799238,0.013954145376122398,0.003211435633520767,0.028469276388198433,2.0816681711721685e-17,1.3778659611992945e-05,1.3778659611992945e-05,4.016658962774569,10245.872362332997
420001,1,9,M2,0,False,0.0031751368378460554,0.9766958138810892,0.98378601407178,0.35,0.0,0.0,0.22489707954227925,0.07692724628373981,2.7730619207024576,0.2408962793648243,0.0,0.0,5.490998988039792,7.869041427969933,0.15555318297706194,0.5917146361619227,10.439045954043102,3.5999853020298893,2.8976414237026007,0.3861471257803206,0.06492864826830627,0.14453898561336542,0.03633824767189502,0.07496299591073896,-0.0390103816430494,-0.010166358947256966,0.18201531377173985,0.023759087369791303,0.81875,0.003559781315230144,0.011204684512302375,1.6648213469874542,0.0492716895250476,0.07867598076366644,0.042512946250419584,0.0023453518104132065,0.020058589840256956,0.012249387491005438,0.0032252355731202374,0.006851693620927429,0.004544125597626669,0.01121765777822166,0.003114508850461159,0.034025312934488273,2.0816681711721685e-17,0.0001515652557319224,0.0001515652557319224,3.8033770932999644,2485.314564672727
420001,1,9,M3,1,False,0.0031751368378460554,0.9766958138810892,0.98378601407178,0.35,0.0,0.0,0.22489707954227925,0.07692724628373981,2.7730619207024576,0.2408962793648243,0.0,0.0,5.490998988039792,7.869041427969933,0.15555318297706194,0.5917146361619227,10.439045954043102,3.5999853020298893,2.8976414237026007,0.3861471257803206,0.06492864826830627,0.14453898561336542,0.03633824767189502,0.07496299591073896,-0.0390103816430494,-0.010166358947256966,0.18201531377173985,0.023759087369791303,0.81875,0.003559781315230144,0.011204684512302375,1.6648213469874542,0.0492716895250476,0.07867598076366644,0.042512946250419584,0.0023453518104132065,0.020058589840256956,0.012249387491005438,0.0032252355731202374,0.006851693620927429,0.004544125597626669,0.01121765777822166,0.003114508850461159,0.034025312934488273,2.0816681711721685e-17,0.0001515652557319224,0.0001515652557319224,3.8033770932999644,2485.314564672727
420001,1,9,M2+O,2,False,0.0009530105767155554,0.9766958138810892,0.98378601407178,0.35,0.0,0.0,0.22489707954227925,0.07692724628373981,2.7730619207024576,0.2408962793648243,0.09924992682199865,0.0,5.490998988039792,7.869041427969933,0.1549904245704115,0.5923749206407393,10.359566702213165,3.6287753824794122,2.88551853392995,0.38662661666593606,0.06722162175516076,0.1439892706391168,0.03401938360163731,0.07568412505454315,-0.03733629656695073,-0.008419803683977023,0.19445690204871144,0.025767862527643487,0.8583333333333334,0.0038334326688826506,0.011663622971451869,1.599554913971868,0.06286818113592117,0.07798999235118968,0.047322033308611636,0.002216814281857301,0.0196390884502534,0.012012330521420776,0.0027600443156737616,0.007110437019386272,0.004745240973010724,0.011012750824562068,0.0029803127892022705,0.026693826748396907,2.0816681711721685e-17,0.00013778659611992945,0.0001515652557319224,3.849097285601546,2492.9770099175225
420001,1,9,M4,3,False,0.0009530105767155554,0.9766958138810892,0.98378601407178,0.35,0.0,0.0,0.22489707954227925,0.07692724628373981,2.7730619207024576,0.2408962793648243,0.09924992682199865,0.0,5.490998988039792,7.869041427969933,0.1549904245704115,0.5923749206407393,10.359566702213165,3.6287753824794122,2.88551853392995,0.38662661666593606,0.06722162175516076,0.1439892706391168,0.03401938360163731,0.07568412505454315,-0.03733629656695073,-0.008419803683977023,0.19445690204871144,0.025767862527643487,0.8583333333333334,0.0038334326688826506,0.011663622971451869,1.599554913971868,0.06286818113592117,0.07798999235118968,0.047322033308611636,0.002216814281857301,0.0196390884502534,0.012012330521420776,0.0027600443156737616,0.007110437019386272,0.004745240973010724,0.011012750824562068,0.0029803127892022705,0.026693826748396907,2.0816681711721685e-17,0.00013778659611992945,0.0001515652557319224,3.849097285601546,2492.9770099175225
420001,1,10,M2,0,False,0.004944820561062102,0.9766958138810892,0.98378601407178,0.35,0.0,0.0,0.2443801517598331,0.06754384808242321,3.1797893855720756,0.21964385755360127,0.0,0.0,5.020357612986118,6.691643536090851,0.15817817905375678,0.5811920906544251,9.784029368818993,3.572071408817876,2.9797421360037535,0.38094153670168546,0.06367125237155068,0.14077878438568472,0.035397389434632866,0.07432146499814218,-0.041685179032551624,-0.01119093880432945,0.202511076183186,0.02466444798282756,0.8291666666666666,0.003862660133344382,0.011114304738853113,1.6225319212547131,0.04730670606439407,0.07977716973894607,0.04518096236191171,0.0022686956197513065,0.019793395444323587,0.012092231424765863,0.0032147006015341584,0.006359894195474557,0.004589049990618036,0.01253386116704814,0.0032015775314492975,0.03126509297359186,2.0816681711721685e-17,0.0001515652557319224,0.00017912257495590828,4.3860619964364895,1015.3625783260433
420001,1,10,M3,1,False,0.004944820561062102,0.9766958138810892,0.98378601407178,0.35,0.0,0.0,0.2443801517598331,0.06754384808242321,3.1797893855720756,0.21964385755360127,0.0,0.0,5.020357612986118,6.691643536090851,0.15817817905375678,0.5811920906544251,9.784029368818993,3.572071408817876,2.9797421360037535,0.38094153670168546,0.06367125237155068,0.14077878438568472,0.035397389434632866,0.07432146499814218,-0.041685179032551624,-0.01119093880432945,0.202511076183186,0.02466444798282756,0.8291666666666666,0.003862660133344382,0.011114304738853113,1.6225319212547131,0.04730670606439407,0.07977716973894607,0.04518096236191171,0.0022686956197513065,0.019793395444323587,0.012092231424765863,0.0032147006015341584,0.006359894195474557,0.004589049990618036,0.01253386116704814,0.0032015775314492975,0.03126509297359186,2.0816681711721685e-17,0.0001515652557319224,0.00017912257495590828,4.3860619964364895,1015.3625783260433
420001,1,10,M2+O,2,False,2.294385536333738e-05,0.9766958138810892,0.98378601407178,0.35,0.0,0.0,0.2443801517598331,0.06754384808242321,3.1797893855720756,0.21964385755360127,0.22120154879690973,0.0,5.020357612986118,6.691643536090851,0.15533017876370686,0.5833054542654729,10.035358000721219,3.58196617592691,2.902714020220367,0.40875522287722577,0.07526625027201315,0.13378820003043215,0.028227704388774092,0.0764372599813951,-0.03560595155496191,-0.005164335117462455,0.25025240881340166,0.03405325386553711,0.90625,0.004571530921826916,0.01088032642054457,1.4759608885876354,0.048704801523588165,0.07752656847468152,0.04200596685794317,0.0020631022949063947,0.01965061416686507,0.01111362784664939,0.002673895393646725,0.0069830278997878,0.00494515165620453,0.012685620341383756,0.00310009577900673,0.02091920707478372,2.0816681711721685e-17,0.00017912257495590828,0.000248015873015873,4.693008055709204,1055.5211196746695
420001,1,10,M4,3,False,2.294385536333738e-05,0.9766958138810892,0.98378601407178,0.35,0.0,0.0,0.2443801517598331,0.06754384808242321,3.1797893855720756,0.21964385755360127,0.22120154879690973,0.0,5.020357612986118,6.691643536090851,0.15533017876370686,0.5833054542654729,10.035358000721219,3.58196617592691,2.902714020220367,0.40875522287722577,0.07526625027201315,0.13378820003043215,0.028227704388774092,0.0764372599813951,-0.03560595155496191,-0.005164335117462455,0.25025240881340166,0.03405325386553711,0.90625,0.004571530921826916,0.01088032642054457,1.4759608885876354,0.048704801523588165,0.07752656847468152,0.04200596685794317,0.0020631022949063947,0.01965061416686507,0.01111362784664939,0.002673895393646725,0.0069830278997878,0.00494515165620453,0.012685620341383756,0.00310009577900673,0.02091920707478372,2.0816681711721685e-17,0.00017912257495590828,0.000248015873015873,4.693008055709204,1055.5211196746695
420001,1,11,M2,0,False,0.017799651438680963,0.9766958138810892,0.98378601407178,0.35,0.0,0.0,0.28308231513947246,0.08182962188962847,2.945610111951828,0.22273273594677448,0.0,0.0,5.752427791710943,8.503426149487495,0.15210576705970671,0.5915518844894646,11.377747169713516,3.670725176983582,2.832355869122124,0.38367931049767146,0.05799261990885124,0.12315159933722297,0.02408474557615095,0.07579025961209758,-0.04098528963309997,-0.010949816118134068,0.20380232499661335,0.02910223297249635,0.8770833333333332,0.004175672129829624,0.009911004887719187,1.8161505848091786,0.05256562265652519,0.07933139228287918,0.04930797751539989,0.002068162656013404,0.019480559093725574,0.011889598067468763,0.0032954785903977104,0.0058366096588318974,0.004432929096347667,0.012923691242774244,0.0032731961093497184,0.02463118653742742,2.0816681711721685e-17,0.00011022927689594356,0.0001515652557319224,4.681675950339849,4173.523129806359
420001,1,11,M3,1,False,0.017799651438680963,0.9766958138810892,0.98378601407178,0.35,0.0,0.0,0.28308231513947246,0.08182962188962847,2.945610111951828,0.22273273594677448,0.0,0.0,5.752427791710943,8.503426149487495,0.15210576705970671,0.5915518844894646,11.377747169713516,3.670725176983582,2.832355869122124,0.38367931049767146,0.05799261990885124,0.12315159933722297,0.02408474557615095,0.07579025961209758,-0.04098528963309997,-0.010949816118134068,0.20380232499661335,0.02910223297249635,0.8770833333333332,0.004175672129829624,0.009911004887719187,1.8161505848091786,0.05256562265652519,0.07933139228287918,0.04930797751539989,0.002068162656013404,0.019480559093725574,0.011889598067468763,0.0032954785903977104,0.0058366096588318974,0.004432929096347667,0.012923691242774244,0.0032731961093497184,0.02463118653742742,2.0816681711721685e-17,0.00011022927689594356,0.0001515652557319224,4.681675950339849,4173.523129806359
420001,1,11,M2+O,2,False,0.017374593947528195,0.9766958138810892,0.98378601407178,0.35,0.0,0.0,0.28308231513947246,0.08182962188962847,2.945610111951828,0.22273273594677448,0.024611350639674,0.0,5.752427791710943,8.503426149487495,0.15204545541973025,0.5919526975345447,11.336707735008204,3.676747156415299,2.833734322611427,0.38387082496558983,0.05813685492902585,0.12349245690120884,0.023910788124083922,0.07588544706141201,-0.04068198407010739,-0.010671735450952643,0.20506830687549524,0.029274660123120178,0.875,0.00423681158271586,0.01005329828001202,1.8015832499932012,0.05698657042967214,0.07799170202969549,0.05211810276124344,0.002036055807694031,0.01942086348495099,0.011706844318523521,0.0032002841823316913,0.005890540497872877,0.004487574387473139,0.012938554316313695,0.0032237332353287737,0.02553769592276246,2.0816681711721685e-17,0.00011022927689594356,0.0001515652557319224,4.683759857408602,4174.385009028564
420001,1,11,M4,3,False,0.017374593947528195,0.9766958138810892,0.98378601407178,0.35,0.0,0.0,0.28308231513947246,0.08182962188962847,2.945610111951828,0.22273273594677448,0.024611350639674,0.0,5.752427791710943,8.503426149487495,0.15204545541973025,0.5919526975345447,11.336707735008204,3.676747156415299,2.833734322611427,0.38387082496558983,0.05813685492902585,0.12349245690120884,0.023910788124083922,0.07588544706141201,-0.04068198407010739,-0.010671735450952643,0.20506830687549524,0.029274660123120178,0.875,0.00423681158271586,0.01005329828001202,1.8015832499932012,0.05698657042967214,0.07799170202969549,0.05211810276124344,0.002036055807694031,0.01942086348495099,0.011706844318523521,0.0032002841823316913,0.005890540497872877,0.004487574387473139,0.012938554316313695,0.0032237332353287737,0.02553769592276246,2.0816681711721685e-17,0.00011022927689594356,0.0001515652557319224,4.683759857408602,4174.385009028564
420001,1,12,M2,0,False,7.474918542336095e-06,0.9766958138810892,0.98378601407178,0.35,0.0,0.0,0.29935491690412164,0.07051171878352762,2.7982757639139892,0.23080004900693893,0.0,0.0,6.378210476133972,6.27442592382431,0.15746734316271252,0.5856993145322362,9.847165341838604,3.570128540733011,2.96250725389405,0.3818288840936111,0.07346433006920082,0.14698127622284948,0.035954953172762226,0.07451361218903897,-0.03613088356976781,-0.006381454402242162,0.255479933953851,0.0321777400465099,0.8729166666666667,0.004654169013726572,0.01146659300467277,1.6279364187092864,0.05351111552415753,0.08797922194790367,0.046632462498358174,0.0022871336396234282,0.019683345357771994,0.0112186016215798,0.0031441188759302086,0.007495355896204413,0.004972077008661357,0.015170585201057487,0.003763128802951912,0.026405966378575757,2.0816681711721685e-17,1.3778659611992945e-05,2.755731922398589e-05,3.613434400424355,13930.367737336988
420001,1,12,M3,1,False,7.474918542336095e-06,0.9766958138810892,0.98378601407178,0.35,0.0,0.0,0.29935491690412164,0.07051171878352762,2.7982757639139892,0.23080004900693893,0.0,0.0,6.378210476133972,6.27442592382431,0.15746734316271252,0.5856993145322362,9.847165341838604,3.570128540733011,2.96250725389405,0.3818288840936111,0.07346433006920082,0.14698127622284948,0.035954953172762226,0.07451361218903897,-0.03613088356976781,-0.006381454402242162,0.255479933953851,0.0321777400465099,0.8729166666666667,0.004654169013726572,0.01146659300467277,1.6279364187092864,0.05351111552415753,0.08797922194790367,0.046632462498358174,0.0022871336396234282,0.019683345357771994,0.0112186016215798,0.0031441188759302086,0.007495355896204413,0.004972077008661357,0.015170585201057487,0.003763128802951912,0.026405966378575757,2.0816681711721685e-17,1.3778659611992945e-05,2.755731922398589e-05,3.613434400424355,13930.367737336988
420001,1,12,M2+O,2,False,1.0765847638469088e-05,0.9766958138810892,0.98378601407178,0.35,0.0,0.0,0.29935491690412164,0.07051171878352762,2.7982757639139892,0.23080004900693893,0.032109614985167255,0.0,6.378210476133972,6.27442592382431,0.1573624893998096,0.5862827830139185,9.818077917765818,3.580514077060759,2.9612683460862566,0.3767601803195464,0.07376563292999881,0.14758964349986936,0.03605234170998809,0.07467306181562658,-0.03562878144842272,-0.006057568012318468,0.25754992166002383,0.03248731698927508,0.8770833333333332,0.0047380854612858085,0.011574531287821044,1.6178687226611703,0.05840951417879539,0.0835151283794721,0.0469011822740259,0.0022368808209364873,0.019583043023780052,0.011136767553995702,0.0030114988065356955,0.007583819854103475,0.005038100057628393,0.015133818792732569,0.003694892902834043,0.025176760381054274,2.0816681711721685e-17,1.3778659611992945e-05,2.755731922398589e-05,3.6193203584656075,13987.237443256265
420001,1,12,M4,3,False,1.0765847638469088e-05,0.9766958138810892,0.98378601407178,0.35,0.0,0.0,0.29935491690412164,0.07051171878352762,2.7982757639139892,0.23080004900693893,0.032109614985167255,0.0,6.378210476133972,6.27442592382431,0.1573624893998096,0.5862827830139185,9.818077917765818,3.580514077060759,2.9612683460862566,0.3767601803195464,0.07376563292999881,0.14758964349986936,0.03605234170998809,0.07467306181562658,-0.03562878144842272,-0.006057568012318468,0.25754992166002383,0.03248731698927508,0.8770833333333332,0.0047380854612858085,0.011574531287821044,1.6178687226611703,0.05840951417879539,0.0835151283794721,0.0469011822740259,0.0022368808209364873,0.019583043023780052,0.011136767553995702,0.0030114988065356955,0.007583819854103475,0.005038100057628393,0.015133818792732569,0.003694892902834043,0.025176760381054274,2.0816681711721685e-17,1.3778659611992945e-05,2.755731922398589e-05,3.6193203584656075,13987.237443256265
420001,1,13,M2,0,False,0.049704158898913,0.9766958138810892,0.98378601407178,0.35,0.0,0.0,0.2357255432754755,0.0843245640071109,3.0317934952676295,0.20654045909643173,0.0,0.0,5.610234498512,8.927487328648567,0.15254577178543025,0.5890212654676017,11.363934925264736,3.658987298963592,2.85651169637112,0.3940399828691574,0.04993501340441028,0.11296263475675361,0.020844740163853386,0.07496487532136765,-0.04384125531819343,-0.015417338943866475,0.16235097041694377,0.02287535493463765,0.8250000000000001,0.0035432177690830134,0.008792644803281943,1.7842573155180874,0.051853182171852065,0.07965300050731824,0.04648707108542696,0.002000624406371949,0.019353867642615062,0.012688764887108833,0.0033895744383183905,0.00491442242627428,0.004057651223285847,0.010697370601826916,0.0028052631808209746,0.026919095102908276,2.0816681711721685e-17,0.00013778659611992945,0.0001515652557319224,5.040250944472828,3185.934397188858
420001,1,13,M3,1,False,0.049704158898913,0.9766958138810892,0.98378601407178,0.35,0.0,0.0,0.2357255432754755,0.0843245640071109,3.0317934952676295,0.20654045909643173,0.0,0.0,5.610234498512,8.927487328648567,0.15254577178543025,0.5890212654676017,11.363934925264736,3.658987298963592,2.85651169637112,0.3940399828691574,0.04993501340441028,0.11296263475675361,0.020844740163853386,0.07496487532136765,-0.04384125531819343,-0.015417338943866475,0.16235097041694377,0.02287535493463765,0.8250000000000001,0.0035432177690830134,0.008792644803281943,1.7842573155180874,0.051853182171852065,0.07965300050731824,0.04648707108542696,0.002000624406371949,0.019353867642615062,0.012688764887108833,0.0033895744383183905,0.00491442242627428,0.004057651223285847,0.010697370601826916,0.0028052631808209746,0.026919095102908276,2.0816681711721685e-17,0.00013778659611992945,0.0001515652557319224,5.040250944472828,3185.934397188858
420001,1,13,M2+O,2,False,0.030112576045868672,0.9766958138810892,0.98378601407178,0.35,0.0,0.0,0.2357255432754755,0.0843245640071109,3.0317934952676295,0.20654045909643173,0.14585900465534243,0.0,5.610234498512,8.927487328648567,0.15143839439874116,0.5895606857724158,11.297019550407162,3.6489969582647035,2.814175034573567,0.38248753396419666,0.05438232200448684,0.1112556495994169,0.019621643405647902,0.07548953851980358,-0.041309935736153526,-0.012132963630114527,0.18474873150820356,0.026988869248858877,0.8645833333333334,0.003962419300905127,0.008826474265766673,1.67195475244803,0.0554486421301241,0.07366307715820224,0.05334701235519877,0.001866515692147487,0.019162437781448896,0.011734245240741091,0.0030425151941713196,0.005165589908994853,0.004370482743239238,0.010674782929774604,0.0026313802810370153,0.02699959182908509,2.0816681711721685e-17,0.00013778659611992945,0.0001515652557319224,5.170086210412081,3195.7192764250763
420001,1,13,M4,3,False,0.030112576045868672,0.9766958138810892,0.98378601407178,0.35,0.0,0.0,0.2357255432754755,0.0843245640071109,3.0317934952676295,0.20654045909643173,0.14585900465534243,0.0,5.610234498512,8.927487328648567,0.15143839439874116,0.5895606857724158,11.297019550407162,3.6489969582647035,2.814175034573567,0.38248753396419666,0.05438232200448684,0.1112556495994169,0.019621643405647902,0.07548953851980358,-0.041309935736153526,-0.012132963630114527,0.18474873150820356,0.026988869248858877,0.8645833333333334,0.003962419300905127,0.008826474265766673,1.67195475244803,0.0554486421301241,0.07366307715820224,0.05334701235519877,0.001866515692147487,0.019162437781448896,0.011734245240741091,0.0030425151941713196,0.005165589908994853,0.004370482743239238,0.010674782929774604,0.0026313802810370153,0.02699959182908509,2.0816681711721685e-17,0.00013778659611992945,0.0001515652557319224,5.170086210412081,3195.7192764250763
420001,1,14,M2,0,False,6.208443502414458e-07,0.9766958138810892,0.98378601407178,0.35,0.0,0.0,0.20833341283723714,0.062489898935891686,2.92039684318006,0.25279291801154613,0.0,0.0,5.331442344933748,7.0982246696949005,0.15971020473002875,0.5870704121492026,9.405930127839495,3.532758265838396,2.9396803818386466,0.36499573243534816,0.07760962752443268,0.16658261515820513,0.04959721235746101,0.07476345197513222,-0.034194106201668815,-0.007533541433390898,0.19520110019379336,0.022512962990225743,0.8020833333333334,0.0034986819352799464,0.012470562001152152,1.5098782674375635,0.04769904788051394,0.0683870681602872,0.04556999359720406,0.0026430279954778087,0.020254079488873297,0.012076089804731512,0.003104468576154585,0.008199677244842052,0.004871264898406276,0.011461656414404237,0.0032762518141564202,0.037887988836406095,2.0816681711721685e-17,0.0001240079365079365,0.00016534391534391533,3.4965609186374746,1803.093820470415
420001,1,14,M3,1,False,6.208443502414458e-07,0.9766958138810892,0.98378601407178,0.35,0.0,0.0,0.20833341283723714,0.062489898935891686,2.92039684318006,0.25279291801154613,0.0,0.0,5.331442344933748,7.0982246696949005,0.15971020473002875,0.5870704121492026,9.405930127839495,3.532758265838396,2.9396803818386466,0.36499573243534816,0.07760962752443268,0.16658261515820513,0.04959721235746101,0.07476345197513222,-0.034194106201668815,-0.007533541433390898,0.19520110019379336,0.022512962990225743,0.8020833333333334,0.0034986819352799464,0.012470562001152152,1.5098782674375635,0.04769904788051394,0.0683870681602872,0.04556999359720406,0.0026430279954778087,0.020254079488873297,0.012076089804731512,0.003104468576154585,0.008199677244842052,0.004871264898406276,0.011461656414404237,0.0032762518141564202,0.037887988836406095,2.0816681711721685e-17,0.0001240079365079365,0.00016534391534391533,3.4965609186374746,1803.093820470415
420001,1,14,M2+O,2,False,1.1222907707254943e-05,0.9766958138810892,0.98378601407178,0.35,0.0,0.0,0.20833341283723714,0.062489898935891686,2.92039684318006,0.25279291801154613,0.09017833367092232,0.0,5.331442344933748,7.0982246696949005,0.15920518109597823,0.5883677754942583,9.333009741927631,3.5741841050563203,2.9666251929219847,0.3751267281910345,0.07976609276475989,0.16587637777934142,0.0462435340891747,0.07539960715783907,-0.03259347043242813,-0.006016763976044355,0.2069046493705736,0.024272238033126916,0.8354166666666666,0.0037515189887284916,0.012637346244395088,1.4520298520800377,0.05398615088426421,0.07433305717788309,0.043903858286594856,0.0025036861476119203,0.019740009474729838,0.012072380102251134,0.002619076181976675,0.008459812148946193,0.005058249067734579,0.011136301955051569,0.0031590572727102904,0.03303478166292171,2.0816681711721685e-17,0.00011022927689594356,0.00016534391534391533,3.533298799803429,1807.0647893717253
420001,1,14,M4,3,False,1.1222907707254943e-05,0.9766958138810892,0.98378601407178,0.35,0.0,0.0,0.20833341283723714,0.062489898935891686,2.92039684318006,0.25279291801154613,0.09017833367092232,0.0,5.331442344933748,7.0982246696949005,0.15920518109597823,0.5883677754942583,9.333009741927631,3.5741841050563203,2.9666251929219847,0.3751267281910345,0.07976609276475989,0.16587637777934142,0.0462435340891747,0.07539960715783907,-0.03259347043242813,-0.006016763976044355,0.2069046493705736,0.024272238033126916,0.8354166666666666,0.0037515189887284916,0.012637346244395088,1.4520298520800377,0.05398615088426421,0.07433305717788309,0.043903858286594856,0.0025036861476119203,0.019740009474729838,0.012072380102251134,0.002619076181976675,0.008459812148946193,0.005058249067734579,0.011136301955051569,0.0031590572727102904,0.03303478166292171,2.0816681711721685e-17,0.00011022927689594356,0.00016534391534391533,3.533298799803429,1807.0647893717253
420001,1,15,M2,0,False,0.0355707742446431,0.9766958138810892,0.98378601407178,0.35,0.0,0.0,0.26893506180495025,0.07365114953368902,3.2870344676077363,0.18954758934676647,0.0,0.0,6.0987141309306026,8.098484382033348,0.15638543344351677,0.5816702669866879,10.311424609800122,3.581205396815333,2.937146154104448,0.37662603695536573,0.05302580572216729,0.11376221146474101,0.02224259644101208,0.07413219765825528,-0.04419600117634657,-0.01418335166970409,0.20135905741266702,0.026127032748706296,0.8583333333333333,0.004093215937503358,0.009154248295326722,1.702160604907409,0.05646985553340235,0.07745971312747729,0.0467501017364219,0.001954015101320723,0.019330989520576998,0.012296920312713117,0.0033493123896972455,0.005012184399424278,0.004282677136886216,0.01296209192813699,0.0031303178686696203,0.025655653575507944,2.0816681711721685e-17,1.3778659611992945e-05,4.1335978835978834e-05,5.167025284403598,8274.139838055662
420001,1,15,M3,1,False,0.0355707742446431,0.9766958138810892,0.98378601407178,0.35,0.0,0.0,0.26893506180495025,0.07365114953368902,3.2870344676077363,0.18954758934676647,0.0,0.0,6.0987141309306026,8.098484382033348,0.15638543344351677,0.5816702669866879,10.311424609800122,3.581205396815333,2.937146154104448,0.37662603695536573,0.05302580572216729,0.11376221146474101,0.02224259644101208,0.07413219765825528,-0.04419600117634657,-0.01418335166970409,0.20135905741266702,0.026127032748706296,0.8583333333333333,0.004093215937503358,0.009154248295326722,1.702160604907409,0.05646985553340235,0.07745971312747729,0.0467501017364219,0.001954015101320723,0.019330989520576998,0.012296920312713117,0.0033493123896972455,0.005012184399424278,0.004282677136886216,0.01296209192813699,0.0031303178686696203,0.025655653575507944,2.0816681711721685e-17,1.3778659611992945e-05,4.1335978835978834e-05,5.167025284403598,8274.139838055662
420001,1,15,M2+O,2,False,0.03070043221896203,0.9766958138810892,0.98378601407178,0.35,0.0,0.0,0.26893506180495025,0.07365114953368902,3.2870344676077363,0.18954758934676647,0.06948194053920671,0.0,6.0987141309306026,8.098484382033348,0.15605777959571723,0.5803562550030469,10.229105233066651,3.599213882426716,2.943431246127739,0.39656769647926976,0.05423061507307301,0.11445810396616463,0.022415105222515826,0.07440562704000406,-0.04312768220485406,-0.013155662373989596,0.20796323516329943,0.02726357053504486,0.86875,0.004282937317015307,0.009241003251370785,1.6596390527176352,0.05926013327636399,0.07894594840376304,0.0487474876187305,0.001866611473453706,0.019211813277089144,0.011681711803843496,0.0031420541258117543,0.0051161445120081195,0.004458839652388622,0.01295678467711084,0.0029841043879023812,0.025857136065450995,2.0816681711721685e-17,1.3778659611992945e-05,5.511463844797178e-05,5.194062996368618,8274.315366487854
420001,1,15,M4,3,False,0.03070043221896203,0.9766958138810892,0.98378601407178,0.35,0.0,0.0,0.26893506180495025,0.07365114953368902,3.2870344676077363,0.18954758934676647,0.06948194053920671,0.0,6.0987141309306026,8.098484382033348,0.15605777959571723,0.5803562550030469,10.229105233066651,3.599213882426716,2.943431246127739,0.39656769647926976,0.05423061507307301,0.11445810396616463,0.022415105222515826,0.07440562704000406,-0.04312768220485406,-0.013155662373989596,0.20796323516329943,0.02726357053504486,0.86875,0.004282937317015307,0.009241003251370785,1.6596390527176352,0.05926013327636399,0.07894594840376304,0.0487474876187305,0.001866611473453706,0.019211813277089144,0.011681711803843496,0.0031420541258117543,0.0051161445120081195,0.004458839652388622,0.01295678467711084,0.0029841043879023812,0.025857136065450995,2.0816681711721685e-17,1.3778659611992945e-05,5.511463844797178e-05,5.194062996368618,8274.315366487854
420001,1,16,M2,0,False,1.7343714384595665e-05,0.9766958138810892,0.98378601407178,0.35,0.0,0.0,0.27431888692080975,0.06181873608380556,2.745128928869963,0.22651283517479898,0.0,0.0,5.591213259845972,8.767512990161777,0.16280496494387034,0.571064215063083,8.598641054268986,3.4587757725458044,3.074436195839038,0.40484890914190313,0.081965638970096,0.16338553968223976,0.04860775236513174,0.07306359581834135,-0.033565090491050054,-0.0055345695065398956,0.2667343707618818,0.028630979156730768,0.8500000000000001,0.00450526659444318,0.011793877673062546,1.4915950370923663,0.05406999277310084,0.08426525124106124,0.040480020108676115,0.002476469144303195,0.019679222031440145,0.011215169686546173,0.003111560800427775,0.00821232687556198,0.005178763780464426,0.015401977598931886,0.003689625351442691,0.02917960375608824,2.0816681711721685e-17,2.755731922398589e-05,4.1335978835978834e-05,3.0419690985099215,2992.3092884648863
420001,1,16,M3,1,False,1.7343714384595665e-05,0.9766958138810892,0.98378601407178,0.35,0.0,0.0,0.27431888692080975,0.06181873608380556,2.745128928869963,0.22651283517479898,0.0,0.0,5.591213259845972,8.767512990161777,0.16280496494387034,0.571064215063083,8.598641054268986,3.4587757725458044,3.074436195839038,0.40484890914190313,0.081965638970096,0.16338553968223976,0.04860775236513174,0.07306359581834135,-0.033565090491050054,-0.0055345695065398956,0.2667343707618818,0.028630979156730768,0.8500000000000001,0.00450526659444318,0.011793877673062546,1.4915950370923663,0.05406999277310084,0.08426525124106124,0.040480020108676115,0.002476469144303195,0.019679222031440145,0.011215169686546173,0.003111560800427775,0.00821232687556198,0.005178763780464426,0.015401977598931886,0.003689625351442691,0.02917960375608824,2.0816681711721685e-17,2.755731922398589e-05,4.1335978835978834e-05,3.0419690985099215,2992.3092884648863
420001,1,16,M2+O,2,False,0.0001630473130063535,0.9766958138810892,0.98378601407178,0.35,0.0,0.0,0.27431888692080975,0.06181873608380556,2.745128928869963,0.22651283517479898,0.2121842301297775,0.0,5.591213259845972,8.767512990161777,0.15983555423623466,0.5795900136501807,8.910764984833405,3.531504534274795,3.002079388812396,0.42931408864155846,0.094359896423358,0.1551001017993162,0.03916273066749227,0.07594612795219884,-0.026981759677073603,-0.000440753112547609,0.3088284266953929,0.037640500425595164,0.90625,0.005175210322867633,0.013521929823223049,1.3779352568277823,0.04588175442073589,0.07499807909758088,0.039893994962808085,0.0022272959213333137,0.019615367332963284,0.010800640976465348,0.002645199644715694,0.008783621398721226,0.005405597858780684,0.014949537209971346,0.0035805071017572317,0.018628835564595915,2.0816681711721685e-17,4.1335978835978834e-05,4.1335978835978834e-05,3.2591620219469957,3015.650509701023
420001,1,16,M4,3,False,0.0001630473130063535,0.9766958138810892,0.98378601407178,0.35,0.0,0.0,0.27431888692080975,0.06181873608380556,2.745128928869963,0.22651283517479898,0.2121842301297775,0.0,5.591213259845972,8.767512990161777,0.15983555423623466,0.5795900136501807,8.910764984833405,3.531504534274795,3.002079388812396,0.42931408864155846,0.094359896423358,0.1551001017993162,0.03916273066749227,0.07594612795219884,-0.026981759677073603,-0.000440753112547609,0.3088284266953929,0.037640500425595164,0.90625,0.005175210322867633,0.013521929823223049,1.3779352568277823,0.04588175442073589,0.07499807909758088,0.039893994962808085,0.0022272959213333137,0.019615367332963284,0.010800640976465348,0.002645199644715694,0.008783621398721226,0.005405597858780684,0.014949537209971346,0.0035805071017572317,0.018628835564595915,2.0816681711721685e-17,4.1335978835978834e-05,4.1335978835978834e-05,3.2591620219469957,3015.650509701023
420001,1,17,M2,0,False,0.022821898236976355,0.9766958138810892,0.98378601407178,0.35,0.0,0.0,0.2107140221633017,0.07251564121339471,3.1294893007725477,0.21084689751267433,0.0,0.0,6.359143438749015,6.029857037588954,0.15768441267682787,0.5795507184432336,9.886969233379913,3.5816156334131652,2.9380406716194902,0.3761800486363927,0.056403773474985486,0.13185722070727862,0.03219887716895523,0.07397784494204007,-0.044044549946076705,-0.014238960908179192,0.16752821944931887,0.02052756405036132,0.7895833333333333,0.0033719379045109923,0.009969139159665456,1.6287195164938144,0.04358658081547041,0.07806211482740018,0.04644762573823862,0.0021781497816289407,0.01981907613537665,0.01281013290735473,0.003234194035286157,0.005636169864881848,0.004291927960053,0.010695804509139945,0.002895714861974985,0.032828491329867246,2.0816681711721685e-17,1.3778659611992945e-05,1.3778659611992945e-05,4.484165527656308,13863.288530726872
420001,1,17,M3,1,False,0.022821898236976355,0.9766958138810892,0.98378601407178,0.35,0.0,0.0,0.2107140221633017,0.07251564121339471,3.1294893007725477,0.21084689751267433,0.0,0.0,6.359143438749015,6.029857037588954,0.15768441267682787,0.5795507184432336,9.886969233379913,3.5816156334131652,2.9380406716194902,0.3761800486363927,0.056403773474985486,0.13185722070727862,0.03219887716895523,0.07397784494204007,-0.044044549946076705,-0.014238960908179192,0.16752821944931887,0.02052756405036132,0.7895833333333333,0.0033719379045109923,0.009969139159665456,1.6287195164938144,0.04358658081547041,0.07806211482740018,0.04644762573823862,0.0021781497816289407,0.01981907613537665,0.01281013290735473,0.003234194035286157,0.005636169864881848,0.004291927960053,0.010695804509139945,0.002895714861974985,0.032828491329867246,2.0816681711721685e-17,1.3778659611992945e-05,1.3778659611992945e-05,4.484165527656308,13863.288530726872
420001,1,17,M2+O,2,False,0.022356058730531037,0.9766958138810892,0.98378601407178,0.35,0.0,0.0,0.2107140221633017,0.07251564121339471,3.1294893007725477,0.21084689751267433,0.022073353820592844,0.0,6.359143438749015,6.029857037588954,0.1576396475658602,0.5786493627507224,9.846174638909767,3.582834298075005,2.9338426606374894,0.3933866741765264,0.05654325166627163,0.13223229175933696,0.03200904800230938,0.0740143499554278,-0.04378164021254214,-0.014011104601658159,0.16875581930732297,0.020690471371727918,0.7979166666666666,0.003428247280368532,0.010001636343749015,1.613506973783292,0.04685374484328746,0.07679827261694838,0.04080795194931937,0.002150775449943368,0.01970580921052533,0.012661742036788402,0.00313464850285058,0.005681003940794618,0.004352010137487852,0.010698037241943315,0.002851168150939738,0.03344354515538666,2.0816681711721685e-17,1.3778659611992945e-05,2.755731922398589e-05,4.4851499517155355,13867.581493366124
420001,1,17,M4,3,False,0.022356058730531037,0.9766958138810892,0.98378601407178,0.35,0.0,0.0,0.2107140221633017,0.07251564121339471,3.1294893007725477,0.21084689751267433,0.022073353820592844,0.0,6.359143438749015,6.029857037588954,0.1576396475658602,0.5786493627507224,9.846174638909767,3.582834298075005,2.9338426606374894,0.3933866741765264,0.05654325166627163,0.13223229175933696,0.03200904800230938,0.0740143499554278,-0.04378164021254214,-0.014011104601658159,0.16875581930732297,0.020690471371727918,0.7979166666666666,0.003428247280368532,0.010001636343749015,1.613506973783292,0.04685374484328746,0.07679827261694838,0.04080795194931937,0.002150775449943368,0.01970580921052533,0.012661742036788402,0.00313464850285058,0.005681003940794618,0.004352010137487852,0.010698037241943315,0.002851168150939738,0.03344354515538666,2.0816681711721685e-17,1.3778659611992945e-05,2.755731922398589e-05,4.4851499517155355,13867.581493366124
420001,1,18,M2,0,True,0.0,0.9766958138810892,0.98378601407178,0.35,0.0,0.0,0.2333221411332488,0.0694007444800809,2.9358963377773764,0.24959932155907155,0.0,0.0,6.073741978500038,7.956517500802875,0.15627645448476887,0.5923327330068,10.175899160564862,3.591981033365194,2.8954920823551937,0.37923529800786504,0.0705849096738553,0.1527381525723074,0.03955368626981096,0.07507567783665765,-0.036897583665997435,-0.008605396911192532,0.1957662876759556,0.025019570794078915,0.8249999999999998,0.003720919241788398,0.011814520159683912,1.633879416072511,0.05167496401113732,0.07551828981921385,0.0416860361459318,0.0024441983950785843,0.020151336969135805,0.011954340343949836,0.003181223783452463,0.007508794189979066,0.004723674991259481,0.01180512585358433,0.0033287220557151292,0.0333785924625741,2.0816681711721685e-17,4.1335978835978834e-05,6.889329805996472e-05,3.9398982476664437,7880.11365757019
420001,1,18,M3,1,True,0.0,0.9766958138810892,0.98378601407178,0.35,0.0,0.0,0.2333221411332488,0.0694007444800809,2.9358963377773764,0.24959932155907155,0.0,0.0,6.073741978500038,7.956517500802875,0.15627645448476887,0.5923327330068,10.175899160564862,3.591981033365194,2.8954920823551937,0.37923529800786504,0.0705849096738553,0.1527381525723074,0.03955368626981096,0.07507567783665765,-0.036897583665997435,-0.008605396911192532,0.1957662876759556,0.025019570794078915,0.8249999999999998,0.003720919241788398,0.011814520159683912,1.633879416072511,0.05167496401113732,0.07551828981921385,0.0416860361459318,0.0024441983950785843,0.020151336969135805,0.011954340343949836,0.003181223783452463,0.007508794189979066,0.004723674991259481,0.01180512585358433,0.0033287220557151292,0.0333785924625741,2.0816681711721685e-17,4.1335978835978834e-05,6.889329805996472e-05,3.9398982476664437,7880.11365757019
420001,1,18,M2+O,2,False,4.9484273770327575e-09,0.9766958138810892,0.98378601407178,0.35,0.0,0.0,0.2333221411332488,0.0694007444800809,2.9358963377773764,0.24959932155907155,0.04776055824152218,0.0,6.073741978500038,7.956517500802875,0.15611651832198523,0.5928967648998421,10.109534177487534,3.624362675184035,2.904049246167805,0.3848689880370257,0.07115955895203231,0.15300598249261246,0.03862716928969635,0.0751571501868591,-0.03621099950866574,-0.007958355724856057,0.19952871918002787,0.025545830285288673,0.8395833333333332,0.003844212575587905,0.01188792066440108,1.6036456934840326,0.05725258578924878,0.07403423560891721,0.03963797575501107,0.002376049643961801,0.0198928776068936,0.011900774470530935,0.0029120313880452707,0.0076379509477995,0.004827494881139284,0.011713553061998215,0.0032561264789890236,0.030689416380533824,2.0816681711721685e-17,5.511463844797178e-05,6.889329805996472e-05,3.9495970748495544,7886.645066268034
420001,1,18,M4,3,False,4.9484273770327575e-09,0.9766958138810892,0.98378601407178,0.35,0.0,0.0,0.2333221411332488,0.0694007444800809,2.9358963377773764,0.24959932155907155,0.04776055824152218,0.0,6.073741978500038,7.956517500802875,0.15611651832198523,0.5928967648998421,10.109534177487534,3.624362675184035,2.904049246167805,0.3848689880370257,0.07115955895203231,0.15300598249261246,0.03862716928969635,0.0751571501868591,-0.03621099950866574,-0.007958355724856057,0.19952871918002787,0.025545830285288673,0.8395833333333332,0.003844212575587905,0.01188792066440108,1.6036456934840326,0.05725258578924878,0.07403423560891721,0.03963797575501107,0.002376049643961801,0.0198928776068936,0.011900774470530935,0.0029120313880452707,0.0076379509477995,0.004827494881139284,0.011713553061998215,0.0032561264789890236,0.030689416380533824,2.0816681711721685e-17,5.511463844797178e-05,6.889329805996472e-05,3.9495970748495544,7886.645066268034
420001,1,19,M2,0,False,0.0500193451521779,0.9766958138810892,0.98378601407178,0.35,0.0,0.0,0.29389928011223676,0.0837265725620091,3.151984858140349,0.19276041217148304,0.0,0.0,5.306607499253005,6.847492961212993,0.15155121926789528,0.5943667172750308,11.691310959334269,3.682827245733782,2.855967251869597,0.3952363631526395,0.04987149544221825,0.10333068967811652,0.015520260527388604,0.0753756095136405,-0.04300401353702534,-0.014031256940316185,0.19857839859339052,0.028837929882397972,0.88125,0.00424944739912199,0.009191395269240484,1.8368936689498387,0.06129699875484507,0.07743239990545521,0.04423071330472488,0.001871091753180656,0.019080585121481045,0.012163592629257302,0.003504244872453507,0.004682985999034228,0.004164220585924557,0.012966219058127306,0.0031038388356478533,0.022077863692336525,2.0816681711721685e-17,0.0001515652557319224,0.00020667989417989417,5.593389506465641,1809.3654794376614
420001,1,19,M3,1,False,0.0500193451521779,0.9766958138810892,0.98378601407178,0.35,0.0,0.0,0.29389928011223676,0.0837265725620091,3.151984858140349,0.19276041217148304,0.0,0.0,5.306607499253005,6.847492961212993,0.15155121926789528,0.5943667172750308,11.691310959334269,3.682827245733782,2.855967251869597,0.3952363631526395,0.04987149544221825,0.10333068967811652,0.015520260527388604,0.0753756095136405,-0.04300401353702534,-0.014031256940316185,0.19857839859339052,0.028837929882397972,0.88125,0.00424944739912199,0.009191395269240484,1.8368936689498387,0.06129699875484507,0.07743239990545521,0.04423071330472488,0.001871091753180656,0.019080585121481045,0.012163592629257302,0.003504244872453507,0.004682985999034228,0.004164220585924557,0.012966219058127306,0.0031038388356478533,0.022077863692336525,2.0816681711721685e-17,0.0001515652557319224,0.00020667989417989417,5.593389506465641,1809.3654794376614
420001,1,19,M2+O,2,False,0.0339389318529115,0.9766958138810892,0.98378601407178,0.35,0.0,0.0,0.29389928011223676,0.0837265725620091,3.151984858140349,0.19276041217148304,0.13119263357491437,0.0,5.306607499253005,6.847492961212993,0.15060477137759484,0.5946972410413705,11.632876197782478,3.685135726034894,2.7866946919302182,0.38159655464496584,0.053419730158752454,0.10258575926499147,0.015224735271410864,0.07569212949114035,-0.04075826579136834,-0.011369623579285124,0.21507956570270212,0.03209439023916621,0.9041666666666668,0.004607456882885061,0.009185928738009106,1.7538145891987207,0.06449542971474531,0.07531441633024842,0.051083360859674326,0.0017326130402929212,0.019088946118808993,0.011115529292956457,0.003316143775651178,0.004875109067330033,0.004446939107241943,0.012946365478411482,0.0028961226013086857,0.0203939166358204,2.0816681711721685e-17,0.0001515652557319224,0.00017912257495590828,5.706223452146702,1810.1208205996488
420001,1,19,M4,3,False,0.0339389318529115,0.9766958138810892,0.98378601407178,0.35,0.0,0.0,0.29389928011223676,0.0837265725620091,3.151984858140349,0.19276041217148304,0.13119263357491437,0.0,5.306607499253005,6.847492961212993,0.15060477137759484,0.5946972410413705,11.632876197782478,3.685135726034894,2.7866946919302182,0.38159655464496584,0.053419730158752454,0.10258575926499147,0.015224735271410864,0.07569212949114035,-0.04075826579136834,-0.011369623579285124,0.21507956570270212,0.03209439023916621,0.9041666666666668,0.004607456882885061,0.009185928738009106,1.7538145891987207,0.06449542971474531,0.07531441633024842,0.051083360859674326,0.0017326130402929212,0.019088946118808993,0.011115529292956457,0.003316143775651178,0.004875109067330033,0.004446939107241943,0.012946365478411482,0.0028961226013086857,0.0203939166358204,2.0816681711721685e-17,0.0001515652557319224,0.00017912257495590828,5.706223452146702,1810.1208205996488
420001,1,20,M2,0,False,0.004567871471135772,0.9766958138810892,0.98378601407178,0.35,0.0,0.0,0.2853641238063574,0.066921036564745,3.004666529595852,0.18090405613183974,0.0,0.0,5.5569867682643235,7.624283714219928,0.16288547284902163,0.5624875726161965,8.602244943168792,3.4730456867468864,3.1217572001374854,0.3683771161403772,0.06391725728670038,0.12828739770953485,0.0327821712449723,0.07268416062018919,-0.04218569676028722,-0.01057002129474597,0.2595562359603128,0.028295127322731466,0.8666666666666667,0.004581814627567179,0.010499440944110606,1.5202250460926041,0.05166518587511039,0.08138241005884371,0.05028333827153588,0.0020513248422281494,0.019231141489338206,0.011771574809100968,0.003207807179115013,0.005890996141752571,0.0047668420783047154,0.01573013583861344,0.0034993736773008557,0.024573659359149527,2.0816681711721685e-17,1.3778659611992945e-05,2.755731922398589e-05,3.6119831532514532,2796.6859210847756
420001,1,20,M3,1,False,0.004567871471135772,0.9766958138810892,0.98378601407178,0.35,0.0,0.0,0.2853641238063574,0.066921036564745,3.004666529595852,0.18090405613183974,0.0,0.0,5.5569867682643235,7.624283714219928,0.16288547284902163,0.5624875726161965,8.602244943168792,3.4730456867468864,3.1217572001374854,0.3683771161403772,0.06391725728670038,0.12828739770953485,0.0327821712449723,0.07268416062018919,-0.04218569676028722,-0.01057002129474597,0.2595562359603128,0.028295127322731466,0.8666666666666667,0.004581814627567179,0.010499440944110606,1.5202250460926041,0.05166518587511039,0.08138241005884371,0.05028333827153588,0.0020513248422281494,0.019231141489338206,0.011771574809100968,0.003207807179115013,0.005890996141752571,0.0047668420783047154,0.01573013583861344,0.0034993736773008557,0.024573659359149527,2.0816681711721685e-17,1.3778659611992945e-05,2.755731922398589e-05,3.6119831532514532,2796.6859210847756
420001,1,20,M2+O,2,False,0.002310199013908476,0.9766958138810892,0.98378601407178,0.35,0.0,0.0,0.2853641238063574,0.066921036564745,3.004666529595852,0.18090405613183974,0.07382451393861636,0.0,5.5569867682643235,7.624283714219928,0.16245548132387055,0.5630715473092632,8.559836487425457,3.4875965120227477,3.068934303106096,0.3805642409178233,0.06567419232828613,0.12969487757273648,0.03313306604106731,0.07311840225992532,-0.040728585363549084,-0.009471848432851674,0.2674813080728785,0.029718998918451214,0.8770833333333333,0.004794674502374962,0.01053033255048718,1.4914049493312258,0.05793543483603143,0.07728169703793189,0.04401664963966542,0.0019339071156176681,0.019184776223816397,0.011245839637808293,0.003007872919561857,0.006055556201796788,0.004926486647306789,0.015582933800094678,0.003323487784651394,0.02623389199817634,2.0816681711721685e-17,1.3778659611992945e-05,4.1335978835978834e-05,3.640581763062061,2798.6303808911703
420001,1,20,M4,3,False,0.002310199013908476,0.9766958138810892,0.98378601407178,0.35,0.0,0.0,0.2853641238063574,0.066921036564745,3.004666529595852,0.18090405613183974,0.07382451393861636,0.0,5.5569867682643235,7.624283714219928,0.16245548132387055,0.5630715473092632,8.559836487425457,3.4875965120227477,3.068934303106096,0.3805642409178233,0.06567419232828613,0.12969487757273648,0.03313306604106731,0.07311840225992532,-0.040728585363549084,-0.009471848432851674,0.2674813080728785,0.029718998918451214,0.8770833333333333,0.004794674502374962,0.01053033255048718,1.4914049493312258,0.05793543483603143,0.07728169703793189,0.04401664963966542,0.0019339071156176681,0.019184776223816397,0.011245839637808293,0.003007872919561857,0.006055556201796788,0.004926486647306789,0.015582933800094678,0.003323487784651394,0.02623389199817634,2.0816681711721685e-17,1.3778659611992945e-05,4.1335978835978834e-05,3.640581763062061,2798.6303808911703
420001,1,21,M2,0,False,0.0029019683324289884,0.9766958138810892,0.98378601407178,0.35,0.0,0.0,0.24985972577705978,0.08074341848492622,2.7879210490733386,0.2564136388897896,0.0,0.0,6.2897146246396005,7.174714235588908,0.15141095210980202,0.6008733192756505,11.411606789035737,3.6694263754990586,2.825296275341731,0.4156441997849692,0.0651517071568773,0.1399755554284636,0.03071733176466965,0.07609591374139799,-0.037382755516041935,-0.00903958606398132,0.18739916454615727,0.027031296978994784,0.8479166666666668,0.0037890197551060847,0.011298082748581162,1.7748208466828255,0.05081467884193232,0.07740714784789621,0.04859758403123739,0.002314697978017045,0.0199818227676558,0.01187803427303904,0.00324923775699059,0.007031726252297698,0.004541700955733834,0.011552698219712382,0.003281834090875296,0.029253880992786183,2.0816681711721685e-17,5.511463844797178e-05,8.267195767195767e-05,4.219230713565106,12136.64758101423
420001,1,21,M3,1,False,0.0029019683324289884,0.9766958138810892,0.98378601407178,0.35,0.0,0.0,0.24985972577705978,0.08074341848492622,2.7879210490733386,0.2564136388897896,0.0,0.0,6.2897146246396005,7.174714235588908,0.15141095210980202,0.6008733192756505,11.411606789035737,3.6694263754990586,2.825296275341731,0.4156441997849692,0.0651517071568773,0.1399755554284636,0.03071733176466965,0.07609591374139799,-0.037382755516041935,-0.00903958606398132,0.18739916454615727,0.027031296978994784,0.8479166666666668,0.0037890197551060847,0.011298082748581162,1.7748208466828255,0.05081467884193232,0.07740714784789621,0.04859758403123739,0.002314697978017045,0.0199818227676558,0.01187803427303904,0.00324923775699059,0.007031726252297698,0.004541700955733834,0.011552698219712382,0.003281834090875296,0.029253880992786183,2.0816681711721685e-17,5.511463844797178e-05,8.267195767195767e-05,4.219230713565106,12136.64758101423
420001,1,21,M2+O,2,False,0.0022394049780983553,0.9766958138810892,0.98378601407178,0.35,0.0,0.0,0.24985972577705978,0.08074341848492622,2.7879210490733386,0.2564136388897896,0.05298770697682681,0.0,6.2897146246396005,7.174714235588908,0.15123307088113117,0.6006195088919511,11.333975992824984,3.697444710864573,2.796687904423271,0.3863236396590521,0.06574098833969703,0.14008700441484165,0.029633438236928822,0.07623952436012565,-0.036671957233998055,-0.008355874519233223,0.19132552199665012,0.027605178954766146,0.8541666666666666,0.003920638456956382,0.01137988857065903,1.7390505967283012,0.06022913754675526,0.07336415500423657,0.04263528644511202,0.00224684298866181,0.01972610737918977,0.011793491354899132,0.002986637790546245,0.007165199656647965,0.0046496021925095995,0.011488219576369446,0.0032039670583091295,0.026905071087836692,2.0816681711721685e-17,5.511463844797178e-05,8.267195767195767e-05,4.231092436932046,12144.296390404279
420001,1,21,M4,3,False,0.0022394049780983553,0.9766958138810892,0.98378601407178,0.35,0.0,0.0,0.24985972577705978,0.08074341848492622,2.7879210490733386,0.2564136388897896,0.05298770697682681,0.0,6.2897146246396005,7.174714235588908,0.15123307088113117,0.6006195088919511,11.333975992824984,3.697444710864573,2.796687904423271,0.3863236396590521,0.06574098833969703,0.14008700441484165,0.029633438236928822,0.07623952436012565,-0.036671957233998055,-0.008355874519233223,0.19132552199665012,0.027605178954766146,0.8541666666666666,0.003920638456956382,0.01137988857065903,1.7390505967283012,0.06022913754675526,0.07336415500423657,0.04263528644511202,0.00224684298866181,0.01972610737918977,0.011793491354899132,0.002986637790546245,0.007165199656647965,0.0046496021925095995,0.011488219576369446,0.0032039670583091295,0.026905071087836692,2.0816681711721685e-17,5.511463844797178e-05,8.267195767195767e-05,4.231092436932046,12144.296390404279
420001,1,22,M2,0,False,0.013058806254511786,0.9766958138810892,0.98378601407178,0.35,0.0,0.0,0.21934264209121468,0.06507959863170981,3.2768081992864606,0.20266117803752423,0.0,0.0,5.824183402583003,8.253249479457736,0.16096009249121898,0.57122964529974,9.055623968267353,3.514799814988335,3.0199722469646084,0.35419659952232146,0.05971523793850605,0.13778283438110048,0.03681338389382911,0.07316555178200611,-0.04412108932554263,-0.01356523292292354,0.18730215620437016,0.02088360116812781,0.7979166666666666,0.0035668564494345484,0.01021712760381565,1.5474792909250634,0.043298675774776,0.07620042655044584,0.04502647368855313,0.0022115831860398884,0.019816206988239948,0.012532239478205129,0.0031788686433500404,0.005861189711492764,0.004457307947150908,0.011774809260178013,0.003008416350973961,0.03262089646949375,2.0816681711721685e-17,1.3778659611992945e-05,4.1335978835978834e-05,4.352881007966041,4779.447186395993
420001,1,22,M3,1,False,0.013058806254511786,0.9766958138810892,0.98378601407178,0.35,0.0,0.0,0.21934264209121468,0.06507959863170981,3.2768081992864606,0.20266117803752423,0.0,0.0,5.824183402583003,8.253249479457736,0.16096009249121898,0.57122964529974,9.055623968267353,3.514799814988335,3.0199722469646084,0.35419659952232146,0.05971523793850605,0.13778283438110048,0.03681338389382911,0.07316555178200611,-0.04412108932554263,-0.01356523292292354,0.18730215620437016,0.02088360116812781,0.7979166666666666,0.0035668564494345484,0.01021712760381565,1.5474792909250634,0.043298675774776,0.07620042655044584,0.04502647368855313,0.0022115831860398884,0.019816206988239948,0.012532239478205129,0.0031788686433500404,0.005861189711492764,0.004457307947150908,0.011774809260178013,0.003008416350973961,0.03262089646949375,2.0816681711721685e-17,1.3778659611992945e-05,4.1335978835978834e-05,4.352881007966041,4779.447186395993
420001,1,22,M2+O,2,False,0.012210623333104366,0.9766958138810892,0.98378601407178,0.35,0.0,0.0,0.21934264209121468,0.06507959863170981,3.2768081992864606,0.20266117803752423,0.033084380497587614,0.0,5.824183402583003,8.253249479457736,0.16086716531731446,0.5698783821176682,9.004992865645672,3.5192627908949987,3.010331117425286,0.3579233290442239,0.06005484796505628,0.13842669466151436,0.0366281617189724,0.07330108227250427,-0.043659929655521734,-0.01315478250508737,0.18971656907254805,0.021218834921947174,0.80625,0.003656351024778703,0.010193314814644585,1.5274265052910072,0.046772484192541174,0.08012733116561437,0.03952157191296465,0.0021660663633803604,0.01968342697155186,0.012319401588297522,0.0030365140810416197,0.005934849760103572,0.004545018562723947,0.011761867040451731,0.0029395416599277287,0.03301192417417015,2.0816681711721685e-17,2.755731922398589e-05,5.511463844797178e-05,4.357101596758144,4779.602148109694
420001,1,22,M4,3,False,0.012210623333104366,0.9766958138810892,0.98378601407178,0.35,0.0,0.0,0.21934264209121468,0.06507959863170981,3.2768081992864606,0.20266117803752423,0.033084380497587614,0.0,5.824183402583003,8.253249479457736,0.16086716531731446,0.5698783821176682,9.004992865645672,3.5192627908949987,3.010331117425286,0.3579233290442239,0.06005484796505628,0.13842669466151436,0.0366281617189724,0.07330108227250427,-0.043659929655521734,-0.01315478250508737,0.18971656907254805,0.021218834921947174,0.80625,0.003656351024778703,0.010193314814644585,1.5274265052910072,0.046772484192541174,0.08012733116561437,0.03952157191296465,0.0021660663633803604,0.01968342697155186,0.012319401588297522,0.0030365140810416197,0.005934849760103572,0.004545018562723947,0.011761867040451731,0.0029395416599277287,0.03301192417417015,2.0816681711721685e-17,2.755731922398589e-05,5.511463844797178e-05,4.357101596758144,4779.602148109694
420001,1,23,M2,0,False,0.0031840524023174456,0.9766958138810892,0.98378601407178,0.35,0.0,0.0,0.25806931434199215,0.07628014065790922,2.8931047920137645,0.23965651862323284,0.0,0.0,5.092159022577107,6.549499271437526,0.15412577167182098,0.5954293413378834,10.816099624638005,3.6363366007082862,2.869028001056236,0.3939481133020406,0.06492153325709706,0.1402135512677782,0.03223458920120525,0.07540477926747573,-0.03913746796273208,-0.009531098310784114,0.20097112529555528,0.027166777493258968,0.84375,0.00395012820234696,0.011443266184702289,1.72528620689598,0.05400737067087617,0.07960423332454254,0.04711507668007371,0.002289978163262551,0.019864344374376244,0.01189659201516776,0.0032579872149424583,0.0067290528817057,0.004588547018503501,0.01240523334107938,0.0032726425517612683,0.030293327456814602,2.0816681711721685e-17,0.00017912257495590828,0.0003031305114638448,4.193793261708033,1187.1084988428222
420001,1,23,M3,1,False,0.0031840524023174456,0.9766958138810892,0.98378601407178,0.35,0.0,0.0,0.25806931434199215,0.07628014065790922,2.8931047920137645,0.23965651862323284,0.0,0.0,5.092159022577107,6.549499271437526,0.15412577167182098,0.5954293413378834,10.816099624638005,3.6363366007082862,2.869028001056236,0.3939481133020406,0.06492153325709706,0.1402135512677782,0.03223458920120525,0.07540477926747573,-0.03913746796273208,-0.009531098310784114,0.20097112529555528,0.027166777493258968,0.84375,0.00395012820234696,0.011443266184702289,1.72528620689598,0.05400737067087617,0.07960423332454254,0.04711507668007371,0.002289978163262551,0.019864344374376244,0.01189659201516776,0.0032579872149424583,0.0067290528817057,0.004588547018503501,0.01240523334107938,0.0032726425517612683,0.030293327456814602,2.0816681711721685e-17,0.00017912257495590828,0.0003031305114638448,4.193793261708033,1187.1084988428222
420001,1,23,M2+O,2,False,1.1240426462711144e-05,0.9766958138810892,0.98378601407178,0.35,0.0,0.0,0.25806931434199215,0.07628014065790922,2.8931047920137645,0.23965651862323284,0.16454687114128402,0.0,5.092159022577107,6.549499271437526,0.15265531834314738,0.5960554077076899,10.852093404380403,3.6650960039306573,2.841739500565146,0.3814098415302203,0.07074638993622244,0.13737203311768004,0.028211588006344223,0.07670840889277047,-0.035623761874987926,-0.006015216681895075,0.2277222322631479,0.03219770755314167,0.8833333333333334,0.0044249381354544365,0.011277044214869575,1.6201521854629897,0.059151512257074254,0.08004766235936875,0.052392718790049635,0.002094221945769751,0.019553026262366553,0.01129446971558648,0.0027158031719748147,0.007154652304250578,0.004870482364530248,0.012186801673663037,0.0031011200032255463,0.022252394975049404,2.0816681711721685e-17,0.0002204585537918871,0.00028935185185185184,4.342220560248438,1249.816976562733
420001,1,23,M4,3,False,1.1240426462711144e-05,0.9766958138810892,0.98378601407178,0.35,0.0,0.0,0.25806931434199215,0.07628014065790922,2.8931047920137645,0.23965651862323284,0.16454687114128402,0.0,5.092159022577107,6.549499271437526,0.15265531834314738,0.5960554077076899,10.852093404380403,3.6650960039306573,2.841739500565146,0.3814098415302203,0.07074638993622244,0.13737203311768004,0.028211588006344223,0.07670840889277047,-0.035623761874987926,-0.006015216681895075,0.2277222322631479,0.03219770755314167,0.8833333333333334,0.0044249381354544365,0.011277044214869575,1.6201521854629897,0.059151512257074254,0.08004766235936875,0.052392718790049635,0.002094221945769751,0.019553026262366553,0.01129446971558648,0.0027158031719748147,0.007154652304250578,0.004870482364530248,0.012186801673663037,0.0031011200032255463,0.022252394975049404,2.0816681711721685e-17,0.0002204585537918871,0.00028935185185185184,4.342220560248438,1249.816976562733
420001,1,24,M2,0,False,0.0035289401229517204,0.9766958138810892,0.98378601407178,0.35,0.0,0.0,0.25229498287662866,0.07130121480673551,3.2424582408741114,0.25054258555173875,0.0,0.0,5.1947883064858615,7.697029176168144,0.15215245975651534,0.6008549805721469,11.246130173689231,3.65579724646194,2.848750354366258,0.4040732116579899,0.06465356053097869,0.14014751341750578,0.030469876269799207,0.07595905479746361,-0.03952750580979657,-0.009994324350019736,0.19058260744475586,0.0269273301597807,0.84375,0.003829772363431123,0.011653207061384438,1.7516956731188549,0.05146539173571151,0.08241665184666626,0.047877755767091024,0.002345590031624166,0.019853545343082958,0.0119331781960609,0.0033408277989648324,0.0067528982011179,0.00451760706369801,0.011761122435834279,0.0032628078348562383,0.029536347664078807,2.0816681711721685e-17,0.00023423721340388006,0.0003444664902998236,5.267690015956862,1477.3132908316147
420001,1,24,M3,1,False,0.0035289401229517204,0.9766958138810892,0.98378601407178,0.35,0.0,0.0,0.25229498287662866,0.07130121480673551,3.2424582408741114,0.25054258555173875,0.0,0.0,5.1947883064858615,7.697029176168144,0.15215245975651534,0.6008549805721469,11.246130173689231,3.65579724646194,2.848750354366258,0.4040732116579899,0.06465356053097869,0.14014751341750578,0.030469876269799207,0.07595905479746361,-0.03952750580979657,-0.009994324350019736,0.19058260744475586,0.0269273301597807,0.84375,0.003829772363431123,0.011653207061384438,1.7516956731188549,0.05146539173571151,0.08241665184666626,0.047877755767091024,0.002345590031624166,0.019853545343082958,0.0119331781960609,0.0033408277989648324,0.0067528982011179,0.00451760706369801,0.011761122435834279,0.0032628078348562383,0.029536347664078807,2.0816681711721685e-17,0.00023423721340388006,0.0003444664902998236,5.267690015956862,1477.3132908316147
420001,1,24,M2+O,2,False,0.003317190337733243,0.9766958138810892,0.98378601407178,0.35,0.0,0.0,0.25229498287662866,0.07130121480673551,3.2424582408741114,0.25054258555173875,0.027300393382453058,0.0,5.1947883064858615,7.697029176168144,0.15208824770106613,0.5995998681629549,11.201943327256808,3.678600243949479,2.8321191048485734,0.39210723797794983,0.06481644506775136,0.14036511016303782,0.029986020505830505,0.0759626377580571,-0.039191135883938175,-0.009690031195115223,0.19204385844455643,0.02711526393219942,0.8458333333333333,0.0038964175188733285,0.011792311317251709,1.734512729670552,0.05649656612526491,0.07893453265931955,0.045676586915527236,0.002309494022034494,0.019730916281593416,0.011857832164369793,0.003209212966929107,0.0068244404255585,0.004577333904957796,0.011751444808096088,0.0032169238520113027,0.028854436442520566,2.0816681711721685e-17,0.0002204585537918871,0.00033068783068783067,5.270053119582747,1508.6934814068934
420001,1,24,M4,3,False,0.003317190337733243,0.9766958138810892,0.98378601407178,0.35,0.0,0.0,0.25229498287662866,0.07130121480673551,3.2424582408741114,0.25054258555173875,0.027300393382453058,0.0,5.1947883064858615,7.697029176168144,0.15208824770106613,0.5995998681629549,11.201943327256808,3.678600243949479,2.8321191048485734,0.39210723797794983,0.06481644506775136,0.14036511016303782,0.029986020505830505,0.0759626377580571,-0.039191135883938175,-0.009690031195115223,0.19204385844455643,0.02711526393219942,0.8458333333333333,0.0038964175188733285,0.011792311317251709,1.734512729670552,0.05649656612526491,0.07893453265931955,0.045676586915527236,0.002309494022034494,0.019730916281593416,0.011857832164369793,0.003209212966929107,0.0068244404255585,0.004577333904957796,0.011751444808096088,0.0032169238520113027,0.028854436442520566,2.0816681711721685e-17,0.0002204585537918871,0.00033068783068783067,5.270053119582747,1508.6934814068934
420001,1,25,M2,0,False,0.050428225379340254,0.9766958138810892,0.98378601407178,0.35,0.0,0.0,0.2128114739432931,0.0819786664703861,2.857141142897308,0.18745961993932725,0.0,0.0,5.950249812100083,7.481925803236663,0.15809845194317415,0.5762796838526671,9.959965937822677,3.550914052585599,2.9482172143512178,0.36076898841095845,0.04978939324085851,0.11643500016219983,0.025906068974986537,0.07317554237989389,-0.045028175536918104,-0.01651706225166592,0.16152865429652352,0.01969345990434287,0.8000000000000002,0.003369248103050479,0.008853803398043167,1.6400295924563562,0.052447402944392915,0.0759114078231474,0.047063390983473015,0.0019888848484839665,0.019645099033292823,0.01306806707253939,0.0032510991518580595,0.004829330600731561,0.004077083630305488,0.010645333734410524,0.002715015187168333,0.03127716210856122,2.0816681711721685e-17,1.3778659611992945e-05,4.1335978835978834e-05,3.976567512736143,6149.540782357567
420001,1,25,M3,1,False,0.050428225379340254,0.9766958138810892,0.98378601407178,0.35,0.0,0.0,0.2128114739432931,0.0819786664703861,2.857141142897308,0.18745961993932725,0.0,0.0,5.950249812100083,7.481925803236663,0.15809845194317415,0.5762796838526671,9.959965937822677,3.550914052585599,2.9482172143512178,0.36076898841095845,0.04978939324085851,0.11643500016219983,0.025906068974986537,0.07317554237989389,-0.045028175536918104,-0.01651706225166592,0.16152865429652352,0.01969345990434287,0.8000000000000002,0.003369248103050479,0.008853803398043167,1.6400295924563562,0.052447402944392915,0.0759114078231474,0.047063390983473015,0.0019888848484839665,0.019645099033292823,0.01306806707253939,0.0032510991518580595,0.004829330600731561,0.004077083630305488,0.010645333734410524,0.002715015187168333,0.03127716210856122,2.0816681711721685e-17,1.3778659611992945e-05,4.1335978835978834e-05,3.976567512736143,6149.540782357567
420001,1,25,M2+O,2,False,0.006537889248683411,0.9766958138810892,0.98378601407178,0.35,0.0,0.0,0.2128114739432931,0.0819786664703861,2.857141142897308,0.18745961993932725,0.23350648217868042,0.0,5.950249812100083,7.481925803236663,0.15498015647518495,0.5813693457224782,10.189127123554181,3.5954334560401517,2.9155672632398226,0.4354157088338657,0.06272285063267659,0.10937782083645242,0.021308120412310366,0.07542237176500326,-0.03891686486346423,-0.00923268220874024,0.2185342449014107,0.030524523888273803,0.8916666666666666,0.004164003252646029,0.008874233151566779,1.449412529469778,0.052790383624502,0.07833027741798314,0.046067127344038984,0.001870047643745291,0.019390992015138213,0.011195396275916815,0.00263704409045499,0.005360388499346802,0.004559396745010623,0.01141821437951858,0.0027259077663450743,0.022047927592204922,2.0816681711721685e-17,4.1335978835978834e-05,4.1335978835978834e-05,4.301448478635758,6149.98258232382
420001,1,25,M4,3,False,0.006537889248683411,0.9766958138810892,0.98378601407178,0.35,0.0,0.0,0.2128114739432931,0.0819786664703861,2.857141142897308,0.18745961993932725,0.23350648217868042,0.0,5.950249812100083,7.481925803236663,0.15498015647518495,0.5813693457224782,10.189127123554181,3.5954334560401517,2.9155672632398226,0.4354157088338657,0.06272285063267659,0.10937782083645242,0.021308120412310366,0.07542237176500326,-0.03891686486346423,-0.00923268220874024,0.2185342449014107,0.030524523888273803,0.8916666666666666,0.004164003252646029,0.008874233151566779,1.449412529469778,0.052790383624502,0.07833027741798314,0.046067127344038984,0.001870047643745291,0.019390992015138213,0.011195396275916815,0.00263704409045499,0.005360388499346802,0.004559396745010623,0.01141821437951858,0.0027259077663450743,0.022047927592204922,2.0816681711721685e-17,4.1335978835978834e-05,4.1335978835978834e-05,4.301448478635758,6149.98258232382
420001,1,26,M2,0,False,4.830766990813351e-07,0.9766958138810892,0.98378601407178,0.35,0.0,0.0,0.24332936750724912,0.0601364664407447,3.038868862576783,0.23370719604194165,0.0,0.0,6.421457636170089,8.555320414714515,0.16134236388300768,0.5777144225447567,8.72124483396394,3.511817453757919,3.0012337525781567,0.3533688970785474,0.07658751053242753,0.16253676831050248,0.047611424522811883,0.07332471465415906,-0.0361678933222876,-0.007588537981987595,0.22686906259414275,0.024945268980901686,0.8312499999999999,0.003998301266738202,0.011601297153115971,1.3920811918217477,0.05260157131208271,0.07415970663742714,0.0369796285354718,0.0024987490082232274,0.020023335629380166,0.011667720469139315,0.0031526327416387706,0.007873018850757646,0.004977809596376309,0.013394743125607659,0.0034330292989217743,0.032528206823162494,2.0816681711721685e-17,0.0,0.0,3.571434056698878,12703.443979558557
420001,1,26,M3,1,False,4.830766990813351e-07,0.9766958138810892,0.98378601407178,0.35,0.0,0.0,0.24332936750724912,0.0601364664407447,3.038868862576783,0.23370719604194165,0.0,0.0,6.421457636170089,8.555320414714515,0.16134236388300768,0.5777144225447567,8.72124483396394,3.511817453757919,3.0012337525781567,0.3533688970785474,0.07658751053242753,0.16253676831050248,0.047611424522811883,0.07332471465415906,-0.0361678933222876,-0.007588537981987595,0.22686906259414275,0.024945268980901686,0.8312499999999999,0.003998301266738202,0.011601297153115971,1.3920811918217477,0.05260157131208271,0.07415970663742714,0.0369796285354718,0.0024987490082232274,0.020023335629380166,0.011667720469139315,0.0031526327416387706,0.007873018850757646,0.004977809596376309,0.013394743125607659,0.0034330292989217743,0.032528206823162494,2.0816681711721685e-17,0.0,0.0,3.571434056698878,12703.443979558557
420001,1,26,M2+O,2,False,1.5771458339410267e-05,0.9766958138810892,0.98378601407178,0.35,0.0,0.0,0.24332936750724912,0.0601364664407447,3.038868862576783,0.23370719604194165,0.10576962002334488,0.0,6.421457636170089,8.555320414714515,0.16060458237833494,0.5788943291332643,8.699443353395324,3.5364579447684954,3.017497843915494,0.38620868940840253,0.07976500777050524,0.16198365834668832,0.04447867836691927,0.07410756623602134,-0.03392783847855574,-0.005648972910521217,0.24186676341996205,0.02744754521432133,0.8479166666666668,0.004307198557469255,0.012224158214708451,1.3407816240740762,0.051063781386949676,0.08510184036336385,0.05496132532448186,0.0023315269745366783,0.019615412309346276,0.0115113494406857,0.0026181300697004717,0.00816481706513894,0.005178161917689795,0.013047541498130987,0.0032855999100051855,0.030763115305264908,2.0816681711721685e-17,0.0,2.755731922398589e-05,3.6262680284418978,14094.623895610786
420001,1,26,M4,3,False,1.5771458339410267e-05,0.9766958138810892,0.98378601407178,0.35,0.0,0.0,0.24332936750724912,0.0601364664407447,3.038868862576783,0.23370719604194165,0.10576962002334488,0.0,6.421457636170089,8.555320414714515,0.16060458237833494,0.5788943291332643,8.699443353395324,3.5364579447684954,3.017497843915494,0.38620868940840253,0.07976500777050524,0.16198365834668832,0.04447867836691927,0.07410756623602134,-0.03392783847855574,-0.005648972910521217,0.24186676341996205,0.02744754521432133,0.8479166666666668,0.004307198557469255,0.012224158214708451,1.3407816240740762,0.051063781386949676,0.08510184036336385,0.05496132532448186,0.0023315269745366783,0.019615412309346276,0.0115113494406857,0.0026181300697004717,0.00816481706513894,0.005178161917689795,0.013047541498130987,0.0032855999100051855,0.030763115305264908,2.0816681711721685e-17,0.0,2.755731922398589e-05,3.6262680284418978,14094.623895610786
420001,1,27,M2,0,False,0.004267294111224992,0.9766958138810892,0.98378601407178,0.35,0.0,0.0,0.27959060072898867,0.07443597162142396,2.8240300370380282,0.20929500870406628,0.0,0.0,5.6652919836342335,6.6171028492972255,0.15831660999640096,0.5788740277918724,9.75937507724832,3.564685389473395,2.9866533800566324,0.3653082850362465,0.0641207923747394,0.1343234262542491,0.032664708621263236,0.0741299643032755,-0.040412080232245025,-0.009622630364200396,0.2324006582613818,0.028612894496525595,0.8645833333333334,0.004352771551560531,0.010459075494059724,1.6555256384316706,0.05414632863116109,0.07583687476575668,0.04566220107471218,0.0021311518974607203,0.019629648416265903,0.011764360936885208,0.0031702604568904723,0.006333714801568173,0.004706588852223411,0.014306245145882635,0.0034395501901260906,0.02562253287286907,2.0816681711721685e-17,5.511463844797178e-05,5.511463844797178e-05,3.694645869792731,3479.6363587921355
420001,1,27,M3,1,False,0.004267294111224992,0.9766958138810892,0.98378601407178,0.35,0.0,0.0,0.27959060072898867,0.07443597162142396,2.8240300370380282,0.20929500870406628,0.0,0.0,5.6652919836342335,6.6171028492972255,0.15831660999640096,0.5788740277918724,9.75937507724832,3.564685389473395,2.9866533800566324,0.3653082850362465,0.0641207923747394,0.1343234262542491,0.032664708621263236,0.0741299643032755,-0.040412080232245025,-0.009622630364200396,0.2324006582613818,0.028612894496525595,0.8645833333333334,0.004352771551560531,0.010459075494059724,1.6555256384316706,0.05414632863116109,0.07583687476575668,0.04566220107471218,0.0021311518974607203,0.019629648416265903,0.011764360936885208,0.0031702604568904723,0.006333714801568173,0.004706588852223411,0.014306245145882635,0.0034395501901260906,0.02562253287286907,2.0816681711721685e-17,5.511463844797178e-05,5.511463844797178e-05,3.694645869792731,3479.6363587921355
420001,1,27,M2+O,2,False,0.003528354087068976,0.9766958138810892,0.98378601407178,0.35,0.0,0.0,0.27959060072898867,0.07443597162142396,2.8240300370380282,0.20929500870406628,0.04330821162106339,0.0,5.6652919836342335,6.6171028492972255,0.15815740152228602,0.5790250214422005,9.708928893763597,3.5624082671905657,2.9724429267574144,0.3800895634378181,0.06465400447949508,0.13510917539172496,0.03273772261983093,0.07433718064688764,-0.03973459461287801,-0.0091171231012268,0.2356665392379266,0.02911300347409286,0.86875,0.004469058491327532,0.01066347998670385,1.6351114421331059,0.05883470071119083,0.08150382584624798,0.05174685439815413,0.0020658400663023033,0.019546027681818144,0.011529082239304411,0.003012193106812499,0.00643785915762385,0.004806873959077094,0.014273433258419038,0.003341380917004147,0.026548509742831468,2.0816681711721685e-17,5.511463844797178e-05,5.511463844797178e-05,3.7036337610257046,3479.715716737434
420001,1,27,M4,3,False,0.003528354087068976,0.9766958138810892,0.98378601407178,0.35,0.0,0.0,0.27959060072898867,0.07443597162142396,2.8240300370380282,0.20929500870406628,0.04330821162106339,0.0,5.6652919836342335,6.6171028492972255,0.15815740152228602,0.5790250214422005,9.708928893763597,3.5624082671905657,2.9724429267574144,0.3800895634378181,0.06465400447949508,0.13510917539172496,0.03273772261983093,0.07433718064688764,-0.03973459461287801,-0.0091171231012268,0.2356665392379266,0.02911300347409286,0.86875,0.004469058491327532,0.01066347998670385,1.6351114421331059,0.05883470071119083,0.08150382584624798,0.05174685439815413,0.0020658400663023033,0.019546027681818144,0.011529082239304411,0.003012193106812499,0.00643785915762385,0.004806873959077094,0.014273433258419038,0.003341380917004147,0.026548509742831468,2.0816681711721685e-17,5.511463844797178e-05,5.511463844797178e-05,3.7036337610257046,3479.715716737434
420001,1,28,M2,0,False,1.8920239850193925e-06,0.9766958138810892,0.98378601407178,0.35,0.0,0.0,0.2879540531896055,0.06390389675740152,2.9761056745424868,0.21736293151974678,0.0,0.0,5.157286320813,8.887301716022193,0.16072899554207554,0.5741459959600611,9.121077805968293,3.50211056105033,3.0458128611869153,0.3906518194811259,0.07413970309957567,0.1490059213477488,0.03964506077923635,0.07354902691485038,-0.03752462495184514,-0.007185698892370988,0.2617705928254823,0.030193100415418145,0.8666666666666667,0.004597869537930977,0.011120061755359194,1.5776957041222162,0.05043750409249996,0.0849539271350849,0.04732199405740265,0.0023072442369222864,0.01957426403328517,0.011307165394263258,0.0031291646880206646,0.00730917300161734,0.005001674514588694,0.01545514739582243,0.0036930623597575415,0.026179886810869742,2.0816681711721685e-17,8.267195767195767e-05,0.00013778659611992945,3.607431001600786,1276.465486372754
420001,1,28,M3,1,False,1.8920239850193925e-06,0.9766958138810892,0.98378601407178,0.35,0.0,0.0,0.2879540531896055,0.06390389675740152,2.9761056745424868,0.21736293151974678,0.0,0.0,5.157286320813,8.887301716022193,0.16072899554207554,0.5741459959600611,9.121077805968293,3.50211056105033,3.0458128611869153,0.3906518194811259,0.07413970309957567,0.1490059213477488,0.03964506077923635,0.07354902691485038,-0.03752462495184514,-0.007185698892370988,0.2617705928254823,0.030193100415418145,0.8666666666666667,0.004597869537930977,0.011120061755359194,1.5776957041222162,0.05043750409249996,0.0849539271350849,0.04732199405740265,0.0023072442369222864,0.01957426403328517,0.011307165394263258,0.0031291646880206646,0.00730917300161734,0.005001674514588694,0.01545514739582243,0.0036930623597575415,0.026179886810869742,2.0816681711721685e-17,8.267195767195767e-05,0.00013778659611992945,3.607431001600786,1276.465486372754
420001,1,28,M2+O,2,False,8.13906602058835e-06,0.9766958138810892,0.98378601407178,0.35,0.0,0.0,0.2879540531896055,0.06390389675740152,2.9761056745424868,0.21736293151974678,0.06325366420519049,0.0,5.157286320813,8.887301716022193,0.1604121171226245,0.574449378703012,9.076726015537067,3.5029008310197107,3.0317429113473913,0.380792897122884,0.07534767878101108,0.1498800654070792,0.039776550218561434,0.07397399705761983,-0.036348448023376355,-0.006311080335291381,0.2677666688059462,0.031191139973511015,0.8770833333333333,0.004773381878444067,0.011711325424367336,1.552802878038903,0.0592852242702025,0.08692289179465994,0.04353577006433799,0.002204557479627224,0.01949144269755316,0.011105985466432287,0.002886297526571713,0.007491372413615952,0.005125151589438957,0.015307576162065859,0.003560493821208644,0.0244466230638723,2.0816681711721685e-17,8.267195767195767e-05,0.0001240079365079365,3.628597133543351,1277.8728840580336
420001,1,28,M4,3,False,8.13906602058835e-06,0.9766958138810892,0.98378601407178,0.35,0.0,0.0,0.2879540531896055,0.06390389675740152,2.9761056745424868,0.21736293151974678,0.06325366420519049,0.0,5.157286320813,8.887301716022193,0.1604121171226245,0.574449378703012,9.076726015537067,3.5029008310197107,3.0317429113473913,0.380792897122884,0.07534767878101108,0.1498800654070792,0.039776550218561434,0.07397399705761983,-0.036348448023376355,-0.006311080335291381,0.2677666688059462,0.031191139973511015,0.8770833333333333,0.004773381878444067,0.011711325424367336,1.552802878038903,0.0592852242702025,0.08692289179465994,0.04353577006433799,0.002204557479627224,0.01949144269755316,0.011105985466432287,0.002886297526571713,0.007491372413615952,0.005125151589438957,0.015307576162065859,0.003560493821208644,0.0244466230638723,2.0816681711721685e-17,8.267195767195767e-05,0.0001240079365079365,3.628597133543351,1277.8728840580336
420001,1,29,M2,0,False,0.032143766390078196,0.9766958138810892,0.98378601407178,0.35,0.0,0.0,0.22657124940305948,0.07770606227219105,3.1914641311392185,0.22060196593403816,0.0,0.0,5.900983674451709,6.290362942032516,0.1529858893875386,0.5893219111123127,11.107428520221907,3.676103054007226,2.8617446799072663,0.39396166567571544,0.05386418555635839,0.12300311623075925,0.025022570436470975,0.07519484173916662,-0.04351089113991916,-0.014321134367512737,0.1628182761197358,0.022656829852779867,0.81875,0.0034658472824047985,0.009541472763454111,1.7561421414680265,0.04755674322058205,0.08030446860926461,0.04659882923745407,0.002122252402412265,0.019566559267436938,0.01266696678737509,0.003350886230935931,0.005419388967915734,0.00417423301802497,0.0105221829063273,0.0028937026413199825,0.028994705288769684,2.0816681711721685e-17,8.267195767195767e-05,0.0001515652557319224,5.329384954157211,5601.519253502509
420001,1,29,M3,1,False,0.032143766390078196,0.9766958138810892,0.98378601407178,0.35,0.0,0.0,0.22657124940305948,0.07770606227219105,3.1914641311392185,0.22060196593403816,0.0,0.0,5.900983674451709,6.290362942032516,0.1529858893875386,0.5893219111123127,11.107428520221907,3.676103054007226,2.8617446799072663,0.39396166567571544,0.05386418555635839,0.12300311623075925,0.025022570436470975,0.07519484173916662,-0.04351089113991916,-0.014321134367512737,0.1628182761197358,0.022656829852779867,0.81875,0.0034658472824047985,0.009541472763454111,1.7561421414680265,0.04755674322058205,0.08030446860926461,0.04659882923745407,0.002122252402412265,0.019566559267436938,0.01266696678737509,0.003350886230935931,0.005419388967915734,0.00417423301802497,0.0105221829063273,0.0028937026413199825,0.028994705288769684,2.0816681711721685e-17,8.267195767195767e-05,0.0001515652557319224,5.329384954157211,5601.519253502509
420001,1,29,M2+O,2,False,0.02627051681849757,0.9766958138810892,0.98378601407178,0.35,0.0,0.0,0.22657124940305948,0.07770606227219105,3.1914641311392185,0.22060196593403816,0.08459327775939506,0.0,5.900983674451709,6.290362942032516,0.15258769178180487,0.5893200760704721,10.998063962992779,3.652538668283371,2.825801431955553,0.3668768567735332,0.05541263607673305,0.1229206298417052,0.024628055519072847,0.07550499677817661,-0.04229485108324641,-0.012924915158598898,0.1718107073615144,0.024119589130143726,0.8541666666666666,0.003692268422262085,0.009202709109766916,1.691831224021961,0.05570297768346764,0.07103672830025141,0.04519904543958302,0.0020299632729499826,0.019303329315005117,0.012107630856803732,0.0030323199054778606,0.0055808612162482445,0.004370968580792525,0.010467311117859023,0.0027626524715427926,0.026566273886500538,2.0816681711721685e-17,8.267195767195767e-05,0.0001515652557319224,5.368701954420767,5612.0635108521055
420001,1,29,M4,3,False,0.02627051681849757,0.9766958138810892,0.98378601407178,0.35,0.0,0.0,0.22657124940305948,0.07770606227219105,3.1914641311392185,0.22060196593403816,0.08459327775939506,0.0,5.900983674451709,6.290362942032516,0.15258769178180487,0.5893200760704721,10.998063962992779,3.652538668283371,2.825801431955553,0.3668768567735332,0.05541263607673305,0.1229206298417052,0.024628055519072847,0.07550499677817661,-0.04229485108324641,-0.012924915158598898,0.1718107073615144,0.024119589130143726,0.8541666666666666,0.003692268422262085,0.009202709109766916,1.691831224021961,0.05570297768346764,0.07103672830025141,0.04519904543958302,0.0020299632729499826,0.019303329315005117,0.012107630856803732,0.0030323199054778606,0.0055808612162482445,0.004370968580792525,0.010467311117859023,0.0027626524715427926,0.026566273886500538,2.0816681711721685e-17,8.267195767195767e-05,0.0001515652557319224,5.368701954420767,5612.0635108521055
420001,1,30,M2,0,False,0.0028671668783991607,0.9766958138810892,0.98378601407178,0.35,0.0,0.0,0.20396394031122328,0.06831493912264705,2.7050672242417932,0.19935442693531513,0.0,0.0,6.180342321749777,8.211909952573478,0.16517561592469096,0.5605615052175469,7.9311122622532055,3.4344406734501427,3.0838715591949764,0.3326777109044281,0.0651808660824757,0.15161628142050712,0.0481282951236953,0.07184383916694444,-0.04177233956469811,-0.011784613301105662,0.19605514731043364,0.01871018518528021,0.7791666666666667,0.00345603809957934,0.010386689968901137,1.3515673255574854,0.04898343172200782,0.08479667757226138,0.03754560327882597,0.002306799921761565,0.020135771965677438,0.012529912051933913,0.0030519181709672545,0.006465668967600158,0.004675992545785993,0.012077248278509742,0.002916473510854421,0.03377202269494992,2.0816681711721685e-17,0.0,1.3778659611992945e-05,2.9772352879901836,8482.73657558929
420001,1,30,M3,1,False,0.0028671668783991607,0.9766958138810892,0.98378601407178,0.35,0.0,0.0,0.20396394031122328,0.06831493912264705,2.7050672242417932,0.19935442693531513,0.0,0.0,6.180342321749777,8.211909952573478,0.16517561592469096,0.5605615052175469,7.9311122622532055,3.4344406734501427,3.0838715591949764,0.3326777109044281,0.0651808660824757,0.15161628142050712,0.0481282951236953,0.07184383916694444,-0.04177233956469811,-0.011784613301105662,0.19605514731043364,0.01871018518528021,0.7791666666666667,0.00345603809957934,0.010386689968901137,1.3515673255574854,0.04898343172200782,0.08479667757226138,0.03754560327882597,0.002306799921761565,0.020135771965677438,0.012529912051933913,0.0030519181709672545,0.006465668967600158,0.004675992545785993,0.012077248278509742,0.002916473510854421,0.03377202269494992,2.0816681711721685e-17,0.0,1.3778659611992945e-05,2.9772352879901836,8482.73657558929
420001,1,30,M2+O,2,True,0.0,0.9766958138810892,0.98378601407178,0.35,0.0,0.0,0.20396394031122328,0.06831493912264705,2.7050672242417932,0.19935442693531513,0.13821592361242302,0.0,6.180342321749777,8.211909952573478,0.1639037202082962,0.5608950742939159,7.963332426315358,3.4588555417488216,3.0752669751548773,0.37126370166013806,0.07135004593094985,0.14954749543307697,0.04357243198373471,0.07288399718773854,-0.03833901359353306,-0.008502426563708336,0.22427180756354673,0.0231229449161412,0.8291666666666666,0.003909336223422656,0.010725934776470656,1.2786502030685551,0.05414858300042941,0.0841459478154166,0.04115264406121868,0.002123316987133831,0.01963510739471632,0.01188692208213782,0.002508411282888821,0.006831437988372046,0.004957840363225656,0.011824413010753154,0.002789993735001175,0.03309470745958859,2.0816681711721685e-17,0.0,1.3778659611992945e-05,3.0615396705804314,8999.693941163381
420001,1,30,M4,3,True,0.0,0.9766958138810892,0.98378601407178,0.35,0.0,0.0,0.20396394031122328,0.06831493912264705,2.7050672242417932,0.19935442693531513,0.13821592361242302,0.0,6.180342321749777,8.211909952573478,0.1639037202082962,0.5608950742939159,7.963332426315358,3.4588555417488216,3.0752669751548773,0.37126370166013806,0.07135004593094985,0.14954749543307697,0.04357243198373471,0.07288399718773854,-0.03833901359353306,-0.008502426563708336,0.22427180756354673,0.0231229449161412,0.8291666666666666,0.003909336223422656,0.010725934776470656,1.2786502030685551,0.05414858300042941,0.0841459478154166,0.04115264406121868,0.002123316987133831,0.01963510739471632,0.01188692208213782,0.002508411282888821,0.006831437988372046,0.004957840363225656,0.011824413010753154,0.002789993735001175,0.03309470745958859,2.0816681711721685e-17,0.0,1.3778659611992945e-05,3.0615396705804314,8999.693941163381
420001,1,31,M2,0,False,0.01275723414664114,0.9766958138810892,0.98378601407178,0.35,0.0,0.0,0.26837446838617324,0.07948992118705064,3.089864686690271,0.2436104691773653,0.0,0.0,5.435849939007312,6.96216984372586,0.1499263158222678,0.6011117339618607,11.857235130238715,3.708462935801823,2.8283024405088764,0.42978002574903035,0.05983468659667627,0.1290767259600821,0.024749444052228762,0.07648407997004435,-0.040297248071475555,-0.010665812005744353,0.18913826513990542,0.02809367136230152,0.8541666666666666,0.003940805499038016,0.010894839924260503,1.8361363584744537,0.05251722478986026,0.08252245073662044,0.05016549923823303,0.0021984054392377413,0.01962214550738544,0.011934654757798611,0.0033637823076374325,0.006195641412585449,0.004404358034198102,0.011922851547714525,0.0032074135699825383,0.027072879810911114,2.0816681711721685e-17,0.00019290123456790122,0.0002755731922398589,5.3037996069765425,2336.222277357716
420001,1,31,M3,1,False,0.01275723414664114,0.9766958138810892,0.98378601407178,0.35,0.0,0.0,0.26837446838617324,0.07948992118705064,3.089864686690271,0.2436104691773653,0.0,0.0,5.435849939007312,6.96216984372586,0.1499263158222678,0.6011117339618607,11.857235130238715,3.708462935801823,2.8283024405088764,0.42978002574903035,0.05983468659667627,0.1290767259600821,0.024749444052228762,0.07648407997004435,-0.040297248071475555,-0.010665812005744353,0.18913826513990542,0.02809367136230152,0.8541666666666666,0.003940805499038016,0.010894839924260503,1.8361363584744537,0.05251722478986026,0.08252245073662044,0.05016549923823303,0.0021984054392377413,0.01962214550738544,0.011934654757798611,0.0033637823076374325,0.006195641412585449,0.004404358034198102,0.011922851547714525,0.0032074135699825383,0.027072879810911114,2.0816681711721685e-17,0.00019290123456790122,0.0002755731922398589,5.3037996069765425,2336.222277357716
420001,1,31,M2+O,2,False,0.012329522549920379,0.9766958138810892,0.98378601407178,0.35,0.0,0.0,0.26837446838617324,0.07948992118705064,3.089864686690271,0.2436104691773653,0.028937818175195685,0.0,5.435849939007312,6.96216984372586,0.14985627464532839,0.6007407429310533,11.809636126157898,3.7202008454215676,2.815716635620788,0.43267158011233825,0.06000654550946696,0.1292940166213454,0.024560111577234953,0.07654835446554586,-0.03994886436119253,-0.010392661076684464,0.19064946235465355,0.028304787347049176,0.8645833333333334,0.004010775626541177,0.01114786343469086,1.8174001586341293,0.05678916894389424,0.08379074482622018,0.05687028398158117,0.0021624035460912185,0.01951871137957635,0.011787485182128897,0.003239323187366176,0.006263668682315629,0.004462410886671323,0.011929645084197372,0.0031583497908895153,0.025445161029295206,2.0816681711721685e-17,0.00017912257495590828,0.00026179453262786595,5.306389903594739,2335.357707143757
420001,1,31,M4,3,False,0.012329522549920379,0.9766958138810892,0.98378601407178,0.35,0.0,0.0,0.26837446838617324,0.07948992118705064,3.089864686690271,0.2436104691773653,0.028937818175195685,0.0,5.435849939007312,6.96216984372586,0.14985627464532839,0.6007407429310533,11.809636126157898,3.7202008454215676,2.815716635620788,0.43267158011233825,0.06000654550946696,0.1292940166213454,0.024560111577234953,0.07654835446554586,-0.03994886436119253,-0.010392661076684464,0.19064946235465355,0.028304787347049176,0.8645833333333334,0.004010775626541177,0.01114786343469086,1.8174001586341293,0.05678916894389424,0.08379074482622018,0.05687028398158117,0.0021624035460912185,0.01951871137957635,0.011787485182128897,0.003239323187366176,0.006263668682315629,0.004462410886671323,0.011929645084197372,0.0031583497908895153,0.025445161029295206,2.0816681711721685e-17,0.00017912257495590828,0.00026179453262786595,5.306389903594739,2335.357707143757
420001,2,0,M2,0,False,0.002788465530022111,0.9890775587322591,0.9612089653333922,0.35,0.0,0.0,0.2629654662683606,0.06925510965753347,2.886044593714178,0.20057556301355361,0.0,0.0,5.873221298214048,6.1538892248645425,0.16170072007800784,0.5701279827150422,8.899555676494435,3.4899667566940002,3.0415339458216786,0.3638486306114328,0.06524746690772394,0.13500710002714852,0.03347614241025901,0.07221325669562233,-0.04097249068976719,-0.010755323392024634,0.23455611010352515,0.02618988615233878,0.8520833333333333,0.00422579922648613,0.010985964731608273,1.4912661713935185,0.05250323035838405,0.07858616659135317,0.04610767731160459,0.0022392052940561707,0.0192762034278962,0.012139852551370513,0.003150228903743511,0.006260799601357165,0.004629974979883507,0.014194417976279152,0.0033250087028004094,0.028942591644687096,2.0816681711721685e-17,1.3778659611992945e-05,1.3778659611992945e-05,3.4835856908149494,4912.229811653642
420001,2,0,M3,1,False,0.002788465530022111,0.9890775587322591,0.9612089653333922,0.35,0.0,0.0,0.2629654662683606,0.06925510965753347,2.886044593714178,0.20057556301355361,0.0,0.0,5.873221298214048,6.1538892248645425,0.16170072007800784,0.5701279827150422,8.899555676494435,3.4899667566940002,3.0415339458216786,0.3638486306114328,0.06524746690772394,0.13500710002714852,0.03347614241025901,0.07221325669562233,-0.04097249068976719,-0.010755323392024634,0.23455611010352515,0.02618988615233878,0.8520833333333333,0.00422579922648613,0.010985964731608273,1.4912661713935185,0.05250323035838405,0.07858616659135317,0.04610767731160459,0.0022392052940561707,0.0192762034278962,0.012139852551370513,0.003150228903743511,0.006260799601357165,0.004629974979883507,0.014194417976279152,0.0033250087028004094,0.028942591644687096,2.0816681711721685e-17,1.3778659611992945e-05,1.3778659611992945e-05,3.4835856908149494,4912.229811653642
420001,2,0,M2+O,2,False,4.378915608940133e-05,0.9890775587322591,0.9612089653333922,0.35,0.0,0.0,0.2629654662683606,0.06925510965753347,2.886044593714178,0.20057556301355361,0.11829547242644144,0.0,5.873221298214048,6.1538892248645425,0.16073526495411736,0.5685743184760751,8.930032517751988,3.5118441211259213,3.025951733381252,0.38663124190945847,0.06940443962159648,0.13430828492001087,0.03252741465639086,0.07315625890291692,-0.038359178518277554,-0.00825582389739852,0.25231551865551366,0.02940678784985566,0.8770833333333332,0.004575997463117888,0.011402656768515337,1.448454884860684,0.06276577663033484,0.07745787800287059,0.04515393809306525,0.0020746121962566155,0.019523678073058437,0.011661265330085123,0.0028222718749035943,0.0065899110060980304,0.004876345475512469,0.013840215896661737,0.0031155874821432047,0.02463118653742742,2.0816681711721685e-17,1.3778659611992945e-05,2.755731922398589e-05,3.556852967815517,5029.223853229757
420001,2,0,M4,3,False,4.378915608940133e-05,0.9890775587322591,0.9612089653333922,0.35,0.0,0.0,0.2629654662683606,0.06925510965753347,2.886044593714178,0.20057556301355361,0.11829547242644144,0.0,5.873221298214048,6.1538892248645425,0.16073526495411736,0.5685743184760751,8.930032517751988,3.5118441211259213,3.025951733381252,0.38663124190945847,0.06940443962159648,0.13430828492001087,0.03252741465639086,0.07315625890291692,-0.038359178518277554,-0.00825582389739852,0.25231551865551366,0.02940678784985566,0.8770833333333332,0.004575997463117888,0.011402656768515337,1.448454884860684,0.06276577663033484,0.07745787800287059,0.04515393809306525,0.0020746121962566155,0.019523678073058437,0.011661265330085123,0.0028222718749035943,0.0065899110060980304,0.004876345475512469,0.013840215896661737,0.0031155874821432047,0.02463118653742742,2.0816681711721685e-17,1.3778659611992945e-05,2.755731922398589e-05,3.556852967815517,5029.223853229757
420001,2,1,M2,0,False,0.03410391510007995,0.9890775587322591,0.9612089653333922,0.35,0.0,0.0,0.20160698210820557,0.07996574914082885,3.2510731095448135,0.2374085596203804,0.0,0.0,5.129386593122035,8.666233093477786,0.1501892252753497,0.6006942150302387,11.881112031896455,3.718380511206579,2.8038175765575475,0.3805489790327248,0.053392444172559034,0.12072794448478112,0.020387322928720236,0.07499968587681637,-0.04294079993710565,-0.015221838479781674,0.14387402097368282,0.021474876511225444,0.8083333333333332,0.003097304715502639,0.01078606294387493,1.789577154513045,0.055645629417968245,0.06981151347750664,0.03667171286105641,0.002242890019941736,0.0193749692811227,0.013372682520792436,0.0035381620364195385,0.005316030870364458,0.003896123854871309,0.0088949691064836,0.0027196977469002483,0.03122885758227028,2.0816681711721685e-17,0.0003444664902998236,0.000496031746031746,6.02441960109024,1727.0610712914083
420001,2,1,M3,1,False,0.03410391510007995,0.9890775587322591,0.9612089653333922,0.35,0.0,0.0,0.20160698210820557,0.07996574914082885,3.2510731095448135,0.2374085596203804,0.0,0.0,5.129386593122035,8.666233093477786,0.1501892252753497,0.6006942150302387,11.881112031896455,3.718380511206579,2.8038175765575475,0.3805489790327248,0.053392444172559034,0.12072794448478112,0.020387322928720236,0.07499968587681637,-0.04294079993710565,-0.015221838479781674,0.14387402097368282,0.021474876511225444,0.8083333333333332,0.003097304715502639,0.01078606294387493,1.789577154513045,0.055645629417968245,0.06981151347750664,0.03667171286105641,0.002242890019941736,0.0193749692811227,0.013372682520792436,0.0035381620364195385,0.005316030870364458,0.003896123854871309,0.0088949691064836,0.0027196977469002483,0.03122885758227028,2.0816681711721685e-17,0.0003444664902998236,0.000496031746031746,6.02441960109024,1727.0610712914083
420001,2,1,M2+O,2,False,0.032365744568949174,0.9890775587322591,0.9612089653333922,0.35,0.0,0.0,0.20160698210820557,0.07996574914082885,3.2510731095448135,0.2374085596203804,0.045232413939183466,0.0,5.129386593122035,8.666233093477786,0.1500629229425812,0.598828623850285,11.813215325832296,3.713323019840157,2.811564685261828,0.40133694008403165,0.05381174186477517,0.12068166136350915,0.02012609559399742,0.07517433757687915,-0.042440939010669206,-0.01463272607021388,0.1470070755335085,0.021989015586441205,0.80625,0.0032060043476838476,0.01075964802896907,1.7572255108520805,0.06429130609518438,0.07256829067161964,0.041759452244659885,0.0022009521387576195,0.019279145296306498,0.013180484475221355,0.003339596710151783,0.005412398057004759,0.0040127226382037015,0.008862258545346823,0.002628792012576147,0.03014345231374974,2.0816681711721685e-17,0.00033068783068783067,0.0005235890652557319,6.036654225157712,1733.0596790001355
420001,2,1,M4,3,False,0.032365744568949174,0.9890775587322591,0.9612089653333922,0.35,0.0,0.0,0.20160698210820557,0.07996574914082885,3.2510731095448135,0.2374085596203804,0.045232413939183466,0.0,5.129386593122035,8.666233093477786,0.1500629229425812,0.598828623850285,11.813215325832296,3.713323019840157,2.811564685261828,0.40133694008403165,0.05381174186477517,0.12068166136350915,0.02012609559399742,0.07517433757687915,-0.042440939010669206,-0.01463272607021388,0.1470070755335085,0.021989015586441205,0.80625,0.0032060043476838476,0.01075964802896907,1.7572255108520805,0.06429130609518438,0.07256829067161964,0.041759452244659885,0.0022009521387576195,0.019279145296306498,0.013180484475221355,0.003339596710151783,0.005412398057004759,0.0040127226382037015,0.008862258545346823,0.002628792012576147,0.03014345231374974,2.0816681711721685e-17,0.00033068783068783067,0.0005235890652557319,6.036654225157712,1733.0596790001355
420001,2,2,M2,0,False,0.002232959212592834,0.9890775587322591,0.9612089653333922,0.35,0.0,0.0,0.2289998285472393,0.06430660098791122,2.832480383478105,0.18366098158061503,0.0,0.0,5.41385539341718,6.8435773411765695,0.1671205857752361,0.5507443381367864,7.568900760899808,3.395916716880201,3.1708545437163864,0.37649206085516745,0.06574712219526567,0.14140981261391591,0.041101333850005216,0.07057414057461718,-0.04221618577905455,-0.012342062681545017,0.22841470705419428,0.020733420867236087,0.8041666666666667,0.0038696929524700014,0.010952743658047255,1.3206259724885803,0.05137380977291726,0.08034180381270738,0.0426635542862204,0.0022815708293423146,0.019264639318208703,0.012486832661680583,0.0031068400779408543,0.006130576013721262,0.004631878918456169,0.0137874941356107,0.0030354675710229178,0.033231274920626226,2.0816681711721685e-17,1.3778659611992945e-05,1.3778659611992945e-05,2.99678014511801,1961.2633431257411
420001,2,2,M3,1,False,0.002232959212592834,0.9890775587322591,0.9612089653333922,0.35,0.0,0.0,0.2289998285472393,0.06430660098791122,2.832480383478105,0.18366098158061503,0.0,0.0,5.41385539341718,6.8435773411765695,0.1671205857752361,0.5507443381367864,7.568900760899808,3.395916716880201,3.1708545437163864,0.37649206085516745,0.06574712219526567,0.14140981261391591,0.041101333850005216,0.07057414057461718,-0.04221618577905455,-0.012342062681545017,0.22841470705419428,0.020733420867236087,0.8041666666666667,0.0038696929524700014,0.010952743658047255,1.3206259724885803,0.05137380977291726,0.08034180381270738,0.0426635542862204,0.0022815708293423146,0.019264639318208703,0.012486832661680583,0.0031068400779408543,0.006130576013721262,0.004631878918456169,0.0137874941356107,0.0030354675710229178,0.033231274920626226,2.0816681711721685e-17,1.3778659611992945e-05,1.3778659611992945e-05,2.99678014511801,1961.2633431257411
420001,2,2,M2+O,2,False,0.0020262126766678553,0.9890775587322591,0.9612089653333922,0.35,0.0,0.0,0.2289998285472393,0.06430660098791122,2.832480383478105,0.18366098158061503,0.020691600694384325,0.0,5.41385539341718,6.8435773411765695,0.16706176322040223,0.5501582147371868,7.552249291637991,3.394431955604697,3.1778245658715343,0.3651356089365562,0.06594878750483148,0.14197322822725503,0.041225405625710414,0.07066474207520275,-0.04189764965263395,-0.012104512492933941,0.22988352099066903,0.020942331281822744,0.80625,0.003927612665303842,0.011273310779834556,1.3141916895554842,0.05427432259486345,0.07639064213274337,0.0423220107238351,0.0022500243675609268,0.019259831103146264,0.012356689404254901,0.0030023144872325467,0.0061897879571267385,0.004688190993356349,0.013756118024095796,0.002985465940068112,0.032318683181848475,2.0816681711721685e-17,1.3778659611992945e-05,1.3778659611992945e-05,2.999067876086933,1971.632662521289
420001,2,2,M4,3,False,0.0020262126766678553,0.9890775587322591,0.9612089653333922,0.35,0.0,0.0,0.2289998285472393,0.06430660098791122,2.832480383478105,0.18366098158061503,0.020691600694384325,0.0,5.41385539341718,6.8435773411765695,0.16706176322040223,0.5501582147371868,7.552249291637991,3.394431955604697,3.1778245658715343,0.3651356089365562,0.06594878750483148,0.14197322822725503,0.041225405625710414,0.07066474207520275,-0.04189764965263395,-0.012104512492933941,0.22988352099066903,0.020942331281822744,0.80625,0.003927612665303842,0.011273310779834556,1.3141916895554842,0.05427432259486345,0.07639064213274337,0.0423220107238351,0.0022500243675609268,0.019259831103146264,0.012356689404254901,0.0030023144872325467,0.0061897879571267385,0.004688190993356349,0.013756118024095796,0.002985465940068112,0.032318683181848475,2.0816681711721685e-17,1.3778659611992945e-05,1.3778659611992945e-05,2.999067876086933,1971.632662521289
420001,2,3,M2,0,False,0.003935478240482788,0.9890775587322591,0.9612089653333922,0.35,0.0,0.0,0.2933860388584435,0.07862174647394568,3.067900196649134,0.2593231426924467,0.0,0.0,6.15839353017509,7.984552980400622,0.1485986042976792,0.6070652731928854,12.278648942721318,3.711487638816147,2.788705400200325,0.4143440020602895,0.06435399488594719,0.12922004180879795,0.02181596629405381,0.07599665088447358,-0.03705891518954457,-0.00858349553324018,0.20758106794758488,0.032227544386053394,0.8770833333333333,0.004240396345598325,0.011640876335829366,1.9020116021047577,0.05391206511536745,0.07453030725130917,0.04878742571877192,0.0022971596926930245,0.019533943463064384,0.011955035538133572,0.0033694322353667646,0.006827942381035173,0.0044749490063485204,0.01260770800176793,0.0035098235454334888,0.024814377309455876,2.0816681711721685e-17,6.889329805996472e-05,0.00013778659611992945,5.291804744894351,9356.414623139544
420001,2,3,M3,1,False,0.003935478240482788,0.9890775587322591,0.9612089653333922,0.35,0.0,0.0,0.2933860388584435,0.07862174647394568,3.067900196649134,0.2593231426924467,0.0,0.0,6.15839353017509,7.984552980400622,0.1485986042976792,0.6070652731928854,12.278648942721318,3.711487638816147,2.788705400200325,0.4143440020602895,0.06435399488594719,0.12922004180879795,0.02181596629405381,0.07599665088447358,-0.03705891518954457,-0.00858349553324018,0.20758106794758488,0.032227544386053394,0.8770833333333333,0.004240396345598325,0.011640876335829366,1.9020116021047577,0.05391206511536745,0.07453030725130917,0.04878742571877192,0.0022971596926930245,0.019533943463064384,0.011955035538133572,0.0033694322353667646,0.006827942381035173,0.0044749490063485204,0.01260770800176793,0.0035098235454334888,0.024814377309455876,2.0816681711721685e-17,6.889329805996472e-05,0.00013778659611992945,5.291804744894351,9356.414623139544
420001,2,3,M2+O,2,False,3.891669399899237e-05,0.9890775587322591,0.9612089653333922,0.35,0.0,0.0,0.2933860388584435,0.07862174647394568,3.067900196649134,0.2593231426924467,0.19329371660206118,0.0,6.15839353017509,7.984552980400622,0.14674966145915402,0.6069578651306801,12.392792022821881,3.780201430113809,2.7354426564981957,0.38744782920192683,0.07107167131469927,0.12523297077819406,0.018645934243142287,0.07831776486678584,-0.03310720069235149,-0.00430691182806816,0.23723703892019996,0.03821751418727021,0.9208333333333334,0.004760019785032452,0.012175260695387878,1.7880838757567075,0.05482548090735751,0.07098067927725589,0.04300433436987473,0.0020789004383796822,0.019941897821801873,0.011498967391554411,0.0028174219396642887,0.0073395284677010755,0.004808217092362672,0.01233565681820357,0.003292722869063841,0.01700294802514828,2.0816681711721685e-17,6.889329805996472e-05,0.0001240079365079365,5.555801430358808,9397.3476584808
420001,2,3,M4,3,False,3.891669399899237e-05,0.9890775587322591,0.9612089653333922,0.35,0.0,0.0,0.2933860388584435,0.07862174647394568,3.067900196649134,0.2593231426924467,0.19329371660206118,0.0,6.15839353017509,7.984552980400622,0.14674966145915402,0.6069578651306801,12.392792022821881,3.780201430113809,2.7354426564981957,0.38744782920192683,0.07107167131469927,0.12523297077819406,0.018645934243142287,0.07831776486678584,-0.03310720069235149,-0.00430691182806816,0.23723703892019996,0.03821751418727021,0.9208333333333334,0.004760019785032452,0.012175260695387878,1.7880838757567075,0.05482548090735751,0.07098067927725589,0.04300433436987473,0.0020789004383796822,0.019941897821801873,0.011498967391554411,0.0028174219396642887,0.0073395284677010755,0.004808217092362672,0.01233565681820357,0.003292722869063841,0.01700294802514828,2.0816681711721685e-17,6.889329805996472e-05,0.0001240079365079365,5.555801430358808,9397.3476584808
420001,2,4,M2,0,False,4.3267756273807595e-06,0.9890775587322591,0.9612089653333922,0.35,0.0,0.0,0.2773324431851506,0.06102733196690678,3.2200010089203714,0.24746617570519447,0.0,0.0,6.024978729896247,7.260679797269404,0.15733067504101253,0.5944607786393133,9.97533582543426,3.5683639868883197,2.931428392470465,0.37760251194872296,0.07655893542926741,0.15081753633932365,0.03616622832024791,0.07390172280270486,-0.03476794367890353,-0.006768586546494489,0.23977943068200724,0.03033700331940542,0.8708333333333332,0.0043777381959757234,0.012922869603444999,1.594004674843612,0.05170849575356234,0.07585911958124741,0.04790162491543385,0.0025329619383806065,0.019484588047270972,0.011679506311050344,0.003236942283002488,0.007938103560911746,0.0048562931245176594,0.013922499974117583,0.0037223881906601566,0.026566273886500538,2.0816681711721685e-17,1.3778659611992945e-05,5.511463844797178e-05,4.247907392150828,6969.107209978233
420001,2,4,M3,1,False,4.3267756273807595e-06,0.9890775587322591,0.9612089653333922,0.35,0.0,0.0,0.2773324431851506,0.06102733196690678,3.2200010089203714,0.24746617570519447,0.0,0.0,6.024978729896247,7.260679797269404,0.15733067504101253,0.5944607786393133,9.97533582543426,3.5683639868883197,2.931428392470465,0.37760251194872296,0.07655893542926741,0.15081753633932365,0.03616622832024791,0.07390172280270486,-0.03476794367890353,-0.006768586546494489,0.23977943068200724,0.03033700331940542,0.8708333333333332,0.0043777381959757234,0.012922869603444999,1.594004674843612,0.05170849575356234,0.07585911958124741,0.04790162491543385,0.0025329619383806065,0.019484588047270972,0.011679506311050344,0.003236942283002488,0.007938103560911746,0.0048562931245176594,0.013922499974117583,0.0037223881906601566,0.026566273886500538,2.0816681711721685e-17,1.3778659611992945e-05,5.511463844797178e-05,4.247907392150828,6969.107209978233
420001,2,4,M2+O,2,False,8.106440552250549e-05,0.9890775587322591,0.9612089653333922,0.35,0.0,0.0,0.2773324431851506,0.06102733196690678,3.2200010089203714,0.24746617570519447,0.1806828490037143,0.0,6.024978729896247,7.260679797269404,0.15535940905829126,0.5964025993526926,10.159680487361848,3.6747210443754015,2.8730401840678397,0.37409428575245895,0.08427778039603308,0.14542272052686006,0.030582262724824116,0.07637600489591939,-0.030285949652085104,-0.0026698821948253943,0.27081563954944904,0.03659811999704653,0.9145833333333334,0.004901200359877217,0.012797109078350617,1.515456085956043,0.05693071589175657,0.07073325094512108,0.03701617631670252,0.002287007823282956,0.019944080522987007,0.011359253062695192,0.0026938102811534643,0.008449836045424819,0.005135800260002645,0.013424904653474649,0.003510941121124405,0.018669311083393043,2.0816681711721685e-17,4.1335978835978834e-05,5.511463844797178e-05,4.452988273647477,7125.576515742534
420001,2,4,M4,3,False,8.106440552250549e-05,0.9890775587322591,0.9612089653333922,0.35,0.0,0.0,0.2773324431851506,0.06102733196690678,3.2200010089203714,0.24746617570519447,0.1806828490037143,0.0,6.024978729896247,7.260679797269404,0.15535940905829126,0.5964025993526926,10.159680487361848,3.6747210443754015,2.8730401840678397,0.37409428575245895,0.08427778039603308,0.14542272052686006,0.030582262724824116,0.07637600489591939,-0.030285949652085104,-0.0026698821948253943,0.27081563954944904,0.03659811999704653,0.9145833333333334,0.004901200359877217,0.012797109078350617,1.515456085956043,0.05693071589175657,0.07073325094512108,0.03701617631670252,0.002287007823282956,0.019944080522987007,0.011359253062695192,0.0026938102811534643,0.008449836045424819,0.005135800260002645,0.013424904653474649,0.003510941121124405,0.018669311083393043,2.0816681711721685e-17,4.1335978835978834e-05,5.511463844797178e-05,4.452988273647477,7125.576515742534
420001,2,5,M2,0,False,0.027988866585538986,0.9890775587322591,0.9612089653333922,0.35,0.0,0.0,0.2378246164880693,0.0748634483339265,2.9850870983675124,0.19047712936997413,0.0,0.0,5.269471470266581,7.561110497452319,0.15968942191213967,0.5730003390258792,9.5634403030754,3.536606694763694,2.988266255411937,0.3615033000528934,0.05494311388955653,0.12063835222345942,0.026142815451583857,0.07232906987753092,-0.04406149288113439,-0.014773818212873093,0.19253534337018696,0.022750796628294583,0.8270833333333333,0.0037569292166693565,0.010115272364401991,1.5861014480525715,0.05478385524531531,0.0765092367866478,0.043089530296974855,0.002088285782875313,0.019289401384165735,0.012856915419187837,0.003243973747987648,0.005180082429781063,0.004226451298602509,0.012125897291926997,0.002954090694936592,0.02948519136213696,2.0816681711721685e-17,5.511463844797178e-05,9.645061728395061e-05,3.999867135639024,1583.3931415169152
420001,2,5,M3,1,False,0.027988866585538986,0.9890775587322591,0.9612089653333922,0.35,0.0,0.0,0.2378246164880693,0.0748634483339265,2.9850870983675124,0.19047712936997413,0.0,0.0,5.269471470266581,7.561110497452319,0.15968942191213967,0.5730003390258792,9.5634403030754,3.536606694763694,2.988266255411937,0.3615033000528934,0.05494311388955653,0.12063835222345942,0.026142815451583857,0.07232906987753092,-0.04406149288113439,-0.014773818212873093,0.19253534337018696,0.022750796628294583,0.8270833333333333,0.0037569292166693565,0.010115272364401991,1.5861014480525715,0.05478385524531531,0.0765092367866478,0.043089530296974855,0.002088285782875313,0.019289401384165735,0.012856915419187837,0.003243973747987648,0.005180082429781063,0.004226451298602509,0.012125897291926997,0.002954090694936592,0.02948519136213696,2.0816681711721685e-17,5.511463844797178e-05,9.645061728395061e-05,3.999867135639024,1583.3931415169152
420001,2,5,M2+O,2,False,0.026581803701584646,0.9890775587322591,0.9612089653333922,0.35,0.0,0.0,0.2378246164880693,0.0748634483339265,2.9850870983675124,0.19047712936997413,0.03528296146634178,0.0,5.269471470266581,7.561110497452319,0.1595750886752162,0.5723246668641202,9.521425097955776,3.547194861027395,2.9847918860379683,0.36726487750643305,0.05532646566151033,0.12108236314177485,0.026325008658008384,0.07258690871239505,-0.043587035868992374,-0.014363930229024576,0.19515230621832091,0.02316639200988595,0.8458333333333332,0.0038517234430519836,0.010123356076229342,1.5685983076442152,0.058447558689150164,0.07218691512087248,0.044021909718808754,0.0020441715996726553,0.019280498732081548,0.012560846805308388,0.003101094788841378,0.0052560283011259664,0.004331723236405373,0.012114104548771763,0.0028706713379728598,0.029010971604376712,2.0816681711721685e-17,5.511463844797178e-05,9.645061728395061e-05,4.006132362024817,1583.3536523362247
420001,2,5,M4,3,False,0.026581803701584646,0.9890775587322591,0.9612089653333922,0.35,0.0,0.0,0.2378246164880693,0.0748634483339265,2.9850870983675124,0.19047712936997413,0.03528296146634178,0.0,5.269471470266581,7.561110497452319,0.1595750886752162,0.5723246668641202,9.521425097955776,3.547194861027395,2.9847918860379683,0.36726487750643305,0.05532646566151033,0.12108236314177485,0.026325008658008384,0.07258690871239505,-0.043587035868992374,-0.014363930229024576,0.19515230621832091,0.02316639200988595,0.8458333333333332,0.0038517234430519836,0.010123356076229342,1.5685983076442152,0.058447558689150164,0.07218691512087248,0.044021909718808754,0.0020441715996726553,0.019280498732081548,0.012560846805308388,0.003101094788841378,0.0052560283011259664,0.004331723236405373,0.012114104548771763,0.0028706713379728598,0.029010971604376712,2.0816681711721685e-17,5.511463844797178e-05,9.645061728395061e-05,4.006132362024817,1583.3536523362247
420001,2,6,M2,0,False,0.00970444566021948,0.9890775587322591,0.9612089653333922,0.35,0.0,0.0,0.21834226027131082,0.07175303331110627,3.098974011652172,0.22922467060387136,0.0,0.0,5.734069987665862,6.390289471484721,0.1564875892012947,0.5873813973442473,10.240222995518472,3.5964119953663407,2.911403343057799,0.352742843353867,0.06113399696324338,0.13587867260915257,0.030344861239730778,0.07357184206650681,-0.04127275777252539,-0.012549544249214596,0.17679990026493286,0.02263290167161708,0.81875,0.0034656425556275567,0.010811364738073226,1.6424364111754304,0.05175265496815601,0.06753588090270606,0.03468870525591565,0.00232580332372997,0.0196729193742625,0.012913538026359767,0.0032927379889270735,0.006219345856188267,0.004319339163682592,0.010713334062278743,0.00302319314391834,0.031824430616398634,2.0816681711721685e-17,5.511463844797178e-05,6.889329805996472e-05,4.434451518913686,3994.437995570794
420001,2,6,M3,1,False,0.00970444566021948,0.9890775587322591,0.9612089653333922,0.35,0.0,0.0,0.21834226027131082,0.07175303331110627,3.098974011652172,0.22922467060387136,0.0,0.0,5.734069987665862,6.390289471484721,0.1564875892012947,0.5873813973442473,10.240222995518472,3.5964119953663407,2.911403343057799,0.352742843353867,0.06113399696324338,0.13587867260915257,0.030344861239730778,0.07357184206650681,-0.04127275777252539,-0.012549544249214596,0.17679990026493286,0.02263290167161708,0.81875,0.0034656425556275567,0.010811364738073226,1.6424364111754304,0.05175265496815601,0.06753588090270606,0.03468870525591565,0.00232580332372997,0.0196729193742625,0.012913538026359767,0.0032927379889270735,0.006219345856188267,0.004319339163682592,0.010713334062278743,0.00302319314391834,0.031824430616398634,2.0816681711721685e-17,5.511463844797178e-05,6.889329805996472e-05,4.434451518913686,3994.437995570794
420001,2,6,M2+O,2,False,0.008016986912950037,0.9890775587322591,0.9612089653333922,0.35,0.0,0.0,0.21834226027131082,0.07175303331110627,3.098974011652172,0.22922467060387136,0.05596634677516202,0.0,5.734069987665862,6.390289471484721,0.15627115330635918,0.5865827883845623,10.182347325816645,3.5906874744934463,2.932932191374867,0.4071540150973898,0.061941613437238495,0.13606713218180685,0.030190893664725573,0.07393314687541319,-0.0404689415739267,-0.01167303594577789,0.18187729502181815,0.02342293587591085,0.8333333333333334,0.0036124745069191218,0.011423377924364705,1.6120766067753265,0.05562359824750672,0.07294323471321955,0.044881704429003355,0.0022579655741004332,0.019634254762604414,0.012620001656111086,0.00303586997500814,0.006366616244287396,0.00445169828672927,0.010616397843508844,0.00291701146786193,0.028657565120703173,2.0816681711721685e-17,5.511463844797178e-05,8.267195767195767e-05,4.451797705544858,3994.533167789892
420001,2,6,M4,3,False,0.008016986912950037,0.9890775587322591,0.9612089653333922,0.35,0.0,0.0,0.21834226027131082,0.07175303331110627,3.098974011652172,0.22922467060387136,0.05596634677516202,0.0,5.734069987665862,6.390289471484721,0.15627115330635918,0.5865827883845623,10.182347325816645,3.5906874744934463,2.932932191374867,0.4071540150973898,0.061941613437238495,0.13606713218180685,0.030190893664725573,0.07393314687541319,-0.0404689415739267,-0.01167303594577789,0.18187729502181815,0.02342293587591085,0.8333333333333334,0.0036124745069191218,0.011423377924364705,1.6120766067753265,0.05562359824750672,0.07294323471321955,0.044881704429003355,0.0022579655741004332,0.019634254762604414,0.012620001656111086,0.00303586997500814,0.006366616244287396,0.00445169828672927,0.010616397843508844,0.00291701146786193,0.028657565120703173,2.0816681711721685e-17,5.511463844797178e-05,8.267195767195767e-05,4.451797705544858,3994.533167789892
420001,2,7,M2,0,False,0.018488787784010377,0.9890775587322591,0.9612089653333922,0.35,0.0,0.0,0.25462781311944127,0.08294289264827967,2.7334395976737142,0.21371863551437856,0.0,0.0,6.490372991655022,8.436539084650576,0.15572111137320685,0.5849989690372753,10.50803475842092,3.617565293570704,2.902037807097555,0.37912161981963516,0.05776238662767597,0.12428952952582072,0.02542423616453748,0.07365153171434553,-0.041312551631294867,-0.01214252817043164,0.19596643194753885,0.025707981920758075,0.8583333333333333,0.003898886666999265,0.010360756388101995,1.693962259537427,0.05472508552183566,0.07092033973178435,0.045760964843512636,0.002137298206275742,0.019400033202706755,0.012602573553035184,0.003267890041278444,0.00572640594522605,0.004329664347326765,0.012228656996386863,0.003110981837936961,0.026693826748396907,2.0816681711721685e-17,1.3778659611992945e-05,1.3778659611992945e-05,3.8204877972778113,17968.04412553784
420001,2,7,M3,1,False,0.018488787784010377,0.9890775587322591,0.9612089653333922,0.35,0.0,0.0,0.25462781311944127,0.08294289264827967,2.7334395976737142,0.21371863551437856,0.0,0.0,6.490372991655022,8.436539084650576,0.15572111137320685,0.5849989690372753,10.50803475842092,3.617565293570704,2.902037807097555,0.37912161981963516,0.05776238662767597,0.12428952952582072,0.02542423616453748,0.07365153171434553,-0.041312551631294867,-0.01214252817043164,0.19596643194753885,0.025707981920758075,0.8583333333333333,0.003898886666999265,0.010360756388101995,1.693962259537427,0.05472508552183566,0.07092033973178435,0.045760964843512636,0.002137298206275742,0.019400033202706755,0.012602573553035184,0.003267890041278444,0.00572640594522605,0.004329664347326765,0.012228656996386863,0.003110981837936961,0.026693826748396907,2.0816681711721685e-17,1.3778659611992945e-05,1.3778659611992945e-05,3.8204877972778113,17968.04412553784
420001,2,7,M2+O,2,False,0.013822944370538916,0.9890775587322591,0.9612089653333922,0.35,0.0,0.0,0.25462781311944127,0.08294289264827967,2.7334395976737142,0.21371863551437856,0.0818483628556123,0.0,6.490372991655022,8.436539084650576,0.15528745150365897,0.5839816793492507,10.460514646669226,3.612785221658914,2.9005137833692074,0.38031006173146603,0.05941860834288017,0.12441352679233623,0.025510774031403713,0.07423096131901173,-0.03999943920126938,-0.01080189239513621,0.2048401913822683,0.02722627251012034,0.8708333333333332,0.004121042488408956,0.010479670902226625,1.6553154038647253,0.0573323070868007,0.07548171877575302,0.04543730625775047,0.00203665055808879,0.01940788312087739,0.012093350944986384,0.0029799223173370905,0.005920774401235948,0.0045156111811477835,0.012105869326455937,0.0029503571194652127,0.025875374860175254,2.0816681711721685e-17,1.3778659611992945e-05,1.3778659611992945e-05,3.854825689869037,18010.31025436272
420001,2,7,M4,3,False,0.013822944370538916,0.9890775587322591,0.9612089653333922,0.35,0.0,0.0,0.25462781311944127,0.08294289264827967,2.7334395976737142,0.21371863551437856,0.0818483628556123,0.0,6.490372991655022,8.436539084650576,0.15528745150365897,0.5839816793492507,10.460514646669226,3.612785221658914,2.9005137833692074,0.38031006173146603,0.05941860834288017,0.12441352679233623,0.025510774031403713,0.07423096131901173,-0.03999943920126938,-0.01080189239513621,0.2048401913822683,0.02722627251012034,0.8708333333333332,0.004121042488408956,0.010479670902226625,1.6553154038647253,0.0573323070868007,0.07548171877575302,0.04543730625775047,0.00203665055808879,0.01940788312087739,0.012093350944986384,0.0029799223173370905,0.005920774401235948,0.0045156111811477835,0.012105869326455937,0.0029503571194652127,0.025875374860175254,2.0816681711721685e-17,1.3778659611992945e-05,1.3778659611992945e-05,3.854825689869037,18010.31025436272
420001,2,8,M2,0,False,0.006618708111033115,0.9890775587322591,0.9612089653333922,0.35,0.0,0.0,0.26037696758285167,0.06623911500442774,3.1390380073338746,0.19648031547665595,0.0,0.0,6.223864151164889,7.334144979715347,0.16140731206194348,0.5696772588209355,8.857997841090635,3.4932609503074676,3.0513562009621373,0.37120305264320735,0.06267801012706463,0.13114027946595455,0.031107668755006035,0.07211843477245236,-0.042466998587096745,-0.011952882312766727,0.22759411253814485,0.025587004683070822,0.85,0.00416669952458919,0.011135642168625543,1.44892754112718,0.054634872901497926,0.08069110883603833,0.04670669776717165,0.0022011956123934207,0.0192017344837941,0.012260964201867383,0.003199729116919981,0.005940894487973745,0.004542032792942613,0.013887037161903065,0.0032743932546370593,0.02886751345948129,2.0816681711721685e-17,0.0,0.0,3.982382779412852,8047.34251242406
420001,2,8,M3,1,False,0.006618708111033115,0.9890775587322591,0.9612089653333922,0.35,0.0,0.0,0.26037696758285167,0.06623911500442774,3.1390380073338746,0.19648031547665595,0.0,0.0,6.223864151164889,7.334144979715347,0.16140731206194348,0.5696772588209355,8.857997841090635,3.4932609503074676,3.0513562009621373,0.37120305264320735,0.06267801012706463,0.13114027946595455,0.031107668755006035,0.07211843477245236,-0.042466998587096745,-0.011952882312766727,0.22759411253814485,0.025587004683070822,0.85,0.00416669952458919,0.011135642168625543,1.44892754112718,0.054634872901497926,0.08069110883603833,0.04670669776717165,0.0022011956123934207,0.0192017344837941,0.012260964201867383,0.003199729116919981,0.005940894487973745,0.004542032792942613,0.013887037161903065,0.0032743932546370593,0.02886751345948129,2.0816681711721685e-17,0.0,0.0,3.982382779412852,8047.34251242406
420001,2,8,M2+O,2,False,0.00572782470047457,0.9890775587322591,0.9612089653333922,0.35,0.0,0.0,0.26037696758285167,0.06623911500442774,3.1390380073338746,0.19648031547665595,0.03941378565485458,0.0,6.223864151164889,7.334144979715347,0.16125907073339477,0.5682461242551867,8.827343218414827,3.4994059544778,3.0276174038849706,0.3561379690627926,0.06318858457632748,0.13185201375233502,0.03157894050200059,0.07242227693605065,-0.04185633675308375,-0.011418290517158891,0.2307407485478504,0.026109361130818756,0.8583333333333334,0.004274457307182268,0.01126758196048827,1.433782436300764,0.058588562797324044,0.07391478000011778,0.046796873223914376,0.0021444816434489427,0.01921023214498492,0.012052129892948193,0.0030318958893982557,0.006041970887743538,0.004643643241534669,0.013835049751255164,0.003178326908833234,0.029282894711850367,2.0816681711721685e-17,0.0,0.0,3.9915232606460016,8290.118539204766
420001,2,8,M4,3,False,0.00572782470047457,0.9890775587322591,0.9612089653333922,0.35,0.0,0.0,0.26037696758285167,0.06623911500442774,3.1390380073338746,0.19648031547665595,0.03941378565485458,0.0,6.223864151164889,7.334144979715347,0.16125907073339477,0.5682461242551867,8.827343218414827,3.4994059544778,3.0276174038849706,0.3561379690627926,0.06318858457632748,0.13185201375233502,0.03157894050200059,0.07242227693605065,-0.04185633675308375,-0.011418290517158891,0.2307407485478504,0.026109361130818756,0.8583333333333334,0.004274457307182268,0.01126758196048827,1.433782436300764,0.058588562797324044,0.07391478000011778,0.046796873223914376,0.0021444816434489427,0.01921023214498492,0.012052129892948193,0.0030318958893982557,0.006041970887743538,0.004643643241534669,0.013835049751255164,0.003178326908833234,0.029282894711850367,2.0816681711721685e-17,0.0,0.0,3.9915232606460016,8290.118539204766
420001,2,9,M2,0,False,0.0032904722819240544,0.9890775587322591,0.9612089653333922,0.35,0.0,0.0,0.22489707954227925,0.07692724628373981,2.7730619207024576,0.2408962793648243,0.0,0.0,5.490998988039792,7.869041427969933,0.15579360231284647,0.5938661545376166,10.483135552452703,3.6017024394253094,2.917328425246646,0.3768878251984296,0.06483736254579263,0.1403986254857667,0.03215708694938842,0.07369876415403137,-0.03842545210331864,-0.010533787748366235,0.1839702825290782,0.024091398240117034,0.8291666666666666,0.003559988651338587,0.011446808329610921,1.6604204770185382,0.04908169890194727,0.06271950767631145,0.046686283351542845,0.002390797971099897,0.019859838010396383,0.012726378424126786,0.0032729085669143646,0.006792968069248062,0.004429754619754117,0.01099739093711113,0.003113103676406439,0.03226316530889045,2.0816681711721685e-17,0.00011022927689594356,0.00013778659611992945,3.7726536263245065,2477.7273591162184
420001,2,9,M3,1,False,0.0032904722819240544,0.9890775587322591,0.9612089653333922,0.35,0.0,0.0,0.22489707954227925,0.07692724628373981,2.7730619207024576,0.2408962793648243,0.0,0.0,5.490998988039792,7.869041427969933,0.15579360231284647,0.5938661545376166,10.483135552452703,3.6017024394253094,2.917328425246646,0.3768878251984296,0.06483736254579263,0.1403986254857667,0.03215708694938842,0.07369876415403137,-0.03842545210331864,-0.010533787748366235,0.1839702825290782,0.024091398240117034,0.8291666666666666,0.003559988651338587,0.011446808329610921,1.6604204770185382,0.04908169890194727,0.06271950767631145,0.046686283351542845,0.002390797971099897,0.019859838010396383,0.012726378424126786,0.0032729085669143646,0.006792968069248062,0.004429754619754117,0.01099739093711113,0.003113103676406439,0.03226316530889045,2.0816681711721685e-17,0.00011022927689594356,0.00013778659611992945,3.7726536263245065,2477.7273591162184
420001,2,9,M2+O,2,False,0.0009675602604297112,0.9890775587322591,0.9612089653333922,0.35,0.0,0.0,0.22489707954227925,0.07692724628373981,2.7730619207024576,0.2408962793648243,0.09924992682199865,0.0,5.490998988039792,7.869041427969933,0.1552035120106474,0.5937993782943476,10.43747861291754,3.616104730180055,2.904601031247354,0.4129090108173548,0.06720049323817916,0.13960350730774027,0.030350442394157042,0.07457826830660207,-0.03673087954794452,-0.008666889781768685,0.19667188595587604,0.02620726754939234,0.8541666666666666,0.00383188976912879,0.01235131437486728,1.6074652875660682,0.05804930416704766,0.07203576775413487,0.04514962171956425,0.002266953660130384,0.01986192286581926,0.012401902729212556,0.002874537279460538,0.007075305924578683,0.004649162858831595,0.01075597010049455,0.002953059496436337,0.027570178350883354,2.0816681711721685e-17,8.267195767195767e-05,0.00013778659611992945,3.823367950620803,2485.910586339312
420001,2,9,M4,3,False,0.0009675602604297112,0.9890775587322591,0.9612089653333922,0.35,0.0,0.0,0.22489707954227925,0.07692724628373981,2.7730619207024576,0.2408962793648243,0.09924992682199865,0.0,5.490998988039792,7.869041427969933,0.1552035120106474,0.5937993782943476,10.43747861291754,3.616104730180055,2.904601031247354,0.4129090108173548,0.06720049323817916,0.13960350730774027,0.030350442394157042,0.07457826830660207,-0.03673087954794452,-0.008666889781768685,0.19667188595587604,0.02620726754939234,0.8541666666666666,0.00383188976912879,0.01235131437486728,1.6074652875660682,0.05804930416704766,0.07203576775413487,0.04514962171956425,0.002266953660130384,0.01986192286581926,0.012401902729212556,0.002874537279460538,0.007075305924578683,0.004649162858831595,0.01075597010049455,0.002953059496436337,0.027570178350883354,2.0816681711721685e-17,8.267195767195767e-05,0.00013778659611992945,3.823367950620803,2485.910586339312
420001,2,10,M2,0,False,0.004989006860048833,0.9890775587322591,0.9612089653333922,0.35,0.0,0.0,0.2443801517598331,0.06754384808242321,3.1797893855720756,0.21964385755360127,0.0,0.0,5.020357612986118,6.691643536090851,0.15840200971406107,0.5836214221993264,9.818571577416021,3.5579974163386723,2.974493618431349,0.3759749817784264,0.06364303881037524,0.13684205230364574,0.03153328430176289,0.07300385492998819,-0.041278820467060245,-0.01157298060274429,0.20406395997571303,0.02492775681067454,0.84375,0.0038656839391768226,0.011372201109851435,1.6091079642443127,0.04976756855067964,0.07221350546378044,0.044510673452077376,0.0023174089622337458,0.019459122256831916,0.012468618332891446,0.0032787903400809853,0.006285483493936702,0.004473141134292538,0.012373556270624898,0.0031898550043266906,0.029382611563964843,2.0816681711721685e-17,0.00013778659611992945,0.00017912257495590828,4.353710348622976,996.2322973549134
420001,2,10,M3,1,False,0.004989006860048833,0.9890775587322591,0.9612089653333922,0.35,0.0,0.0,0.2443801517598331,0.06754384808242321,3.1797893855720756,0.21964385755360127,0.0,0.0,5.020357612986118,6.691643536090851,0.15840200971406107,0.5836214221993264,9.818571577416021,3.5579974163386723,2.974493618431349,0.3759749817784264,0.06364303881037524,0.13684205230364574,0.03153328430176289,0.07300385492998819,-0.041278820467060245,-0.01157298060274429,0.20406395997571303,0.02492775681067454,0.84375,0.0038656839391768226,0.011372201109851435,1.6091079642443127,0.04976756855067964,0.07221350546378044,0.044510673452077376,0.0023174089622337458,0.019459122256831916,0.012468618332891446,0.0032787903400809853,0.006285483493936702,0.004473141134292538,0.012373556270624898,0.0031898550043266906,0.029382611563964843,2.0816681711721685e-17,0.00013778659611992945,0.00017912257495590828,4.353710348622976,996.2322973549134
420001,2,10,M2+O,2,False,1.9602487948449434e-05,0.9890775587322591,0.9612089653333922,0.35,0.0,0.0,0.2443801517598331,0.06754384808242321,3.1797893855720756,0.21964385755360127,0.22120154879690973,0.0,5.020357612986118,6.691643536090851,0.15549993858588737,0.5840424681091939,10.101859040383387,3.6236020053491074,2.8891174329899196,0.41463685594735783,0.07542901321515152,0.12876542500638685,0.025776422296060756,0.07584537448514427,-0.03528548103251253,-0.0053789379373304835,0.25212127089917785,0.03439721092822065,0.90625,0.004570958117988895,0.01202791644968431,1.4801139441159492,0.049853469387388764,0.07674878854711983,0.041113067312235164,0.0020991379863135253,0.01997641532155976,0.011575005194250922,0.00274748456280504,0.006975312766821318,0.004885644796620275,0.012447920681082417,0.0030430487215818655,0.017884619130674136,2.0816681711721685e-17,0.0001515652557319224,0.00019290123456790122,4.672520176065441,1071.0476487779406
420001,2,10,M4,3,False,1.9602487948449434e-05,0.9890775587322591,0.9612089653333922,0.35,0.0,0.0,0.2443801517598331,0.06754384808242321,3.1797893855720756,0.21964385755360127,0.22120154879690973,0.0,5.020357612986118,6.691643536090851,0.15549993858588737,0.5840424681091939,10.101859040383387,3.6236020053491074,2.8891174329899196,0.41463685594735783,0.07542901321515152,0.12876542500638685,0.025776422296060756,0.07584537448514427,-0.03528548103251253,-0.0053789379373304835,0.25212127089917785,0.03439721092822065,0.90625,0.004570958117988895,0.01202791644968431,1.4801139441159492,0.049853469387388764,0.07674878854711983,0.041113067312235164,0.0020991379863135253,0.01997641532155976,0.011575005194250922,0.00274748456280504,0.006975312766821318,0.004885644796620275,0.012447920681082417,0.0030430487215818655,0.017884619130674136,2.0816681711721685e-17,0.0001515652557319224,0.00019290123456790122,4.672520176065441,1071.0476487779406
420001,2,11,M2,0,False,0.017986519092549506,0.9890775587322591,0.9612089653333922,0.35,0.0,0.0,0.28308231513947246,0.08182962188962847,2.945610111951828,0.22273273594677448,0.0,0.0,5.752427791710943,8.503426149487495,0.1523576784825914,0.5915634322024497,11.396834764807883,3.6653672645945483,2.840655153669403,0.37264629663821314,0.05792975540224429,0.12003836329742508,0.021310019694943366,0.0746983110461289,-0.04070740396981134,-0.011312291183210898,0.2052459390438346,0.029367660836289455,0.86875,0.004175988687535574,0.010522589689908109,1.8107594355425862,0.055411800777051656,0.06905324300700502,0.04254445324711169,0.002121235356860689,0.01929610918563854,0.012251286741617485,0.003331678490685579,0.005751168849220514,0.004344789429721581,0.012813990533154462,0.0032746880877284755,0.02637736526931234,2.0816681711721685e-17,5.511463844797178e-05,0.00013778659611992945,4.648227443521219,4162.696427573793
420001,2,11,M3,1,False,0.017986519092549506,0.9890775587322591,0.9612089653333922,0.35,0.0,0.0,0.28308231513947246,0.08182962188962847,2.945610111951828,0.22273273594677448,0.0,0.0,5.752427791710943,8.503426149487495,0.1523576784825914,0.5915634322024497,11.396834764807883,3.6653672645945483,2.840655153669403,0.37264629663821314,0.05792975540224429,0.12003836329742508,0.021310019694943366,0.0746983110461289,-0.04070740396981134,-0.011312291183210898,0.2052459390438346,0.029367660836289455,0.86875,0.004175988687535574,0.010522589689908109,1.8107594355425862,0.055411800777051656,0.06905324300700502,0.04254445324711169,0.002121235356860689,0.01929610918563854,0.012251286741617485,0.003331678490685579,0.005751168849220514,0.004344789429721581,0.012813990533154462,0.0032746880877284755,0.02637736526931234,2.0816681711721685e-17,5.511463844797178e-05,0.00013778659611992945,4.648227443521219,4162.696427573793
420001,2,11,M2+O,2,False,0.0175368720675723,0.9890775587322591,0.9612089653333922,0.35,0.0,0.0,0.28308231513947246,0.08182962188962847,2.945610111951828,0.22273273594677448,0.024611350639674,0.0,5.752427791710943,8.503426149487495,0.15229212585515803,0.5909036758711602,11.365881228548476,3.6774447272744872,2.8511326700324933,0.38011250305856975,0.05808158300161739,0.1203265460703577,0.021258310056876045,0.07479489152565673,-0.04040777022834753,-0.011005474045027124,0.20656075730966308,0.029572430094048363,0.8708333333333332,0.0042368442260408345,0.010542650961097173,1.7996604034903456,0.05967939795681299,0.07033929110293866,0.042198812897020585,0.0020903869605881672,0.019304207932792455,0.012067862240575426,0.003237028566809633,0.005810762115507388,0.004403255734777939,0.0128115508218387,0.0032219124496084928,0.026736209140920734,2.0816681711721685e-17,5.511463844797178e-05,0.00013778659611992945,4.6517811276067595,4167.29901079358
420001,2,11,M4,3,False,0.0175368720675723,0.9890775587322591,0.9612089653333922,0.35,0.0,0.0,0.28308231513947246,0.08182962188962847,2.945610111951828,0.22273273594677448,0.024611350639674,0.0,5.752427791710943,8.503426149487495,0.15229212585515803,0.5909036758711602,11.365881228548476,3.6774447272744872,2.8511326700324933,0.38011250305856975,0.05808158300161739,0.1203265460703577,0.021258310056876045,0.07479489152565673,-0.04040777022834753,-0.011005474045027124,0.20656075730966308,0.029572430094048363,0.8708333333333332,0.0042368442260408345,0.010542650961097173,1.7996604034903456,0.05967939795681299,0.07033929110293866,0.042198812897020585,0.0020903869605881672,0.019304207932792455,0.012067862240575426,0.003237028566809633,0.005810762115507388,0.004403255734777939,0.0128115508218387,0.0032219124496084928,0.026736209140920734,2.0816681711721685e-17,5.511463844797178e-05,0.00013778659611992945,4.6517811276067595,4167.29901079358
420001,2,12,M2,0,False,4.8138239158356895e-06,0.9890775587322591,0.9612089653333922,0.35,0.0,0.0,0.29935491690412164,0.07051171878352762,2.7982757639139892,0.23080004900693893,0.0,0.0,6.378210476133972,6.27442592382431,0.1576889896865327,0.5865390728295814,9.777718711806363,3.554231753246354,2.951453593107123,0.3846566817932687,0.07343713033477393,0.14243562422794578,0.03279763413867384,0.07345739444171004,-0.03588766712160036,-0.006701126647883082,0.2570239902089509,0.032379848738619446,0.88125,0.0046697326389468635,0.012160994410553154,1.547712131524439,0.05578567374358188,0.07829006566243753,0.04401185160221654,0.002375896216937494,0.019411445991956724,0.011508621940955619,0.0031912616382233435,0.00743103344795196,0.004862500640598161,0.015107659196742548,0.0037507626012763325,0.025504422037722418,2.0816681711721685e-17,0.0,0.0,3.5748762931442575,11204.399152819446
420001,2,12,M3,1,False,4.8138239158356895e-06,0.9890775587322591,0.9612089653333922,0.35,0.0,0.0,0.29935491690412164,0.07051171878352762,2.7982757639139892,0.23080004900693893,0.0,0.0,6.378210476133972,6.27442592382431,0.1576889896865327,0.5865390728295814,9.777718711806363,3.554231753246354,2.951453593107123,0.3846566817932687,0.07343713033477393,0.14243562422794578,0.03279763413867384,0.07345739444171004,-0.03588766712160036,-0.006701126647883082,0.2570239902089509,0.032379848738619446,0.88125,0.0046697326389468635,0.012160994410553154,1.547712131524439,0.05578567374358188,0.07829006566243753,0.04401185160221654,0.002375896216937494,0.019411445991956724,0.011508621940955619,0.0031912616382233435,0.00743103344795196,0.004862500640598161,0.015107659196742548,0.0037507626012763325,0.025504422037722418,2.0816681711721685e-17,0.0,0.0,3.5748762931442575,11204.399152819446
420001,2,12,M2+O,2,False,8.409010231376893e-06,0.9890775587322591,0.9612089653333922,0.35,0.0,0.0,0.29935491690412164,0.07051171878352762,2.7982757639139892,0.23080004900693893,0.032109614985167255,0.0,6.378210476133972,6.27442592382431,0.1575758587102313,0.5866804570648929,9.761771992431791,3.55914278277573,2.967495411746245,0.3951283823740644,0.07375223447806024,0.1429321276292814,0.03302628582188869,0.0736888084932934,-0.03539124469096431,-0.006283301027632022,0.2591534813314073,0.032720384537659186,0.8770833333333333,0.004752775260894957,0.012471630068936486,1.5396368833602245,0.06227161882669314,0.07801358183683241,0.050696863525386965,0.0023283863599231577,0.019444873790487864,0.011448860641368467,0.0030516607285906772,0.007527899428931248,0.004930194942152036,0.0150465379291541,0.0036805990378002366,0.024814377309455876,2.0816681711721685e-17,0.0,0.0,3.5821050579499265,11441.97091531999
420001,2,12,M4,3,False,8.409010231376893e-06,0.9890775587322591,0.9612089653333922,0.35,0.0,0.0,0.29935491690412164,0.07051171878352762,2.7982757639139892,0.23080004900693893,0.032109614985167255,0.0,6.378210476133972,6.27442592382431,0.1575758587102313,0.5866804570648929,9.761771992431791,3.55914278277573,2.967495411746245,0.3951283823740644,0.07375223447806024,0.1429321276292814,0.03302628582188869,0.0736888084932934,-0.03539124469096431,-0.006283301027632022,0.2591534813314073,0.032720384537659186,0.8770833333333333,0.004752775260894957,0.012471630068936486,1.5396368833602245,0.06227161882669314,0.07801358183683241,0.050696863525386965,0.0023283863599231577,0.019444873790487864,0.011448860641368467,0.0030516607285906772,0.007527899428931248,0.004930194942152036,0.0150465379291541,0.0036805990378002366,0.024814377309455876,2.0816681711721685e-17,0.0,0.0,3.5821050579499265,11441.97091531999
420001,2,13,M2,0,False,0.04985691965408539,0.9890775587322591,0.9612089653333922,0.35,0.0,0.0,0.2357255432754755,0.0843245640071109,3.0317934952676295,0.20654045909643173,0.0,0.0,5.610234498512,8.927487328648567,0.1527890127298591,0.5877269525462044,11.361425794593321,3.6666182210181133,2.8524900146128616,0.3836460751618709,0.049904203195740376,0.1107645672223574,0.018349560095929338,0.07380394044597066,-0.043545349120282885,-0.015842576384204148,0.16380362092044262,0.023098510316248346,0.8333333333333334,0.0035305598347849395,0.009185459657363044,1.7712975141755507,0.05606323042235848,0.07323379034334733,0.04114198527280561,0.0020310447746073124,0.01916640758712796,0.012991892048250766,0.0034257566594117082,0.004799641284730708,0.003962558496084219,0.010516344034265906,0.0027987788814036593,0.029590604332022347,2.0816681711721685e-17,9.645061728395061e-05,0.00013778659611992945,5.021110244761519,3148.919937372138
420001,2,13,M3,1,False,0.04985691965408539,0.9890775587322591,0.9612089653333922,0.35,0.0,0.0,0.2357255432754755,0.0843245640071109,3.0317934952676295,0.20654045909643173,0.0,0.0,5.610234498512,8.927487328648567,0.1527890127298591,0.5877269525462044,11.361425794593321,3.6666182210181133,2.8524900146128616,0.3836460751618709,0.049904203195740376,0.1107645672223574,0.018349560095929338,0.07380394044597066,-0.043545349120282885,-0.015842576384204148,0.16380362092044262,0.023098510316248346,0.8333333333333334,0.0035305598347849395,0.009185459657363044,1.7712975141755507,0.05606323042235848,0.07323379034334733,0.04114198527280561,0.0020310447746073124,0.01916640758712796,0.012991892048250766,0.0034257566594117082,0.004799641284730708,0.003962558496084219,0.010516344034265906,0.0027987788814036593,0.029590604332022347,2.0816681711721685e-17,9.645061728395061e-05,0.00013778659611992945,5.021110244761519,3148.919937372138
420001,2,13,M2+O,2,False,0.02993422183402467,0.9890775587322591,0.9612089653333922,0.35,0.0,0.0,0.2357255432754755,0.0843245640071109,3.0317934952676295,0.20654045909643173,0.14585900465534243,0.0,5.610234498512,8.927487328648567,0.15165155637314023,0.5890447439937401,11.33041568883378,3.66708134752335,2.800430868336265,0.3687812588679574,0.05442864177871437,0.10853393559206741,0.017506071703356323,0.07460147592004789,-0.041041626729573004,-0.012505305246978583,0.18645902337543707,0.02735562155882265,0.875,0.003950008795362507,0.009323634370931342,1.6744140918114183,0.053395972481688495,0.07389774970139226,0.04514412902430204,0.0018959701690442641,0.019297962818794614,0.012235593245941867,0.00307475052416717,0.005097273935436855,0.004291699599706211,0.010440287607086728,0.002597504392815282,0.024264544420656838,2.0816681711721685e-17,0.00011022927689594356,0.00013778659611992945,5.1600229557713,3164.665426823598
420001,2,13,M4,3,False,0.02993422183402467,0.9890775587322591,0.9612089653333922,0.35,0.0,0.0,0.2357255432754755,0.0843245640071109,3.0317934952676295,0.20654045909643173,0.14585900465534243,0.0,5.610234498512,8.927487328648567,0.15165155637314023,0.5890447439937401,11.33041568883378,3.66708134752335,2.800430868336265,0.3687812588679574,0.05442864177871437,0.10853393559206741,0.017506071703356323,0.07460147592004789,-0.041041626729573004,-0.012505305246978583,0.18645902337543707,0.02735562155882265,0.875,0.003950008795362507,0.009323634370931342,1.6744140918114183,0.053395972481688495,0.07389774970139226,0.04514412902430204,0.0018959701690442641,0.019297962818794614,0.012235593245941867,0.00307475052416717,0.005097273935436855,0.004291699599706211,0.010440287607086728,0.002597504392815282,0.024264544420656838,2.0816681711721685e-17,0.00011022927689594356,0.00013778659611992945,5.1600229557713,3164.665426823598
420001,2,14,M2,0,False,3.2590108005376685e-08,0.9890775587322591,0.9612089653333922,0.35,0.0,0.0,0.20833341283723714,0.062489898935891686,2.92039684318006,0.25279291801154613,0.0,0.0,5.331442344933748,7.0982246696949005,0.15990516495087354,0.5948396257162506,9.475054666019401,3.5330687015181304,2.988689398558177,0.3924421829673667,0.07747855497844917,0.16094929144043235,0.04524097908850466,0.07315474369454156,-0.03346559554331507,-0.007893127835186161,0.19744620741256594,0.022726974620252038,0.8166666666666668,0.003507985965301562,0.01361414592753622,1.4986804346537421,0.050169035154275884,0.0769424129527763,0.05249847196140461,0.0026996136550298476,0.019960111944402125,0.01258854105693239,0.003265369032552102,0.00820091530773793,0.004755157160251276,0.011189346057613963,0.0032847632091983115,0.03569530206304439,2.0816681711721685e-17,8.267195767195767e-05,0.0001240079365079365,3.461719083269385,1800.1391135827055
420001,2,14,M3,1,False,3.2590108005376685e-08,0.9890775587322591,0.9612089653333922,0.35,0.0,0.0,0.20833341283723714,0.062489898935891686,2.92039684318006,0.25279291801154613,0.0,0.0,5.331442344933748,7.0982246696949005,0.15990516495087354,0.5948396257162506,9.475054666019401,3.5330687015181304,2.988689398558177,0.3924421829673667,0.07747855497844917,0.16094929144043235,0.04524097908850466,0.07315474369454156,-0.03346559554331507,-0.007893127835186161,0.19744620741256594,0.022726974620252038,0.8166666666666668,0.003507985965301562,0.01361414592753622,1.4986804346537421,0.050169035154275884,0.0769424129527763,0.05249847196140461,0.0026996136550298476,0.019960111944402125,0.01258854105693239,0.003265369032552102,0.00820091530773793,0.004755157160251276,0.011189346057613963,0.0032847632091983115,0.03569530206304439,2.0816681711721685e-17,8.267195767195767e-05,0.0001240079365079365,3.461719083269385,1800.1391135827055
420001,2,14,M2+O,2,False,8.654651195631705e-06,0.9890775587322591,0.9612089653333922,0.35,0.0,0.0,0.20833341283723714,0.062489898935891686,2.92039684318006,0.25279291801154613,0.09017833367092232,0.0,5.331442344933748,7.0982246696949005,0.15937115048992215,0.5986227171008786,9.439712606984852,3.559260042814033,2.9610036442525396,0.38337183817462384,0.07972179305570497,0.15983594005427362,0.042042574340686534,0.0741348310960062,-0.03180959725897297,-0.006258407718027589,0.20943266199658273,0.02462145938198419,0.8520833333333333,0.003757708988604424,0.013574413019075015,1.4545339191803972,0.0548015588807341,0.07543351586307558,0.049897321900134246,0.002566828241750552,0.019953638116531343,0.012509112798278427,0.002840653906858769,0.008477621810826725,0.004941973321277245,0.010842390057206717,0.0031452022138187524,0.028942591644687096,2.0816681711721685e-17,8.267195767195767e-05,0.0001240079365079365,3.5026975246812078,1807.659024215993
420001,2,14,M4,3,False,8.654651195631705e-06,0.9890775587322591,0.9612089653333922,0.35,0.0,0.0,0.20833341283723714,0.062489898935891686,2.92039684318006,0.25279291801154613,0.09017833367092232,0.0,5.331442344933748,7.0982246696949005,0.15937115048992215,0.5986227171008786,9.439712606984852,3.559260042814033,2.9610036442525396,0.38337183817462384,0.07972179305570497,0.15983594005427362,0.042042574340686534,0.0741348310960062,-0.03180959725897297,-0.006258407718027589,0.20943266199658273,0.02462145938198419,0.8520833333333333,0.003757708988604424,0.013574413019075015,1.4545339191803972,0.0548015588807341,0.07543351586307558,0.049897321900134246,0.002566828241750552,0.019953638116531343,0.012509112798278427,0.002840653906858769,0.008477621810826725,0.004941973321277245,0.010842390057206717,0.0031452022138187524,0.028942591644687096,2.0816681711721685e-17,8.267195767195767e-05,0.0001240079365079365,3.5026975246812078,1807.659024215993
420001,2,15,M2,0,False,0.0353581505724641,0.9890775587322591,0.9612089653333922,0.35,0.0,0.0,0.26893506180495025,0.07365114953368902,3.2870344676077363,0.18954758934676647,0.0,0.0,6.0987141309306026,8.098484382033348,0.15660419864911526,0.5796253871878649,10.312520673307992,3.588001739539345,2.9433849106896504,0.37547969249590035,0.05307661323384238,0.11125423880523992,0.01946919563700773,0.07337687361555086,-0.04403899185855777,-0.014667153674701283,0.20271504747139138,0.026302850329672712,0.8624999999999999,0.004089647336490946,0.009847082303476102,1.6796065959447697,0.05715389566684265,0.07927841564389776,0.04929259062293755,0.0020031895089709793,0.019002270984833612,0.012521779525195098,0.003356790279232393,0.004919084653903116,0.0041882566960474415,0.012859602202856023,0.003114052096502043,0.025933652805304675,2.0816681711721685e-17,1.3778659611992945e-05,2.755731922398589e-05,5.1437634062359185,8265.43654051854
420001,2,15,M3,1,False,0.0353581505724641,0.9890775587322591,0.9612089653333922,0.35,0.0,0.0,0.26893506180495025,0.07365114953368902,3.2870344676077363,0.18954758934676647,0.0,0.0,6.0987141309306026,8.098484382033348,0.15660419864911526,0.5796253871878649,10.312520673307992,3.588001739539345,2.9433849106896504,0.37547969249590035,0.05307661323384238,0.11125423880523992,0.01946919563700773,0.07337687361555086,-0.04403899185855777,-0.014667153674701283,0.20271504747139138,0.026302850329672712,0.8624999999999999,0.004089647336490946,0.009847082303476102,1.6796065959447697,0.05715389566684265,0.07927841564389776,0.04929259062293755,0.0020031895089709793,0.019002270984833612,0.012521779525195098,0.003356790279232393,0.004919084653903116,0.0041882566960474415,0.012859602202856023,0.003114052096502043,0.025933652805304675,2.0816681711721685e-17,1.3778659611992945e-05,2.755731922398589e-05,5.1437634062359185,8265.43654051854
420001,2,15,M2+O,2,False,0.030384839595474097,0.9890775587322591,0.9612089653333922,0.35,0.0,0.0,0.26893506180495025,0.07365114953368902,3.2870344676077363,0.18954758934676647,0.06948194053920671,0.0,6.0987141309306026,8.098484382033348,0.15626237053618341,0.5777887214757207,10.253570681405492,3.6027406766062313,2.9076676986834067,0.3690938366280425,0.05431187708094624,0.11163004445932784,0.019799159101461454,0.07369774442816983,-0.0429937438690829,-0.013598793034882433,0.20944594202791122,0.02751510101980249,0.8770833333333333,0.0042787669103994405,0.009869776653600545,1.644555842821278,0.06100039353221094,0.06787766963970106,0.040162627728472414,0.0019177892231947399,0.019032215823798826,0.011929816300887028,0.0031547130266388382,0.005047299225334496,0.004368700172679182,0.012813702506646735,0.002958935088629537,0.025710759932925018,2.0816681711721685e-17,1.3778659611992945e-05,4.1335978835978834e-05,5.174800947594544,8268.342954125535
420001,2,15,M4,3,False,0.030384839595474097,0.9890775587322591,0.9612089653333922,0.35,0.0,0.0,0.26893506180495025,0.07365114953368902,3.2870344676077363,0.18954758934676647,0.06948194053920671,0.0,6.0987141309306026,8.098484382033348,0.15626237053618341,0.5777887214757207,10.253570681405492,3.6027406766062313,2.9076676986834067,0.3690938366280425,0.05431187708094624,0.11163004445932784,0.019799159101461454,0.07369774442816983,-0.0429937438690829,-0.013598793034882433,0.20944594202791122,0.02751510101980249,0.8770833333333333,0.0042787669103994405,0.009869776653600545,1.644555842821278,0.06100039353221094,0.06787766963970106,0.040162627728472414,0.0019177892231947399,0.019032215823798826,0.011929816300887028,0.0031547130266388382,0.005047299225334496,0.004368700172679182,0.012813702506646735,0.002958935088629537,0.025710759932925018,2.0816681711721685e-17,1.3778659611992945e-05,4.1335978835978834e-05,5.174800947594544,8268.342954125535
420001,2,16,M2,0,False,1.2673573586089592e-05,0.9890775587322591,0.9612089653333922,0.35,0.0,0.0,0.27431888692080975,0.06181873608380556,2.745128928869963,0.22651283517479898,0.0,0.0,5.591213259845972,8.767512990161777,0.16298403456343924,0.5753410612775963,8.556450433943867,3.444231869757742,3.0523283686237384,0.39070918222006545,0.08199064535203197,0.15792200828394912,0.04451749884963075,0.0723034607208961,-0.033271527601980475,-0.00589248219621392,0.26837324971834003,0.02874425746678171,0.8624999999999999,0.004526408749041849,0.012716699321822924,1.4075176907670999,0.052897609028149294,0.08254911528811762,0.04739997215565234,0.0025724257994698533,0.019382896258167876,0.011507461853081418,0.0031397839748760984,0.008154789029179245,0.005052146230284592,0.015324413935540602,0.0036710285900548234,0.02762488113949116,2.0816681711721685e-17,0.0,2.755731922398589e-05,3.0084116268683037,2835.0000072434923
420001,2,16,M3,1,False,1.2673573586089592e-05,0.9890775587322591,0.9612089653333922,0.35,0.0,0.0,0.27431888692080975,0.06181873608380556,2.745128928869963,0.22651283517479898,0.0,0.0,5.591213259845972,8.767512990161777,0.16298403456343924,0.5753410612775963,8.556450433943867,3.444231869757742,3.0523283686237384,0.39070918222006545,0.08199064535203197,0.15792200828394912,0.04451749884963075,0.0723034607208961,-0.033271527601980475,-0.00589248219621392,0.26837324971834003,0.02874425746678171,0.8624999999999999,0.004526408749041849,0.012716699321822924,1.4075176907670999,0.052897609028149294,0.08254911528811762,0.04739997215565234,0.0025724257994698533,0.019382896258167876,0.011507461853081418,0.0031397839748760984,0.008154789029179245,0.005052146230284592,0.015324413935540602,0.0036710285900548234,0.02762488113949116,2.0816681711721685e-17,0.0,2.755731922398589e-05,3.0084116268683037,2835.0000072434923
420001,2,16,M2+O,2,False,0.00015496470585645925,0.9890775587322591,0.9612089653333922,0.35,0.0,0.0,0.27431888692080975,0.06181873608380556,2.745128928869963,0.22651283517479898,0.2121842301297775,0.0,5.591213259845972,8.767512990161777,0.15995842135788327,0.5821135402625113,8.958876629166141,3.579743989786159,3.013950248975,0.4093983797238801,0.09459725066998137,0.14786352275931297,0.036221622748215616,0.07560854673363397,-0.026816872430520777,-0.0006304986143377296,0.31075102935153226,0.03783109954659535,0.9166666666666666,0.005188307846435444,0.012533532271577025,1.3378205102902632,0.05274882415786915,0.07906747879366195,0.03640523676324825,0.0023062774888125124,0.020104716354342578,0.011171357832561755,0.002674362237699275,0.008771461188167491,0.005323393408141792,0.01472906378515485,0.0035477576034312905,0.015541746804005227,2.0816681711721685e-17,4.1335978835978834e-05,4.1335978835978834e-05,3.228904569204424,2997.075259667288
420001,2,16,M4,3,False,0.00015496470585645925,0.9890775587322591,0.9612089653333922,0.35,0.0,0.0,0.27431888692080975,0.06181873608380556,2.745128928869963,0.22651283517479898,0.2121842301297775,0.0,5.591213259845972,8.767512990161777,0.15995842135788327,0.5821135402625113,8.958876629166141,3.579743989786159,3.013950248975,0.4093983797238801,0.09459725066998137,0.14786352275931297,0.036221622748215616,0.07560854673363397,-0.026816872430520777,-0.0006304986143377296,0.31075102935153226,0.03783109954659535,0.9166666666666666,0.005188307846435444,0.012533532271577025,1.3378205102902632,0.05274882415786915,0.07906747879366195,0.03640523676324825,0.0023062774888125124,0.020104716354342578,0.011171357832561755,0.002674362237699275,0.008771461188167491,0.005323393408141792,0.01472906378515485,0.0035477576034312905,0.015541746804005227,2.0816681711721685e-17,4.1335978835978834e-05,4.1335978835978834e-05,3.228904569204424,2997.075259667288
420001,2,17,M2,0,False,0.022761498059877216,0.9890775587322591,0.9612089653333922,0.35,0.0,0.0,0.2107140221633017,0.07251564121339471,3.1294893007725477,0.21084689751267433,0.0,0.0,6.359143438749015,6.029857037588954,0.1579159661574313,0.5808301888278063,9.866693238522467,3.5752055865667907,2.933011847511056,0.34861780673518195,0.05642177720447167,0.12884834735639625,0.028526658021050633,0.07290649194598395,-0.043643077925924555,-0.01470337524039233,0.16932961054966714,0.020728478358039402,0.8041666666666668,0.0033642658903759006,0.010528135587320039,1.5921577431532168,0.05258683673865076,0.07247188792107406,0.03875784624141867,0.0022152235798393173,0.019476790169818042,0.013172595039190386,0.0032971840002407713,0.005545576362617386,0.004181942165382666,0.0104806424605073,0.002871886651049123,0.03377202269494992,2.0816681711721685e-17,1.3778659611992945e-05,1.3778659611992945e-05,4.460957816214939,13492.323390341217
420001,2,17,M3,1,False,0.022761498059877216,0.9890775587322591,0.9612089653333922,0.35,0.0,0.0,0.2107140221633017,0.07251564121339471,3.1294893007725477,0.21084689751267433,0.0,0.0,6.359143438749015,6.029857037588954,0.1579159661574313,0.5808301888278063,9.866693238522467,3.5752055865667907,2.933011847511056,0.34861780673518195,0.05642177720447167,0.12884834735639625,0.028526658021050633,0.07290649194598395,-0.043643077925924555,-0.01470337524039233,0.16932961054966714,0.020728478358039402,0.8041666666666668,0.0033642658903759006,0.010528135587320039,1.5921577431532168,0.05258683673865076,0.07247188792107406,0.03875784624141867,0.0022152235798393173,0.019476790169818042,0.013172595039190386,0.0032971840002407713,0.005545576362617386,0.004181942165382666,0.0104806424605073,0.002871886651049123,0.03377202269494992,2.0816681711721685e-17,1.3778659611992945e-05,1.3778659611992945e-05,4.460957816214939,13492.323390341217
420001,2,17,M2+O,2,False,0.02226073343712,0.9890775587322591,0.9612089653333922,0.35,0.0,0.0,0.2107140221633017,0.07251564121339471,3.1294893007725477,0.21084689751267433,0.022073353820592844,0.0,6.359143438749015,6.029857037588954,0.1578656534995112,0.5804441179441406,9.837368161612487,3.5831927243247286,2.9306511807406843,0.35927084420120864,0.05657197181859258,0.12914606573605383,0.028562257393353687,0.07300497594099913,-0.043376796358916815,-0.01448780405417264,0.1706217192609122,0.02091649190854918,0.8125,0.0034203160868769905,0.010569503926622235,1.5807815825363776,0.05226103576120411,0.0689659818893718,0.03907002872153846,0.002189892927665808,0.019426740577329453,0.013041108697295236,0.0031943100824095836,0.00559603102382704,0.004237858863515422,0.010467815338492026,0.0028230931960643198,0.030729358572232995,2.0816681711721685e-17,1.3778659611992945e-05,1.3778659611992945e-05,4.4631544905181695,13523.78355885578
420001,2,17,M4,3,False,0.02226073343712,0.9890775587322591,0.9612089653333922,0.35,0.0,0.0,0.2107140221633017,0.07251564121339471,3.1294893007725477,0.21084689751267433,0.022073353820592844,0.0,6.359143438749015,6.029857037588954,0.1578656534995112,0.5804441179441406,9.837368161612487,3.5831927243247286,2.9306511807406843,0.35927084420120864,0.05657197181859258,0.12914606573605383,0.028562257393353687,0.07300497594099913,-0.043376796358916815,-0.01448780405417264,0.1706217192609122,0.02091649190854918,0.8125,0.0034203160868769905,0.010569503926622235,1.5807815825363776,0.05226103576120411,0.0689659818893718,0.03907002872153846,0.002189892927665808,0.019426740577329453,0.013041108697295236,0.0031943100824095836,0.00559603102382704,0.004237858863515422,0.010467815338492026,0.0028230931960643198,0.030729358572232995,2.0816681711721685e-17,1.3778659611992945e-05,1.3778659611992945e-05,4.4631544905181695,13523.78355885578
420001,2,18,M2,0,True,0.0,0.9890775587322591,0.9612089653333922,0.35,0.0,0.0,0.2333221411332488,0.0694007444800809,2.9358963377773764,0.24959932155907155,0.0,0.0,6.073741978500038,7.956517500802875,0.156513096476706,0.5969455891207519,10.231837144016557,3.5967025292307135,2.909767907564803,0.36826884287907685,0.07050910768550873,0.1480385438282602,0.035542724124570664,0.07382493415965778,-0.036291034374133606,-0.008938192586655356,0.1978748460234611,0.025346291567303742,0.8291666666666666,0.0037270833712879452,0.012591054082179545,1.6226082932758887,0.04797918515951743,0.06609572902522429,0.04164926330055822,0.002503506672381322,0.019854467802612404,0.01240601631468318,0.0032933223889844185,0.0074716924163468635,0.004598257584938292,0.011601147276691034,0.0033239006546050697,0.0325427069829444,2.0816681711721685e-17,2.755731922398589e-05,5.511463844797178e-05,3.902819987773538,7851.303398015682
420001,2,18,M3,1,True,0.0,0.9890775587322591,0.9612089653333922,0.35,0.0,0.0,0.2333221411332488,0.0694007444800809,2.9358963377773764,0.24959932155907155,0.0,0.0,6.073741978500038,7.956517500802875,0.156513096476706,0.5969455891207519,10.231837144016557,3.5967025292307135,2.909767907564803,0.36826884287907685,0.07050910768550873,0.1480385438282602,0.035542724124570664,0.07382493415965778,-0.036291034374133606,-0.008938192586655356,0.1978748460234611,0.025346291567303742,0.8291666666666666,0.0037270833712879452,0.012591054082179545,1.6226082932758887,0.04797918515951743,0.06609572902522429,0.04164926330055822,0.002503506672381322,0.019854467802612404,0.01240601631468318,0.0032933223889844185,0.0074716924163468635,0.004598257584938292,0.011601147276691034,0.0033239006546050697,0.0325427069829444,2.0816681711721685e-17,2.755731922398589e-05,5.511463844797178e-05,3.902819987773538,7851.303398015682
420001,2,18,M2+O,2,True,0.0,0.9890775587322591,0.9612089653333922,0.35,0.0,0.0,0.2333221411332488,0.0694007444800809,2.9358963377773764,0.24959932155907155,0.04776055824152218,0.0,6.073741978500038,7.956517500802875,0.15633927692148508,0.5968954138298593,10.190381789614724,3.5888546182947394,2.9040694184753093,0.39229038103661273,0.07111553601151328,0.1482300887084433,0.03503592381665343,0.07406039865153417,-0.03558455824042094,-0.008239365727738488,0.20178791463962523,0.025957576548910306,0.8416666666666668,0.003849096199981058,0.012910943090319595,1.6010109489693924,0.05498555828016666,0.07005867125841153,0.04258859550107152,0.0024392970979316845,0.019829687333530764,0.012303791834537243,0.003042032853585414,0.007611728726347719,0.0047106623881465436,0.011482720532648465,0.0032384539130383204,0.028971917103918554,2.0816681711721685e-17,4.1335978835978834e-05,5.511463844797178e-05,3.915178928933836,7854.696039547453
420001,2,18,M4,3,True,0.0,0.9890775587322591,0.9612089653333922,0.35,0.0,0.0,0.2333221411332488,0.0694007444800809,2.9358963377773764,0.24959932155907155,0.04776055824152218,0.0,6.073741978500038,7.956517500802875,0.15633927692148508,0.5968954138298593,10.190381789614724,3.5888546182947394,2.9040694184753093,0.39229038103661273,0.07111553601151328,0.1482300887084433,0.03503592381665343,0.07406039865153417,-0.03558455824042094,-0.008239365727738488,0.20178791463962523,0.025957576548910306,0.8416666666666668,0.003849096199981058,0.012910943090319595,1.6010109489693924,0.05498555828016666,0.07005867125841153,0.04258859550107152,0.0024392970979316845,0.019829687333530764,0.012303791834537243,0.003042032853585414,0.007611728726347719,0.0047106623881465436,0.011482720532648465,0.0032384539130383204,0.028971917103918554,2.0816681711721685e-17,4.1335978835978834e-05,5.511463844797178e-05,3.915178928933836,7854.696039547453
420001,2,19,M2,0,False,0.0500867383073984,0.9890775587322591,0.9612089653333922,0.35,0.0,0.0,0.29389928011223676,0.0837265725620091,3.151984858140349,0.19276041217148304,0.0,0.0,5.306607499253005,6.847492961212993,0.15178183251027857,0.5936696893406119,11.691405626132772,3.6712120881880175,2.8378627875005304,0.37663698284742075,0.049859787372489583,0.10127466345685071,0.013226850411496162,0.07436138558865167,-0.04288835046289317,-0.014445018151567962,0.19968374303789319,0.029037656116471754,0.8875000000000001,0.0042427699173306545,0.009801053372858035,1.8239689317709515,0.06022514241857124,0.07422057196964475,0.04558714416961666,0.0019149234992017845,0.018876468631394423,0.012316254970894992,0.0034950688084371072,0.004589828278231988,0.004072672974010248,0.012861287305758255,0.0030997223914988,0.0217549761090939,2.0816681711721685e-17,0.00013778659611992945,0.00020667989417989417,5.5709131786423365,1785.0545958406271
420001,2,19,M3,1,False,0.0500867383073984,0.9890775587322591,0.9612089653333922,0.35,0.0,0.0,0.29389928011223676,0.0837265725620091,3.151984858140349,0.19276041217148304,0.0,0.0,5.306607499253005,6.847492961212993,0.15178183251027857,0.5936696893406119,11.691405626132772,3.6712120881880175,2.8378627875005304,0.37663698284742075,0.049859787372489583,0.10127466345685071,0.013226850411496162,0.07436138558865167,-0.04288835046289317,-0.014445018151567962,0.19968374303789319,0.029037656116471754,0.8875000000000001,0.0042427699173306545,0.009801053372858035,1.8239689317709515,0.06022514241857124,0.07422057196964475,0.04558714416961666,0.0019149234992017845,0.018876468631394423,0.012316254970894992,0.0034950688084371072,0.004589828278231988,0.004072672974010248,0.012861287305758255,0.0030997223914988,0.0217549761090939,2.0816681711721685e-17,0.00013778659611992945,0.00020667989417989417,5.5709131786423365,1785.0545958406271
420001,2,19,M2+O,2,False,0.03375982681383732,0.9890775587322591,0.9612089653333922,0.35,0.0,0.0,0.29389928011223676,0.0837265725620091,3.151984858140349,0.19276041217148304,0.13119263357491437,0.0,5.306607499253005,6.847492961212993,0.15081370626009558,0.5931752454453804,11.663395700241336,3.711221573764552,2.7683188685597777,0.3588619043925296,0.053464619423967664,0.1000143347846676,0.013770375947959665,0.07499035504877904,-0.04069307295221564,-0.01174126518715467,0.21635902468158633,0.0324004404830432,0.9020833333333335,0.0046005107840807104,0.009624563896973878,1.753663452763031,0.06529898123594993,0.07421953696077989,0.043569771102234874,0.0017727489674133215,0.019128294633051702,0.011493303217102777,0.003252019928552087,0.004828031611813664,0.004370810623267027,0.012774703907581402,0.0028774358870583714,0.02029652614192763,2.0816681711721685e-17,0.00013778659611992945,0.00020667989417989417,5.692296508121547,1790.6414596223588
420001,2,19,M4,3,False,0.03375982681383732,0.9890775587322591,0.9612089653333922,0.35,0.0,0.0,0.29389928011223676,0.0837265725620091,3.151984858140349,0.19276041217148304,0.13119263357491437,0.0,5.306607499253005,6.847492961212993,0.15081370626009558,0.5931752454453804,11.663395700241336,3.711221573764552,2.7683188685597777,0.3588619043925296,0.053464619423967664,0.1000143347846676,0.013770375947959665,0.07499035504877904,-0.04069307295221564,-0.01174126518715467,0.21635902468158633,0.0324004404830432,0.9020833333333335,0.0046005107840807104,0.009624563896973878,1.753663452763031,0.06529898123594993,0.07421953696077989,0.043569771102234874,0.0017727489674133215,0.019128294633051702,0.011493303217102777,0.003252019928552087,0.004828031611813664,0.004370810623267027,0.012774703907581402,0.0028774358870583714,0.02029652614192763,2.0816681711721685e-17,0.00013778659611992945,0.00020667989417989417,5.692296508121547,1790.6414596223588
420001,2,20,M2,0,False,0.004375625366663072,0.9890775587322591,0.9612089653333922,0.35,0.0,0.0,0.2853641238063574,0.066921036564745,3.004666529595852,0.18090405613183974,0.0,0.0,5.5569867682643235,7.624283714219928,0.1630648530352602,0.5618283105326022,8.586391765586372,3.465126119036612,3.08336259668955,0.34155520567347514,0.06404663410582125,0.12463333603668443,0.02970313301322779,0.07211737320262356,-0.04210312520713879,-0.011083462806267555,0.26087384011725406,0.028401960565084455,0.8645833333333334,0.004590228537615547,0.011060693993553342,1.474616746986006,0.05291952018581608,0.07848197474141175,0.04504763227407735,0.002127512197418855,0.018884074255194082,0.011940912996181899,0.003173937238241468,0.005808826482247953,0.004653429806027882,0.015684046698160942,0.00346581919228707,0.024905467407043077,2.7755575615628914e-17,1.3778659611992945e-05,1.3778659611992945e-05,3.5881918856907884,2740.6892085806107
420001,2,20,M3,1,False,0.004375625366663072,0.9890775587322591,0.9612089653333922,0.35,0.0,0.0,0.2853641238063574,0.066921036564745,3.004666529595852,0.18090405613183974,0.0,0.0,5.5569867682643235,7.624283714219928,0.1630648530352602,0.5618283105326022,8.586391765586372,3.465126119036612,3.08336259668955,0.34155520567347514,0.06404663410582125,0.12463333603668443,0.02970313301322779,0.07211737320262356,-0.04210312520713879,-0.011083462806267555,0.26087384011725406,0.028401960565084455,0.8645833333333334,0.004590228537615547,0.011060693993553342,1.474616746986006,0.05291952018581608,0.07848197474141175,0.04504763227407735,0.002127512197418855,0.018884074255194082,0.011940912996181899,0.003173937238241468,0.005808826482247953,0.004653429806027882,0.015684046698160942,0.00346581919228707,0.024905467407043077,2.7755575615628914e-17,1.3778659611992945e-05,1.3778659611992945e-05,3.5881918856907884,2740.6892085806107
420001,2,20,M2+O,2,False,0.0021323196288677835,0.9890775587322591,0.9612089653333922,0.35,0.0,0.0,0.2853641238063574,0.066921036564745,3.004666529595852,0.18090405613183974,0.07382451393861636,0.0,5.5569867682643235,7.624283714219928,0.16261836384315603,0.5596238715920109,8.570001608476629,3.505594535751488,3.0848103215982516,0.3889517607049921,0.06584406580973315,0.12559498421251045,0.03058578041576478,0.0725750570987784,-0.0406815982384278,-0.009821780907704698,0.26891669732559426,0.029884570882239895,0.88125,0.00480163209127495,0.011185359064730126,1.454020972553279,0.05815464227511991,0.07439030193555957,0.047042749766047436,0.002013145012301464,0.019026589218966578,0.011495180731478195,0.0029745388549900476,0.0059981099988749825,0.00482827531033709,0.015484720703007259,0.0032875167590739277,0.02637736526931234,2.0816681711721685e-17,1.3778659611992945e-05,2.755731922398589e-05,3.6192336920487143,2758.3066708044425
420001,2,20,M4,3,False,0.0021323196288677835,0.9890775587322591,0.9612089653333922,0.35,0.0,0.0,0.2853641238063574,0.066921036564745,3.004666529595852,0.18090405613183974,0.07382451393861636,0.0,5.5569867682643235,7.624283714219928,0.16261836384315603,0.5596238715920109,8.570001608476629,3.505594535751488,3.0848103215982516,0.3889517607049921,0.06584406580973315,0.12559498421251045,0.03058578041576478,0.0725750570987784,-0.0406815982384278,-0.009821780907704698,0.26891669732559426,0.029884570882239895,0.88125,0.00480163209127495,0.011185359064730126,1.454020972553279,0.05815464227511991,0.07439030193555957,0.047042749766047436,0.002013145012301464,0.019026589218966578,0.011495180731478195,0.0029745388549900476,0.0059981099988749825,0.00482827531033709,0.015484720703007259,0.0032875167590739277,0.02637736526931234,2.0816681711721685e-17,1.3778659611992945e-05,2.755731922398589e-05,3.6192336920487143,2758.3066708044425
420001,2,21,M2,0,False,0.003014252627495144,0.9890775587322591,0.9612089653333922,0.35,0.0,0.0,0.24985972577705978,0.08074341848492622,2.7879210490733386,0.2564136388897896,0.0,0.0,6.2897146246396005,7.174714235588908,0.1516810082408031,0.604797806386345,11.463603746800336,3.672502077808159,2.8147231183229735,0.4011182843893688,0.06505880112900618,0.1358969339478957,0.027071866467955744,0.07494294767037546,-0.03681695543936067,-0.009297498495781374,0.1894191514917567,0.027457734173608795,0.8541666666666666,0.003790607312182532,0.011572733212824116,1.7779675230173861,0.04812564041030993,0.06680283400653203,0.04858964072699971,0.0023675294545402663,0.01982672550941695,0.012392573158207134,0.003339860525105022,0.006980905459910763,0.0044405094358028795,0.011366156700667185,0.0032880471838247246,0.02901097160437671,2.0816681711721685e-17,5.511463844797178e-05,5.511463844797178e-05,4.180953252047367,12113.068704218693
420001,2,21,M3,1,False,0.003014252627495144,0.9890775587322591,0.9612089653333922,0.35,0.0,0.0,0.24985972577705978,0.08074341848492622,2.7879210490733386,0.2564136388897896,0.0,0.0,6.2897146246396005,7.174714235588908,0.1516810082408031,0.604797806386345,11.463603746800336,3.672502077808159,2.8147231183229735,0.4011182843893688,0.06505880112900618,0.1358969339478957,0.027071866467955744,0.07494294767037546,-0.03681695543936067,-0.009297498495781374,0.1894191514917567,0.027457734173608795,0.8541666666666666,0.003790607312182532,0.011572733212824116,1.7779675230173861,0.04812564041030993,0.06680283400653203,0.04858964072699971,0.0023675294545402663,0.01982672550941695,0.012392573158207134,0.003339860525105022,0.006980905459910763,0.0044405094358028795,0.011366156700667185,0.0032880471838247246,0.02901097160437671,2.0816681711721685e-17,5.511463844797178e-05,5.511463844797178e-05,4.180953252047367,12113.068704218693
420001,2,21,M2+O,2,False,0.0023077573556576567,0.9890775587322591,0.9612089653333922,0.35,0.0,0.0,0.24985972577705978,0.08074341848492622,2.7879210490733386,0.2564136388897896,0.05298770697682681,0.0,6.2897146246396005,7.174714235588908,0.151489672302464,0.6033401182647739,11.411312195574531,3.6657026007540003,2.8282587877416296,0.42418974756460887,0.06567647891403003,0.13600656021843388,0.026669059020013517,0.07523114162707788,-0.03609076704511536,-0.008589736664490833,0.1934990320513923,0.028111380710420516,0.8604166666666666,0.003921260866420552,0.012225788810218116,1.7510912231991453,0.05524187447677263,0.06838066074729406,0.05093213796139141,0.0023027574561717366,0.019800439465747516,0.012211896676273861,0.003096873693281832,0.007126156047599767,0.0045554345349431875,0.011272341377793064,0.0031952882186282714,0.027250044320311428,2.0816681711721685e-17,5.511463844797178e-05,5.511463844797178e-05,4.196132150228837,12113.584413006936
420001,2,21,M4,3,False,0.0023077573556576567,0.9890775587322591,0.9612089653333922,0.35,0.0,0.0,0.24985972577705978,0.08074341848492622,2.7879210490733386,0.2564136388897896,0.05298770697682681,0.0,6.2897146246396005,7.174714235588908,0.151489672302464,0.6033401182647739,11.411312195574531,3.6657026007540003,2.8282587877416296,0.42418974756460887,0.06567647891403003,0.13600656021843388,0.026669059020013517,0.07523114162707788,-0.03609076704511536,-0.008589736664490833,0.1934990320513923,0.028111380710420516,0.8604166666666666,0.003921260866420552,0.012225788810218116,1.7510912231991453,0.05524187447677263,0.06838066074729406,0.05093213796139141,0.0023027574561717366,0.019800439465747516,0.012211896676273861,0.003096873693281832,0.007126156047599767,0.0045554345349431875,0.011272341377793064,0.0031952882186282714,0.027250044320311428,2.0816681711721685e-17,5.511463844797178e-05,5.511463844797178e-05,4.196132150228837,12113.584413006936
420001,2,22,M2,0,False,0.01290294707249242,0.9890775587322591,0.9612089653333922,0.35,0.0,0.0,0.21934264209121468,0.06507959863170981,3.2768081992864606,0.20266117803752423,0.0,0.0,5.824183402583003,8.253249479457736,0.16116928597028113,0.5720452427702273,9.065526634618934,3.5151178352202006,3.033478523311126,0.3633631095260543,0.05977679740554906,0.13429943200612396,0.03274362967921713,0.07215311758464726,-0.04375072645415195,-0.014091122062101065,0.18903467353032558,0.021062907421388388,0.8083333333333332,0.00356569790056343,0.011032055862751244,1.5199935807243872,0.052479374830208696,0.07237365076651854,0.044434280390128096,0.0022566771182679192,0.019401446941289178,0.012915747793853209,0.0032428258844611115,0.005772454980562752,0.004345266363034545,0.011598657538546149,0.0029809387016747,0.031803670070476,2.0816681711721685e-17,1.3778659611992945e-05,2.755731922398589e-05,4.327928243863058,4761.102214187956
420001,2,22,M3,1,False,0.01290294707249242,0.9890775587322591,0.9612089653333922,0.35,0.0,0.0,0.21934264209121468,0.06507959863170981,3.2768081992864606,0.20266117803752423,0.0,0.0,5.824183402583003,8.253249479457736,0.16116928597028113,0.5720452427702273,9.065526634618934,3.5151178352202006,3.033478523311126,0.3633631095260543,0.05977679740554906,0.13429943200612396,0.03274362967921713,0.07215311758464726,-0.04375072645415195,-0.014091122062101065,0.18903467353032558,0.021062907421388388,0.8083333333333332,0.00356569790056343,0.011032055862751244,1.5199935807243872,0.052479374830208696,0.07237365076651854,0.044434280390128096,0.0022566771182679192,0.019401446941289178,0.012915747793853209,0.0032428258844611115,0.005772454980562752,0.004345266363034545,0.011598657538546149,0.0029809387016747,0.031803670070476,2.0816681711721685e-17,1.3778659611992945e-05,2.755731922398589e-05,4.327928243863058,4761.102214187956
420001,2,22,M2+O,2,False,0.012014521588953064,0.9890775587322591,0.9612089653333922,0.35,0.0,0.0,0.21934264209121468,0.06507959863170981,3.2768081992864606,0.20266117803752423,0.033084380497587614,0.0,5.824183402583003,8.253249479457736,0.16106762048282172,0.5714963518454775,9.029456514061481,3.5212625973436196,3.0198619910117377,0.369459116766502,0.060135030417151826,0.13479136844838366,0.03298392278139222,0.07243647504247318,-0.04328741184316034,-0.013700543393383982,0.19153849483467011,0.021445741048074268,0.81875,0.0036546316122488456,0.011081843213692127,1.5043967888262815,0.053109006870869745,0.07140169408549268,0.04206200855425281,0.0022144329430878883,0.01936726495414157,0.012664240986090054,0.0030777078109001516,0.005854975830127849,0.004440188021719092,0.011563262878094812,0.002906429693112829,0.02961291641903208,2.0816681711721685e-17,1.3778659611992945e-05,2.755731922398589e-05,4.333822971970346,4764.109446190575
420001,2,22,M4,3,False,0.012014521588953064,0.9890775587322591,0.9612089653333922,0.35,0.0,0.0,0.21934264209121468,0.06507959863170981,3.2768081992864606,0.20266117803752423,0.033084380497587614,0.0,5.824183402583003,8.253249479457736,0.16106762048282172,0.5714963518454775,9.029456514061481,3.5212625973436196,3.0198619910117377,0.369459116766502,0.060135030417151826,0.13479136844838366,0.03298392278139222,0.07243647504247318,-0.04328741184316034,-0.013700543393383982,0.19153849483467011,0.021445741048074268,0.81875,0.0036546316122488456,0.011081843213692127,1.5043967888262815,0.053109006870869745,0.07140169408549268,0.04206200855425281,0.0022144329430878883,0.01936726495414157,0.012664240986090054,0.0030777078109001516,0.005854975830127849,0.004440188021719092,0.011563262878094812,0.002906429693112829,0.02961291641903208,2.0816681711721685e-17,1.3778659611992945e-05,2.755731922398589e-05,4.333822971970346,4764.109446190575
420001,2,23,M2,0,False,0.0032326729689114387,0.9890775587322591,0.9612089653333922,0.35,0.0,0.0,0.25806931434199215,0.07628014065790922,2.8931047920137645,0.23965651862323284,0.0,0.0,5.092159022577107,6.549499271437526,0.1543801446201658,0.5966388884292844,10.86167739213217,3.62462972964208,2.8815257942855843,0.3870077170992961,0.06488290599576453,0.13599804033757815,0.02859402188003086,0.07432187454300992,-0.03867438457500451,-0.009842495637580396,0.2026800466385843,0.027504022936612665,0.8562500000000001,0.003953959708245268,0.011740392056616748,1.722010955024877,0.04895176229823163,0.0688902040811675,0.04551181919038666,0.002340465162271805,0.019628781685980517,0.012336772851763489,0.0033017299613180505,0.0066646066588321624,0.004478052781769575,0.0122399257303103,0.0032729974166245575,0.027305388463276525,2.0816681711721685e-17,0.00017912257495590828,0.00026179453262786595,4.157560185484415,1174.2745448756464
420001,2,23,M3,1,False,0.0032326729689114387,0.9890775587322591,0.9612089653333922,0.35,0.0,0.0,0.25806931434199215,0.07628014065790922,2.8931047920137645,0.23965651862323284,0.0,0.0,5.092159022577107,6.549499271437526,0.1543801446201658,0.5966388884292844,10.86167739213217,3.62462972964208,2.8815257942855843,0.3870077170992961,0.06488290599576453,0.13599804033757815,0.02859402188003086,0.07432187454300992,-0.03867438457500451,-0.009842495637580396,0.2026800466385843,0.027504022936612665,0.8562500000000001,0.003953959708245268,0.011740392056616748,1.722010955024877,0.04895176229823163,0.0688902040811675,0.04551181919038666,0.002340465162271805,0.019628781685980517,0.012336772851763489,0.0033017299613180505,0.0066646066588321624,0.004478052781769575,0.0122399257303103,0.0032729974166245575,0.027305388463276525,2.0816681711721685e-17,0.00017912257495590828,0.00026179453262786595,4.157560185484415,1174.2745448756464
420001,2,23,M2+O,2,False,9.432011854309056e-06,0.9890775587322591,0.9612089653333922,0.35,0.0,0.0,0.25806931434199215,0.07628014065790922,2.8931047920137645,0.23965651862323284,0.16454687114128402,0.0,5.092159022577107,6.549499271437526,0.15287140247800252,0.5954889085699225,10.939378161329282,3.677812161915167,2.855148656909486,0.39008526704717217,0.0708284080056104,0.13256049977736548,0.025024608897031748,0.07607842176259388,-0.03520463145241218,-0.006181874426089175,0.22972452441499694,0.03261306761170686,0.8937500000000002,0.00442584634995006,0.012096367072084394,1.634337230103748,0.05808319540394396,0.07394904734141018,0.04521130824781045,0.0021454852118384495,0.019909349006228715,0.01184098662507738,0.0028551037546641583,0.007142405463959931,0.004791479648743136,0.0119585350120895,0.0030577482832579704,0.018136084816292853,2.0816681711721685e-17,0.00019290123456790122,0.00028935185185185184,4.315036198481729,1280.8491309906406
420001,2,23,M4,3,False,9.432011854309056e-06,0.9890775587322591,0.9612089653333922,0.35,0.0,0.0,0.25806931434199215,0.07628014065790922,2.8931047920137645,0.23965651862323284,0.16454687114128402,0.0,5.092159022577107,6.549499271437526,0.15287140247800252,0.5954889085699225,10.939378161329282,3.677812161915167,2.855148656909486,0.39008526704717217,0.0708284080056104,0.13256049977736548,0.025024608897031748,0.07607842176259388,-0.03520463145241218,-0.006181874426089175,0.22972452441499694,0.03261306761170686,0.8937500000000002,0.00442584634995006,0.012096367072084394,1.634337230103748,0.05808319540394396,0.07394904734141018,0.04521130824781045,0.0021454852118384495,0.019909349006228715,0.01184098662507738,0.0028551037546641583,0.007142405463959931,0.004791479648743136,0.0119585350120895,0.0030577482832579704,0.018136084816292853,2.0816681711721685e-17,0.00019290123456790122,0.00028935185185185184,4.315036198481729,1280.8491309906406
420001,2,24,M2,0,False,0.0035369471724313157,0.9890775587322591,0.9612089653333922,0.35,0.0,0.0,0.25229498287662866,0.07130121480673551,3.2424582408741114,0.25054258555173875,0.0,0.0,5.1947883064858615,7.697029176168144,0.15242388499126727,0.6024741655261115,11.29283935508287,3.6543498050631804,2.836820741140429,0.3909882327045418,0.06464749851969254,0.13593845777976965,0.02690989742164354,0.07494087912039944,-0.03897591508583461,-0.010248977254334072,0.19245940339264433,0.02732172182531593,0.8583333333333333,0.003830923230297396,0.01196298974618203,1.7539984798784736,0.04984796420462935,0.06801048847367806,0.042972188057750015,0.0023881697704417133,0.019592393811661977,0.01238524420652179,0.0033789752204881427,0.006690688560996713,0.004402346051443284,0.011562711493738876,0.003263115802828952,0.028657565120703173,2.0816681711721685e-17,0.00023423721340388006,0.0003031305114638448,5.2228218986743284,1461.9729713248753
420001,2,24,M3,1,False,0.0035369471724313157,0.9890775587322591,0.9612089653333922,0.35,0.0,0.0,0.25229498287662866,0.07130121480673551,3.2424582408741114,0.25054258555173875,0.0,0.0,5.1947883064858615,7.697029176168144,0.15242388499126727,0.6024741655261115,11.29283935508287,3.6543498050631804,2.836820741140429,0.3909882327045418,0.06464749851969254,0.13593845777976965,0.02690989742164354,0.07494087912039944,-0.03897591508583461,-0.010248977254334072,0.19245940339264433,0.02732172182531593,0.8583333333333333,0.003830923230297396,0.01196298974618203,1.7539984798784736,0.04984796420462935,0.06801048847367806,0.042972188057750015,0.0023881697704417133,0.019592393811661977,0.01238524420652179,0.0033789752204881427,0.006690688560996713,0.004402346051443284,0.011562711493738876,0.003263115802828952,0.028657565120703173,2.0816681711721685e-17,0.00023423721340388006,0.0003031305114638448,5.2228218986743284,1461.9729713248753
420001,2,24,M2+O,2,False,0.0033049947218664368,0.9890775587322591,0.9612089653333922,0.35,0.0,0.0,0.25229498287662866,0.07130121480673551,3.2424582408741114,0.25054258555173875,0.027300393382453058,0.0,5.1947883064858615,7.697029176168144,0.15235368295427773,0.6017853682032742,11.26190973269131,3.6591037024562465,2.8397163954200977,0.4060235301066267,0.06482598248484622,0.13613726734593998,0.026704819645111066,0.0750043469478497,-0.03863544166531899,-0.009915064952691262,0.19400014041737587,0.0275560501293774,0.8562499999999998,0.0038970060229619264,0.01221294107698528,1.7414220010715336,0.0558695136082158,0.06700490799021594,0.043912850626939136,0.002354541626287386,0.01958099270719105,0.012276757715021045,0.0032633586627141627,0.0067691255070787834,0.004464270469168609,0.011534368003087367,0.0032093769730449067,0.027305388463276525,2.0816681711721685e-17,0.00020667989417989417,0.0003031305114638448,5.22739972421839,1506.266665319452
420001,2,24,M4,3,False,0.0033049947218664368,0.9890775587322591,0.9612089653333922,0.35,0.0,0.0,0.25229498287662866,0.07130121480673551,3.2424582408741114,0.25054258555173875,0.027300393382453058,0.0,5.1947883064858615,7.697029176168144,0.15235368295427773,0.6017853682032742,11.26190973269131,3.6591037024562465,2.8397163954200977,0.4060235301066267,0.06482598248484622,0.13613726734593998,0.026704819645111066,0.0750043469478497,-0.03863544166531899,-0.009915064952691262,0.19400014041737587,0.0275560501293774,0.8562499999999998,0.0038970060229619264,0.01221294107698528,1.7414220010715336,0.0558695136082158,0.06700490799021594,0.043912850626939136,0.002354541626287386,0.01958099270719105,0.012276757715021045,0.0032633586627141627,0.0067691255070787834,0.004464270469168609,0.011534368003087367,0.0032093769730449067,0.027305388463276525,2.0816681711721685e-17,0.00020667989417989417,0.0003031305114638448,5.22739972421839,1506.266665319452
420001,2,25,M2,0,False,0.05018635304361617,0.9890775587322591,0.9612089653333922,0.35,0.0,0.0,0.2128114739432931,0.0819786664703861,2.857141142897308,0.18745961993932725,0.0,0.0,5.950249812100083,7.481925803236663,0.1583133504696469,0.5761428337883553,9.952935597135303,3.5622790767132226,2.932458019606059,0.3500837733305319,0.049837920254763135,0.1140375259320325,0.02300920111450594,0.07234351091040292,-0.044781618914624656,-0.0170267293693224,0.16306987107032564,0.019825188854917863,0.7999999999999999,0.003357961105477465,0.009200398070630595,1.6157428375209621,0.050436111747613165,0.07527783536363704,0.04152836912895184,0.002024093267668714,0.019329918749869685,0.013360680594954481,0.0032955984348408693,0.004717936819370785,0.003975586000566859,0.0104632542797718,0.002694956454210313,0.03024657125136283,2.0816681711721685e-17,1.3778659611992945e-05,2.755731922398589e-05,3.9634249639719337,6147.397948407458
420001,2,25,M3,1,False,0.05018635304361617,0.9890775587322591,0.9612089653333922,0.35,0.0,0.0,0.2128114739432931,0.0819786664703861,2.857141142897308,0.18745961993932725,0.0,0.0,5.950249812100083,7.481925803236663,0.1583133504696469,0.5761428337883553,9.952935597135303,3.5622790767132226,2.932458019606059,0.3500837733305319,0.049837920254763135,0.1140375259320325,0.02300920111450594,0.07234351091040292,-0.044781618914624656,-0.0170267293693224,0.16306987107032564,0.019825188854917863,0.7999999999999999,0.003357961105477465,0.009200398070630595,1.6157428375209621,0.050436111747613165,0.07527783536363704,0.04152836912895184,0.002024093267668714,0.019329918749869685,0.013360680594954481,0.0032955984348408693,0.004717936819370785,0.003975586000566859,0.0104632542797718,0.002694956454210313,0.03024657125136283,2.0816681711721685e-17,1.3778659611992945e-05,2.755731922398589e-05,3.9634249639719337,6147.397948407458
420001,2,25,M2+O,2,False,0.006141631838121408,0.9890775587322591,0.9612089653333922,0.35,0.0,0.0,0.2128114739432931,0.0819786664703861,2.857141142897308,0.18745961993932725,0.23350648217868042,0.0,5.950249812100083,7.481925803236663,0.15514365032808872,0.5831404081972846,10.225744122944901,3.6057104849267567,2.9221308194732116,0.4541643500819565,0.06294682923155952,0.10606007839618248,0.019613699604681182,0.07515049989559422,-0.03873810047101767,-0.00954240925445302,0.22041978259792483,0.030758159527148627,0.8958333333333334,0.004152818395630227,0.010072100552006432,1.447106802572922,0.05876576507415803,0.07289540697911516,0.040591348678320996,0.0018931085938410507,0.019563268359212932,0.011692111923641413,0.002713516888554263,0.0053414265739646334,0.004476216515570636,0.011200885165301159,0.0026579221068956838,0.020393916635820405,2.0816681711721685e-17,2.755731922398589e-05,4.1335978835978834e-05,4.298229096086411,6149.640864937305
420001,2,25,M4,3,False,0.006141631838121408,0.9890775587322591,0.9612089653333922,0.35,0.0,0.0,0.2128114739432931,0.0819786664703861,2.857141142897308,0.18745961993932725,0.23350648217868042,0.0,5.950249812100083,7.481925803236663,0.15514365032808872,0.5831404081972846,10.225744122944901,3.6057104849267567,2.9221308194732116,0.4541643500819565,0.06294682923155952,0.10606007839618248,0.019613699604681182,0.07515049989559422,-0.03873810047101767,-0.00954240925445302,0.22041978259792483,0.030758159527148627,0.8958333333333334,0.004152818395630227,0.010072100552006432,1.447106802572922,0.05876576507415803,0.07289540697911516,0.040591348678320996,0.0018931085938410507,0.019563268359212932,0.011692111923641413,0.002713516888554263,0.0053414265739646334,0.004476216515570636,0.011200885165301159,0.0026579221068956838,0.020393916635820405,2.0816681711721685e-17,2.755731922398589e-05,4.1335978835978834e-05,4.298229096086411,6149.640864937305
420001,2,26,M2,0,False,9.8254314175092e-10,0.9890775587322591,0.9612089653333922,0.35,0.0,0.0,0.24332936750724912,0.0601364664407447,3.038868862576783,0.23370719604194165,0.0,0.0,6.421457636170089,8.555320414714515,0.16154031096881996,0.5812951351442393,8.755386305214587,3.491674926389411,3.0272003401242897,0.38609213489471306,0.0765833571916796,0.15734968133508445,0.04352592149796856,0.0722393971653502,-0.035674570658987936,-0.007981443437828343,0.2287982334456009,0.025129086350988327,0.84375,0.00401272800192502,0.012382013267043126,1.3698731328604683,0.050294800510898297,0.07594685967339415,0.04936746268343325,0.002574289298298155,0.01961479575455302,0.012026905767737328,0.0032523588364489465,0.007821117496107215,0.004849564178642064,0.013246643970130294,0.0034263266209231557,0.03117745202053487,2.0816681711721685e-17,0.0,0.0,3.5359265840100664,6907.984940498442
420001,2,26,M3,1,False,9.8254314175092e-10,0.9890775587322591,0.9612089653333922,0.35,0.0,0.0,0.24332936750724912,0.0601364664407447,3.038868862576783,0.23370719604194165,0.0,0.0,6.421457636170089,8.555320414714515,0.16154031096881996,0.5812951351442393,8.755386305214587,3.491674926389411,3.0272003401242897,0.38609213489471306,0.0765833571916796,0.15734968133508445,0.04352592149796856,0.0722393971653502,-0.035674570658987936,-0.007981443437828343,0.2287982334456009,0.025129086350988327,0.84375,0.00401272800192502,0.012382013267043126,1.3698731328604683,0.050294800510898297,0.07594685967339415,0.04936746268343325,0.002574289298298155,0.01961479575455302,0.012026905767737328,0.0032523588364489465,0.007821117496107215,0.004849564178642064,0.013246643970130294,0.0034263266209231557,0.03117745202053487,2.0816681711721685e-17,0.0,0.0,3.5359265840100664,6907.984940498442
420001,2,26,M2+O,2,False,1.2468590347649063e-05,0.9890775587322591,0.9612089653333922,0.35,0.0,0.0,0.24332936750724912,0.0601364664407447,3.038868862576783,0.23370719604194165,0.10576962002334488,0.0,6.421457636170089,8.555320414714515,0.16077083076099014,0.5842800641677454,8.750937837995808,3.5412685904057817,3.0001027975025676,0.3913300260456268,0.07985335400771154,0.1561532275339125,0.040554602975201845,0.07322014710813825,-0.03343585480011406,-0.005909595243117142,0.244042499478753,0.02772937781324597,0.8583333333333334,0.004318064972591136,0.012711355113121449,1.3180711200523734,0.05507572672919899,0.07910513338355113,0.048378622516358306,0.0024137743573199393,0.019748935784600834,0.011848314808474005,0.0028250746068513677,0.00814102995876784,0.005056660704734559,0.012842431400069906,0.003255942557566268,0.02652361995390028,2.0816681711721685e-17,0.0,0.0,3.5952636360038066,7820.5094657087275
420001,2,26,M4,3,False,1.2468590347649063e-05,0.9890775587322591,0.9612089653333922,0.35,0.0,0.0,0.24332936750724912,0.0601364664407447,3.038868862576783,0.23370719604194165,0.10576962002334488,0.0,6.421457636170089,8.555320414714515,0.16077083076099014,0.5842800641677454,8.750937837995808,3.5412685904057817,3.0001027975025676,0.3913300260456268,0.07985335400771154,0.1561532275339125,0.040554602975201845,0.07322014710813825,-0.03343585480011406,-0.005909595243117142,0.244042499478753,0.02772937781324597,0.8583333333333334,0.004318064972591136,0.012711355113121449,1.3180711200523734,0.05507572672919899,0.07910513338355113,0.048378622516358306,0.0024137743573199393,0.019748935784600834,0.011848314808474005,0.0028250746068513677,0.00814102995876784,0.005056660704734559,0.012842431400069906,0.003255942557566268,0.02652361995390028,2.0816681711721685e-17,0.0,0.0,3.5952636360038066,7820.5094657087275
420001,2,27,M2,0,False,0.004242623549459777,0.9890775587322591,0.9612089653333922,0.35,0.0,0.0,0.27959060072898867,0.07443597162142396,2.8240300370380282,0.20929500870406628,0.0,0.0,5.6652919836342335,6.6171028492972255,0.15853521999980028,0.5792682547695504,9.785614206152987,3.5502677914669127,2.9624061598327853,0.35558128986340654,0.06413781177796003,0.13048558163383492,0.029331430644177675,0.07325664542772496,-0.04018920962058282,-0.010012278625343795,0.23389179228915094,0.028817343144127056,0.8645833333333334,0.00436048527868549,0.010847236681195983,1.634793346502959,0.05245900647931843,0.07666465219319285,0.041822927402250645,0.002202116820304262,0.019333951151587498,0.01203396046546884,0.003186539579914528,0.006252373290994048,0.004607134929375734,0.01422865168922117,0.0034221374027339543,0.02782566825809691,2.0816681711721685e-17,4.1335978835978834e-05,5.511463844797178e-05,3.6654085980161537,3474.036781179455
420001,2,27,M3,1,False,0.004242623549459777,0.9890775587322591,0.9612089653333922,0.35,0.0,0.0,0.27959060072898867,0.07443597162142396,2.8240300370380282,0.20929500870406628,0.0,0.0,5.6652919836342335,6.6171028492972255,0.15853521999980028,0.5792682547695504,9.785614206152987,3.5502677914669127,2.9624061598327853,0.35558128986340654,0.06413781177796003,0.13048558163383492,0.029331430644177675,0.07325664542772496,-0.04018920962058282,-0.010012278625343795,0.23389179228915094,0.028817343144127056,0.8645833333333334,0.00436048527868549,0.010847236681195983,1.634793346502959,0.05245900647931843,0.07666465219319285,0.041822927402250645,0.002202116820304262,0.019333951151587498,0.01203396046546884,0.003186539579914528,0.006252373290994048,0.004607134929375734,0.01422865168922117,0.0034221374027339543,0.02782566825809691,2.0816681711721685e-17,4.1335978835978834e-05,5.511463844797178e-05,3.6654085980161537,3474.036781179455
420001,2,27,M2+O,2,False,0.0034811693062375554,0.9890775587322591,0.9612089653333922,0.35,0.0,0.0,0.27959060072898867,0.07443597162142396,2.8240300370380282,0.20929500870406628,0.04330821162106339,0.0,5.6652919836342335,6.6171028492972255,0.1583656152043568,0.5774731850276943,9.752504628290493,3.5592942649467645,2.953991029783085,0.35611879792938667,0.06468987086969402,0.13109557773230573,0.0296632348713543,0.07360860509307227,-0.039522462910473594,-0.009434985706586262,0.23723860885828005,0.029365020451643603,0.8729166666666667,0.004475889545208392,0.011233315327623783,1.61935004672823,0.05777128740934644,0.07400642022636979,0.04609968367764931,0.0021398473776945304,0.019384426310245347,0.011832366024592282,0.003019108453129107,0.006368478743555458,0.0047047549478872,0.014165613257969218,0.003321078993266839,0.025710759932925018,2.0816681711721685e-17,4.1335978835978834e-05,5.511463844797178e-05,3.676138174541192,3475.0657687855933
420001,2,27,M4,3,False,0.0034811693062375554,0.9890775587322591,0.9612089653333922,0.35,0.0,0.0,0.27959060072898867,0.07443597162142396,2.8240300370380282,0.20929500870406628,0.04330821162106339,0.0,5.6652919836342335,6.6171028492972255,0.1583656152043568,0.5774731850276943,9.752504628290493,3.5592942649467645,2.953991029783085,0.35611879792938667,0.06468987086969402,0.13109557773230573,0.0296632348713543,0.07360860509307227,-0.039522462910473594,-0.009434985706586262,0.23723860885828005,0.029365020451643603,0.8729166666666667,0.004475889545208392,0.011233315327623783,1.61935004672823,0.05777128740934644,0.07400642022636979,0.04609968367764931,0.0021398473776945304,0.019384426310245347,0.011832366024592282,0.003019108453129107,0.006368478743555458,0.0047047549478872,0.014165613257969218,0.003321078993266839,0.025710759932925018,2.0816681711721685e-17,4.1335978835978834e-05,5.511463844797178e-05,3.676138174541192,3475.0657687855933
420001,2,28,M2,0,False,4.951099539107714e-07,0.9890775587322591,0.9612089653333922,0.35,0.0,0.0,0.2879540531896055,0.06390389675740152,2.9761056745424868,0.21736293151974678,0.0,0.0,5.157286320813,8.887301716022193,0.16092325874963162,0.5735984894402656,9.158281622569014,3.4842760869375584,3.0451307413659894,0.39809240701474174,0.07411904507246346,0.1442280886450157,0.036228938441327935,0.07289086830628405,-0.03729345481223662,-0.007583444823717932,0.2631263151313712,0.0303776518131835,0.8624999999999999,0.00461381708293697,0.011729030957625243,1.5559196807041225,0.05143375920656637,0.08046693946392647,0.04763816106488687,0.002392595463612606,0.019251652764670377,0.01154634336718649,0.0031365946628743153,0.007240824631182404,0.004889264883908579,0.015391064666970584,0.0036781698494349454,0.026792614708134602,2.0816681711721685e-17,5.511463844797178e-05,9.645061728395061e-05,3.572071556602053,1272.461945862853
420001,2,28,M3,1,False,4.951099539107714e-07,0.9890775587322591,0.9612089653333922,0.35,0.0,0.0,0.2879540531896055,0.06390389675740152,2.9761056745424868,0.21736293151974678,0.0,0.0,5.157286320813,8.887301716022193,0.16092325874963162,0.5735984894402656,9.158281622569014,3.4842760869375584,3.0451307413659894,0.39809240701474174,0.07411904507246346,0.1442280886450157,0.036228938441327935,0.07289086830628405,-0.03729345481223662,-0.007583444823717932,0.2631263151313712,0.0303776518131835,0.8624999999999999,0.00461381708293697,0.011729030957625243,1.5559196807041225,0.05143375920656637,0.08046693946392647,0.04763816106488687,0.002392595463612606,0.019251652764670377,0.01154634336718649,0.0031365946628743153,0.007240824631182404,0.004889264883908579,0.015391064666970584,0.0036781698494349454,0.026792614708134602,2.0816681711721685e-17,5.511463844797178e-05,9.645061728395061e-05,3.572071556602053,1272.461945862853
420001,2,28,M2+O,2,False,5.868545179066059e-06,0.9890775587322591,0.9612089653333922,0.35,0.0,0.0,0.2879540531896055,0.06390389675740152,2.9761056745424868,0.21736293151974678,0.06325366420519049,0.0,5.157286320813,8.887301716022193,0.1605896141283566,0.5749100073396233,9.136749510180026,3.502673071996192,3.029234212662036,0.38876364857288515,0.07535906203692673,0.14476914667095916,0.0365388226668808,0.07329895692641022,-0.036128112100618504,-0.006565875243350075,0.26922463843943284,0.031421540105654434,0.8770833333333332,0.0047875895684129696,0.012341908402289948,1.5370149664227504,0.06327970155776826,0.08394242944595787,0.05143719491877247,0.002294265698980107,0.019424694353452975,0.011394293874705698,0.0029010877084303384,0.007436269713054312,0.00502265329145215,0.015193349288862155,0.0035439784092982443,0.026405966378575757,2.0816681711721685e-17,5.511463844797178e-05,9.645061728395061e-05,3.5956972056820224,1276.914668779646
420001,2,28,M4,3,False,5.868545179066059e-06,0.9890775587322591,0.9612089653333922,0.35,0.0,0.0,0.2879540531896055,0.06390389675740152,2.9761056745424868,0.21736293151974678,0.06325366420519049,0.0,5.157286320813,8.887301716022193,0.1605896141283566,0.5749100073396233,9.136749510180026,3.502673071996192,3.029234212662036,0.38876364857288515,0.07535906203692673,0.14476914667095916,0.0365388226668808,0.07329895692641022,-0.036128112100618504,-0.006565875243350075,0.26922463843943284,0.031421540105654434,0.8770833333333332,0.0047875895684129696,0.012341908402289948,1.5370149664227504,0.06327970155776826,0.08394242944595787,0.05143719491877247,0.002294265698980107,0.019424694353452975,0.011394293874705698,0.0029010877084303384,0.007436269713054312,0.00502265329145215,0.015193349288862155,0.0035439784092982443,0.026405966378575757,2.0816681711721685e-17,5.511463844797178e-05,9.645061728395061e-05,3.5956972056820224,1276.914668779646
420001,2,29,M2,0,False,0.03228225152439643,0.9890775587322591,0.9612089653333922,0.35,0.0,0.0,0.22657124940305948,0.07770606227219105,3.1914641311392185,0.22060196593403816,0.0,0.0,5.900983674451709,6.290362942032516,0.15323935368941802,0.5898041209639171,11.110931988577798,3.664025704942558,2.8524196577959073,0.36292880068145,0.05382946391279464,0.12034925258478553,0.022115177839078484,0.07410046974519584,-0.043109904647926654,-0.01471484271460051,0.16450043554013183,0.022912627045508015,0.8291666666666666,0.0034547652471725574,0.010056493157309476,1.7448775314989189,0.052707340589010124,0.0720186144283021,0.03567523410164128,0.002153682952390437,0.019343454951824875,0.012990308699144068,0.0033976656127439778,0.005319050520470147,0.004067014300855872,0.01031425567019536,0.002885777195211288,0.02869704743350727,2.0816681711721685e-17,5.511463844797178e-05,0.00011022927689594356,5.303178963949832,5578.595503199344
420001,2,29,M3,1,False,0.03228225152439643,0.9890775587322591,0.9612089653333922,0.35,0.0,0.0,0.22657124940305948,0.07770606227219105,3.1914641311392185,0.22060196593403816,0.0,0.0,5.900983674451709,6.290362942032516,0.15323935368941802,0.5898041209639171,11.110931988577798,3.664025704942558,2.8524196577959073,0.36292880068145,0.05382946391279464,0.12034925258478553,0.022115177839078484,0.07410046974519584,-0.043109904647926654,-0.01471484271460051,0.16450043554013183,0.022912627045508015,0.8291666666666666,0.0034547652471725574,0.010056493157309476,1.7448775314989189,0.052707340589010124,0.0720186144283021,0.03567523410164128,0.002153682952390437,0.019343454951824875,0.012990308699144068,0.0033976656127439778,0.005319050520470147,0.004067014300855872,0.01031425567019536,0.002885777195211288,0.02869704743350727,2.0816681711721685e-17,5.511463844797178e-05,0.00011022927689594356,5.303178963949832,5578.595503199344
420001,2,29,M2+O,2,False,0.026241900851830112,0.9890775587322591,0.9612089653333922,0.35,0.0,0.0,0.22657124940305948,0.07770606227219105,3.1914641311392185,0.22060196593403816,0.08459327775939506,0.0,5.900983674451709,6.290362942032516,0.1528216884964916,0.5887295066954522,11.032333171435068,3.6390873568471043,2.8344980239159923,0.3811386290063905,0.0554205831083742,0.12001686774304528,0.02167678252864474,0.07454072435996789,-0.04189214802341692,-0.013296416175375936,0.17369883113031115,0.024494531103071805,0.8479166666666668,0.003680863925867008,0.010344910718419826,1.6912728313896153,0.05727927437650556,0.07300443438781666,0.04215166792045921,0.0020646343100145024,0.019315784884106315,0.012540887104400692,0.003104872817285695,0.005501763165114291,0.004275859469296019,0.010219996108323677,0.0027345598016494527,0.027166816706263006,2.0816681711721685e-17,5.511463844797178e-05,9.645061728395061e-05,5.3485128618855216,5578.5085378058
420001,2,29,M4,3,False,0.026241900851830112,0.9890775587322591,0.9612089653333922,0.35,0.0,0.0,0.22657124940305948,0.07770606227219105,3.1914641311392185,0.22060196593403816,0.08459327775939506,0.0,5.900983674451709,6.290362942032516,0.1528216884964916,0.5887295066954522,11.032333171435068,3.6390873568471043,2.8344980239159923,0.3811386290063905,0.0554205831083742,0.12001686774304528,0.02167678252864474,0.07454072435996789,-0.04189214802341692,-0.013296416175375936,0.17369883113031115,0.024494531103071805,0.8479166666666668,0.003680863925867008,0.010344910718419826,1.6912728313896153,0.05727927437650556,0.07300443438781666,0.04215166792045921,0.0020646343100145024,0.019315784884106315,0.012540887104400692,0.003104872817285695,0.005501763165114291,0.004275859469296019,0.010219996108323677,0.0027345598016494527,0.027166816706263006,2.0816681711721685e-17,5.511463844797178e-05,9.645061728395061e-05,5.3485128618855216,5578.5085378058
420001,2,30,M2,0,False,0.002751128216673827,0.9890775587322591,0.9612089653333922,0.35,0.0,0.0,0.20396394031122328,0.06831493912264705,2.7050672242417932,0.19935442693531513,0.0,0.0,6.180342321749777,8.211909952573478,0.16535734883837186,0.5615284486561701,7.909936304157185,3.4311201875828927,3.1164434842718127,0.369081609500814,0.06527939214135955,0.1473763480954233,0.043292904731337845,0.07083898870793255,-0.04136081190083535,-0.012336786237066633,0.1979497773441857,0.018777535355840272,0.7875,0.003460799952583796,0.011176992315574088,1.3106438903261068,0.05048528904235919,0.07316429131480227,0.03831413975920011,0.0023606780413792266,0.01974393404992703,0.012917643430983956,0.0031565617604068026,0.006382552837516241,0.0045475234139065145,0.01189424278566307,0.002891980037900358,0.03639681663098526,2.0816681711721685e-17,0.0,0.0,2.9575462853782146,5340.973552747533
420001,2,30,M3,1,False,0.002751128216673827,0.9890775587322591,0.9612089653333922,0.35,0.0,0.0,0.20396394031122328,0.06831493912264705,2.7050672242417932,0.19935442693531513,0.0,0.0,6.180342321749777,8.211909952573478,0.16535734883837186,0.5615284486561701,7.909936304157185,3.4311201875828927,3.1164434842718127,0.369081609500814,0.06527939214135955,0.1473763480954233,0.043292904731337845,0.07083898870793255,-0.04136081190083535,-0.012336786237066633,0.1979497773441857,0.018777535355840272,0.7875,0.003460799952583796,0.011176992315574088,1.3106438903261068,0.05048528904235919,0.07316429131480227,0.03831413975920011,0.0023606780413792266,0.01974393404992703,0.012917643430983956,0.0031565617604068026,0.006382552837516241,0.0045475234139065145,0.01189424278566307,0.002891980037900358,0.03639681663098526,2.0816681711721685e-17,0.0,0.0,2.9575462853782146,5340.973552747533
420001,2,30,M2+O,2,True,0.0,0.9890775587322591,0.9612089653333922,0.35,0.0,0.0,0.20396394031122328,0.06831493912264705,2.7050672242417932,0.19935442693531513,0.13821592361242302,0.0,6.180342321749777,8.211909952573478,0.16404604835965733,0.5617887331480258,7.952401567154726,3.4602821341507983,3.0843864079832173,0.395695909941173,0.07157705690042843,0.14436231787358733,0.03941295344041059,0.07208678707919824,-0.03794581839824875,-0.008880422418735637,0.2264628979667674,0.023296803995577476,0.8458333333333332,0.003910762735098185,0.01140587885794998,1.2322257186810497,0.05339047798796921,0.07729394046596547,0.03970973710349605,0.0021843630601057866,0.019750074775474115,0.01233923022059825,0.0026781124867418563,0.006797017561864905,0.004860981720572599,0.011602471551173154,0.0027261810786658692,0.029475589671343814,2.0816681711721685e-17,0.0,0.0,3.0457600931292936,6198.000782009897
420001,2,30,M4,3,True,0.0,0.9890775587322591,0.9612089653333922,0.35,0.0,0.0,0.20396394031122328,0.06831493912264705,2.7050672242417932,0.19935442693531513,0.13821592361242302,0.0,6.180342321749777,8.211909952573478,0.16404604835965733,0.5617887331480258,7.952401567154726,3.4602821341507983,3.0843864079832173,0.395695909941173,0.07157705690042843,0.14436231787358733,0.03941295344041059,0.07208678707919824,-0.03794581839824875,-0.008880422418735637,0.2264628979667674,0.023296803995577476,0.8458333333333332,0.003910762735098185,0.01140587885794998,1.2322257186810497,0.05339047798796921,0.07729394046596547,0.03970973710349605,0.0021843630601057866,0.019750074775474115,0.01233923022059825,0.0026781124867418563,0.006797017561864905,0.004860981720572599,0.011602471551173154,0.0027261810786658692,0.029475589671343814,2.0816681711721685e-17,0.0,0.0,3.0457600931292936,6198.000782009897
420001,2,31,M2,0,False,0.012848783646819009,0.9890775587322591,0.9612089653333922,0.35,0.0,0.0,0.26837446838617324,0.07948992118705064,3.089864686690271,0.2436104691773653,0.0,0.0,5.435849939007312,6.96216984372586,0.15020716510779747,0.6023642797256545,11.895258998499253,3.7131488942719275,2.8043223452264026,0.3835736436261426,0.05979827722689771,0.12557573074648123,0.021746916752782907,0.07550708027830584,-0.0398821761825932,-0.010993868988449706,0.19082501218210532,0.02849379621649552,0.8624999999999999,0.003938690484600448,0.011090890369583124,1.8399368171931223,0.05320451060190717,0.07444606467275665,0.04461041088426729,0.002240887147233719,0.01942503031546182,0.01236838250749071,0.003392007362648977,0.006122293086154743,0.004301205853276057,0.01175726696780828,0.0032104108938335115,0.02762488113949116,2.0816681711721685e-17,0.00017912257495590828,0.000248015873015873,5.26277430682682,2315.250650274832
420001,2,31,M3,1,False,0.012848783646819009,0.9890775587322591,0.9612089653333922,0.35,0.0,0.0,0.26837446838617324,0.07948992118705064,3.089864686690271,0.2436104691773653,0.0,0.0,5.435849939007312,6.96216984372586,0.15020716510779747,0.6023642797256545,11.895258998499253,3.7131488942719275,2.8043223452264026,0.3835736436261426,0.05979827722689771,0.12557573074648123,0.021746916752782907,0.07550708027830584,-0.0398821761825932,-0.010993868988449706,0.19082501218210532,0.02849379621649552,0.8624999999999999,0.003938690484600448,0.011090890369583124,1.8399368171931223,0.05320451060190717,0.07444606467275665,0.04461041088426729,0.002240887147233719,0.01942503031546182,0.01236838250749071,0.003392007362648977,0.006122293086154743,0.004301205853276057,0.01175726696780828,0.0032104108938335115,0.02762488113949116,2.0816681711721685e-17,0.00017912257495590828,0.000248015873015873,5.26277430682682,2315.250650274832
420001,2,31,M2+O,2,False,0.012389750371611954,0.9890775587322591,0.9612089653333922,0.35,0.0,0.0,0.26837446838617324,0.07948992118705064,3.089864686690271,0.2436104691773653,0.028937818175195685,0.0,5.435849939007312,6.96216984372586,0.15013120722767292,0.6011381202442129,11.860836022878678,3.712321175854296,2.7950883911388167,0.3815604845480702,0.059982167000291096,0.12577571999518963,0.02158139943834191,0.07560773112707322,-0.039535076893301185,-0.010654705805904234,0.19240612593608,0.028742564364236115,0.8645833333333334,0.004008234552132671,0.011346045123064617,1.825854997952769,0.056614523072469405,0.07103035894389219,0.045512639310043956,0.002206832375168054,0.019417066156815332,0.01224219701820961,0.003281805595029409,0.006198204798579542,0.004368944976809122,0.011744307995463759,0.003154965357520321,0.02683132475154191,2.0816681711721685e-17,0.00017912257495590828,0.000248015873015873,5.2676369376652685,2314.8968328842698
420001,2,31,M4,3,False,0.012389750371611954,0.9890775587322591,0.9612089653333922,0.35,0.0,0.0,0.26837446838617324,0.07948992118705064,3.089864686690271,0.2436104691773653,0.028937818175195685,0.0,5.435849939007312,6.96216984372586,0.15013120722767292,0.6011381202442129,11.860836022878678,3.712321175854296,2.7950883911388167,0.3815604845480702,0.059982167000291096,0.12577571999518963,0.02158139943834191,0.07560773112707322,-0.039535076893301185,-0.010654705805904234,0.19240612593608,0.028742564364236115,0.8645833333333334,0.004008234552132671,0.011346045123064617,1.825854997952769,0.056614523072469405,0.07103035894389219,0.045512639310043956,0.002206832375168054,0.019417066156815332,0.01224219701820961,0.003281805595029409,0.006198204798579542,0.004368944976809122,0.011744307995463759,0.003154965357520321,0.02683132475154191,2.0816681711721685e-17,0.00017912257495590828,0.000248015873015873,5.2676369376652685,2314.8968328842698
420001,3,0,M2,0,False,0.002258997638276252,0.9844764295140137,0.9437096542220714,0.35,0.0,0.0,0.2629654662683606,0.06925510965753347,2.886044593714178,0.20057556301355361,0.0,0.0,5.873221298214048,6.1538892248645425,0.16201194203726088,0.5696402952162023,8.837936316573183,3.4866173218006526,3.0402384022595865,0.3490035612765487,0.065722397766267,0.13202961628650103,0.03127046291333264,0.07175102589981584,-0.04011776628146274,-0.010862960604906149,0.23548201962157123,0.02615453245279704,0.8541666666666666,0.004256542819727584,0.01156566437244504,1.4640986850834634,0.05446222967502228,0.07959142880176737,0.04401034149631435,0.0022693536243564953,0.01898004897666799,0.01219426210620575,0.0031459211987141605,0.006272027244143913,0.0045921041561668655,0.0141728623914487,0.003289428347587504,0.027239654775171644,2.0816681711721685e-17,0.0,1.3778659611992945e-05,3.4549770892299683,4652.776207505297
420001,3,0,M3,1,False,0.002258997638276252,0.9844764295140137,0.9437096542220714,0.35,0.0,0.0,0.2629654662683606,0.06925510965753347,2.886044593714178,0.20057556301355361,0.0,0.0,5.873221298214048,6.1538892248645425,0.16201194203726088,0.5696402952162023,8.837936316573183,3.4866173218006526,3.0402384022595865,0.3490035612765487,0.065722397766267,0.13202961628650103,0.03127046291333264,0.07175102589981584,-0.04011776628146274,-0.010862960604906149,0.23548201962157123,0.02615453245279704,0.8541666666666666,0.004256542819727584,0.01156566437244504,1.4640986850834634,0.05446222967502228,0.07959142880176737,0.04401034149631435,0.0022693536243564953,0.01898004897666799,0.01219426210620575,0.0031459211987141605,0.006272027244143913,0.0045921041561668655,0.0141728623914487,0.003289428347587504,0.027239654775171644,2.0816681711721685e-17,0.0,1.3778659611992945e-05,3.4549770892299683,4652.776207505297
420001,3,0,M2+O,2,False,5.795166740576974e-07,0.9844764295140137,0.9437096542220714,0.35,0.0,0.0,0.2629654662683606,0.06925510965753347,2.886044593714178,0.20057556301355361,0.11829547242644144,0.0,5.873221298214048,6.1538892248645425,0.16102182456212058,0.5682132331397917,8.895689685249428,3.5311878224572504,3.0426925256124684,0.41224673058887057,0.06993148660671178,0.13087878189065497,0.030678738952286972,0.07266999102438491,-0.03755428509188599,-0.008309172912890184,0.2533973133936058,0.029414102097558664,0.875,0.004604574709544237,0.012028060778468864,1.4230911851976011,0.06495358016531724,0.0770906029038125,0.046915518769593316,0.002102092277866712,0.019355757277896117,0.011789566355024836,0.0028647006466269954,0.006614443373140212,0.00484394228765,0.013795078545402949,0.003077039320202868,0.024450482346091287,2.0816681711721685e-17,1.3778659611992945e-05,2.755731922398589e-05,3.531360081463037,4839.951695961839
420001,3,0,M4,3,False,5.795166740576974e-07,0.9844764295140137,0.9437096542220714,0.35,0.0,0.0,0.2629654662683606,0.06925510965753347,2.886044593714178,0.20057556301355361,0.11829547242644144,0.0,5.873221298214048,6.1538892248645425,0.16102182456212058,0.5682132331397917,8.895689685249428,3.5311878224572504,3.0426925256124684,0.41224673058887057,0.06993148660671178,0.13087878189065497,0.030678738952286972,0.07266999102438491,-0.03755428509188599,-0.008309172912890184,0.2533973133936058,0.029414102097558664,0.875,0.004604574709544237,0.012028060778468864,1.4230911851976011,0.06495358016531724,0.0770906029038125,0.046915518769593316,0.002102092277866712,0.019355757277896117,0.011789566355024836,0.0028647006466269954,0.006614443373140212,0.00484394228765,0.013795078545402949,0.003077039320202868,0.024450482346091287,2.0816681711721685e-17,1.3778659611992945e-05,2.755731922398589e-05,3.531360081463037,4839.951695961839
420001,3,1,M2,0,False,0.03233717955784616,0.9844764295140137,0.9437096542220714,0.35,0.0,0.0,0.20160698210820557,0.07996574914082885,3.2510731095448135,0.2374085596203804,0.0,0.0,5.129386593122035,8.666233093477786,0.1506142966632644,0.6016817217133155,11.823632564025454,3.7037737086725073,2.820459572373352,0.4040154385691121,0.05382382882090641,0.1185085061367999,0.018991663045866844,0.07438923887192528,-0.041904200089316994,-0.01524008414572272,0.14521681096476646,0.02166131773794518,0.8104166666666668,0.003124033713586593,0.011077765515462133,1.7881409334561404,0.0635144110466324,0.0676661156495017,0.04044392732048569,0.0022415474575986282,0.019143663892431575,0.013561036449614917,0.0035473620587168895,0.005340738334522029,0.003877497640931193,0.008820748009736486,0.00269220962204677,0.02994245184859306,2.0816681711721685e-17,0.00035824514991181656,0.00048225308641975306,5.965148186497327,1764.5038783585312
420001,3,1,M3,1,False,0.03233717955784616,0.9844764295140137,0.9437096542220714,0.35,0.0,0.0,0.20160698210820557,0.07996574914082885,3.2510731095448135,0.2374085596203804,0.0,0.0,5.129386593122035,8.666233093477786,0.1506142966632644,0.6016817217133155,11.823632564025454,3.7037737086725073,2.820459572373352,0.4040154385691121,0.05382382882090641,0.1185085061367999,0.018991663045866844,0.07438923887192528,-0.041904200089316994,-0.01524008414572272,0.14521681096476646,0.02166131773794518,0.8104166666666668,0.003124033713586593,0.011077765515462133,1.7881409334561404,0.0635144110466324,0.0676661156495017,0.04044392732048569,0.0022415474575986282,0.019143663892431575,0.013561036449614917,0.0035473620587168895,0.005340738334522029,0.003877497640931193,0.008820748009736486,0.00269220962204677,0.02994245184859306,2.0816681711721685e-17,0.00035824514991181656,0.00048225308641975306,5.965148186497327,1764.5038783585312
420001,3,1,M2+O,2,False,0.03057895559572144,0.9844764295140137,0.9437096542220714,0.35,0.0,0.0,0.20160698210820557,0.07996574914082885,3.2510731095448135,0.2374085596203804,0.045232413939183466,0.0,5.129386593122035,8.666233093477786,0.1504796348744511,0.6005889397047817,11.773039107683301,3.7039477848933235,2.817844860649998,0.4101793474514686,0.054262706984852506,0.11843813623887524,0.01859207053583296,0.07459964001538648,-0.041410666599710065,-0.014612096762543214,0.148462154375075,0.02219610620077418,0.8104166666666668,0.003232393600179593,0.011068198216637841,1.7593022911431895,0.06906635518279748,0.06905209019670577,0.03859024026422238,0.0021987675530508923,0.01909031482479459,0.013319731118892715,0.0033592037889903477,0.005442921911688317,0.003991261215902674,0.008779303317712095,0.002596752263821769,0.030243451600872207,2.0816681711721685e-17,0.00035824514991181656,0.00048225308641975306,5.981127290039292,1772.0128568424805
420001,3,1,M4,3,False,0.03057895559572144,0.9844764295140137,0.9437096542220714,0.35,0.0,0.0,0.20160698210820557,0.07996574914082885,3.2510731095448135,0.2374085596203804,0.045232413939183466,0.0,5.129386593122035,8.666233093477786,0.1504796348744511,0.6005889397047817,11.773039107683301,3.7039477848933235,2.817844860649998,0.4101793474514686,0.054262706984852506,0.11843813623887524,0.01859207053583296,0.07459964001538648,-0.041410666599710065,-0.014612096762543214,0.148462154375075,0.02219610620077418,0.8104166666666668,0.003232393600179593,0.011068198216637841,1.7593022911431895,0.06906635518279748,0.06905209019670577,0.03859024026422238,0.0021987675530508923,0.01909031482479459,0.013319731118892715,0.0033592037889903477,0.005442921911688317,0.003991261215902674,0.008779303317712095,0.002596752263821769,0.030243451600872207,2.0816681711721685e-17,0.00035824514991181656,0.00048225308641975306,5.981127290039292,1772.0128568424805
420001,3,2,M2,0,False,0.0017470354031503617,0.9844764295140137,0.9437096542220714,0.35,0.0,0.0,0.2289998285472393,0.06430660098791122,2.832480383478105,0.18366098158061503,0.0,0.0,5.41385539341718,6.8435773411765695,0.16739154006288337,0.5495669534329352,7.507214270745039,3.3912355189384624,3.174427973277026,0.354955808211945,0.06623822026621469,0.13834634064794343,0.038427721646276246,0.07031062204601315,-0.0413523630341852,-0.012512356060040771,0.22935571449439873,0.02064053574064743,0.8083333333333335,0.003898528646390042,0.011556441430558385,1.2882372885031892,0.05330446452450723,0.07787789980493544,0.03643112859931351,0.0023093508178720044,0.01895448918327519,0.012541540817259153,0.0030775022821159822,0.006144978883065754,0.004587477664991348,0.013756082487682548,0.003010095307503665,0.03292320151606816,2.0816681711721685e-17,0.0,1.3778659611992945e-05,2.975534567180521,1856.7385234547967
420001,3,2,M3,1,False,0.0017470354031503617,0.9844764295140137,0.9437096542220714,0.35,0.0,0.0,0.2289998285472393,0.06430660098791122,2.832480383478105,0.18366098158061503,0.0,0.0,5.41385539341718,6.8435773411765695,0.16739154006288337,0.5495669534329352,7.507214270745039,3.3912355189384624,3.174427973277026,0.354955808211945,0.06623822026621469,0.13834634064794343,0.038427721646276246,0.07031062204601315,-0.0413523630341852,-0.012512356060040771,0.22935571449439873,0.02064053574064743,0.8083333333333335,0.003898528646390042,0.011556441430558385,1.2882372885031892,0.05330446452450723,0.07787789980493544,0.03643112859931351,0.0023093508178720044,0.01895448918327519,0.012541540817259153,0.0030775022821159822,0.006144978883065754,0.004587477664991348,0.013756082487682548,0.003010095307503665,0.03292320151606816,2.0816681711721685e-17,0.0,1.3778659611992945e-05,2.975534567180521,1856.7385234547967
420001,3,2,M2+O,2,False,0.0015574703807987153,0.9844764295140137,0.9437096542220714,0.35,0.0,0.0,0.2289998285472393,0.06430660098791122,2.832480383478105,0.18366098158061503,0.020691600694384325,0.0,5.41385539341718,6.8435773411765695,0.16732894314697347,0.549044873072254,7.495218850029455,3.400771112293066,3.1770692631631885,0.3636791471010185,0.06644816806641002,0.13882885314454999,0.03862214115104795,0.07040698875015712,-0.04103730333481379,-0.012255385612474782,0.23085704126628157,0.02085495990735378,0.8083333333333332,0.003956026775662025,0.011697157708282176,1.2819806111020917,0.056943738863408415,0.07779899752190844,0.03763918336843384,0.0022779267501391353,0.01896624842332849,0.012398501102320858,0.0029797579013044607,0.006206775216161766,0.004661058976994791,0.013716143310265154,0.0029602339229009888,0.03236827635215787,2.0816681711721685e-17,0.0,1.3778659611992945e-05,2.9783085104471767,1872.7528628093817
420001,3,2,M4,3,False,0.0015574703807987153,0.9844764295140137,0.9437096542220714,0.35,0.0,0.0,0.2289998285472393,0.06430660098791122,2.832480383478105,0.18366098158061503,0.020691600694384325,0.0,5.41385539341718,6.8435773411765695,0.16732894314697347,0.549044873072254,7.495218850029455,3.400771112293066,3.1770692631631885,0.3636791471010185,0.06644816806641002,0.13882885314454999,0.03862214115104795,0.07040698875015712,-0.04103730333481379,-0.012255385612474782,0.23085704126628157,0.02085495990735378,0.8083333333333332,0.003956026775662025,0.011697157708282176,1.2819806111020917,0.056943738863408415,0.07779899752190844,0.03763918336843384,0.0022779267501391353,0.01896624842332849,0.012398501102320858,0.0029797579013044607,0.006206775216161766,0.004661058976994791,0.013716143310265154,0.0029602339229009888,0.03236827635215787,2.0816681711721685e-17,0.0,1.3778659611992945e-05,2.9783085104471767,1872.7528628093817
420001,3,3,M2,0,False,0.0032801181005377203,0.9844764295140137,0.9437096542220714,0.35,0.0,0.0,0.2933860388584435,0.07862174647394568,3.067900196649134,0.2593231426924467,0.0,0.0,6.15839353017509,7.984552980400622,0.1490058228064722,0.6091948238636927,12.27051699978279,3.6994191922952573,2.79567303554492,0.41978397954408747,0.06484549162243813,0.12620199816210687,0.020419857569575314,0.07531623014051712,-0.03606613139589286,-0.008577378455835212,0.2088028864030366,0.03242346754403391,0.8937499999999999,0.004273373760842766,0.01186286303571471,1.9212298467529145,0.06042636499267229,0.07103124982667425,0.04586115779335881,0.0023183209866800736,0.019278949900994612,0.012048142829388734,0.0033725948768731154,0.0068444126858358675,0.0044465981786015315,0.012589809595894605,0.0034816709113755437,0.023947500701640503,2.0816681711721685e-17,5.511463844797178e-05,9.645061728395061e-05,5.23465042881955,9323.587459851538
420001,3,3,M3,1,False,0.0032801181005377203,0.9844764295140137,0.9437096542220714,0.35,0.0,0.0,0.2933860388584435,0.07862174647394568,3.067900196649134,0.2593231426924467,0.0,0.0,6.15839353017509,7.984552980400622,0.1490058228064722,0.6091948238636927,12.27051699978279,3.6994191922952573,2.79567303554492,0.41978397954408747,0.06484549162243813,0.12620199816210687,0.020419857569575314,0.07531623014051712,-0.03606613139589286,-0.008577378455835212,0.2088028864030366,0.03242346754403391,0.8937499999999999,0.004273373760842766,0.01186286303571471,1.9212298467529145,0.06042636499267229,0.07103124982667425,0.04586115779335881,0.0023183209866800736,0.019278949900994612,0.012048142829388734,0.0033725948768731154,0.0068444126858358675,0.0044465981786015315,0.012589809595894605,0.0034816709113755437,0.023947500701640503,2.0816681711721685e-17,5.511463844797178e-05,9.645061728395061e-05,5.23465042881955,9323.587459851538
420001,3,3,M2+O,2,False,4.0356287891469315e-05,0.9844764295140137,0.9437096542220714,0.35,0.0,0.0,0.2933860388584435,0.07862174647394568,3.067900196649134,0.2593231426924467,0.19329371660206118,0.0,6.15839353017509,7.984552980400622,0.14711378645261394,0.610319244889726,12.425263803104919,3.7772140747292453,2.742053586750135,0.4186397479082539,0.07165744408797786,0.12192651935265564,0.017483961113153926,0.07775269704056562,-0.03217692320560877,-0.004239225335174161,0.23874626152812253,0.03844760464390688,0.9229166666666667,0.004790700668967408,0.013065387697680514,1.8109760970742128,0.05750789889608448,0.06720944725470282,0.045335237147026926,0.002089692251314236,0.019927029070089572,0.011684683172795385,0.0029222203165784606,0.007363382574545565,0.004773127089485632,0.01229857216042281,0.003250286853218169,0.015919625644980742,2.0816681711721685e-17,6.889329805996472e-05,0.0001240079365079365,5.509429129068816,9389.675213285198
420001,3,3,M4,3,False,4.0356287891469315e-05,0.9844764295140137,0.9437096542220714,0.35,0.0,0.0,0.2933860388584435,0.07862174647394568,3.067900196649134,0.2593231426924467,0.19329371660206118,0.0,6.15839353017509,7.984552980400622,0.14711378645261394,0.610319244889726,12.425263803104919,3.7772140747292453,2.742053586750135,0.4186397479082539,0.07165744408797786,0.12192651935265564,0.017483961113153926,0.07775269704056562,-0.03217692320560877,-0.004239225335174161,0.23874626152812253,0.03844760464390688,0.9229166666666667,0.004790700668967408,0.013065387697680514,1.8109760970742128,0.05750789889608448,0.06720944725470282,0.045335237147026926,0.002089692251314236,0.019927029070089572,0.011684683172795385,0.0029222203165784606,0.007363382574545565,0.004773127089485632,0.01229857216042281,0.003250286853218169,0.015919625644980742,2.0816681711721685e-17,6.889329805996472e-05,0.0001240079365079365,5.509429129068816,9389.675213285198
420001,3,4,M2,0,False,3.707893402483674e-06,0.9844764295140137,0.9437096542220714,0.35,0.0,0.0,0.2773324431851506,0.06102733196690678,3.2200010089203714,0.24746617570519447,0.0,0.0,6.024978729896247,7.260679797269404,0.15765608465543798,0.5956257340759082,9.931035817155562,3.5492978647969387,2.910318834868137,0.3552771198420932,0.07715976695291996,0.14723692396302698,0.034157023376008386,0.07317495878207009,-0.033744311017149885,-0.006860051249657232,0.24099054283764942,0.03039675650259312,0.8729166666666667,0.00441077266383746,0.012696487612028445,1.5687718388563414,0.05646623952774762,0.06933304556102637,0.042083430524565056,0.002565382175904691,0.019135485635500306,0.01179658751659916,0.0032989857182471397,0.007957644609145517,0.004816657936667863,0.01388915343170904,0.003695977991919818,0.027083333333333334,2.0816681711721685e-17,0.0,4.1335978835978834e-05,4.209377622931736,6716.694321803973
420001,3,4,M3,1,False,3.707893402483674e-06,0.9844764295140137,0.9437096542220714,0.35,0.0,0.0,0.2773324431851506,0.06102733196690678,3.2200010089203714,0.24746617570519447,0.0,0.0,6.024978729896247,7.260679797269404,0.15765608465543798,0.5956257340759082,9.931035817155562,3.5492978647969387,2.910318834868137,0.3552771198420932,0.07715976695291996,0.14723692396302698,0.034157023376008386,0.07317495878207009,-0.033744311017149885,-0.006860051249657232,0.24099054283764942,0.03039675650259312,0.8729166666666667,0.00441077266383746,0.012696487612028445,1.5687718388563414,0.05646623952774762,0.06933304556102637,0.042083430524565056,0.002565382175904691,0.019135485635500306,0.01179658751659916,0.0032989857182471397,0.007957644609145517,0.004816657936667863,0.01388915343170904,0.003695977991919818,0.027083333333333334,2.0816681711721685e-17,0.0,4.1335978835978834e-05,4.209377622931736,6716.694321803973
420001,3,4,M2+O,2,False,8.066255632800018e-05,0.9844764295140137,0.9437096542220714,0.35,0.0,0.0,0.2773324431851506,0.06102733196690678,3.2200010089203714,0.24746617570519447,0.1806828490037143,0.0,6.024978729896247,7.260679797269404,0.15564284550836063,0.5969212735249213,10.167249550030514,3.661522986345684,2.8674556260822475,0.366220929052429,0.08498249119908922,0.14120724126040804,0.02900052091182655,0.07587545254347201,-0.02933821152878763,-0.002683109730214827,0.2722568515637868,0.03669837392595151,0.9187500000000001,0.004930415651633164,0.013611702280978362,1.501193958189152,0.0550010628554601,0.0724454710718146,0.03836594685696237,0.002310743205050005,0.019923541816874817,0.01149076763623375,0.0027849440649672856,0.008482276322564316,0.005096569888631011,0.013362554308977261,0.0034735654657355747,0.01775755095563656,2.0816681711721685e-17,2.755731922398589e-05,5.511463844797178e-05,4.42112456840367,7120.250661785405
420001,3,4,M4,3,False,8.066255632800018e-05,0.9844764295140137,0.9437096542220714,0.35,0.0,0.0,0.2773324431851506,0.06102733196690678,3.2200010089203714,0.24746617570519447,0.1806828490037143,0.0,6.024978729896247,7.260679797269404,0.15564284550836063,0.5969212735249213,10.167249550030514,3.661522986345684,2.8674556260822475,0.366220929052429,0.08498249119908922,0.14120724126040804,0.02900052091182655,0.07587545254347201,-0.02933821152878763,-0.002683109730214827,0.2722568515637868,0.03669837392595151,0.9187500000000001,0.004930415651633164,0.013611702280978362,1.501193958189152,0.0550010628554601,0.0724454710718146,0.03836594685696237,0.002310743205050005,0.019923541816874817,0.01149076763623375,0.0027849440649672856,0.008482276322564316,0.005096569888631011,0.013362554308977261,0.0034735654657355747,0.01775755095563656,2.0816681711721685e-17,2.755731922398589e-05,5.511463844797178e-05,4.42112456840367,7120.250661785405
420001,3,5,M2,0,False,0.0266277979054548,0.9844764295140137,0.9437096542220714,0.35,0.0,0.0,0.2378246164880693,0.0748634483339265,2.9850870983675124,0.19047712936997413,0.0,0.0,5.269471470266581,7.561110497452319,0.1600244547429083,0.5725123480343006,9.504960917868425,3.5274709318068944,2.9878360561101887,0.34391997691955906,0.05531377642025753,0.11819454717398598,0.024427115613640065,0.07184159234188321,-0.0432193683467779,-0.014886345347366303,0.19338535031985185,0.022761737394004194,0.8374999999999999,0.0037859207675631635,0.01089330622022549,1.5693308222945492,0.055739752442024094,0.0702770990234551,0.04325143950334207,0.002106279183216502,0.019027425911104366,0.01290459638678354,0.003225252387284909,0.005192514746135976,0.00418262897920105,0.012099388868303312,0.002928468275635627,0.029372976341025345,2.0816681711721685e-17,4.1335978835978834e-05,6.889329805996472e-05,3.966265269425635,1583.375147187983
420001,3,5,M3,1,False,0.0266277979054548,0.9844764295140137,0.9437096542220714,0.35,0.0,0.0,0.2378246164880693,0.0748634483339265,2.9850870983675124,0.19047712936997413,0.0,0.0,5.269471470266581,7.561110497452319,0.1600244547429083,0.5725123480343006,9.504960917868425,3.5274709318068944,2.9878360561101887,0.34391997691955906,0.05531377642025753,0.11819454717398598,0.024427115613640065,0.07184159234188321,-0.0432193683467779,-0.014886345347366303,0.19338535031985185,0.022761737394004194,0.8374999999999999,0.0037859207675631635,0.01089330622022549,1.5693308222945492,0.055739752442024094,0.0702770990234551,0.04325143950334207,0.002106279183216502,0.019027425911104366,0.01290459638678354,0.003225252387284909,0.005192514746135976,0.00418262897920105,0.012099388868303312,0.002928468275635627,0.029372976341025345,2.0816681711721685e-17,4.1335978835978834e-05,6.889329805996472e-05,3.966265269425635,1583.375147187983
420001,3,5,M2+O,2,False,0.02521977016524826,0.9844764295140137,0.9437096542220714,0.35,0.0,0.0,0.2378246164880693,0.0748634483339265,2.9850870983675124,0.19047712936997413,0.03528296146634178,0.0,5.269471470266581,7.561110497452319,0.15990376030966694,0.5714799579466167,9.473254780227746,3.538399065828362,2.9820394234790637,0.35923518796461584,0.05570733970394207,0.11852271666375876,0.02453424117891274,0.07214677512099803,-0.042752349353891723,-0.014446871207380377,0.1960586853322798,0.0231886112187517,0.8416666666666667,0.003880224174782125,0.010775896406314052,1.553286940195356,0.05914526702174047,0.06816153643855219,0.04213940539986304,0.0020616268696884666,0.019036772325305533,0.012675608126486443,0.0030844316963368,0.005272022998787041,0.0042877920304223395,0.012077163649232786,0.0028413805304065413,0.029590604332022347,2.0816681711721685e-17,4.1335978835978834e-05,5.511463844797178e-05,3.973834533973062,1583.3304656465837
420001,3,5,M4,3,False,0.02521977016524826,0.9844764295140137,0.9437096542220714,0.35,0.0,0.0,0.2378246164880693,0.0748634483339265,2.9850870983675124,0.19047712936997413,0.03528296146634178,0.0,5.269471470266581,7.561110497452319,0.15990376030966694,0.5714799579466167,9.473254780227746,3.538399065828362,2.9820394234790637,0.35923518796461584,0.05570733970394207,0.11852271666375876,0.02453424117891274,0.07214677512099803,-0.042752349353891723,-0.014446871207380377,0.1960586853322798,0.0231886112187517,0.8416666666666667,0.003880224174782125,0.010775896406314052,1.553286940195356,0.05914526702174047,0.06816153643855219,0.04213940539986304,0.0020616268696884666,0.019036772325305533,0.012675608126486443,0.0030844316963368,0.005272022998787041,0.0042877920304223395,0.012077163649232786,0.0028413805304065413,0.029590604332022347,2.0816681711721685e-17,4.1335978835978834e-05,5.511463844797178e-05,3.973834533973062,1583.3304656465837
420001,3,6,M2,0,False,0.008707253815032864,0.9844764295140137,0.9437096542220714,0.35,0.0,0.0,0.21834226027131082,0.07175303331110627,3.098974011652172,0.22922467060387136,0.0,0.0,5.734069987665862,6.390289471484721,0.15685515210664389,0.5885524061887968,10.20339430852461,3.582211826799856,2.9247169634974886,0.3572935792473089,0.06160185997367476,0.1331420197221432,0.028370833453347285,0.07294603900446898,-0.040227025479904706,-0.012616219225519407,0.17812853602474374,0.02276221136616129,0.8166666666666668,0.0034939756826674272,0.011291736899440876,1.636075184868084,0.05443850915644569,0.06723177239519337,0.03535175327752772,0.0023377810900059226,0.019364569011675048,0.013051006532792288,0.0032790607419724694,0.0062433000315068295,0.0042839254184776285,0.010660820823725504,0.003001143154733554,0.031517574270915984,2.0816681711721685e-17,4.1335978835978834e-05,5.511463844797178e-05,4.39535742334455,3993.094744958133
420001,3,6,M3,1,False,0.008707253815032864,0.9844764295140137,0.9437096542220714,0.35,0.0,0.0,0.21834226027131082,0.07175303331110627,3.098974011652172,0.22922467060387136,0.0,0.0,5.734069987665862,6.390289471484721,0.15685515210664389,0.5885524061887968,10.20339430852461,3.582211826799856,2.9247169634974886,0.3572935792473089,0.06160185997367476,0.1331420197221432,0.028370833453347285,0.07294603900446898,-0.040227025479904706,-0.012616219225519407,0.17812853602474374,0.02276221136616129,0.8166666666666668,0.0034939756826674272,0.011291736899440876,1.636075184868084,0.05443850915644569,0.06723177239519337,0.03535175327752772,0.0023377810900059226,0.019364569011675048,0.013051006532792288,0.0032790607419724694,0.0062433000315068295,0.0042839254184776285,0.010660820823725504,0.003001143154733554,0.031517574270915984,2.0816681711721685e-17,4.1335978835978834e-05,5.511463844797178e-05,4.39535742334455,3993.094744958133
420001,3,6,M2+O,2,False,0.0070621656149694794,0.9844764295140137,0.9437096542220714,0.35,0.0,0.0,0.21834226027131082,0.07175303331110627,3.098974011652172,0.22922467060387136,0.05596634677516202,0.0,5.734069987665862,6.390289471484721,0.15662722864925135,0.5866539598380275,10.163208922355542,3.5819067634187185,2.9458814065842716,0.4242467032440153,0.06243669771321728,0.13324830212997904,0.028227792341882968,0.07328886243533737,-0.03942353842131424,-0.011738951618150912,0.18333127821546327,0.02358250195557604,0.84375,0.003639988849909865,0.011896212149963059,1.6084506966220926,0.055320602575350764,0.06966241714079896,0.04689069097662123,0.0022682354828989833,0.019399351341217622,0.012786481901013965,0.003050119802793584,0.006395283947148996,0.004421899134181996,0.010552812397630845,0.002887016875551823,0.02796097500425201,2.0816681711721685e-17,4.1335978835978834e-05,5.511463844797178e-05,4.4155279960119564,3993.444377345542
420001,3,6,M4,3,False,0.0070621656149694794,0.9844764295140137,0.9437096542220714,0.35,0.0,0.0,0.21834226027131082,0.07175303331110627,3.098974011652172,0.22922467060387136,0.05596634677516202,0.0,5.734069987665862,6.390289471484721,0.15662722864925135,0.5866539598380275,10.163208922355542,3.5819067634187185,2.9458814065842716,0.4242467032440153,0.06243669771321728,0.13324830212997904,0.028227792341882968,0.07328886243533737,-0.03942353842131424,-0.011738951618150912,0.18333127821546327,0.02358250195557604,0.84375,0.003639988849909865,0.011896212149963059,1.6084506966220926,0.055320602575350764,0.06966241714079896,0.04689069097662123,0.0022682354828989833,0.019399351341217622,0.012786481901013965,0.003050119802793584,0.006395283947148996,0.004421899134181996,0.010552812397630845,0.002887016875551823,0.02796097500425201,2.0816681711721685e-17,4.1335978835978834e-05,5.511463844797178e-05,4.4155279960119564,3993.444377345542
420001,3,7,M2,0,False,0.0172680159021718,0.9844764295140137,0.9437096542220714,0.35,0.0,0.0,0.25462781311944127,0.08294289264827967,2.7334395976737142,0.21371863551437856,0.0,0.0,6.490372991655022,8.436539084650576,0.1560884320831549,0.5843611277234823,10.441819910829354,3.612351191466596,2.926074179713916,0.3746203106988781,0.05817329594487156,0.12166987118997635,0.023611971128272253,0.07296623837708374,-0.040442616785045814,-0.012245749152546339,0.19701265653528546,0.0258076243193813,0.8583333333333333,0.003928983050201055,0.010754983648946285,1.6753161057122177,0.05528126749494064,0.06867245193469823,0.04355341854122408,0.002158064757483493,0.019151711300244876,0.012696776822661345,0.003265216553316866,0.005735522518682842,0.004290258233894538,0.012206460694883866,0.003087301673344878,0.027198056907009154,2.0816681711721685e-17,1.3778659611992945e-05,1.3778659611992945e-05,3.785625521971576,17785.32080701979
420001,3,7,M3,1,False,0.0172680159021718,0.9844764295140137,0.9437096542220714,0.35,0.0,0.0,0.25462781311944127,0.08294289264827967,2.7334395976737142,0.21371863551437856,0.0,0.0,6.490372991655022,8.436539084650576,0.1560884320831549,0.5843611277234823,10.441819910829354,3.612351191466596,2.926074179713916,0.3746203106988781,0.05817329594487156,0.12166987118997635,0.023611971128272253,0.07296623837708374,-0.040442616785045814,-0.012245749152546339,0.19701265653528546,0.0258076243193813,0.8583333333333333,0.003928983050201055,0.010754983648946285,1.6753161057122177,0.05528126749494064,0.06867245193469823,0.04355341854122408,0.002158064757483493,0.019151711300244876,0.012696776822661345,0.003265216553316866,0.005735522518682842,0.004290258233894538,0.012206460694883866,0.003087301673344878,0.027198056907009154,2.0816681711721685e-17,1.3778659611992945e-05,1.3778659611992945e-05,3.785625521971576,17785.32080701979
420001,3,7,M2+O,2,False,0.01268903588963521,0.9844764295140137,0.9437096542220714,0.35,0.0,0.0,0.25462781311944127,0.08294289264827967,2.7334395976737142,0.21371863551437856,0.0818483628556123,0.0,6.490372991655022,8.436539084650576,0.15563864698241336,0.5831553069320097,10.424850651232392,3.6122413830113245,2.9073174167536178,0.3781833812920774,0.05986189412631506,0.12159140790637013,0.0238634242326171,0.0736430509189171,-0.039152344538243324,-0.010861261456536453,0.20602590061185497,0.02737223001122466,0.8708333333333332,0.004150049557394586,0.011060675398035538,1.6426762735470204,0.058885880205084805,0.07090697477322624,0.04305951147142612,0.002055242567546431,0.019235055214301605,0.012236963156272578,0.0029946402266564243,0.005938352968645549,0.004479351801376999,0.01206812708850457,0.0029167273306581077,0.025699748114331716,2.0816681711721685e-17,1.3778659611992945e-05,1.3778659611992945e-05,3.8230000808641322,17887.874423064346
420001,3,7,M4,3,False,0.01268903588963521,0.9844764295140137,0.9437096542220714,0.35,0.0,0.0,0.25462781311944127,0.08294289264827967,2.7334395976737142,0.21371863551437856,0.0818483628556123,0.0,6.490372991655022,8.436539084650576,0.15563864698241336,0.5831553069320097,10.424850651232392,3.6122413830113245,2.9073174167536178,0.3781833812920774,0.05986189412631506,0.12159140790637013,0.0238634242326171,0.0736430509189171,-0.039152344538243324,-0.010861261456536453,0.20602590061185497,0.02737223001122466,0.8708333333333332,0.004150049557394586,0.011060675398035538,1.6426762735470204,0.058885880205084805,0.07090697477322624,0.04305951147142612,0.002055242567546431,0.019235055214301605,0.012236963156272578,0.0029946402266564243,0.005938352968645549,0.004479351801376999,0.01206812708850457,0.0029167273306581077,0.025699748114331716,2.0816681711721685e-17,1.3778659611992945e-05,1.3778659611992945e-05,3.8230000808641322,17887.874423064346
420001,3,8,M2,0,False,0.005835361755853887,0.9844764295140137,0.9437096542220714,0.35,0.0,0.0,0.26037696758285167,0.06623911500442774,3.1390380073338746,0.19648031547665595,0.0,0.0,6.223864151164889,7.334144979715347,0.1617231477409111,0.5682454532319691,8.808724949803919,3.485029076523675,3.0374632069347336,0.35860210031320183,0.06312494143861913,0.12835741235901196,0.02908207865828499,0.07163602825650986,-0.041602267750720984,-0.012042669298907247,0.2284535142468913,0.025564359672985246,0.8583333333333334,0.004197165875621764,0.011621566129410472,1.4328894569644337,0.055386000748791464,0.07813617087044593,0.045156476010888645,0.0022278537951218526,0.018891200305885245,0.012318884949893884,0.0031870838340722087,0.00595303480842768,0.00450189721914125,0.013864332089910397,0.003240140620379897,0.027198056907009154,2.0816681711721685e-17,0.0,0.0,3.9491990656971687,6922.410001125853
420001,3,8,M3,1,False,0.005835361755853887,0.9844764295140137,0.9437096542220714,0.35,0.0,0.0,0.26037696758285167,0.06623911500442774,3.1390380073338746,0.19648031547665595,0.0,0.0,6.223864151164889,7.334144979715347,0.1617231477409111,0.5682454532319691,8.808724949803919,3.485029076523675,3.0374632069347336,0.35860210031320183,0.06312494143861913,0.12835741235901196,0.02908207865828499,0.07163602825650986,-0.041602267750720984,-0.012042669298907247,0.2284535142468913,0.025564359672985246,0.8583333333333334,0.004197165875621764,0.011621566129410472,1.4328894569644337,0.055386000748791464,0.07813617087044593,0.045156476010888645,0.0022278537951218526,0.018891200305885245,0.012318884949893884,0.0031870838340722087,0.00595303480842768,0.00450189721914125,0.013864332089910397,0.003240140620379897,0.027198056907009154,2.0816681711721685e-17,0.0,0.0,3.9491990656971687,6922.410001125853
420001,3,8,M2+O,2,False,0.004978356943252894,0.9844764295140137,0.9437096542220714,0.35,0.0,0.0,0.26037696758285167,0.06623911500442774,3.1390380073338746,0.19648031547665595,0.03941378565485458,0.0,6.223864151164889,7.334144979715347,0.16156763110254,0.5690294555489231,8.785779171403872,3.5085290803983047,3.031256168144084,0.35918220307424004,0.06364982746373389,0.1289311384977496,0.029423272140936502,0.0719159066969094,-0.04100294357424047,-0.011535917832208855,0.23165952931065306,0.02610160837407886,0.8583333333333334,0.004304270387002659,0.011656805398262894,1.417372403063961,0.06184006613233334,0.0750652353509199,0.042844938166248854,0.0021707838956128516,0.018929651934337214,0.012099944125728661,0.0030297236421748387,0.006058442045527082,0.004610041040090698,0.013798998028310444,0.003143391394030651,0.028499088891275986,2.0816681711721685e-17,0.0,0.0,3.9596825668146156,7185.9411246458
420001,3,8,M4,3,False,0.004978356943252894,0.9844764295140137,0.9437096542220714,0.35,0.0,0.0,0.26037696758285167,0.06623911500442774,3.1390380073338746,0.19648031547665595,0.03941378565485458,0.0,6.223864151164889,7.334144979715347,0.16156763110254,0.5690294555489231,8.785779171403872,3.5085290803983047,3.031256168144084,0.35918220307424004,0.06364982746373389,0.1289311384977496,0.029423272140936502,0.0719159066969094,-0.04100294357424047,-0.011535917832208855,0.23165952931065306,0.02610160837407886,0.8583333333333334,0.004304270387002659,0.011656805398262894,1.417372403063961,0.06184006613233334,0.0750652353509199,0.042844938166248854,0.0021707838956128516,0.018929651934337214,0.012099944125728661,0.0030297236421748387,0.006058442045527082,0.004610041040090698,0.013798998028310444,0.003143391394030651,0.028499088891275986,2.0816681711721685e-17,0.0,0.0,3.9596825668146156,7185.9411246458
420001,3,9,M2,0,False,0.00268127463183787,0.9844764295140137,0.9437096542220714,0.35,0.0,0.0,0.22489707954227925,0.07692724628373981,2.7730619207024576,0.2408962793648243,0.0,0.0,5.490998988039792,7.869041427969933,0.15615763116233125,0.5953098909467566,10.45869807156236,3.5917718573027457,2.905928809751728,0.3735350592478728,0.06533970767892328,0.13726401151805037,0.030192918874579967,0.07312561460859986,-0.03736970202855935,-0.01059760375291099,0.18541984082519067,0.02421424419723738,0.8312500000000002,0.003588818245946116,0.012072495386737395,1.659835113329603,0.05643543065391559,0.0626433930175713,0.035065135125888935,0.0024059803686408768,0.019588381879114963,0.01289321744196566,0.003263588270405513,0.006824259169380783,0.004400672986871925,0.010946298239169271,0.0030925071160164148,0.03153852314280087,2.0816681711721685e-17,5.511463844797178e-05,0.0001515652557319224,3.739600141612964,2459.7971163360808
420001,3,9,M3,1,False,0.00268127463183787,0.9844764295140137,0.9437096542220714,0.35,0.0,0.0,0.22489707954227925,0.07692724628373981,2.7730619207024576,0.2408962793648243,0.0,0.0,5.490998988039792,7.869041427969933,0.15615763116233125,0.5953098909467566,10.45869807156236,3.5917718573027457,2.905928809751728,0.3735350592478728,0.06533970767892328,0.13726401151805037,0.030192918874579967,0.07312561460859986,-0.03736970202855935,-0.01059760375291099,0.18541984082519067,0.02421424419723738,0.8312500000000002,0.003588818245946116,0.012072495386737395,1.659835113329603,0.05643543065391559,0.0626433930175713,0.035065135125888935,0.0024059803686408768,0.019588381879114963,0.01289321744196566,0.003263588270405513,0.006824259169380783,0.004400672986871925,0.010946298239169271,0.0030925071160164148,0.03153852314280087,2.0816681711721685e-17,5.511463844797178e-05,0.0001515652557319224,3.739600141612964,2459.7971163360808
420001,3,9,M2+O,2,False,0.0006212578106273623,0.9844764295140137,0.9437096542220714,0.35,0.0,0.0,0.22489707954227925,0.07692724628373981,2.7730619207024576,0.2408962793648243,0.09924992682199865,0.0,5.490998988039792,7.869041427969933,0.15554542701689336,0.5943619100628371,10.44034513066523,3.598254936965725,2.914135836481337,0.44312779364363825,0.06775674605403632,0.13632215766039887,0.02837462032729177,0.07396951472766049,-0.035673685975582986,-0.008725037264959207,0.19832551225609965,0.02636628269321495,0.8624999999999999,0.0038592920414949627,0.012701440529010708,1.6106395675191563,0.062297822639427604,0.06846314824098493,0.049303822816588024,0.0022782389643319885,0.019755827999875273,0.012583048168487994,0.002935859231707494,0.007113548819392056,0.004612469862289625,0.010698200245694952,0.0029183415341350267,0.025225432875733096,2.0816681711721685e-17,6.889329805996472e-05,0.0001240079365079365,3.794444318660988,2478.456629037513
420001,3,9,M4,3,False,0.0006212578106273623,0.9844764295140137,0.9437096542220714,0.35,0.0,0.0,0.22489707954227925,0.07692724628373981,2.7730619207024576,0.2408962793648243,0.09924992682199865,0.0,5.490998988039792,7.869041427969933,0.15554542701689336,0.5943619100628371,10.44034513066523,3.598254936965725,2.914135836481337,0.44312779364363825,0.06775674605403632,0.13632215766039887,0.02837462032729177,0.07396951472766049,-0.035673685975582986,-0.008725037264959207,0.19832551225609965,0.02636628269321495,0.8624999999999999,0.0038592920414949627,0.012701440529010708,1.6106395675191563,0.062297822639427604,0.06846314824098493,0.049303822816588024,0.0022782389643319885,0.019755827999875273,0.012583048168487994,0.002935859231707494,0.007113548819392056,0.004612469862289625,0.010698200245694952,0.0029183415341350267,0.025225432875733096,2.0816681711721685e-17,6.889329805996472e-05,0.0001240079365079365,3.794444318660988,2478.456629037513
420001,3,10,M2,0,False,0.00428239220109406,0.9844764295140137,0.9437096542220714,0.35,0.0,0.0,0.2443801517598331,0.06754384808242321,3.1797893855720756,0.21964385755360127,0.0,0.0,5.020357612986118,6.691643536090851,0.15874620228679662,0.5838342368794734,9.788929686934178,3.5482536559392712,2.9905529019395947,0.36992481973104824,0.06411040096196169,0.13386331029717985,0.02946849649177137,0.07246639454271246,-0.0402958252883014,-0.011673513361199784,0.20513829721154406,0.025016246718803137,0.85,0.003896135049153962,0.01188458259499768,1.6019929766449184,0.05412277588723057,0.07054868476786988,0.04364021414068676,0.002335346603018441,0.019131381501132208,0.012567770219921583,0.003264438436609817,0.006312252232140788,0.0044335867454571454,0.012335411925490905,0.00316057015174451,0.029641578709741438,2.0816681711721685e-17,0.0001515652557319224,0.00017912257495590828,4.315468252858591,978.4120302700104
420001,3,10,M3,1,False,0.00428239220109406,0.9844764295140137,0.9437096542220714,0.35,0.0,0.0,0.2443801517598331,0.06754384808242321,3.1797893855720756,0.21964385755360127,0.0,0.0,5.020357612986118,6.691643536090851,0.15874620228679662,0.5838342368794734,9.788929686934178,3.5482536559392712,2.9905529019395947,0.36992481973104824,0.06411040096196169,0.13386331029717985,0.02946849649177137,0.07246639454271246,-0.0402958252883014,-0.011673513361199784,0.20513829721154406,0.025016246718803137,0.85,0.003896135049153962,0.01188458259499768,1.6019929766449184,0.05412277588723057,0.07054868476786988,0.04364021414068676,0.002335346603018441,0.019131381501132208,0.012567770219921583,0.003264438436609817,0.006312252232140788,0.0044335867454571454,0.012335411925490905,0.00316057015174451,0.029641578709741438,2.0816681711721685e-17,0.0001515652557319224,0.00017912257495590828,4.315468252858591,978.4120302700104
420001,3,10,M2+O,2,False,2.001569326329966e-05,0.9844764295140137,0.9437096542220714,0.35,0.0,0.0,0.2443801517598331,0.06754384808242321,3.1797893855720756,0.21964385755360127,0.22120154879690973,0.0,5.020357612986118,6.691643536090851,0.15579116130926626,0.586641642999862,10.110480239303175,3.614380595019833,2.9364251187588946,0.4573825350430027,0.07600888872341037,0.12515066861918947,0.02434879290626459,0.075552285059943,-0.03442563825795563,-0.005351457018693287,0.25345789735106544,0.03449362344557762,0.9104166666666668,0.0045975254530461725,0.012763587507830697,1.4765248357614464,0.05463629756712483,0.08400427522489251,0.05713795046392558,0.0021067525816566993,0.019914503901585112,0.011711031206970498,0.0027763847624933187,0.007020616598138881,0.0048463519272644445,0.012402497822465792,0.003002369476987399,0.017543725566802653,2.0816681711721685e-17,0.0001515652557319224,0.00019290123456790122,4.6419881599279345,1055.222591502425
420001,3,10,M4,3,False,2.001569326329966e-05,0.9844764295140137,0.9437096542220714,0.35,0.0,0.0,0.2443801517598331,0.06754384808242321,3.1797893855720756,0.21964385755360127,0.22120154879690973,0.0,5.020357612986118,6.691643536090851,0.15579116130926626,0.586641642999862,10.110480239303175,3.614380595019833,2.9364251187588946,0.4573825350430027,0.07600888872341037,0.12515066861918947,0.02434879290626459,0.075552285059943,-0.03442563825795563,-0.005351457018693287,0.25345789735106544,0.03449362344557762,0.9104166666666668,0.0045975254530461725,0.012763587507830697,1.4765248357614464,0.05463629756712483,0.08400427522489251,0.05713795046392558,0.0021067525816566993,0.019914503901585112,0.011711031206970498,0.0027763847624933187,0.007020616598138881,0.0048463519272644445,0.012402497822465792,0.003002369476987399,0.017543725566802653,2.0816681711721685e-17,0.0001515652557319224,0.00019290123456790122,4.6419881599279345,1055.222591502425
420001,3,11,M2,0,False,0.01682606356501903,0.9844764295140137,0.9437096542220714,0.35,0.0,0.0,0.28308231513947246,0.08182962188962847,2.945610111951828,0.22273273594677448,0.0,0.0,5.752427791710943,8.503426149487495,0.15274173060933197,0.5909545402397492,11.356841308492697,3.6600169638137543,2.864923973759,0.38825704721553284,0.05832562143509754,0.11738338762019052,0.019640670636296063,0.07404105406284146,-0.03984753766296601,-0.011320365816313654,0.20619091666827372,0.029505518573373034,0.8708333333333332,0.004207751369473619,0.010733430072981527,1.811850677889202,0.0579926079250181,0.06966728506413264,0.0449467381904491,0.0021423563738876866,0.019067314574262344,0.012329353707648353,0.0033379483687763652,0.005764042273970616,0.0043030512872465855,0.012798995415950327,0.0032471374920867067,0.025875374860175254,2.0816681711721685e-17,4.1335978835978834e-05,0.00011022927689594356,4.601457791638253,4146.251675609204
420001,3,11,M3,1,False,0.01682606356501903,0.9844764295140137,0.9437096542220714,0.35,0.0,0.0,0.28308231513947246,0.08182962188962847,2.945610111951828,0.22273273594677448,0.0,0.0,5.752427791710943,8.503426149487495,0.15274173060933197,0.5909545402397492,11.356841308492697,3.6600169638137543,2.864923973759,0.38825704721553284,0.05832562143509754,0.11738338762019052,0.019640670636296063,0.07404105406284146,-0.03984753766296601,-0.011320365816313654,0.20619091666827372,0.029505518573373034,0.8708333333333332,0.004207751369473619,0.010733430072981527,1.811850677889202,0.0579926079250181,0.06966728506413264,0.0449467381904491,0.0021423563738876866,0.019067314574262344,0.012329353707648353,0.0033379483687763652,0.005764042273970616,0.0043030512872465855,0.012798995415950327,0.0032471374920867067,0.025875374860175254,2.0816681711721685e-17,4.1335978835978834e-05,0.00011022927689594356,4.601457791638253,4146.251675609204
420001,3,11,M2+O,2,False,0.016371068918970763,0.9844764295140137,0.9437096542220714,0.35,0.0,0.0,0.28308231513947246,0.08182962188962847,2.945610111951828,0.22273273594677448,0.024611350639674,0.0,5.752427791710943,8.503426149487495,0.1526718532228478,0.5910571400649626,11.3342151309022,3.67336827380306,2.856043551922929,0.3846909735566209,0.058484546980528164,0.1176223472003235,0.019600983739340844,0.07413212937796061,-0.03955224810446722,-0.011048981771181533,0.2075462642165944,0.02972132322128147,0.875,0.0042683675971016835,0.010801105046324203,1.8021815181988552,0.06195814422959395,0.07078372106638826,0.043273335059617016,0.00211079679128626,0.01909234278496021,0.012178226255072628,0.00325220108741409,0.005824420224594674,0.004367205896900741,0.012788107420291366,0.0031920022359712714,0.025359730716807416,2.0816681711721685e-17,5.511463844797178e-05,9.645061728395061e-05,4.606241577283523,4146.190920593183
420001,3,11,M4,3,False,0.016371068918970763,0.9844764295140137,0.9437096542220714,0.35,0.0,0.0,0.28308231513947246,0.08182962188962847,2.945610111951828,0.22273273594677448,0.024611350639674,0.0,5.752427791710943,8.503426149487495,0.1526718532228478,0.5910571400649626,11.3342151309022,3.67336827380306,2.856043551922929,0.3846909735566209,0.058484546980528164,0.1176223472003235,0.019600983739340844,0.07413212937796061,-0.03955224810446722,-0.011048981771181533,0.2075462642165944,0.02972132322128147,0.875,0.0042683675971016835,0.010801105046324203,1.8021815181988552,0.06195814422959395,0.07078372106638826,0.043273335059617016,0.00211079679128626,0.01909234278496021,0.012178226255072628,0.00325220108741409,0.005824420224594674,0.004367205896900741,0.012788107420291366,0.0031920022359712714,0.025359730716807416,2.0816681711721685e-17,5.511463844797178e-05,9.645061728395061e-05,4.606241577283523,4146.190920593183
420001,3,12,M2,0,False,4.3774044715265805e-06,0.9844764295140137,0.9437096542220714,0.35,0.0,0.0,0.29935491690412164,0.07051171878352762,2.7982757639139892,0.23080004900693893,0.0,0.0,6.378210476133972,6.27442592382431,0.15801574515855732,0.5873737011037129,9.749737226364429,3.5392978051117745,2.973954906547052,0.3913980106854673,0.07398902318336291,0.13896213794619428,0.030971451984474086,0.07288611945460001,-0.035009245469431564,-0.006761402938519112,0.25804925511052024,0.03242153619962875,0.8791666666666668,0.004703000905364631,0.012482136773947803,1.5393514280327418,0.05905702326404549,0.07378357418751649,0.04531503610157097,0.002415271376732481,0.0191127276864428,0.011597782493408515,0.0032133996614164386,0.007434430891854671,0.004821146862786696,0.01509049406847443,0.0037211764186895462,0.025875374860175254,2.0816681711721685e-17,0.0,0.0,3.5423563315083606,9492.897043597522
420001,3,12,M3,1,False,4.3774044715265805e-06,0.9844764295140137,0.9437096542220714,0.35,0.0,0.0,0.29935491690412164,0.07051171878352762,2.7982757639139892,0.23080004900693893,0.0,0.0,6.378210476133972,6.27442592382431,0.15801574515855732,0.5873737011037129,9.749737226364429,3.5392978051117745,2.973954906547052,0.3913980106854673,0.07398902318336291,0.13896213794619428,0.030971451984474086,0.07288611945460001,-0.035009245469431564,-0.006761402938519112,0.25804925511052024,0.03242153619962875,0.8791666666666668,0.004703000905364631,0.012482136773947803,1.5393514280327418,0.05905702326404549,0.07378357418751649,0.04531503610157097,0.002415271376732481,0.0191127276864428,0.011597782493408515,0.0032133996614164386,0.007434430891854671,0.004821146862786696,0.01509049406847443,0.0037211764186895462,0.025875374860175254,2.0816681711721685e-17,0.0,0.0,3.5423563315083606,9492.897043597522
420001,3,12,M2+O,2,False,7.482948523710422e-06,0.9844764295140137,0.9437096542220714,0.35,0.0,0.0,0.29935491690412164,0.07051171878352762,2.7982757639139892,0.23080004900693893,0.032109614985167255,0.0,6.378210476133972,6.27442592382431,0.15789663922891664,0.5878732797187166,9.740475448709589,3.5627532140952916,2.951855124704841,0.3890589332052836,0.07431778994483151,0.13938296109238113,0.031174673973105697,0.07303473073531695,-0.03451737651663106,-0.006380585268866049,0.26022707894228125,0.03277130818955174,0.8875000000000001,0.004785520582465385,0.012671838459169051,1.530921809946451,0.06543581456000125,0.07149948474879828,0.047552020547958505,0.0023673975610916304,0.019193646225379023,0.011532744306626326,0.003091795400845339,0.007534054110445502,0.004890869556101511,0.015016019962705653,0.0036494767106009136,0.024680934964555895,2.0816681711721685e-17,0.0,0.0,3.550646445667551,9764.803497951385
420001,3,12,M4,3,False,7.482948523710422e-06,0.9844764295140137,0.9437096542220714,0.35,0.0,0.0,0.29935491690412164,0.07051171878352762,2.7982757639139892,0.23080004900693893,0.032109614985167255,0.0,6.378210476133972,6.27442592382431,0.15789663922891664,0.5878732797187166,9.740475448709589,3.5627532140952916,2.951855124704841,0.3890589332052836,0.07431778994483151,0.13938296109238113,0.031174673973105697,0.07303473073531695,-0.03451737651663106,-0.006380585268866049,0.26022707894228125,0.03277130818955174,0.8875000000000001,0.004785520582465385,0.012671838459169051,1.530921809946451,0.06543581456000125,0.07149948474879828,0.047552020547958505,0.0023673975610916304,0.019193646225379023,0.011532744306626326,0.003091795400845339,0.007534054110445502,0.004890869556101511,0.015016019962705653,0.0036494767106009136,0.024680934964555895,2.0816681711721685e-17,0.0,0.0,3.550646445667551,9764.803497951385
420001,3,13,M2,0,False,0.048274339520698865,0.9844764295140137,0.9437096542220714,0.35,0.0,0.0,0.2357255432754755,0.0843245640071109,3.0317934952676295,0.20654045909643173,0.0,0.0,5.610234498512,8.927487328648567,0.15317737217258942,0.5880516545873321,11.294295286579668,3.645096640582606,2.83868983836156,0.3536051271626765,0.050225719984847476,0.10862598027497605,0.01691903875668949,0.07318464335857718,-0.042696746444510804,-0.01588800395371569,0.1647080753671506,0.023201887431214558,0.8333333333333334,0.0035590033141008532,0.009684817082780614,1.762576250107211,0.059382195693278524,0.06421835622783821,0.03618176284639735,0.0020418109606803784,0.018965074094654078,0.013086361306459841,0.003400898684112085,0.00480906979401136,0.003915897363445752,0.010484985581971548,0.002775744915272469,0.029590604332022347,2.0816681711721685e-17,6.889329805996472e-05,0.00013778659611992945,4.972659055311838,3126.1675102857175
420001,3,13,M3,1,False,0.048274339520698865,0.9844764295140137,0.9437096542220714,0.35,0.0,0.0,0.2357255432754755,0.0843245640071109,3.0317934952676295,0.20654045909643173,0.0,0.0,5.610234498512,8.927487328648567,0.15317737217258942,0.5880516545873321,11.294295286579668,3.645096640582606,2.83868983836156,0.3536051271626765,0.050225719984847476,0.10862598027497605,0.01691903875668949,0.07318464335857718,-0.042696746444510804,-0.01588800395371569,0.1647080753671506,0.023201887431214558,0.8333333333333334,0.0035590033141008532,0.009684817082780614,1.762576250107211,0.059382195693278524,0.06421835622783821,0.03618176284639735,0.0020418109606803784,0.018965074094654078,0.013086361306459841,0.003400898684112085,0.00480906979401136,0.003915897363445752,0.010484985581971548,0.002775744915272469,0.029590604332022347,2.0816681711721685e-17,6.889329805996472e-05,0.00013778659611992945,4.972659055311838,3126.1675102857175
420001,3,13,M2+O,2,False,0.028513180757480074,0.9844764295140137,0.9437096542220714,0.35,0.0,0.0,0.2357255432754755,0.0843245640071109,3.0317934952676295,0.20654045909643173,0.14585900465534243,0.0,5.610234498512,8.927487328648567,0.15200880481369042,0.5885572754056323,11.304843578625773,3.6473670415967114,2.8170319696212203,0.3700203383627203,0.054802738268504146,0.1060752927723877,0.01665463485578537,0.07426059048376911,-0.04024064833894972,-0.012492166117851493,0.18758933778047016,0.02749953556446717,0.8791666666666668,0.003977109422406684,0.00993345948816193,1.6715383989558152,0.05338909573052945,0.07126093539728216,0.0410595041511331,0.0019019185020278165,0.01918571676146593,0.01236483838414441,0.0030505792897847074,0.005120904712739871,0.004258765303775476,0.010403439636317902,0.0025606849384073953,0.022705715511919296,2.0816681711721685e-17,6.889329805996472e-05,0.00013778659611992945,5.118979819605446,3159.805091661432
420001,3,13,M4,3,False,0.028513180757480074,0.9844764295140137,0.9437096542220714,0.35,0.0,0.0,0.2357255432754755,0.0843245640071109,3.0317934952676295,0.20654045909643173,0.14585900465534243,0.0,5.610234498512,8.927487328648567,0.15200880481369042,0.5885572754056323,11.304843578625773,3.6473670415967114,2.8170319696212203,0.3700203383627203,0.054802738268504146,0.1060752927723877,0.01665463485578537,0.07426059048376911,-0.04024064833894972,-0.012492166117851493,0.18758933778047016,0.02749953556446717,0.8791666666666668,0.003977109422406684,0.00993345948816193,1.6715383989558152,0.05338909573052945,0.07126093539728216,0.0410595041511331,0.0019019185020278165,0.01918571676146593,0.01236483838414441,0.0030505792897847074,0.005120904712739871,0.004258765303775476,0.010403439636317902,0.0025606849384073953,0.022705715511919296,2.0816681711721685e-17,6.889329805996472e-05,0.00013778659611992945,5.118979819605446,3159.805091661432
420001,3,14,M2,0,False,4.100534957636865e-09,0.9844764295140137,0.9437096542220714,0.35,0.0,0.0,0.20833341283723714,0.062489898935891686,2.92039684318006,0.25279291801154613,0.0,0.0,5.331442344933748,7.0982246696949005,0.16020938077469496,0.5965656681675116,9.476836109985893,3.5261969905748276,2.9967583862282687,0.4055788605735044,0.07810158363414779,0.15707686368659254,0.042590176644244214,0.07233717944746128,-0.03230590202119846,-0.0079620910316232,0.1991684661827541,0.022781306986813087,0.8249999999999998,0.0035365277602199684,0.013593286888333988,1.4937049950340462,0.05366579362379383,0.07984481383511897,0.05279455410957215,0.002718427978580859,0.019644590658612286,0.012768294100768992,0.0033173547403500783,0.0082568438648899,0.00472146849613135,0.011106797705067133,0.003276345800587575,0.03391699159478299,2.0816681711721685e-17,5.511463844797178e-05,0.0001240079365079365,3.4348969682888746,1786.401590864675
420001,3,14,M3,1,False,4.100534957636865e-09,0.9844764295140137,0.9437096542220714,0.35,0.0,0.0,0.20833341283723714,0.062489898935891686,2.92039684318006,0.25279291801154613,0.0,0.0,5.331442344933748,7.0982246696949005,0.16020938077469496,0.5965656681675116,9.476836109985893,3.5261969905748276,2.9967583862282687,0.4055788605735044,0.07810158363414779,0.15707686368659254,0.042590176644244214,0.07233717944746128,-0.03230590202119846,-0.0079620910316232,0.1991684661827541,0.022781306986813087,0.8249999999999998,0.0035365277602199684,0.013593286888333988,1.4937049950340462,0.05366579362379383,0.07984481383511897,0.05279455410957215,0.002718427978580859,0.019644590658612286,0.012768294100768992,0.0033173547403500783,0.0082568438648899,0.00472146849613135,0.011106797705067133,0.003276345800587575,0.03391699159478299,2.0816681711721685e-17,5.511463844797178e-05,0.0001240079365079365,3.4348969682888746,1786.401590864675
420001,3,14,M2+O,2,False,8.226517821663851e-06,0.9844764295140137,0.9437096542220714,0.35,0.0,0.0,0.20833341283723714,0.062489898935891686,2.92039684318006,0.25279291801154613,0.09017833367092232,0.0,5.331442344933748,7.0982246696949005,0.15965432615201652,0.5995136462079297,9.467426057259042,3.544765384155145,2.953816463643743,0.39386133970997106,0.08040987625828183,0.1556823429104285,0.039576043038026955,0.07341929910602434,-0.030625061507626034,-0.006302031112814019,0.21135527074694901,0.02469989086598251,0.8520833333333334,0.003784254856167286,0.014125646042038616,1.4541459049951835,0.058067578873079624,0.07450960291478294,0.04629278446126166,0.002582149977470199,0.01985453828549093,0.01263904025089479,0.0029674613353971777,0.008541778919452254,0.004900128876241362,0.010760919460340109,0.0031262227984484798,0.029866727929220297,2.0816681711721685e-17,6.889329805996472e-05,0.00011022927689594356,3.479298678180727,1794.2574609658832
420001,3,14,M4,3,False,8.226517821663851e-06,0.9844764295140137,0.9437096542220714,0.35,0.0,0.0,0.20833341283723714,0.062489898935891686,2.92039684318006,0.25279291801154613,0.09017833367092232,0.0,5.331442344933748,7.0982246696949005,0.15965432615201652,0.5995136462079297,9.467426057259042,3.544765384155145,2.953816463643743,0.39386133970997106,0.08040987625828183,0.1556823429104285,0.039576043038026955,0.07341929910602434,-0.030625061507626034,-0.006302031112814019,0.21135527074694901,0.02469989086598251,0.8520833333333334,0.003784254856167286,0.014125646042038616,1.4541459049951835,0.058067578873079624,0.07450960291478294,0.04629278446126166,0.002582149977470199,0.01985453828549093,0.01263904025089479,0.0029674613353971777,0.008541778919452254,0.004900128876241362,0.010760919460340109,0.0031262227984484798,0.029866727929220297,2.0816681711721685e-17,6.889329805996472e-05,0.00011022927689594356,3.479298678180727,1794.2574609658832
420001,3,15,M2,0,False,0.033965322208185274,0.9844764295140137,0.9437096542220714,0.35,0.0,0.0,0.26893506180495025,0.07365114953368902,3.2870344676077363,0.18954758934676647,0.0,0.0,6.0987141309306026,8.098484382033348,0.15695470530008332,0.5777829882818075,10.252495867290696,3.584948934520792,2.9343346334584646,0.3554355139349122,0.05341328513881364,0.10903573362957648,0.01806780920333606,0.07278759888491805,-0.04324634213871004,-0.01477273764945807,0.2034052924777431,0.02634120306500159,0.8604166666666666,0.004119709409515245,0.010146614177063834,1.664912412091064,0.05694483342995091,0.07463561415151156,0.04613527692539524,0.002023407779140145,0.01874761376820134,0.012579138788898584,0.0033341165889495456,0.004930391936230562,0.0041447120142138714,0.012841820163314418,0.0030834718366110486,0.026576926673356465,2.0816681711721685e-17,1.3778659611992945e-05,2.755731922398589e-05,5.096377564453303,8253.706547276122
420001,3,15,M3,1,False,0.033965322208185274,0.9844764295140137,0.9437096542220714,0.35,0.0,0.0,0.26893506180495025,0.07365114953368902,3.2870344676077363,0.18954758934676647,0.0,0.0,6.0987141309306026,8.098484382033348,0.15695470530008332,0.5777829882818075,10.252495867290696,3.584948934520792,2.9343346334584646,0.3554355139349122,0.05341328513881364,0.10903573362957648,0.01806780920333606,0.07278759888491805,-0.04324634213871004,-0.01477273764945807,0.2034052924777431,0.02634120306500159,0.8604166666666666,0.004119709409515245,0.010146614177063834,1.664912412091064,0.05694483342995091,0.07463561415151156,0.04613527692539524,0.002023407779140145,0.01874761376820134,0.012579138788898584,0.0033341165889495456,0.004930391936230562,0.0041447120142138714,0.012841820163314418,0.0030834718366110486,0.026576926673356465,2.0816681711721685e-17,1.3778659611992945e-05,2.755731922398589e-05,5.096377564453303,8253.706547276122
420001,3,15,M2+O,2,False,0.029019412414015674,0.9844764295140137,0.9437096542220714,0.35,0.0,0.0,0.26893506180495025,0.07365114953368902,3.2870344676077363,0.18954758934676647,0.06948194053920671,0.0,6.0987141309306026,8.098484382033348,0.15660038113529745,0.577263169589853,10.214649128717818,3.5959261646484078,2.908226852172204,0.33580580373922003,0.05466842341591946,0.10917624934887038,0.01872253765519553,0.07315515952081793,-0.042227852126951314,-0.013697871795980457,0.21023329684743872,0.02756428239166594,0.8770833333333333,0.00430795975204954,0.01047069809137378,1.6330574914495681,0.05948524553763951,0.06861482331112868,0.039870984514728924,0.0019367273261814738,0.0188075425659479,0.012000820421905796,0.003145613436543745,0.005067370216928967,0.004324160884070737,0.012781164167269507,0.002923791787043909,0.025176760381054274,2.0816681711721685e-17,1.3778659611992945e-05,4.1335978835978834e-05,5.130596522310281,8259.9740319416
420001,3,15,M4,3,False,0.029019412414015674,0.9844764295140137,0.9437096542220714,0.35,0.0,0.0,0.26893506180495025,0.07365114953368902,3.2870344676077363,0.18954758934676647,0.06948194053920671,0.0,6.0987141309306026,8.098484382033348,0.15660038113529745,0.577263169589853,10.214649128717818,3.5959261646484078,2.908226852172204,0.33580580373922003,0.05466842341591946,0.10917624934887038,0.01872253765519553,0.07315515952081793,-0.042227852126951314,-0.013697871795980457,0.21023329684743872,0.02756428239166594,0.8770833333333333,0.00430795975204954,0.01047069809137378,1.6330574914495681,0.05948524553763951,0.06861482331112868,0.039870984514728924,0.0019367273261814738,0.0188075425659479,0.012000820421905796,0.003145613436543745,0.005067370216928967,0.004324160884070737,0.012781164167269507,0.002923791787043909,0.025176760381054274,2.0816681711721685e-17,1.3778659611992945e-05,4.1335978835978834e-05,5.130596522310281,8259.9740319416
420001,3,16,M2,0,False,1.1099031406729564e-05,0.9844764295140137,0.9437096542220714,0.35,0.0,0.0,0.27431888692080975,0.06181873608380556,2.745128928869963,0.22651283517479898,0.0,0.0,5.591213259845972,8.767512990161777,0.1632570773634809,0.5774975214122159,8.505200894258836,3.4425385500314825,3.071340360885346,0.40295499459858936,0.08262839152197379,0.1539862694480522,0.04181169397284295,0.0718037504201922,-0.032375853621164,-0.006027739636121014,0.2694610974782466,0.028678792316667135,0.86875,0.004558928695694145,0.012795224809394037,1.3726869375965984,0.05328631644318929,0.07999650353397525,0.05310562036884582,0.0026160800836788076,0.019090561335070602,0.011626198480158549,0.0031765920751759295,0.008164115130418136,0.005006055047631662,0.015291831595480435,0.00364103847364667,0.028363022595002774,2.0816681711721685e-17,0.0,2.755731922398589e-05,2.9843924367702175,2597.6474387997346
420001,3,16,M3,1,False,1.1099031406729564e-05,0.9844764295140137,0.9437096542220714,0.35,0.0,0.0,0.27431888692080975,0.06181873608380556,2.745128928869963,0.22651283517479898,0.0,0.0,5.591213259845972,8.767512990161777,0.1632570773634809,0.5774975214122159,8.505200894258836,3.4425385500314825,3.071340360885346,0.40295499459858936,0.08262839152197379,0.1539862694480522,0.04181169397284295,0.0718037504201922,-0.032375853621164,-0.006027739636121014,0.2694610974782466,0.028678792316667135,0.86875,0.004558928695694145,0.012795224809394037,1.3726869375965984,0.05328631644318929,0.07999650353397525,0.05310562036884582,0.0026160800836788076,0.019090561335070602,0.011626198480158549,0.0031765920751759295,0.008164115130418136,0.005006055047631662,0.015291831595480435,0.00364103847364667,0.028363022595002774,2.0816681711721685e-17,0.0,2.755731922398589e-05,2.9843924367702175,2597.6474387997346
420001,3,16,M2+O,2,False,0.00015385011448864382,0.9844764295140137,0.9437096542220714,0.35,0.0,0.0,0.27431888692080975,0.06181873608380556,2.745128928869963,0.22651283517479898,0.2121842301297775,0.0,5.591213259845972,8.767512990161777,0.16018061095438815,0.583358512171899,8.93949637161907,3.5740390845116425,2.9899454764162576,0.40853594994511305,0.0953423089002605,0.14298501064058097,0.034319277007319286,0.07548538935929176,-0.026061039507908074,-0.0006570491950341886,0.3120072277904546,0.03781699070956383,0.9166666666666666,0.00521558610251106,0.013449974570463527,1.3014124130510374,0.050752142464661254,0.07694074530549537,0.03969971963691037,0.0023367980368557166,0.02016935301360802,0.011270912596393757,0.0027201660428491994,0.00879317888441548,0.005286479863292555,0.014647860561488436,0.003518637326530091,0.017462866054037525,2.0816681711721685e-17,1.3778659611992945e-05,4.1335978835978834e-05,3.1361887079725244,2995.889885534083
420001,3,16,M4,3,False,0.00015385011448864382,0.9844764295140137,0.9437096542220714,0.35,0.0,0.0,0.27431888692080975,0.06181873608380556,2.745128928869963,0.22651283517479898,0.2121842301297775,0.0,5.591213259845972,8.767512990161777,0.16018061095438815,0.583358512171899,8.93949637161907,3.5740390845116425,2.9899454764162576,0.40853594994511305,0.0953423089002605,0.14298501064058097,0.034319277007319286,0.07548538935929176,-0.026061039507908074,-0.0006570491950341886,0.3120072277904546,0.03781699070956383,0.9166666666666666,0.00521558610251106,0.013449974570463527,1.3014124130510374,0.050752142464661254,0.07694074530549537,0.03969971963691037,0.0023367980368557166,0.02016935301360802,0.011270912596393757,0.0027201660428491994,0.00879317888441548,0.005286479863292555,0.014647860561488436,0.003518637326530091,0.017462866054037525,2.0816681711721685e-17,1.3778659611992945e-05,4.1335978835978834e-05,3.1361887079725244,2995.889885534083
420001,3,17,M2,0,False,0.0213835823336223,0.9844764295140137,0.9437096542220714,0.35,0.0,0.0,0.2107140221633017,0.07251564121339471,3.1294893007725477,0.21084689751267433,0.0,0.0,6.359143438749015,6.029857037588954,0.1582771348850097,0.5792531442325762,9.794215033896958,3.5592739204404324,2.954571380010313,0.3457758611987843,0.05683918631306026,0.1264862437780131,0.026627342412664703,0.07223561552641498,-0.042674559623665224,-0.014809752161227594,0.17049548108172408,0.020823962826427966,0.80625,0.003391890072810555,0.010969746406187596,1.5689621742382194,0.05611608479398627,0.06801860452215179,0.037525722280908044,0.002226196393434515,0.019176088694210752,0.013273374561182638,0.0032813626586481286,0.005563816707785236,0.004147429392373771,0.010431398855732764,0.0028499893725706152,0.03273638947184271,2.0816681711721685e-17,1.3778659611992945e-05,1.3778659611992945e-05,4.4226455855760545,13127.213684519355
420001,3,17,M3,1,False,0.0213835823336223,0.9844764295140137,0.9437096542220714,0.35,0.0,0.0,0.2107140221633017,0.07251564121339471,3.1294893007725477,0.21084689751267433,0.0,0.0,6.359143438749015,6.029857037588954,0.1582771348850097,0.5792531442325762,9.794215033896958,3.5592739204404324,2.954571380010313,0.3457758611987843,0.05683918631306026,0.1264862437780131,0.026627342412664703,0.07223561552641498,-0.042674559623665224,-0.014809752161227594,0.17049548108172408,0.020823962826427966,0.80625,0.003391890072810555,0.010969746406187596,1.5689621742382194,0.05611608479398627,0.06801860452215179,0.037525722280908044,0.002226196393434515,0.019176088694210752,0.013273374561182638,0.0032813626586481286,0.005563816707785236,0.004147429392373771,0.010431398855732764,0.0028499893725706152,0.03273638947184271,2.0816681711721685e-17,1.3778659611992945e-05,1.3778659611992945e-05,4.4226455855760545,13127.213684519355
420001,3,17,M2+O,2,False,0.020870161991865702,0.9844764295140137,0.9437096542220714,0.35,0.0,0.0,0.2107140221633017,0.07251564121339471,3.1294893007725477,0.21084689751267433,0.022073353820592844,0.0,6.359143438749015,6.029857037588954,0.15822269595996233,0.5787738258964731,9.772869167361149,3.5692986650531204,2.9606042778427906,0.3612971963571942,0.05699814197377498,0.1267367671380222,0.026461028015570032,0.0723891058136689,-0.04241014247910041,-0.01454495100522262,0.17183534410973766,0.021024740216976326,0.8166666666666668,0.0034476213826226767,0.011094128626903314,1.5589547307420362,0.05789642146607984,0.06724841521771226,0.03854726648064678,0.0022003967690916236,0.01914463625716539,0.013179981896598822,0.0031804618981804617,0.005616670932764853,0.0042100833045348686,0.010411399068960278,0.0027988715937346054,0.030346230734751282,2.0816681711721685e-17,1.3778659611992945e-05,1.3778659611992945e-05,4.425932705076653,13182.700442602922
420001,3,17,M4,3,False,0.020870161991865702,0.9844764295140137,0.9437096542220714,0.35,0.0,0.0,0.2107140221633017,0.07251564121339471,3.1294893007725477,0.21084689751267433,0.022073353820592844,0.0,6.359143438749015,6.029857037588954,0.15822269595996233,0.5787738258964731,9.772869167361149,3.5692986650531204,2.9606042778427906,0.3612971963571942,0.05699814197377498,0.1267367671380222,0.026461028015570032,0.0723891058136689,-0.04241014247910041,-0.01454495100522262,0.17183534410973766,0.021024740216976326,0.8166666666666668,0.0034476213826226767,0.011094128626903314,1.5589547307420362,0.05789642146607984,0.06724841521771226,0.03854726648064678,0.0022003967690916236,0.01914463625716539,0.013179981896598822,0.0031804618981804617,0.005616670932764853,0.0042100833045348686,0.010411399068960278,0.0027988715937346054,0.030346230734751282,2.0816681711721685e-17,1.3778659611992945e-05,1.3778659611992945e-05,4.425932705076653,13182.700442602922
420001,3,18,M2,0,True,0.0,0.9844764295140137,0.9437096542220714,0.35,0.0,0.0,0.2333221411332488,0.0694007444800809,2.9358963377773764,0.24959932155907155,0.0,0.0,6.073741978500038,7.956517500802875,0.15686309209437235,0.5980757957471284,10.21418983928739,3.5748174939303206,2.93244927240951,0.37778240406148056,0.07108182422717148,0.14466560568829775,0.03330566915646166,0.07314409523220573,-0.035185402283783945,-0.008978859461369594,0.1994043321060628,0.02545946128459836,0.8458333333333332,0.0037569358365351036,0.012722318475266264,1.6164967485011543,0.05692319273899966,0.06532080482903596,0.038049339846768095,0.0025236970647482915,0.01952634387740449,0.012626655410080312,0.0033091050780073446,0.007502291241726224,0.004578426925699585,0.011547913319698705,0.0033022238276978386,0.0325427069829444,2.0816681711721685e-17,2.755731922398589e-05,4.1335978835978834e-05,3.8689108803692602,7816.410613849227
420001,3,18,M3,1,True,0.0,0.9844764295140137,0.9437096542220714,0.35,0.0,0.0,0.2333221411332488,0.0694007444800809,2.9358963377773764,0.24959932155907155,0.0,0.0,6.073741978500038,7.956517500802875,0.15686309209437235,0.5980757957471284,10.21418983928739,3.5748174939303206,2.93244927240951,0.37778240406148056,0.07108182422717148,0.14466560568829775,0.03330566915646166,0.07314409523220573,-0.035185402283783945,-0.008978859461369594,0.1994043321060628,0.02545946128459836,0.8458333333333332,0.0037569358365351036,0.012722318475266264,1.6164967485011543,0.05692319273899966,0.06532080482903596,0.038049339846768095,0.0025236970647482915,0.01952634387740449,0.012626655410080312,0.0033091050780073446,0.007502291241726224,0.004578426925699585,0.011547913319698705,0.0033022238276978386,0.0325427069829444,2.0816681711721685e-17,2.755731922398589e-05,4.1335978835978834e-05,3.8689108803692602,7816.410613849227
420001,3,18,M2+O,2,True,0.0,0.9844764295140137,0.9437096542220714,0.35,0.0,0.0,0.2333221411332488,0.0694007444800809,2.9358963377773764,0.24959932155907155,0.04776055824152218,0.0,6.073741978500038,7.956517500802875,0.15667938176773974,0.5988145929385068,10.190352574671934,3.584239247359007,2.9199713956636355,0.41583672757926454,0.07171779139259456,0.1448066718759414,0.033172620223026625,0.07333641070109566,-0.03447127823289165,-0.008275205593739498,0.2034328955794551,0.026087269772488136,0.8541666666666666,0.003878084925308874,0.012971836239550685,1.5986911052374437,0.057750082583140926,0.07104643811963973,0.046508573700228525,0.002458067915642468,0.019592011742230693,0.012498279146790558,0.0031135778099656516,0.007647474550451713,0.004672148479171211,0.01141752051327692,0.0032096434945358223,0.029781308374589848,2.0816681711721685e-17,1.3778659611992945e-05,4.1335978835978834e-05,3.8834336505099767,7826.9036818095
420001,3,18,M4,3,True,0.0,0.9844764295140137,0.9437096542220714,0.35,0.0,0.0,0.2333221411332488,0.0694007444800809,2.9358963377773764,0.24959932155907155,0.04776055824152218,0.0,6.073741978500038,7.956517500802875,0.15667938176773974,0.5988145929385068,10.190352574671934,3.584239247359007,2.9199713956636355,0.41583672757926454,0.07171779139259456,0.1448066718759414,0.033172620223026625,0.07333641070109566,-0.03447127823289165,-0.008275205593739498,0.2034328955794551,0.026087269772488136,0.8541666666666666,0.003878084925308874,0.012971836239550685,1.5986911052374437,0.057750082583140926,0.07104643811963973,0.046508573700228525,0.002458067915642468,0.019592011742230693,0.012498279146790558,0.0031135778099656516,0.007647474550451713,0.004672148479171211,0.01141752051327692,0.0032096434945358223,0.029781308374589848,2.0816681711721685e-17,1.3778659611992945e-05,4.1335978835978834e-05,3.8834336505099767,7826.9036818095
420001,3,19,M2,0,False,0.048706107147844624,0.9844764295140137,0.9437096542220714,0.35,0.0,0.0,0.29389928011223676,0.0837265725620091,3.151984858140349,0.19276041217148304,0.0,0.0,5.306607499253005,6.847492961212993,0.15215437599271642,0.5916789821896009,11.629959743557732,3.6815305951026382,2.83756653166461,0.3641057422014669,0.05014238050314396,0.09912149120914764,0.012133980423983545,0.07365516735722723,-0.042150163125181,-0.014478331184850882,0.20025595058631138,0.029143622559169444,0.8854166666666666,0.004273582000532343,0.009860619262161606,1.8177392772470407,0.06102076726884022,0.0757019773538452,0.04016946373175502,0.0019335653533524102,0.018692899355973954,0.012365231218969434,0.0034745865133056233,0.004603600620493907,0.0040347139580053015,0.012847379948820637,0.0030737811713557397,0.02159390653672717,2.0816681711721685e-17,0.00013778659611992945,0.00020667989417989417,5.514228053483961,1755.0042232815158
420001,3,19,M3,1,False,0.048706107147844624,0.9844764295140137,0.9437096542220714,0.35,0.0,0.0,0.29389928011223676,0.0837265725620091,3.151984858140349,0.19276041217148304,0.0,0.0,5.306607499253005,6.847492961212993,0.15215437599271642,0.5916789821896009,11.629959743557732,3.6815305951026382,2.83756653166461,0.3641057422014669,0.05014238050314396,0.09912149120914764,0.012133980423983545,0.07365516735722723,-0.042150163125181,-0.014478331184850882,0.20025595058631138,0.029143622559169444,0.8854166666666666,0.004273582000532343,0.009860619262161606,1.8177392772470407,0.06102076726884022,0.0757019773538452,0.04016946373175502,0.0019335653533524102,0.018692899355973954,0.012365231218969434,0.0034745865133056233,0.004603600620493907,0.0040347139580053015,0.012847379948820637,0.0030737811713557397,0.02159390653672717,2.0816681711721685e-17,0.00013778659611992945,0.00020667989417989417,5.514228053483961,1755.0042232815158
420001,3,19,M2+O,2,False,0.03247976881844147,0.9844764295140137,0.9437096542220714,0.35,0.0,0.0,0.29389928011223676,0.0837265725620091,3.151984858140349,0.19276041217148304,0.13119263357491437,0.0,5.306607499253005,6.847492961212993,0.15116244475522203,0.592386204847398,11.639338481202133,3.71028517226025,2.7770495527172323,0.3456551566332104,0.05378335139103881,0.0974893402819384,0.012879412253517278,0.0746060240046764,-0.04001911109326963,-0.011754195811277679,0.21708893746437422,0.032531311597787965,0.9041666666666668,0.0046301365313901124,0.009994116290398819,1.7529631149175213,0.06401793614802272,0.07087816987936275,0.04222681086826863,0.0017877197931327798,0.01899412246275118,0.011593073065201624,0.003192273091802044,0.004855934064772715,0.004330159734302191,0.012743259455306733,0.0028452964936591246,0.02061479582152792,2.0816681711721685e-17,0.00013778659611992945,0.00019290123456790122,5.6419690163214655,1766.293454021589
420001,3,19,M4,3,False,0.03247976881844147,0.9844764295140137,0.9437096542220714,0.35,0.0,0.0,0.29389928011223676,0.0837265725620091,3.151984858140349,0.19276041217148304,0.13119263357491437,0.0,5.306607499253005,6.847492961212993,0.15116244475522203,0.592386204847398,11.639338481202133,3.71028517226025,2.7770495527172323,0.3456551566332104,0.05378335139103881,0.0974893402819384,0.012879412253517278,0.0746060240046764,-0.04001911109326963,-0.011754195811277679,0.21708893746437422,0.032531311597787965,0.9041666666666668,0.0046301365313901124,0.009994116290398819,1.7529631149175213,0.06401793614802272,0.07087816987936275,0.04222681086826863,0.0017877197931327798,0.01899412246275118,0.011593073065201624,0.003192273091802044,0.004855934064772715,0.004330159734302191,0.012743259455306733,0.0028452964936591246,0.02061479582152792,2.0816681711721685e-17,0.00013778659611992945,0.00019290123456790122,5.6419690163214655,1766.293454021589
420001,3,20,M2,0,False,0.0037701038525957643,0.9844764295140137,0.9437096542220714,0.35,0.0,0.0,0.2853641238063574,0.066921036564745,3.004666529595852,0.18090405613183974,0.0,0.0,5.5569867682643235,7.624283714219928,0.16335450508606456,0.5594925075512345,8.523892759124328,3.4673163210102764,3.079274828076288,0.33461836388455984,0.06447389457157886,0.12183127746218882,0.027728655513894845,0.07171263259271522,-0.04134890810194473,-0.011201522194975283,0.2615360297264044,0.028348197643962986,0.8666666666666666,0.004620577374350984,0.011318112568403217,1.4456795424475066,0.052465227812464814,0.07972976001406883,0.04671605168712907,0.00216298018742455,0.018622675072709028,0.01197495603107023,0.003147573710264554,0.005819735437955244,0.00460776092534542,0.015668420262791638,0.0034230910685322624,0.026179886810869742,2.0816681711721685e-17,1.3778659611992945e-05,1.3778659611992945e-05,3.5594516750211156,2681.6183576736635
420001,3,20,M3,1,False,0.0037701038525957643,0.9844764295140137,0.9437096542220714,0.35,0.0,0.0,0.2853641238063574,0.066921036564745,3.004666529595852,0.18090405613183974,0.0,0.0,5.5569867682643235,7.624283714219928,0.16335450508606456,0.5594925075512345,8.523892759124328,3.4673163210102764,3.079274828076288,0.33461836388455984,0.06447389457157886,0.12183127746218882,0.027728655513894845,0.07171263259271522,-0.04134890810194473,-0.011201522194975283,0.2615360297264044,0.028348197643962986,0.8666666666666666,0.004620577374350984,0.011318112568403217,1.4456795424475066,0.052465227812464814,0.07972976001406883,0.04671605168712907,0.00216298018742455,0.018622675072709028,0.01197495603107023,0.003147573710264554,0.005819735437955244,0.00460776092534542,0.015668420262791638,0.0034230910685322624,0.026179886810869742,2.0816681711721685e-17,1.3778659611992945e-05,1.3778659611992945e-05,3.5594516750211156,2681.6183576736635
420001,3,20,M2+O,2,False,0.0016949730303901956,0.9844764295140137,0.9437096542220714,0.35,0.0,0.0,0.2853641238063574,0.066921036564745,3.004666529595852,0.18090405613183974,0.07382451393861636,0.0,5.5569867682643235,7.624283714219928,0.1628947718258351,0.5585669083586794,8.525964400309343,3.5182067370921275,3.080178744471731,0.3707162212822927,0.06629469548536689,0.12247434008357548,0.02859669348581498,0.0720887824758411,-0.03996196047115096,-0.009935538149787516,0.26966113708904904,0.029839436422388396,0.88125,0.004830744296372037,0.011768591258270853,1.427253670214981,0.059865988104554874,0.0728431216390005,0.04398018271078568,0.0020481978248509643,0.01880491286083642,0.011536485834540216,0.002972154843224785,0.0060173724864744154,0.004784118660032512,0.01544781381639868,0.003244842774522905,0.02514676125168558,2.0816681711721685e-17,1.3778659611992945e-05,2.755731922398589e-05,3.592290721954475,2714.479326018822
420001,3,20,M4,3,False,0.0016949730303901956,0.9844764295140137,0.9437096542220714,0.35,0.0,0.0,0.2853641238063574,0.066921036564745,3.004666529595852,0.18090405613183974,0.07382451393861636,0.0,5.5569867682643235,7.624283714219928,0.1628947718258351,0.5585669083586794,8.525964400309343,3.5182067370921275,3.080178744471731,0.3707162212822927,0.06629469548536689,0.12247434008357548,0.02859669348581498,0.0720887824758411,-0.03996196047115096,-0.009935538149787516,0.26966113708904904,0.029839436422388396,0.88125,0.004830744296372037,0.011768591258270853,1.427253670214981,0.059865988104554874,0.0728431216390005,0.04398018271078568,0.0020481978248509643,0.01880491286083642,0.011536485834540216,0.002972154843224785,0.0060173724864744154,0.004784118660032512,0.01544781381639868,0.003244842774522905,0.02514676125168558,2.0816681711721685e-17,1.3778659611992945e-05,2.755731922398589e-05,3.592290721954475,2714.479326018822
420001,3,21,M2,0,False,0.0024124839979788614,0.9844764295140137,0.9437096542220714,0.35,0.0,0.0,0.24985972577705978,0.08074341848492622,2.7879210490733386,0.2564136388897896,0.0,0.0,6.2897146246396005,7.174714235588908,0.15207431708163396,0.6063831838807862,11.451112812044522,3.6550184847541503,2.856418350221046,0.4179106522176503,0.06557946605220266,0.1327673774694672,0.025371955872703713,0.07432461925327875,-0.03575818650736984,-0.009351805219850778,0.19089446425435366,0.027635725419428894,0.8666666666666667,0.0038207798477942396,0.012104371541767075,1.7874085988858923,0.05775758057908642,0.06728901753932104,0.043031646781868875,0.0023858111252024997,0.019570989122445086,0.012566472465443472,0.003338933951492753,0.007000597967344188,0.004402560785652538,0.0113276182268864,0.003263338809953289,0.02736406896883943,2.0816681711721685e-17,4.1335978835978834e-05,4.1335978835978834e-05,4.1407003617357345,12107.57079927477
420001,3,21,M3,1,False,0.0024124839979788614,0.9844764295140137,0.9437096542220714,0.35,0.0,0.0,0.24985972577705978,0.08074341848492622,2.7879210490733386,0.2564136388897896,0.0,0.0,6.2897146246396005,7.174714235588908,0.15207431708163396,0.6063831838807862,11.451112812044522,3.6550184847541503,2.856418350221046,0.4179106522176503,0.06557946605220266,0.1327673774694672,0.025371955872703713,0.07432461925327875,-0.03575818650736984,-0.009351805219850778,0.19089446425435366,0.027635725419428894,0.8666666666666667,0.0038207798477942396,0.012104371541767075,1.7874085988858923,0.05775758057908642,0.06728901753932104,0.043031646781868875,0.0023858111252024997,0.019570989122445086,0.012566472465443472,0.003338933951492753,0.007000597967344188,0.004402560785652538,0.0113276182268864,0.003263338809953289,0.02736406896883943,2.0816681711721685e-17,4.1335978835978834e-05,4.1335978835978834e-05,4.1407003617357345,12107.57079927477
420001,3,21,M2+O,2,False,0.0017592052261925168,0.9844764295140137,0.9437096542220714,0.35,0.0,0.0,0.24985972577705978,0.08074341848492622,2.7879210490733386,0.2564136388897896,0.05298770697682681,0.0,6.2897146246396005,7.174714235588908,0.15187242587757943,0.6051905058538972,11.416938262877492,3.6562531650136996,2.840442343310302,0.43953780970167716,0.06622514075333141,0.13287212526311143,0.024887853344355074,0.07450614002345382,-0.03502876748254876,-0.008607666049397904,0.19509793640121798,0.028312629878562406,0.8604166666666666,0.003950757580140751,0.012516282081681802,1.7637325851110537,0.06111786021983148,0.06649080812881884,0.046912307818286224,0.002319091251547336,0.01962916768261066,0.012424416884398482,0.003146866272066669,0.007150814507995227,0.004511903198615956,0.01122083152578398,0.003163236192102396,0.026405966378575757,2.0816681711721685e-17,4.1335978835978834e-05,5.511463844797178e-05,4.158618162853549,12109.217214898192
420001,3,21,M4,3,False,0.0017592052261925168,0.9844764295140137,0.9437096542220714,0.35,0.0,0.0,0.24985972577705978,0.08074341848492622,2.7879210490733386,0.2564136388897896,0.05298770697682681,0.0,6.2897146246396005,7.174714235588908,0.15187242587757943,0.6051905058538972,11.416938262877492,3.6562531650136996,2.840442343310302,0.43953780970167716,0.06622514075333141,0.13287212526311143,0.024887853344355074,0.07450614002345382,-0.03502876748254876,-0.008607666049397904,0.19509793640121798,0.028312629878562406,0.8604166666666666,0.003950757580140751,0.012516282081681802,1.7637325851110537,0.06111786021983148,0.06649080812881884,0.046912307818286224,0.002319091251547336,0.01962916768261066,0.012424416884398482,0.003146866272066669,0.007150814507995227,0.004511903198615956,0.01122083152578398,0.003163236192102396,0.026405966378575757,2.0816681711721685e-17,4.1335978835978834e-05,5.511463844797178e-05,4.158618162853549,12109.217214898192
420001,3,22,M2,0,False,0.011801608455484525,0.9844764295140137,0.9437096542220714,0.35,0.0,0.0,0.21934264209121468,0.06507959863170981,3.2768081992864606,0.20266117803752423,0.0,0.0,5.824183402583003,8.253249479457736,0.16149977672120078,0.570800161509252,9.011158671764148,3.5059792169160127,3.035063203829544,0.3423040891455744,0.06022283126414275,0.13170631248106612,0.030578136880770327,0.07170370966341062,-0.04278852364170176,-0.014198574189465829,0.1901066106059779,0.021085875402905515,0.8104166666666668,0.003594311548958906,0.011516030798411622,1.4980493573002271,0.05390147440746849,0.07139678912151723,0.04038383018201969,0.002271853263349588,0.019061154953646395,0.012982042206127859,0.003226260123460182,0.005792394119232501,0.004300866450064818,0.011555478950239393,0.002952946723487226,0.03296616165114862,2.0816681711721685e-17,1.3778659611992945e-05,2.755731922398589e-05,4.29255358564626,4732.446931961712
420001,3,22,M3,1,False,0.011801608455484525,0.9844764295140137,0.9437096542220714,0.35,0.0,0.0,0.21934264209121468,0.06507959863170981,3.2768081992864606,0.20266117803752423,0.0,0.0,5.824183402583003,8.253249479457736,0.16149977672120078,0.570800161509252,9.011158671764148,3.5059792169160127,3.035063203829544,0.3423040891455744,0.06022283126414275,0.13170631248106612,0.030578136880770327,0.07170370966341062,-0.04278852364170176,-0.014198574189465829,0.1901066106059779,0.021085875402905515,0.8104166666666668,0.003594311548958906,0.011516030798411622,1.4980493573002271,0.05390147440746849,0.07139678912151723,0.04038383018201969,0.002271853263349588,0.019061154953646395,0.012982042206127859,0.003226260123460182,0.005792394119232501,0.004300866450064818,0.011555478950239393,0.002952946723487226,0.03296616165114862,2.0816681711721685e-17,1.3778659611992945e-05,2.755731922398589e-05,4.29255358564626,4732.446931961712
420001,3,22,M2+O,2,False,0.010919908688255322,0.9844764295140137,0.9437096542220714,0.35,0.0,0.0,0.21934264209121468,0.06507959863170981,3.2768081992864606,0.20266117803752423,0.033084380497587614,0.0,5.824183402583003,8.253249479457736,0.16139180755143775,0.5696939301840019,8.986102816431819,3.5131241276027545,3.0438518190886192,0.3568012584033293,0.06059514697749784,0.13210401069859112,0.030750641589214932,0.0718763645733354,-0.04232920007181329,-0.01374445785024836,0.19267539756751118,0.021482741772342384,0.8250000000000001,0.0036826707350550237,0.01156930458928609,1.484464211635868,0.05750116018371575,0.07188657054077739,0.04429204950222045,0.0022291016133563165,0.019055212787822642,0.012795383127706837,0.003077866880639251,0.005878572540342088,0.004402176367597112,0.011510011828475521,0.0028763401437434458,0.029334403801284447,2.0816681711721685e-17,1.3778659611992945e-05,2.755731922398589e-05,4.299862411593975,4739.714536331288
420001,3,22,M4,3,False,0.010919908688255322,0.9844764295140137,0.9437096542220714,0.35,0.0,0.0,0.21934264209121468,0.06507959863170981,3.2768081992864606,0.20266117803752423,0.033084380497587614,0.0,5.824183402583003,8.253249479457736,0.16139180755143775,0.5696939301840019,8.986102816431819,3.5131241276027545,3.0438518190886192,0.3568012584033293,0.06059514697749784,0.13210401069859112,0.030750641589214932,0.0718763645733354,-0.04232920007181329,-0.01374445785024836,0.19267539756751118,0.021482741772342384,0.8250000000000001,0.0036826707350550237,0.01156930458928609,1.484464211635868,0.05750116018371575,0.07188657054077739,0.04429204950222045,0.0022291016133563165,0.019055212787822642,0.012795383127706837,0.003077866880639251,0.005878572540342088,0.004402176367597112,0.011510011828475521,0.0028763401437434458,0.029334403801284447,2.0816681711721685e-17,1.3778659611992945e-05,2.755731922398589e-05,4.299862411593975,4739.714536331288
420001,3,23,M2,0,False,0.0026265415834545312,0.9844764295140137,0.9437096542220714,0.35,0.0,0.0,0.25806931434199215,0.07628014065790922,2.8931047920137645,0.23965651862323284,0.0,0.0,5.092159022577107,6.549499271437526,0.1547538601929305,0.5983494760452206,10.843203170817995,3.618037020407314,2.8934519054100907,0.3950950593114775,0.06538751836578381,0.13278497843394316,0.02679020450580435,0.07360426119845065,-0.03767930926326321,-0.00990706282135136,0.20391524504595315,0.02765616404762142,0.8604166666666666,0.003985428667060185,0.012388610342800116,1.725250144218962,0.056637389104094084,0.0679343759639253,0.04087084889794287,0.0023592537032619243,0.019333874644750698,0.012446127138988171,0.0033219974576710323,0.006685766566299206,0.004446673433904383,0.012203524392235246,0.003247928423844671,0.027744167468179967,2.0816681711721685e-17,0.00017912257495590828,0.00026179453262786595,4.1184189208288045,1159.9652718278085
420001,3,23,M3,1,False,0.0026265415834545312,0.9844764295140137,0.9437096542220714,0.35,0.0,0.0,0.25806931434199215,0.07628014065790922,2.8931047920137645,0.23965651862323284,0.0,0.0,5.092159022577107,6.549499271437526,0.1547538601929305,0.5983494760452206,10.843203170817995,3.618037020407314,2.8934519054100907,0.3950950593114775,0.06538751836578381,0.13278497843394316,0.02679020450580435,0.07360426119845065,-0.03767930926326321,-0.00990706282135136,0.20391524504595315,0.02765616404762142,0.8604166666666666,0.003985428667060185,0.012388610342800116,1.725250144218962,0.056637389104094084,0.0679343759639253,0.04087084889794287,0.0023592537032619243,0.019333874644750698,0.012446127138988171,0.0033219974576710323,0.006685766566299206,0.004446673433904383,0.012203524392235246,0.003247928423844671,0.027744167468179967,2.0816681711721685e-17,0.00017912257495590828,0.00026179453262786595,4.1184189208288045,1159.9652718278085
420001,3,23,M2+O,2,False,9.24016085517897e-06,0.9844764295140137,0.9437096542220714,0.35,0.0,0.0,0.25806931434199215,0.07628014065790922,2.8931047920137645,0.23965651862323284,0.16454687114128402,0.0,5.092159022577107,6.549499271437526,0.1532094081397312,0.5993813899495962,10.959750671683546,3.6830392933608755,2.8475937942513094,0.38354190939179417,0.0714229364730437,0.128969371904292,0.023560833715168362,0.07548472247935402,-0.03427058300000111,-0.0062004601327146315,0.2312225748268384,0.03280521635866027,0.90625,0.004454758468243205,0.013001921082029784,1.6421066860242646,0.05695353032828689,0.07047052913609436,0.0388650308813229,0.002158437351329231,0.019844337646262353,0.01200958384679819,0.0029486081723258104,0.0071843484331939956,0.004757123278890385,0.01191328469727319,0.0030191594251261986,0.016841250469941484,2.0816681711721685e-17,0.00017912257495590828,0.0003169091710758377,4.282584764497288,1266.471894608781
420001,3,23,M4,3,False,9.24016085517897e-06,0.9844764295140137,0.9437096542220714,0.35,0.0,0.0,0.25806931434199215,0.07628014065790922,2.8931047920137645,0.23965651862323284,0.16454687114128402,0.0,5.092159022577107,6.549499271437526,0.1532094081397312,0.5993813899495962,10.959750671683546,3.6830392933608755,2.8475937942513094,0.38354190939179417,0.0714229364730437,0.128969371904292,0.023560833715168362,0.07548472247935402,-0.03427058300000111,-0.0062004601327146315,0.2312225748268384,0.03280521635866027,0.90625,0.004454758468243205,0.013001921082029784,1.6421066860242646,0.05695353032828689,0.07047052913609436,0.0388650308813229,0.002158437351329231,0.019844337646262353,0.01200958384679819,0.0029486081723258104,0.0071843484331939956,0.004757123278890385,0.01191328469727319,0.0030191594251261986,0.016841250469941484,2.0816681711721685e-17,0.00017912257495590828,0.0003169091710758377,4.282584764497288,1266.471894608781
420001,3,24,M2,0,False,0.0028673216739912213,0.9844764295140137,0.9437096542220714,0.35,0.0,0.0,0.25229498287662866,0.07130121480673551,3.2424582408741114,0.25054258555173875,0.0,0.0,5.1947883064858615,7.697029176168144,0.15281652124448178,0.6048297209920697,11.27820727772261,3.6456568542701633,2.8799595206018895,0.4147371447637314,0.06518073599402058,0.13284828566211668,0.025121294622398826,0.07420558430923861,-0.03791391527595268,-0.010246294542808577,0.19380133390691578,0.027492560009190217,0.8604166666666666,0.0038622320554841023,0.012595362327462582,1.7621445026026885,0.05866925811937068,0.06893977310820411,0.044379811164810976,0.0024017911129486295,0.01926634585166871,0.01251170494686479,0.0034152367832464866,0.006716791086054542,0.004368261464076653,0.011516529534579063,0.0032346791861747343,0.027083333333333334,2.0816681711721685e-17,0.0002204585537918871,0.00033068783068783067,5.171635165838734,1518.4851645820718
420001,3,24,M3,1,False,0.0028673216739912213,0.9844764295140137,0.9437096542220714,0.35,0.0,0.0,0.25229498287662866,0.07130121480673551,3.2424582408741114,0.25054258555173875,0.0,0.0,5.1947883064858615,7.697029176168144,0.15281652124448178,0.6048297209920697,11.27820727772261,3.6456568542701633,2.8799595206018895,0.4147371447637314,0.06518073599402058,0.13284828566211668,0.025121294622398826,0.07420558430923861,-0.03791391527595268,-0.010246294542808577,0.19380133390691578,0.027492560009190217,0.8604166666666666,0.0038622320554841023,0.012595362327462582,1.7621445026026885,0.05866925811937068,0.06893977310820411,0.044379811164810976,0.0024017911129486295,0.01926634585166871,0.01251170494686479,0.0034152367832464866,0.006716791086054542,0.004368261464076653,0.011516529534579063,0.0032346791861747343,0.027083333333333334,2.0816681711721685e-17,0.0002204585537918871,0.00033068783068783067,5.171635165838734,1518.4851645820718
420001,3,24,M2+O,2,False,0.002642069493407265,0.9844764295140137,0.9437096542220714,0.35,0.0,0.0,0.25229498287662866,0.07130121480673551,3.2424582408741114,0.25054258555173875,0.027300393382453058,0.0,5.1947883064858615,7.697029176168144,0.1527416492227024,0.6045738425501036,11.256766248975799,3.6515628994245675,2.871686970598024,0.4367731613123083,0.06537390414100629,0.1330232405785037,0.024941802417868558,0.0743219136802765,-0.03757272368633227,-0.009941372677931371,0.19540734659093006,0.027748339217767676,0.8583333333333334,0.003927977119808183,0.013016803371844795,1.751295549017599,0.0631178523861855,0.06771710083784077,0.04283671792925342,0.002367577163352072,0.019291612024918317,0.012441444901640033,0.0033029728875798286,0.006797705194860375,0.0044306946447771715,0.011479008862258035,0.003177562372450967,0.028339726473950968,2.0816681711721685e-17,0.00020667989417989417,0.0003169091710758377,5.178003496871768,1516.3520319751208
420001,3,24,M4,3,False,0.002642069493407265,0.9844764295140137,0.9437096542220714,0.35,0.0,0.0,0.25229498287662866,0.07130121480673551,3.2424582408741114,0.25054258555173875,0.027300393382453058,0.0,5.1947883064858615,7.697029176168144,0.1527416492227024,0.6045738425501036,11.256766248975799,3.6515628994245675,2.871686970598024,0.4367731613123083,0.06537390414100629,0.1330232405785037,0.024941802417868558,0.0743219136802765,-0.03757272368633227,-0.009941372677931371,0.19540734659093006,0.027748339217767676,0.8583333333333334,0.003927977119808183,0.013016803371844795,1.751295549017599,0.0631178523861855,0.06771710083784077,0.04283671792925342,0.002367577163352072,0.019291612024918317,0.012441444901640033,0.0033029728875798286,0.006797705194860375,0.0044306946447771715,0.011479008862258035,0.003177562372450967,0.028339726473950968,2.0816681711721685e-17,0.00020667989417989417,0.0003169091710758377,5.178003496871768,1516.3520319751208
420001,3,25,M2,0,False,0.04855579683524737,0.9844764295140137,0.9437096542220714,0.35,0.0,0.0,0.2128114739432931,0.0819786664703861,2.857141142897308,0.18745961993932725,0.0,0.0,5.950249812100083,7.481925803236663,0.15866400754696044,0.5760439162558891,9.88272781030872,3.536657430093333,2.944571273348155,0.3317311184422212,0.05016815806926892,0.11190492569739124,0.021451804781314848,0.0717517469115424,-0.04395289503339341,-0.017092222323460998,0.16396449622904277,0.019891928320503224,0.8125,0.003385061948408602,0.009748649703186377,1.59579173853121,0.05321855133653403,0.06624361665416774,0.03510202770984817,0.0020371657026703573,0.019086216367503614,0.013431285996786824,0.0032775171354699115,0.00472287200282524,0.003935304737609446,0.010427940177791757,0.002678057006096831,0.03116837164986884,2.0816681711721685e-17,1.3778659611992945e-05,2.755731922398589e-05,3.9302262595190083,6144.454712263111
420001,3,25,M3,1,False,0.04855579683524737,0.9844764295140137,0.9437096542220714,0.35,0.0,0.0,0.2128114739432931,0.0819786664703861,2.857141142897308,0.18745961993932725,0.0,0.0,5.950249812100083,7.481925803236663,0.15866400754696044,0.5760439162558891,9.88272781030872,3.536657430093333,2.944571273348155,0.3317311184422212,0.05016815806926892,0.11190492569739124,0.021451804781314848,0.0717517469115424,-0.04395289503339341,-0.017092222323460998,0.16396449622904277,0.019891928320503224,0.8125,0.003385061948408602,0.009748649703186377,1.59579173853121,0.05321855133653403,0.06624361665416774,0.03510202770984817,0.0020371657026703573,0.019086216367503614,0.013431285996786824,0.0032775171354699115,0.00472287200282524,0.003935304737609446,0.010427940177791757,0.002678057006096831,0.03116837164986884,2.0816681711721685e-17,1.3778659611992945e-05,2.755731922398589e-05,3.9302262595190083,6144.454712263111
420001,3,25,M2+O,2,False,0.0054000776500731625,0.9844764295140137,0.9437096542220714,0.35,0.0,0.0,0.2128114739432931,0.0819786664703861,2.857141142897308,0.18745961993932725,0.23350648217868042,0.0,5.950249812100083,7.481925803236663,0.15543906950596723,0.582549220732526,10.206071951292818,3.6066919719280555,2.9181490084122395,0.4392307090758944,0.06338633014389193,0.10342565946130412,0.01872077833951797,0.07488483443029656,-0.038027516311035646,-0.009528413639484215,0.22162026816208572,0.0308117180880253,0.9041666666666668,0.004176344879449275,0.010514509728603428,1.4333905335899202,0.057878756949398466,0.07084827839924782,0.04510784582679143,0.0018985535824347169,0.01947549022955833,0.01186815961952049,0.0027490343781910605,0.005382388268520603,0.004458143489401564,0.011177175143816161,0.002621765544262959,0.019251544890640036,2.0816681711721685e-17,2.755731922398589e-05,2.755731922398589e-05,4.27222489121525,6148.554857976785
420001,3,25,M4,3,False,0.0054000776500731625,0.9844764295140137,0.9437096542220714,0.35,0.0,0.0,0.2128114739432931,0.0819786664703861,2.857141142897308,0.18745961993932725,0.23350648217868042,0.0,5.950249812100083,7.481925803236663,0.15543906950596723,0.582549220732526,10.206071951292818,3.6066919719280555,2.9181490084122395,0.4392307090758944,0.06338633014389193,0.10342565946130412,0.01872077833951797,0.07488483443029656,-0.038027516311035646,-0.009528413639484215,0.22162026816208572,0.0308117180880253,0.9041666666666668,0.004176344879449275,0.010514509728603428,1.4333905335899202,0.057878756949398466,0.07084827839924782,0.04510784582679143,0.0018985535824347169,0.01947549022955833,0.01186815961952049,0.0027490343781910605,0.005382388268520603,0.004458143489401564,0.011177175143816161,0.002621765544262959,0.019251544890640036,2.0816681711721685e-17,2.755731922398589e-05,2.755731922398589e-05,4.27222489121525,6148.554857976785
420001,3,26,M2,0,True,0.0,0.9844764295140137,0.9437096542220714,0.35,0.0,0.0,0.24332936750724912,0.0601364664407447,3.038868862576783,0.23370719604194165,0.0,0.0,6.421457636170089,8.555320414714515,0.1618396147897997,0.5830443474739723,8.760846021928874,3.477205508298789,3.01694941953389,0.3687164188863703,0.07719725160485566,0.15364312918068312,0.040960752341455096,0.07172276026973982,-0.03462957216596144,-0.00806224409506994,0.23011486281296675,0.025146861277391342,0.8520833333333333,0.004043824857349412,0.0125799943359848,1.3710053845607981,0.05649423885262749,0.0716592792834132,0.04923514856040863,0.0026036244029508404,0.019239224520751462,0.012196956489253237,0.003274905710780277,0.007844009781655023,0.004811077781993587,0.013199470363130995,0.003408147654129236,0.03061554004538433,2.0816681711721685e-17,0.0,0.0,3.507381707713338,5300.000786314157
420001,3,26,M3,1,True,0.0,0.9844764295140137,0.9437096542220714,0.35,0.0,0.0,0.24332936750724912,0.0601364664407447,3.038868862576783,0.23370719604194165,0.0,0.0,6.421457636170089,8.555320414714515,0.1618396147897997,0.5830443474739723,8.760846021928874,3.477205508298789,3.01694941953389,0.3687164188863703,0.07719725160485566,0.15364312918068312,0.040960752341455096,0.07172276026973982,-0.03462957216596144,-0.00806224409506994,0.23011486281296675,0.025146861277391342,0.8520833333333333,0.004043824857349412,0.0125799943359848,1.3710053845607981,0.05649423885262749,0.0716592792834132,0.04923514856040863,0.0026036244029508404,0.019239224520751462,0.012196956489253237,0.003274905710780277,0.007844009781655023,0.004811077781993587,0.013199470363130995,0.003408147654129236,0.03061554004538433,2.0816681711721685e-17,0.0,0.0,3.507381707713338,5300.000786314157
420001,3,26,M2+O,2,False,1.1242995147185309e-05,0.9844764295140137,0.9437096542220714,0.35,0.0,0.0,0.24332936750724912,0.0601364664407447,3.038868862576783,0.23370719604194165,0.10576962002334488,0.0,6.421457636170089,8.555320414714515,0.16104639044313304,0.5861404884510831,8.781424503868978,3.53339278338739,3.0038014789204297,0.3847470711728476,0.08053359952743483,0.1520591531397434,0.03816692116365739,0.07278874937589515,-0.03240445354084743,-0.0060149899115462535,0.24553284828349287,0.02778722694608785,0.8729166666666667,0.004346782375814401,0.013377799262952487,1.3219873719549156,0.05811971661802104,0.07502616324327194,0.04609824369922482,0.0024404584824312065,0.019599160080284214,0.011968336750098073,0.0029152102988641874,0.008176251477021215,0.005009858970153617,0.012777022451661884,0.003231803606404706,0.025886311968741225,2.0816681711721685e-17,0.0,0.0,3.570129113331456,7003.389310273025
420001,3,26,M4,3,False,1.1242995147185309e-05,0.9844764295140137,0.9437096542220714,0.35,0.0,0.0,0.24332936750724912,0.0601364664407447,3.038868862576783,0.23370719604194165,0.10576962002334488,0.0,6.421457636170089,8.555320414714515,0.16104639044313304,0.5861404884510831,8.781424503868978,3.53339278338739,3.0038014789204297,0.3847470711728476,0.08053359952743483,0.1520591531397434,0.03816692116365739,0.07278874937589515,-0.03240445354084743,-0.0060149899115462535,0.24553284828349287,0.02778722694608785,0.8729166666666667,0.004346782375814401,0.013377799262952487,1.3219873719549156,0.05811971661802104,0.07502616324327194,0.04609824369922482,0.0024404584824312065,0.019599160080284214,0.011968336750098073,0.0029152102988641874,0.008176251477021215,0.005009858970153617,0.012777022451661884,0.003231803606404706,0.025886311968741225,2.0816681711721685e-17,0.0,0.0,3.570129113331456,7003.389310273025
420001,3,27,M2,0,False,0.003605078570228077,0.9844764295140137,0.9437096542220714,0.35,0.0,0.0,0.27959060072898867,0.07443597162142396,2.8240300370380282,0.20929500870406628,0.0,0.0,5.6652919836342335,6.6171028492972255,0.15886980371454046,0.578204286189576,9.751023973337185,3.5439534455520967,2.960829193502073,0.33255265704417813,0.06459619241470911,0.12749560322694012,0.027368993758120075,0.0726894964577715,-0.039346906408173454,-0.010142260419295236,0.23481943910848121,0.028847199393059752,0.8645833333333334,0.004392000149294679,0.011221625077827044,1.623399180330449,0.0557806117468425,0.07570595095765383,0.04151226026307159,0.002232667355918121,0.019056998514705586,0.012097897799349526,0.0031803561044280023,0.006260531109680892,0.004566078238857313,0.014212356063721765,0.0033862684143836836,0.027333018511796016,2.0816681711721685e-17,2.755731922398589e-05,4.1335978835978834e-05,3.633013986346151,3466.87525937715
420001,3,27,M3,1,False,0.003605078570228077,0.9844764295140137,0.9437096542220714,0.35,0.0,0.0,0.27959060072898867,0.07443597162142396,2.8240300370380282,0.20929500870406628,0.0,0.0,5.6652919836342335,6.6171028492972255,0.15886980371454046,0.578204286189576,9.751023973337185,3.5439534455520967,2.960829193502073,0.33255265704417813,0.06459619241470911,0.12749560322694012,0.027368993758120075,0.0726894964577715,-0.039346906408173454,-0.010142260419295236,0.23481943910848121,0.028847199393059752,0.8645833333333334,0.004392000149294679,0.011221625077827044,1.623399180330449,0.0557806117468425,0.07570595095765383,0.04151226026307159,0.002232667355918121,0.019056998514705586,0.012097897799349526,0.0031803561044280023,0.006260531109680892,0.004566078238857313,0.014212356063721765,0.0033862684143836836,0.027333018511796016,2.0816681711721685e-17,2.755731922398589e-05,4.1335978835978834e-05,3.633013986346151,3466.87525937715
420001,3,27,M2+O,2,False,0.002887464680345347,0.9844764295140137,0.9437096542220714,0.35,0.0,0.0,0.27959060072898867,0.07443597162142396,2.8240300370380282,0.20929500870406628,0.04330821162106339,0.0,5.6652919836342335,6.6171028492972255,0.15869221933055913,0.5774159765354435,9.730698610244511,3.570495567317051,2.939758910301818,0.3387577940138944,0.06516383789448728,0.1279829232790625,0.02763093273197278,0.0730330221742035,-0.03869197461370256,-0.00952755565951726,0.23823066224696623,0.029415828632216576,0.875,0.00450674753078216,0.01158787567835526,1.6098525638072994,0.06269127509766953,0.07358515168545446,0.039443040141395304,0.0021697586514648572,0.0191443856152506,0.011904681667344588,0.0030298087761928463,0.00638042360705173,0.004668536679286909,0.014134734943073372,0.003284121349596968,0.025714429491201455,2.0816681711721685e-17,4.1335978835978834e-05,4.1335978835978834e-05,3.645149185256777,3469.0337588628513
420001,3,27,M4,3,False,0.002887464680345347,0.9844764295140137,0.9437096542220714,0.35,0.0,0.0,0.27959060072898867,0.07443597162142396,2.8240300370380282,0.20929500870406628,0.04330821162106339,0.0,5.6652919836342335,6.6171028492972255,0.15869221933055913,0.5774159765354435,9.730698610244511,3.570495567317051,2.939758910301818,0.3387577940138944,0.06516383789448728,0.1279829232790625,0.02763093273197278,0.0730330221742035,-0.03869197461370256,-0.00952755565951726,0.23823066224696623,0.029415828632216576,0.875,0.00450674753078216,0.01158787567835526,1.6098525638072994,0.06269127509766953,0.07358515168545446,0.039443040141395304,0.0021697586514648572,0.0191443856152506,0.011904681667344588,0.0030298087761928463,0.00638042360705173,0.004668536679286909,0.014134734943073372,0.003284121349596968,0.025714429491201455,2.0816681711721685e-17,4.1335978835978834e-05,4.1335978835978834e-05,3.645149185256777,3469.0337588628513
420001,3,28,M2,0,False,3.092046683253577e-07,0.9844764295140137,0.9437096542220714,0.35,0.0,0.0,0.2879540531896055,0.06390389675740152,2.9761056745424868,0.21736293151974678,0.0,0.0,5.157286320813,8.887301716022193,0.1612239636849425,0.575415399635267,9.141125843808274,3.4743584638388554,3.045226102072535,0.39067125103930306,0.07466150864391462,0.14071714591277037,0.034095660902542305,0.07253094810694209,-0.03641959381755544,-0.007670811444791928,0.26403751223013655,0.030358655065088364,0.8624999999999998,0.004646400851272497,0.01243986354587933,1.5450013442088937,0.05543152492637799,0.07649681312625835,0.04510155227237932,0.0024314244355312033,0.018939476932398974,0.01162189386954546,0.0031299581292883955,0.007250220171581493,0.004839867005574394,0.015368520484306028,0.0036406207249229075,0.025404338896783136,2.0816681711721685e-17,4.1335978835978834e-05,6.889329805996472e-05,3.5415555017546816,1263.9890141223348
420001,3,28,M3,1,False,3.092046683253577e-07,0.9844764295140137,0.9437096542220714,0.35,0.0,0.0,0.2879540531896055,0.06390389675740152,2.9761056745424868,0.21736293151974678,0.0,0.0,5.157286320813,8.887301716022193,0.1612239636849425,0.575415399635267,9.141125843808274,3.4743584638388554,3.045226102072535,0.39067125103930306,0.07466150864391462,0.14071714591277037,0.034095660902542305,0.07253094810694209,-0.03641959381755544,-0.007670811444791928,0.26403751223013655,0.030358655065088364,0.8624999999999998,0.004646400851272497,0.01243986354587933,1.5450013442088937,0.05543152492637799,0.07649681312625835,0.04510155227237932,0.0024314244355312033,0.018939476932398974,0.01162189386954546,0.0031299581292883955,0.007250220171581493,0.004839867005574394,0.015368520484306028,0.0036406207249229075,0.025404338896783136,2.0816681711721685e-17,4.1335978835978834e-05,6.889329805996472e-05,3.5415555017546816,1263.9890141223348
420001,3,28,M2+O,2,False,5.0039827382390155e-06,0.9844764295140137,0.9437096542220714,0.35,0.0,0.0,0.2879540531896055,0.06390389675740152,2.9761056745424868,0.21736293151974678,0.06325366420519049,0.0,5.157286320813,8.887301716022193,0.16087793691689525,0.5772098468603579,9.135171275872027,3.5139058223176654,3.0364508680215825,0.3784981574180275,0.07592709593731382,0.14104768729410344,0.03434323771873941,0.07278578032868545,-0.03526767917002804,-0.006675720646398881,0.2702167107359332,0.03142903288678384,0.8791666666666668,0.0048190307689892,0.012659133516726954,1.5279903884470678,0.06369135374332512,0.08170529097120667,0.05086660862844684,0.0023324133165328383,0.019200271489230945,0.011477957672327963,0.0029306432425177313,0.007449647960389596,0.004989855885443501,0.01514728410895206,0.003506841472921662,0.025875374860175247,2.0816681711721685e-17,5.511463844797178e-05,6.889329805996472e-05,3.567039900789952,1264.3938610425546
420001,3,28,M4,3,False,5.0039827382390155e-06,0.9844764295140137,0.9437096542220714,0.35,0.0,0.0,0.2879540531896055,0.06390389675740152,2.9761056745424868,0.21736293151974678,0.06325366420519049,0.0,5.157286320813,8.887301716022193,0.16087793691689525,0.5772098468603579,9.135171275872027,3.5139058223176654,3.0364508680215825,0.3784981574180275,0.07592709593731382,0.14104768729410344,0.03434323771873941,0.07278578032868545,-0.03526767917002804,-0.006675720646398881,0.2702167107359332,0.03142903288678384,0.8791666666666668,0.0048190307689892,0.012659133516726954,1.5279903884470678,0.06369135374332512,0.08170529097120667,0.05086660862844684,0.0023324133165328383,0.019200271489230945,0.011477957672327963,0.0029306432425177313,0.007449647960389596,0.004989855885443501,0.01514728410895206,0.003506841472921662,0.025875374860175247,2.0816681711721685e-17,5.511463844797178e-05,6.889329805996472e-05,3.567039900789952,1264.3938610425546
420001,3,29,M2,0,False,0.030773079069797947,0.9844764295140137,0.9437096542220714,0.35,0.0,0.0,0.22657124940305948,0.07770606227219105,3.1914641311392185,0.22060196593403816,0.0,0.0,5.900983674451709,6.290362942032516,0.15363348172954297,0.5890848387089144,11.055836722105363,3.645679698010221,2.8786365511218066,0.3914681375732661,0.054211968442349656,0.11809165642618824,0.020496898902646155,0.07349183114534957,-0.0421623380552368,-0.014748614383386018,0.16561099968629117,0.02305620589277788,0.8312499999999999,0.0034830115528039236,0.010534432381408108,1.7394056862650258,0.05870955567622562,0.0682192614167434,0.038250820416216316,0.002163062619966052,0.01909837556754111,0.013125119473371348,0.0033712427054701927,0.005333886331655985,0.004036849922103946,0.010271922049518928,0.0028611920184345,0.0282028913359986,2.0816681711721685e-17,4.1335978835978834e-05,6.889329805996472e-05,5.252458232475624,5578.2811042448475
420001,3,29,M3,1,False,0.030773079069797947,0.9844764295140137,0.9437096542220714,0.35,0.0,0.0,0.22657124940305948,0.07770606227219105,3.1914641311392185,0.22060196593403816,0.0,0.0,5.900983674451709,6.290362942032516,0.15363348172954297,0.5890848387089144,11.055836722105363,3.645679698010221,2.8786365511218066,0.3914681375732661,0.054211968442349656,0.11809165642618824,0.020496898902646155,0.07349183114534957,-0.0421623380552368,-0.014748614383386018,0.16561099968629117,0.02305620589277788,0.8312499999999999,0.0034830115528039236,0.010534432381408108,1.7394056862650258,0.05870955567622562,0.0682192614167434,0.038250820416216316,0.002163062619966052,0.01909837556754111,0.013125119473371348,0.0033712427054701927,0.005333886331655985,0.004036849922103946,0.010271922049518928,0.0028611920184345,0.0282028913359986,2.0816681711721685e-17,4.1335978835978834e-05,6.889329805996472e-05,5.252458232475624,5578.2811042448475
420001,3,29,M2+O,2,False,0.024767111351482105,0.9844764295140137,0.9437096542220714,0.35,0.0,0.0,0.22657124940305948,0.07770606227219105,3.1914641311392185,0.22060196593403816,0.08459327775939506,0.0,5.900983674451709,6.290362942032516,0.15319866774441196,0.5896858481087944,11.004490827762675,3.635645292362328,2.8496630146472075,0.3911117284323045,0.055836186885340346,0.11760555059327983,0.020302333762224355,0.07404093297197373,-0.04095942805207024,-0.01329614384209734,0.17497401935456783,0.024675956859879253,0.8520833333333332,0.0037082006967410807,0.010837619946689962,1.6898946946045539,0.06257639672739172,0.07377584490019508,0.03749218567252362,0.0020714281333703653,0.019141655042538393,0.012677241425196198,0.0030957233079104067,0.00552380619468943,0.004245567452805339,0.010166922511143,0.0026994188783171598,0.02683132475154191,2.0816681711721685e-17,5.511463844797178e-05,6.889329805996472e-05,5.302910465441197,5578.253264078049
420001,3,29,M4,3,False,0.024767111351482105,0.9844764295140137,0.9437096542220714,0.35,0.0,0.0,0.22657124940305948,0.07770606227219105,3.1914641311392185,0.22060196593403816,0.08459327775939506,0.0,5.900983674451709,6.290362942032516,0.15319866774441196,0.5896858481087944,11.004490827762675,3.635645292362328,2.8496630146472075,0.3911117284323045,0.055836186885340346,0.11760555059327983,0.020302333762224355,0.07404093297197373,-0.04095942805207024,-0.01329614384209734,0.17497401935456783,0.024675956859879253,0.8520833333333332,0.0037082006967410807,0.010837619946689962,1.6898946946045539,0.06257639672739172,0.07377584490019508,0.03749218567252362,0.0020714281333703653,0.019141655042538393,0.012677241425196198,0.0030957233079104067,0.00552380619468943,0.004245567452805339,0.010166922511143,0.0026994188783171598,0.02683132475154191,2.0816681711721685e-17,5.511463844797178e-05,6.889329805996472e-05,5.302910465441197,5578.253264078049
420001,3,30,M2,0,False,0.002185062469643104,0.9844764295140137,0.9437096542220714,0.35,0.0,0.0,0.20396394031122328,0.06831493912264705,2.7050672242417932,0.19935442693531513,0.0,0.0,6.180342321749777,8.211909952573478,0.1656505261108299,0.5598326977273905,7.8783975382547125,3.4258714891720117,3.1318321988182247,0.3579424446552076,0.06579298134017579,0.1442310842104775,0.04062093823758194,0.07048190384233495,-0.04039924784106862,-0.012483651571410377,0.19919252565389237,0.018733274973171243,0.7916666666666666,0.0034886979389864015,0.011655413373859693,1.2967084526723833,0.05353971709495787,0.07338083485694807,0.04051825283251866,0.002380684525682251,0.019405119655229487,0.013059167734412775,0.003136517408091286,0.00640179665624987,0.004508825789822748,0.011844715640000862,0.0028774093535474023,0.03440312310280934,2.0816681711721685e-17,0.0,0.0,2.9363381610743438,4361.945455565426
420001,3,30,M3,1,False,0.002185062469643104,0.9844764295140137,0.9437096542220714,0.35,0.0,0.0,0.20396394031122328,0.06831493912264705,2.7050672242417932,0.19935442693531513,0.0,0.0,6.180342321749777,8.211909952573478,0.1656505261108299,0.5598326977273905,7.8783975382547125,3.4258714891720117,3.1318321988182247,0.3579424446552076,0.06579298134017579,0.1442310842104775,0.04062093823758194,0.07048190384233495,-0.04039924784106862,-0.012483651571410377,0.19919252565389237,0.018733274973171243,0.7916666666666666,0.0034886979389864015,0.011655413373859693,1.2967084526723833,0.05353971709495787,0.07338083485694807,0.04051825283251866,0.002380684525682251,0.019405119655229487,0.013059167734412775,0.003136517408091286,0.00640179665624987,0.004508825789822748,0.011844715640000862,0.0028774093535474023,0.03440312310280934,2.0816681711721685e-17,0.0,0.0,2.9363381610743438,4361.945455565426
420001,3,30,M2+O,2,True,0.0,0.9844764295140137,0.9437096542220714,0.35,0.0,0.0,0.20396394031122328,0.06831493912264705,2.7050672242417932,0.19935442693531513,0.13821592361242302,0.0,6.180342321749777,8.211909952573478,0.16430721032298415,0.5616769534888224,7.947365440623247,3.4687590040448737,3.1119379302552113,0.4163737504321401,0.0721704862996727,0.14066429840711944,0.03703671994237328,0.07174967238162135,-0.03702883421739588,-0.008971489058810527,0.22791294616878818,0.02329783862460415,0.84375,0.003935606254075882,0.01244318245715774,1.2194842399564514,0.05434867327287853,0.07464997875572273,0.04102039873539388,0.002201239919215346,0.0196154546293157,0.012494464943331078,0.002739067498391766,0.006837531249668507,0.004829121091416809,0.011557985115239264,0.002697230418075398,0.02968928770361166,2.0816681711721685e-17,0.0,0.0,3.0277506219117014,5117.660566262893
420001,3,30,M4,3,True,0.0,0.9844764295140137,0.9437096542220714,0.35,0.0,0.0,0.20396394031122328,0.06831493912264705,2.7050672242417932,0.19935442693531513,0.13821592361242302,0.0,6.180342321749777,8.211909952573478,0.16430721032298415,0.5616769534888224,7.947365440623247,3.4687590040448737,3.1119379302552113,0.4163737504321401,0.0721704862996727,0.14066429840711944,0.03703671994237328,0.07174967238162135,-0.03702883421739588,-0.008971489058810527,0.22791294616878818,0.02329783862460415,0.84375,0.003935606254075882,0.01244318245715774,1.2194842399564514,0.05434867327287853,0.07464997875572273,0.04102039873539388,0.002201239919215346,0.0196154546293157,0.012494464943331078,0.002739067498391766,0.006837531249668507,0.004829121091416809,0.011557985115239264,0.002697230418075398,0.02968928770361166,2.0816681711721685e-17,0.0,0.0,3.0277506219117014,5117.660566262893
420001,3,31,M2,0,False,0.011723826557688633,0.9844764295140137,0.9437096542220714,0.35,0.0,0.0,0.26837446838617324,0.07948992118705064,3.089864686690271,0.2436104691773653,0.0,0.0,5.435849939007312,6.96216984372586,0.15061618065898763,0.603610990911862,11.871719739191429,3.6979112083829944,2.8233965385397597,0.40152981380547903,0.06025510415051665,0.12274742764801173,0.020221926477080043,0.0747603403719178,-0.03890921438948285,-0.011042249007225877,0.19199852475982748,0.02870190769914661,0.8645833333333334,0.003970233628721246,0.01139491314314541,1.850563624847262,0.05835728632806732,0.06915365501081432,0.043120618513560846,0.002255381414673839,0.019157508587709315,0.012451652883647274,0.003403281499984254,0.006139380323065025,0.00426548147477126,0.011726389073852785,0.003184160278538549,0.027662426556525538,2.0816681711721685e-17,0.00017912257495590828,0.000248015873015873,5.20810940183743,2291.443240969782
420001,3,31,M3,1,False,0.011723826557688633,0.9844764295140137,0.9437096542220714,0.35,0.0,0.0,0.26837446838617324,0.07948992118705064,3.089864686690271,0.2436104691773653,0.0,0.0,5.435849939007312,6.96216984372586,0.15061618065898763,0.603610990911862,11.871719739191429,3.6979112083829944,2.8233965385397597,0.40152981380547903,0.06025510415051665,0.12274742764801173,0.020221926477080043,0.0747603403719178,-0.03890921438948285,-0.011042249007225877,0.19199852475982748,0.02870190769914661,0.8645833333333334,0.003970233628721246,0.01139491314314541,1.850563624847262,0.05835728632806732,0.06915365501081432,0.043120618513560846,0.002255381414673839,0.019157508587709315,0.012451652883647274,0.003403281499984254,0.006139380323065025,0.00426548147477126,0.011726389073852785,0.003184160278538549,0.027662426556525538,2.0816681711721685e-17,0.00017912257495590828,0.000248015873015873,5.20810940183743,2291.443240969782
420001,3,31,M2+O,2,False,0.011256405052254897,0.9844764295140137,0.9437096542220714,0.35,0.0,0.0,0.26837446838617324,0.07948992118705064,3.089864686690271,0.2436104691773653,0.028937818175195685,0.0,5.435849939007312,6.96216984372586,0.15053539663983492,0.60306270475991,11.847654505511029,3.6994329818101375,2.83176586417099,0.41193210476207415,0.0604513414071261,0.1229175429452571,0.019889241916963552,0.07484430137277297,-0.03856576784893106,-0.010668476054894113,0.1936394197949769,0.02896570041563663,0.8708333333333335,0.004039471164577451,0.011737985005803734,1.838399016461932,0.06369683542257637,0.07000831373495353,0.04403764744790661,0.0022206170247694975,0.01917702365930032,0.012363197748574752,0.0033030776044734667,0.006217942750119099,0.00433492870275094,0.011703745948327576,0.0031250787999623384,0.02639524459439745,2.0816681711721685e-17,0.00019290123456790122,0.000248015873015873,5.21484981239498,2291.819537923217
420001,3,31,M4,3,False,0.011256405052254897,0.9844764295140137,0.9437096542220714,0.35,0.0,0.0,0.26837446838617324,0.07948992118705064,3.089864686690271,0.2436104691773653,0.028937818175195685,0.0,5.435849939007312,6.96216984372586,0.15053539663983492,0.60306270475991,11.847654505511029,3.6994329818101375,2.83176586417099,0.41193210476207415,0.0604513414071261,0.1229175429452571,0.019889241916963552,0.07484430137277297,-0.03856576784893106,-0.010668476054894113,0.1936394197949769,0.02896570041563663,0.8708333333333335,0.004039471164577451,0.011737985005803734,1.838399016461932,0.06369683542257637,0.07000831373495353,0.04403764744790661,0.0022206170247694975,0.01917702365930032,0.012363197748574752,0.0033030776044734667,0.006217942750119099,0.00433492870275094,0.011703745948327576,0.0031250787999623384,0.02639524459439745,2.0816681711721685e-17,0.00019290123456790122,0.000248015873015873,5.21484981239498,2291.819537923217
