seed,structural_scenario_id,candidate_id,variant,variant_order,accepted,distance,feedback_asset_correlation,spike_asset_correlation,equity_risk_price,feedback_idiosyncratic_risk_price,spike_idiosyncratic_risk_price,cluster_loading,feedback_curvature,feedback_shift,spike_curvature,orthogonal_curvature,echo_loading,cap_level,cap_sharpness,mean_volatility,q995_volatility,excess_kurtosis,absolute_return_tail_ratio,hill_tail_index,hill_threshold_instability,rough_hurst,zumbach,zumbach_rank,max_abs_return_acf,leverage,leverage_rank,mean_log_variance_acf,taylor_gap,taylor_fraction,se_mean_volatility,se_q995_volatility,se_excess_kurtosis,se_absolute_return_tail_ratio,se_hill_tail_index,se_hill_threshold_instability,se_rough_hurst,se_zumbach,se_zumbach_rank,se_max_abs_return_acf,se_leverage,se_leverage_rank,se_mean_log_variance_acf,se_taylor_gap,se_taylor_fraction,q_forward_mean_max_error,p_cap_exceedance_fraction,q_cap_exceedance_fraction,normalizer_min,normalizer_max
390001,0,0,M2,0,True,0.0,0.996259961884662,0.9790548338377681,0.35,0.0,0.0,0.2629654662683606,0.06925510965753347,2.886044593714178,0.20057556301355361,0.0,0.0,5.873221298214048,6.1538892248645425,0.15864853529577108,0.5742453266751143,7.288429006472133,3.5661310664471007,2.945435831315869,0.3855934903022343,0.07832887624900607,0.20464270809810328,0.0673359762883811,0.07565416768983611,-0.0474207014605566,-0.012934288544229797,0.21123423771291808,0.024264223197625955,0.8354166666666667,0.0052289838357761085,0.013842296798552266,0.6714953248464128,0.035797746354881255,0.06034627953384564,0.043927166596139315,0.002771841455350151,0.022386329931882828,0.010981659707166339,0.003205618389196261,0.008815463249073641,0.004524917272239077,0.014621640068922411,0.00326224296238235,0.028309746149570825,2.0816681711721685e-17,0.0,0.0,3.539228955942532,3736.144850660639
390001,0,0,M3,1,True,0.0,0.996259961884662,0.9790548338377681,0.35,0.0,0.0,0.2629654662683606,0.06925510965753347,2.886044593714178,0.20057556301355361,0.0,0.0,5.873221298214048,6.1538892248645425,0.15864853529577108,0.5742453266751143,7.288429006472133,3.5661310664471007,2.945435831315869,0.3855934903022343,0.07832887624900607,0.20464270809810328,0.0673359762883811,0.07565416768983611,-0.0474207014605566,-0.012934288544229797,0.21123423771291808,0.024264223197625955,0.8354166666666667,0.0052289838357761085,0.013842296798552266,0.6714953248464128,0.035797746354881255,0.06034627953384564,0.043927166596139315,0.002771841455350151,0.022386329931882828,0.010981659707166339,0.003205618389196261,0.008815463249073641,0.004524917272239077,0.014621640068922411,0.00326224296238235,0.028309746149570825,2.0816681711721685e-17,0.0,0.0,3.539228955942532,3736.144850660639
390001,0,0,M2+O,2,True,0.0,0.996259961884662,0.9790548338377681,0.35,0.0,0.0,0.2629654662683606,0.06925510965753347,2.886044593714178,0.20057556301355361,0.11829547242644144,0.0,5.873221298214048,6.1538892248645425,0.15775479320161542,0.5742502579772236,7.356101407755968,3.5587447346171914,2.985461225863832,0.42444772378852513,0.08048836257276497,0.19926870355549933,0.05958052652930742,0.0738805785459141,-0.04936849345999914,-0.012434928616793553,0.2203392583537047,0.02667733380375048,0.8666666666666667,0.005448739872345573,0.014935936518294089,0.6485819843986469,0.042166266507448646,0.06511689878045578,0.05288694521977258,0.0027367403876605136,0.02263211937412334,0.010180993617455307,0.003167137594841415,0.008399849054099852,0.00467327395309357,0.01437684584143903,0.002935877714778654,0.020559798491465373,2.0816681711721685e-17,0.0,0.0,3.7140242175736886,3669.8391591274794
390001,0,0,M4,3,True,0.0,0.996259961884662,0.9790548338377681,0.35,0.0,0.0,0.2629654662683606,0.06925510965753347,2.886044593714178,0.20057556301355361,0.11829547242644144,0.0,5.873221298214048,6.1538892248645425,0.15775479320161542,0.5742502579772236,7.356101407755968,3.5587447346171914,2.985461225863832,0.42444772378852513,0.08048836257276497,0.19926870355549933,0.05958052652930742,0.0738805785459141,-0.04936849345999914,-0.012434928616793553,0.2203392583537047,0.02667733380375048,0.8666666666666667,0.005448739872345573,0.014935936518294089,0.6485819843986469,0.042166266507448646,0.06511689878045578,0.05288694521977258,0.0027367403876605136,0.02263211937412334,0.010180993617455307,0.003167137594841415,0.008399849054099852,0.00467327395309357,0.01437684584143903,0.002935877714778654,0.020559798491465373,2.0816681711721685e-17,0.0,0.0,3.7140242175736886,3669.8391591274794
390001,0,1,M2,0,False,0.0028523355646431704,0.996259961884662,0.9790548338377681,0.35,0.0,0.0,0.20160698210820557,0.07996574914082885,3.2510731095448135,0.2374085596203804,0.0,0.0,5.129386593122035,8.666233093477786,0.1466015539058485,0.6048600331908879,10.127081351989377,3.782107036997786,2.7439874053269997,0.4127995525448161,0.06521511931937064,0.1833560023016647,0.040977839767570225,0.07950613831577646,-0.05142405917067841,-0.017539644218222936,0.14573481018440296,0.023576044573073177,0.80625,0.004201641929742972,0.013597870503999422,0.9487160914851857,0.045061811558861235,0.05581420995423392,0.04971500052577255,0.0023893121244151047,0.022403653691805293,0.012046573792352274,0.0036429384439386854,0.007691984800240977,0.003990560393240424,0.011520849815474792,0.003177375840253707,0.02796097500425201,2.0816681711721685e-17,0.00041335978835978834,0.000496031746031746,6.521393814665482,1722.5561796105985
390001,0,1,M3,1,False,0.0028523355646431704,0.996259961884662,0.9790548338377681,0.35,0.0,0.0,0.20160698210820557,0.07996574914082885,3.2510731095448135,0.2374085596203804,0.0,0.0,5.129386593122035,8.666233093477786,0.1466015539058485,0.6048600331908879,10.127081351989377,3.782107036997786,2.7439874053269997,0.4127995525448161,0.06521511931937064,0.1833560023016647,0.040977839767570225,0.07950613831577646,-0.05142405917067841,-0.017539644218222936,0.14573481018440296,0.023576044573073177,0.80625,0.004201641929742972,0.013597870503999422,0.9487160914851857,0.045061811558861235,0.05581420995423392,0.04971500052577255,0.0023893121244151047,0.022403653691805293,0.012046573792352274,0.0036429384439386854,0.007691984800240977,0.003990560393240424,0.011520849815474792,0.003177375840253707,0.02796097500425201,2.0816681711721685e-17,0.00041335978835978834,0.000496031746031746,6.521393814665482,1722.5561796105985
390001,0,1,M2+O,2,False,0.0027819758590067285,0.996259961884662,0.9790548338377681,0.35,0.0,0.0,0.20160698210820557,0.07996574914082885,3.2510731095448135,0.2374085596203804,0.045232413939183466,0.0,5.129386593122035,8.666233093477786,0.14644088815038303,0.6046871510161361,10.10426373841856,3.7840938315444625,2.7479671360678126,0.4228904154276519,0.06526750621942956,0.18313330805000538,0.038928673431481806,0.07891972421151917,-0.05221202606407476,-0.017634545170040962,0.1465390183368143,0.02385305718179496,0.8125,0.004287647606447614,0.013666261274756543,0.9270314016779903,0.046660079806617724,0.05621066351255513,0.049920071190408984,0.002386852864079743,0.02247114264969769,0.011942794101779413,0.003558938959483274,0.007605445404359946,0.004046035791598361,0.011528768501970278,0.0031085602891625565,0.02696112338002709,2.0816681711721685e-17,0.00041335978835978834,0.000509810405643739,6.653129601440696,1730.8363964821217
390001,0,1,M4,3,False,0.0027819758590067285,0.996259961884662,0.9790548338377681,0.35,0.0,0.0,0.20160698210820557,0.07996574914082885,3.2510731095448135,0.2374085596203804,0.045232413939183466,0.0,5.129386593122035,8.666233093477786,0.14644088815038303,0.6046871510161361,10.10426373841856,3.7840938315444625,2.7479671360678126,0.4228904154276519,0.06526750621942956,0.18313330805000538,0.038928673431481806,0.07891972421151917,-0.05221202606407476,-0.017634545170040962,0.1465390183368143,0.02385305718179496,0.8125,0.004287647606447614,0.013666261274756543,0.9270314016779903,0.046660079806617724,0.05621066351255513,0.049920071190408984,0.002386852864079743,0.02247114264969769,0.011942794101779413,0.003558938959483274,0.007605445404359946,0.004046035791598361,0.011528768501970278,0.0031085602891625565,0.02696112338002709,2.0816681711721685e-17,0.00041335978835978834,0.000509810405643739,6.653129601440696,1730.8363964821217
390001,0,2,M2,0,True,0.0,0.996259961884662,0.9790548338377681,0.35,0.0,0.0,0.2289998285472393,0.06430660098791122,2.832480383478105,0.18366098158061503,0.0,0.0,5.41385539341718,6.8435773411765695,0.16439037146789692,0.5554351476940406,6.011889621268452,3.4580211874638382,3.101602544714263,0.40456513532920946,0.0786259130907372,0.21379667844504677,0.0781920731442437,0.07291575355730195,-0.04873971521218088,-0.014393046577076421,0.20719031303751734,0.01897047094407705,0.7895833333333334,0.004827687018870053,0.013928143279790618,0.5359762773099425,0.037828455246107305,0.06681520427617678,0.04759743544892965,0.002843501455055343,0.021679395083739224,0.011021280465367479,0.0030711663842371093,0.008606436092908992,0.004609796788453805,0.01438615834211942,0.002843452000288731,0.03083663809159926,2.0816681711721685e-17,0.0,0.0,3.057537420827709,1480.5941685344042
390001,0,2,M3,1,True,0.0,0.996259961884662,0.9790548338377681,0.35,0.0,0.0,0.2289998285472393,0.06430660098791122,2.832480383478105,0.18366098158061503,0.0,0.0,5.41385539341718,6.8435773411765695,0.16439037146789692,0.5554351476940406,6.011889621268452,3.4580211874638382,3.101602544714263,0.40456513532920946,0.0786259130907372,0.21379667844504677,0.0781920731442437,0.07291575355730195,-0.04873971521218088,-0.014393046577076421,0.20719031303751734,0.01897047094407705,0.7895833333333334,0.004827687018870053,0.013928143279790618,0.5359762773099425,0.037828455246107305,0.06681520427617678,0.04759743544892965,0.002843501455055343,0.021679395083739224,0.011021280465367479,0.0030711663842371093,0.008606436092908992,0.004609796788453805,0.01438615834211942,0.002843452000288731,0.03083663809159926,2.0816681711721685e-17,0.0,0.0,3.057537420827709,1480.5941685344042
390001,0,2,M2+O,2,True,0.0,0.996259961884662,0.9790548338377681,0.35,0.0,0.0,0.2289998285472393,0.06430660098791122,2.832480383478105,0.18366098158061503,0.020691600694384325,0.0,5.41385539341718,6.8435773411765695,0.1643323551669193,0.5549368302181558,6.002480289799006,3.4618025572293676,3.1094121949503433,0.3976686019516258,0.07852690702221514,0.21352972646870086,0.07713865350103771,0.07264882848557823,-0.04918924810018468,-0.014425939729225993,0.20715963389065153,0.019066575437514735,0.7895833333333334,0.004858839859557239,0.014018548716844707,0.5317444767912896,0.03917450454451252,0.0672254504541189,0.049453503953405364,0.0028341749950971918,0.021792438060595755,0.010973383982352538,0.00308542469540812,0.008535783492771586,0.004624538523317081,0.014380849330228214,0.0027757189224232666,0.029020727017398395,2.0816681711721685e-17,0.0,0.0,3.0678013884430206,1475.6654556395013
390001,0,2,M4,3,True,0.0,0.996259961884662,0.9790548338377681,0.35,0.0,0.0,0.2289998285472393,0.06430660098791122,2.832480383478105,0.18366098158061503,0.020691600694384325,0.0,5.41385539341718,6.8435773411765695,0.1643323551669193,0.5549368302181558,6.002480289799006,3.4618025572293676,3.1094121949503433,0.3976686019516258,0.07852690702221514,0.21352972646870086,0.07713865350103771,0.07264882848557823,-0.04918924810018468,-0.014425939729225993,0.20715963389065153,0.019066575437514735,0.7895833333333334,0.004858839859557239,0.014018548716844707,0.5317444767912896,0.03917450454451252,0.0672254504541189,0.049453503953405364,0.0028341749950971918,0.021792438060595755,0.010973383982352538,0.00308542469540812,0.008535783492771586,0.004624538523317081,0.014380849330228214,0.0027757189224232666,0.029020727017398395,2.0816681711721685e-17,0.0,0.0,3.0678013884430206,1475.6654556395013
390001,0,3,M2,0,True,0.0,0.996259961884662,0.9790548338377681,0.35,0.0,0.0,0.2933860388584435,0.07862174647394568,3.067900196649134,0.2593231426924467,0.0,0.0,6.15839353017509,7.984552980400622,0.14446957113660355,0.6125368948486912,10.714007270205064,3.7848327668439974,2.680171047996501,0.39972169467763513,0.07810194245832985,0.19328209782722194,0.0465069413810501,0.0824801350158879,-0.043610169448243,-0.010815851301065132,0.1939155876847238,0.03140504597707313,0.86875,0.005313285976862516,0.013509835352889818,1.0505522790045305,0.03878782251508429,0.05899581967885915,0.042889230014433045,0.0025680342058213707,0.022922746036233482,0.011385444798252311,0.0035528134105424648,0.00939666504579861,0.004339012125248296,0.013931378857602148,0.0037369065626014428,0.024041875454346714,2.0816681711721685e-17,5.511463844797178e-05,0.0001515652557319224,5.291135851005061,9330.374829500059
390001,0,3,M3,1,True,0.0,0.996259961884662,0.9790548338377681,0.35,0.0,0.0,0.2933860388584435,0.07862174647394568,3.067900196649134,0.2593231426924467,0.0,0.0,6.15839353017509,7.984552980400622,0.14446957113660355,0.6125368948486912,10.714007270205064,3.7848327668439974,2.680171047996501,0.39972169467763513,0.07810194245832985,0.19328209782722194,0.0465069413810501,0.0824801350158879,-0.043610169448243,-0.010815851301065132,0.1939155876847238,0.03140504597707313,0.86875,0.005313285976862516,0.013509835352889818,1.0505522790045305,0.03878782251508429,0.05899581967885915,0.042889230014433045,0.0025680342058213707,0.022922746036233482,0.011385444798252311,0.0035528134105424648,0.00939666504579861,0.004339012125248296,0.013931378857602148,0.0037369065626014428,0.024041875454346714,2.0816681711721685e-17,5.511463844797178e-05,0.0001515652557319224,5.291135851005061,9330.374829500059
390001,0,3,M2+O,2,True,0.0,0.996259961884662,0.9790548338377681,0.35,0.0,0.0,0.2933860388584435,0.07862174647394568,3.067900196649134,0.2593231426924467,0.19329371660206118,0.0,6.15839353017509,7.984552980400622,0.1427471107077979,0.6102511992647502,10.858674012301435,3.76945081103867,2.7465481160033605,0.4399202609079982,0.08200066203825368,0.18589811163936965,0.03553998314484038,0.07938916708286538,-0.04641578213696423,-0.009772002083965605,0.2104912336662069,0.036334943306256216,0.9083333333333332,0.005679322011767148,0.014432287129826506,1.011637910547774,0.04013247816326485,0.06453067270011995,0.047819393377005914,0.00255316610123713,0.023132396763296155,0.010660917434739556,0.003474255397143898,0.008787628305993386,0.004560726322359807,0.013450941976808196,0.003223907199818386,0.014328782560351586,2.0816681711721685e-17,5.511463844797178e-05,8.267195767195767e-05,5.727927285647415,9357.949491286456
390001,0,3,M4,3,True,0.0,0.996259961884662,0.9790548338377681,0.35,0.0,0.0,0.2933860388584435,0.07862174647394568,3.067900196649134,0.2593231426924467,0.19329371660206118,0.0,6.15839353017509,7.984552980400622,0.1427471107077979,0.6102511992647502,10.858674012301435,3.76945081103867,2.7465481160033605,0.4399202609079982,0.08200066203825368,0.18589811163936965,0.03553998314484038,0.07938916708286538,-0.04641578213696423,-0.009772002083965605,0.2104912336662069,0.036334943306256216,0.9083333333333332,0.005679322011767148,0.014432287129826506,1.011637910547774,0.04013247816326485,0.06453067270011995,0.047819393377005914,0.00255316610123713,0.023132396763296155,0.010660917434739556,0.003474255397143898,0.008787628305993386,0.004560726322359807,0.013450941976808196,0.003223907199818386,0.014328782560351586,2.0816681711721685e-17,5.511463844797178e-05,8.267195767195767e-05,5.727927285647415,9357.949491286456
390001,0,4,M2,0,True,0.0,0.996259961884662,0.9790548338377681,0.35,0.0,0.0,0.2773324431851506,0.06102733196690678,3.2200010089203714,0.24746617570519447,0.0,0.0,6.024978729896247,7.260679797269404,0.15319560256003595,0.5994893002317273,8.638173279174685,3.663328519383356,2.8297481632020394,0.3979889146767745,0.09172348146329438,0.2180663856374796,0.06547711111189024,0.07970902386305208,-0.04038264272675354,-0.008863801540673273,0.22153392948463804,0.02815257263756833,0.8520833333333333,0.005365289641105478,0.014908049405990371,0.8504819834875513,0.03846768802434051,0.057926849667591915,0.04548299315916226,0.002873203681298701,0.02206786108297222,0.010853604237654456,0.0034892966904777945,0.01055155741937809,0.004694128670281289,0.01510059215542733,0.003625763082778782,0.025266544061115098,2.0816681711721685e-17,1.3778659611992945e-05,2.755731922398589e-05,4.044402099609342,7106.747430200492
390001,0,4,M3,1,True,0.0,0.996259961884662,0.9790548338377681,0.35,0.0,0.0,0.2773324431851506,0.06102733196690678,3.2200010089203714,0.24746617570519447,0.0,0.0,6.024978729896247,7.260679797269404,0.15319560256003595,0.5994893002317273,8.638173279174685,3.663328519383356,2.8297481632020394,0.3979889146767745,0.09172348146329438,0.2180663856374796,0.06547711111189024,0.07970902386305208,-0.04038264272675354,-0.008863801540673273,0.22153392948463804,0.02815257263756833,0.8520833333333333,0.005365289641105478,0.014908049405990371,0.8504819834875513,0.03846768802434051,0.057926849667591915,0.04548299315916226,0.002873203681298701,0.02206786108297222,0.010853604237654456,0.0034892966904777945,0.01055155741937809,0.004694128670281289,0.01510059215542733,0.003625763082778782,0.025266544061115098,2.0816681711721685e-17,1.3778659611992945e-05,2.755731922398589e-05,4.044402099609342,7106.747430200492
390001,0,4,M2+O,2,False,1.0176505135831047e-07,0.996259961884662,0.9790548338377681,0.35,0.0,0.0,0.2773324431851506,0.06102733196690678,3.2200010089203714,0.24746617570519447,0.1806828490037143,0.0,6.024978729896247,7.260679797269404,0.15143529503999517,0.5965867858968491,8.750748712333625,3.6606917875579037,2.832059222586473,0.3737210193290445,0.09593782749349572,0.20818866804616162,0.05258342647328926,0.07734743062005145,-0.04341182867761928,-0.0078111482407833095,0.23848373443389656,0.03305382182737424,0.8875000000000001,0.005724882363380789,0.01575886370302161,0.8602479634676333,0.04056468714726653,0.059349563970268596,0.041759752782703594,0.0028091003177800255,0.02267210047334681,0.00992549557483334,0.0034821209816153203,0.009874179100204725,0.004919893673224742,0.01453840153323902,0.003098874672981385,0.01571081506940132,2.0816681711721685e-17,1.3778659611992945e-05,4.1335978835978834e-05,4.377930737187888,7101.588042031614
390001,0,4,M4,3,False,1.0176505135831047e-07,0.996259961884662,0.9790548338377681,0.35,0.0,0.0,0.2773324431851506,0.06102733196690678,3.2200010089203714,0.24746617570519447,0.1806828490037143,0.0,6.024978729896247,7.260679797269404,0.15143529503999517,0.5965867858968491,8.750748712333625,3.6606917875579037,2.832059222586473,0.3737210193290445,0.09593782749349572,0.20818866804616162,0.05258342647328926,0.07734743062005145,-0.04341182867761928,-0.0078111482407833095,0.23848373443389656,0.03305382182737424,0.8875000000000001,0.005724882363380789,0.01575886370302161,0.8602479634676333,0.04056468714726653,0.059349563970268596,0.041759752782703594,0.0028091003177800255,0.02267210047334681,0.00992549557483334,0.0034821209816153203,0.009874179100204725,0.004919893673224742,0.01453840153323902,0.003098874672981385,0.01571081506940132,2.0816681711721685e-17,1.3778659611992945e-05,4.1335978835978834e-05,4.377930737187888,7101.588042031614
390001,0,5,M2,0,False,0.001585934694151824,0.996259961884662,0.9790548338377681,0.35,0.0,0.0,0.2378246164880693,0.0748634483339265,2.9850870983675124,0.19047712936997413,0.0,0.0,5.269471470266581,7.561110497452319,0.15689318618917472,0.5795447436077216,7.756696142689175,3.592641275412685,2.9300245818891497,0.4015440751772085,0.06641585839807776,0.18847536288189168,0.057338287226186134,0.07527285052622248,-0.051607834079873155,-0.017200911069449064,0.17688499121207393,0.022340052600375932,0.8291666666666666,0.004801967495617934,0.014005900043254678,0.7183567350440614,0.04044380256094375,0.04927931512257688,0.04461036869756154,0.002556621333096068,0.022440985137923714,0.011577369588727102,0.003176385422548584,0.007541743151833722,0.004204339826173225,0.013130979074181658,0.003081821088700943,0.027239654775171648,2.0816681711721685e-17,5.511463844797178e-05,5.511463844797178e-05,4.279339770388961,1576.59346576966
390001,0,5,M3,1,False,0.001585934694151824,0.996259961884662,0.9790548338377681,0.35,0.0,0.0,0.2378246164880693,0.0748634483339265,2.9850870983675124,0.19047712936997413,0.0,0.0,5.269471470266581,7.561110497452319,0.15689318618917472,0.5795447436077216,7.756696142689175,3.592641275412685,2.9300245818891497,0.4015440751772085,0.06641585839807776,0.18847536288189168,0.057338287226186134,0.07527285052622248,-0.051607834079873155,-0.017200911069449064,0.17688499121207393,0.022340052600375932,0.8291666666666666,0.004801967495617934,0.014005900043254678,0.7183567350440614,0.04044380256094375,0.04927931512257688,0.04461036869756154,0.002556621333096068,0.022440985137923714,0.011577369588727102,0.003176385422548584,0.007541743151833722,0.004204339826173225,0.013130979074181658,0.003081821088700943,0.027239654775171648,2.0816681711721685e-17,5.511463844797178e-05,5.511463844797178e-05,4.279339770388961,1576.59346576966
390001,0,5,M2+O,2,False,0.0016080914399535559,0.996259961884662,0.9790548338377681,0.35,0.0,0.0,0.2378246164880693,0.0748634483339265,2.9850870983675124,0.19047712936997413,0.03528296146634178,0.0,5.269471470266581,7.561110497452319,0.15676953866129015,0.5793811678516935,7.745860543862524,3.5953667542882997,2.946450209939283,0.39780351644063905,0.06639090860968806,0.1880339601560677,0.05575972877940131,0.07475495018244054,-0.05225301143585571,-0.017280347350166397,0.17732804088514317,0.022580618115332168,0.8333333333333334,0.004858964583348481,0.014277394506011105,0.7025413352585302,0.04267495027353166,0.05224395693010518,0.044226239198718494,0.002548907027212175,0.022535650090103318,0.01145903368377349,0.0031578497869210144,0.0074514572650666655,0.004241054811335481,0.013113425137125696,0.003002729650384491,0.026693826748396907,2.0816681711721685e-17,5.511463844797178e-05,5.511463844797178e-05,4.329125266053025,1576.3755051260816
390001,0,5,M4,3,False,0.0016080914399535559,0.996259961884662,0.9790548338377681,0.35,0.0,0.0,0.2378246164880693,0.0748634483339265,2.9850870983675124,0.19047712936997413,0.03528296146634178,0.0,5.269471470266581,7.561110497452319,0.15676953866129015,0.5793811678516935,7.745860543862524,3.5953667542882997,2.946450209939283,0.39780351644063905,0.06639090860968806,0.1880339601560677,0.05575972877940131,0.07475495018244054,-0.05225301143585571,-0.017280347350166397,0.17732804088514317,0.022580618115332168,0.8333333333333334,0.004858964583348481,0.014277394506011105,0.7025413352585302,0.04267495027353166,0.05224395693010518,0.044226239198718494,0.002548907027212175,0.022535650090103318,0.01145903368377349,0.0031578497869210144,0.0074514572650666655,0.004241054811335481,0.013113425137125696,0.003002729650384491,0.026693826748396907,2.0816681711721685e-17,5.511463844797178e-05,5.511463844797178e-05,4.329125266053025,1576.3755051260816
390001,0,6,M2,0,True,0.0,0.996259961884662,0.9790548338377681,0.35,0.0,0.0,0.21834226027131082,0.07175303331110627,3.098974011652172,0.22922467060387136,0.0,0.0,5.734069987665862,6.390289471484721,0.15281719696277066,0.5931665905235878,8.576241248204338,3.6829740180762465,2.823607814699543,0.3949995633846477,0.0743383392288395,0.20168706988146123,0.05649033159105112,0.07814303283612978,-0.04878168541549375,-0.014692618139820895,0.17194878546245454,0.023173245956164403,0.7958333333333334,0.004513165585774526,0.013824848559868768,0.789700874774127,0.03679017902407124,0.054903501774593085,0.041345914456157457,0.0025766999349680682,0.022111856328685217,0.011526958795778183,0.0034573390957387488,0.00863789865217296,0.004319864854101869,0.01283254804001093,0.0031613687393074684,0.030234090718027122,2.0816681711721685e-17,4.1335978835978834e-05,5.511463844797178e-05,4.568429035536834,3988.3566277200603
390001,0,6,M3,1,True,0.0,0.996259961884662,0.9790548338377681,0.35,0.0,0.0,0.21834226027131082,0.07175303331110627,3.098974011652172,0.22922467060387136,0.0,0.0,5.734069987665862,6.390289471484721,0.15281719696277066,0.5931665905235878,8.576241248204338,3.6829740180762465,2.823607814699543,0.3949995633846477,0.0743383392288395,0.20168706988146123,0.05649033159105112,0.07814303283612978,-0.04878168541549375,-0.014692618139820895,0.17194878546245454,0.023173245956164403,0.7958333333333334,0.004513165585774526,0.013824848559868768,0.789700874774127,0.03679017902407124,0.054903501774593085,0.041345914456157457,0.0025766999349680682,0.022111856328685217,0.011526958795778183,0.0034573390957387488,0.00863789865217296,0.004319864854101869,0.01283254804001093,0.0031613687393074684,0.030234090718027122,2.0816681711721685e-17,4.1335978835978834e-05,5.511463844797178e-05,4.568429035536834,3988.3566277200603
390001,0,6,M2+O,2,True,0.0,0.996259961884662,0.9790548338377681,0.35,0.0,0.0,0.21834226027131082,0.07175303331110627,3.098974011652172,0.22922467060387136,0.05596634677516202,0.0,5.734069987665862,6.390289471484721,0.15258157968677963,0.5920295363387487,8.548564400247892,3.6615416845052775,2.84026687188058,0.38804864840795367,0.07447487964056186,0.20099294513230906,0.053644350298523026,0.07716017414722115,-0.049878501481049047,-0.014697771494926943,0.17339604243732362,0.02371309051720927,0.8145833333333333,0.004616570819983594,0.014114892871628372,0.7742193671171494,0.041888952513053516,0.05829486623500237,0.0415296221333489,0.0025621695432440244,0.02228372594482007,0.011341367254856415,0.0034239953381638424,0.008485142394993683,0.004388407090288497,0.012810014012466906,0.003024528826945076,0.027333018511796016,2.0816681711721685e-17,5.511463844797178e-05,5.511463844797178e-05,4.658873666014609,3988.0080648026174
390001,0,6,M4,3,True,0.0,0.996259961884662,0.9790548338377681,0.35,0.0,0.0,0.21834226027131082,0.07175303331110627,3.098974011652172,0.22922467060387136,0.05596634677516202,0.0,5.734069987665862,6.390289471484721,0.15258157968677963,0.5920295363387487,8.548564400247892,3.6615416845052775,2.84026687188058,0.38804864840795367,0.07447487964056186,0.20099294513230906,0.053644350298523026,0.07716017414722115,-0.049878501481049047,-0.014697771494926943,0.17339604243732362,0.02371309051720927,0.8145833333333333,0.004616570819983594,0.014114892871628372,0.7742193671171494,0.041888952513053516,0.05829486623500237,0.0415296221333489,0.0025621695432440244,0.02228372594482007,0.011341367254856415,0.0034239953381638424,0.008485142394993683,0.004388407090288497,0.012810014012466906,0.003024528826945076,0.027333018511796016,2.0816681711721685e-17,5.511463844797178e-05,5.511463844797178e-05,4.658873666014609,3988.0080648026174
390001,0,7,M2,0,True,0.0,0.996259961884662,0.9790548338377681,0.35,0.0,0.0,0.25462781311944127,0.08294289264827967,2.7334395976737142,0.21371863551437856,0.0,0.0,6.490372991655022,8.436539084650576,0.15245207377835635,0.5929273725667407,8.795570445266305,3.6800635279625347,2.8363573561177176,0.4087649658688524,0.07022443549282593,0.19029078484671622,0.05402573541263364,0.07764769710305067,-0.0484817895395079,-0.01445097103032557,0.18167594471911308,0.025453579030453033,0.8395833333333332,0.004960036623094068,0.012994903633338462,0.8296144273371803,0.0365612500739636,0.054899706490444115,0.04621290612649668,0.002555488425421123,0.022486862812747505,0.011403446664848604,0.0033271552062120843,0.008138896470683393,0.0042520446881343515,0.013338336616688318,0.0032991179341450307,0.025886311968741225,2.0816681711721685e-17,0.0,0.0,4.000234723981708,12721.389509026465
390001,0,7,M3,1,True,0.0,0.996259961884662,0.9790548338377681,0.35,0.0,0.0,0.25462781311944127,0.08294289264827967,2.7334395976737142,0.21371863551437856,0.0,0.0,6.490372991655022,8.436539084650576,0.15245207377835635,0.5929273725667407,8.795570445266305,3.6800635279625347,2.8363573561177176,0.4087649658688524,0.07022443549282593,0.19029078484671622,0.05402573541263364,0.07764769710305067,-0.0484817895395079,-0.01445097103032557,0.18167594471911308,0.025453579030453033,0.8395833333333332,0.004960036623094068,0.012994903633338462,0.8296144273371803,0.0365612500739636,0.054899706490444115,0.04621290612649668,0.002555488425421123,0.022486862812747505,0.011403446664848604,0.0033271552062120843,0.008138896470683393,0.0042520446881343515,0.013338336616688318,0.0032991179341450307,0.025886311968741225,2.0816681711721685e-17,0.0,0.0,4.000234723981708,12721.389509026465
390001,0,7,M2+O,2,True,0.0,0.996259961884662,0.9790548338377681,0.35,0.0,0.0,0.25462781311944127,0.08294289264827967,2.7334395976737142,0.21371863551437856,0.0818483628556123,0.0,6.490372991655022,8.436539084650576,0.15201570950138976,0.5901393020072999,8.79498373009818,3.6446759334242116,2.8573383141832207,0.4003409129334449,0.07083826617121536,0.18868123372261833,0.05008742370007083,0.07625729037395583,-0.049917069258477,-0.014305624182976706,0.18521621730063467,0.02655981939614119,0.8520833333333333,0.005104048665664937,0.01348163883069651,0.7981968574310558,0.04069261649246995,0.058258958043971215,0.04182681461697574,0.002539082304854092,0.022617586466964976,0.011105664724243111,0.003261913963072263,0.007909188797929984,0.004350194522538883,0.013235360513936641,0.003098852719072708,0.024353816820363226,2.0816681711721685e-17,0.0,0.0,4.147216191648006,12537.423955329576
390001,0,7,M4,3,True,0.0,0.996259961884662,0.9790548338377681,0.35,0.0,0.0,0.25462781311944127,0.08294289264827967,2.7334395976737142,0.21371863551437856,0.0818483628556123,0.0,6.490372991655022,8.436539084650576,0.15201570950138976,0.5901393020072999,8.79498373009818,3.6446759334242116,2.8573383141832207,0.4003409129334449,0.07083826617121536,0.18868123372261833,0.05008742370007083,0.07625729037395583,-0.049917069258477,-0.014305624182976706,0.18521621730063467,0.02655981939614119,0.8520833333333333,0.005104048665664937,0.01348163883069651,0.7981968574310558,0.04069261649246995,0.058258958043971215,0.04182681461697574,0.002539082304854092,0.022617586466964976,0.011105664724243111,0.003261913963072263,0.007909188797929984,0.004350194522538883,0.013235360513936641,0.003098852719072708,0.024353816820363226,2.0816681711721685e-17,0.0,0.0,4.147216191648006,12537.423955329576
390001,0,8,M2,0,True,0.0,0.996259961884662,0.9790548338377681,0.35,0.0,0.0,0.26037696758285167,0.06623911500442774,3.1390380073338746,0.19648031547665595,0.0,0.0,6.223864151164889,7.334144979715347,0.15846035895005717,0.5733435509098491,7.296440609387905,3.564200730889214,2.9502489674961203,0.39215426281788135,0.07521888591656725,0.20007560819940692,0.06463962095748425,0.07552131079242419,-0.04927447360774064,-0.014328500915549935,0.20489561130865497,0.023927235860618887,0.8333333333333334,0.0051788521360304094,0.013777104029804704,0.6703972936925863,0.033534059225816384,0.05700390567570009,0.046779170924493775,0.002717544931989729,0.022506065356420267,0.011113269065707447,0.0032083853175585543,0.008468299306423215,0.00445077850937825,0.014371931761326708,0.003240106233172963,0.027529079925524096,2.0816681711721685e-17,0.0,0.0,4.106441060769154,4443.509163068483
390001,0,8,M3,1,True,0.0,0.996259961884662,0.9790548338377681,0.35,0.0,0.0,0.26037696758285167,0.06623911500442774,3.1390380073338746,0.19648031547665595,0.0,0.0,6.223864151164889,7.334144979715347,0.15846035895005717,0.5733435509098491,7.296440609387905,3.564200730889214,2.9502489674961203,0.39215426281788135,0.07521888591656725,0.20007560819940692,0.06463962095748425,0.07552131079242419,-0.04927447360774064,-0.014328500915549935,0.20489561130865497,0.023927235860618887,0.8333333333333334,0.0051788521360304094,0.013777104029804704,0.6703972936925863,0.033534059225816384,0.05700390567570009,0.046779170924493775,0.002717544931989729,0.022506065356420267,0.011113269065707447,0.0032083853175585543,0.008468299306423215,0.00445077850937825,0.014371931761326708,0.003240106233172963,0.027529079925524096,2.0816681711721685e-17,0.0,0.0,4.106441060769154,4443.509163068483
390001,0,8,M2+O,2,True,0.0,0.996259961884662,0.9790548338377681,0.35,0.0,0.0,0.26037696758285167,0.06623911500442774,3.1390380073338746,0.19648031547665595,0.03941378565485458,0.0,6.223864151164889,7.334144979715347,0.158312696919766,0.5717815701504647,7.2813020398730615,3.5662292905183044,2.96905146322913,0.397830521837162,0.07519871767351512,0.19946668637189002,0.06271647541693996,0.07481908297493307,-0.05007927933695081,-0.014367233181799036,0.20542815022884495,0.024234585637899247,0.8375,0.0052392764733455695,0.01406261119874949,0.659021377289898,0.03664785553261888,0.05861361574174581,0.0424987966360494,0.00270266938573545,0.02268832605185305,0.011057719366303448,0.0032041277309376756,0.008334877517802475,0.004493931578105088,0.014328378310786791,0.003120637984679564,0.025933652805304675,2.0816681711721685e-17,0.0,0.0,4.15530866780161,4405.299447588595
390001,0,8,M4,3,True,0.0,0.996259961884662,0.9790548338377681,0.35,0.0,0.0,0.26037696758285167,0.06623911500442774,3.1390380073338746,0.19648031547665595,0.03941378565485458,0.0,6.223864151164889,7.334144979715347,0.158312696919766,0.5717815701504647,7.2813020398730615,3.5662292905183044,2.96905146322913,0.397830521837162,0.07519871767351512,0.19946668637189002,0.06271647541693996,0.07481908297493307,-0.05007927933695081,-0.014367233181799036,0.20542815022884495,0.024234585637899247,0.8375,0.0052392764733455695,0.01406261119874949,0.659021377289898,0.03664785553261888,0.05861361574174581,0.0424987966360494,0.00270266938573545,0.02268832605185305,0.011057719366303448,0.0032041277309376756,0.008334877517802475,0.004493931578105088,0.014328378310786791,0.003120637984679564,0.025933652805304675,2.0816681711721685e-17,0.0,0.0,4.15530866780161,4405.299447588595
390001,0,9,M2,0,True,0.0,0.996259961884662,0.9790548338377681,0.35,0.0,0.0,0.22489707954227925,0.07692724628373981,2.7730619207024576,0.2408962793648243,0.0,0.0,5.490998988039792,7.869041427969933,0.15184065848132952,0.6006227154577132,8.90592796885956,3.6934502180330164,2.806153943003711,0.4031211558602421,0.07882709304100645,0.20719297653551672,0.05820938556479893,0.07880991774347017,-0.04530175287005863,-0.012574801217539048,0.17917979441362641,0.02438428269396796,0.8104166666666668,0.004598021541923469,0.013833267345270933,0.8382782355075964,0.03937187013314544,0.05845012588772359,0.04530572812005177,0.0026300421940902517,0.021921322012124867,0.011318901572033512,0.003519441131351983,0.009193242817114164,0.004414788358919961,0.013145862506734825,0.0032691556515423766,0.028068750783235813,2.0816681711721685e-17,6.889329805996472e-05,0.0001515652557319224,3.791340934636246,2464.6248791015614
390001,0,9,M3,1,True,0.0,0.996259961884662,0.9790548338377681,0.35,0.0,0.0,0.22489707954227925,0.07692724628373981,2.7730619207024576,0.2408962793648243,0.0,0.0,5.490998988039792,7.869041427969933,0.15184065848132952,0.6006227154577132,8.90592796885956,3.6934502180330164,2.806153943003711,0.4031211558602421,0.07882709304100645,0.20719297653551672,0.05820938556479893,0.07880991774347017,-0.04530175287005863,-0.012574801217539048,0.17917979441362641,0.02438428269396796,0.8104166666666668,0.004598021541923469,0.013833267345270933,0.8382782355075964,0.03937187013314544,0.05845012588772359,0.04530572812005177,0.0026300421940902517,0.021921322012124867,0.011318901572033512,0.003519441131351983,0.009193242817114164,0.004414788358919961,0.013145862506734825,0.0032691556515423766,0.028068750783235813,2.0816681711721685e-17,6.889329805996472e-05,0.0001515652557319224,3.791340934636246,2464.6248791015614
390001,0,9,M2+O,2,True,0.0,0.996259961884662,0.9790548338377681,0.35,0.0,0.0,0.22489707954227925,0.07692724628373981,2.7730619207024576,0.2408962793648243,0.09924992682199865,0.0,5.490998988039792,7.869041427969933,0.15125335467267978,0.5983947299018234,8.887874525656231,3.668773828208243,2.8206587205626614,0.38090745992744574,0.07981706343116853,0.20468237074954276,0.05253184367719615,0.07739011369009889,-0.047120747057696304,-0.012363707528215218,0.18461305659736996,0.025939598777511143,0.8541666666666666,0.004795746320692152,0.014680593854662406,0.8225059935126432,0.03980276418909902,0.057430687491870996,0.040353923806894114,0.0026022255000015923,0.022189110448176005,0.010967184186887862,0.0033228734295221345,0.00890565920493662,0.004539223933005039,0.013043507866248886,0.0030068948073526166,0.021049602105319486,2.0816681711721685e-17,6.889329805996472e-05,0.0001515652557319224,3.9465267286177714,2470.205476139487
390001,0,9,M4,3,True,0.0,0.996259961884662,0.9790548338377681,0.35,0.0,0.0,0.22489707954227925,0.07692724628373981,2.7730619207024576,0.2408962793648243,0.09924992682199865,0.0,5.490998988039792,7.869041427969933,0.15125335467267978,0.5983947299018234,8.887874525656231,3.668773828208243,2.8206587205626614,0.38090745992744574,0.07981706343116853,0.20468237074954276,0.05253184367719615,0.07739011369009889,-0.047120747057696304,-0.012363707528215218,0.18461305659736996,0.025939598777511143,0.8541666666666666,0.004795746320692152,0.014680593854662406,0.8225059935126432,0.03980276418909902,0.057430687491870996,0.040353923806894114,0.0026022255000015923,0.022189110448176005,0.010967184186887862,0.0033228734295221345,0.00890565920493662,0.004539223933005039,0.013043507866248886,0.0030068948073526166,0.021049602105319486,2.0816681711721685e-17,6.889329805996472e-05,0.0001515652557319224,3.9465267286177714,2470.205476139487
390001,0,10,M2,0,True,0.0,0.996259961884662,0.9790548338377681,0.35,0.0,0.0,0.2443801517598331,0.06754384808242321,3.1797893855720756,0.21964385755360127,0.0,0.0,5.020357612986118,6.691643536090851,0.1549189752117269,0.5876776902433777,8.104971782405153,3.641151592499765,2.8728436506447443,0.39809579076024987,0.07676770941302759,0.20431527301622443,0.06074690453920787,0.07752806869657547,-0.0483733679581031,-0.013818334274645072,0.19041343799022883,0.02421885487927632,0.8229166666666666,0.004906021995289139,0.014140895301183128,0.750221894001528,0.03479271879748827,0.06083641053021997,0.04355496452555053,0.002685857845954974,0.02236010657448528,0.011349984557694672,0.0033803794299100375,0.008886996619998854,0.004421545271266907,0.013748648549484285,0.0032708378521031072,0.027415741581679493,2.0816681711721685e-17,0.00016534391534391533,0.0002204585537918871,4.4457384546098035,979.4000007249705
390001,0,10,M3,1,True,0.0,0.996259961884662,0.9790548338377681,0.35,0.0,0.0,0.2443801517598331,0.06754384808242321,3.1797893855720756,0.21964385755360127,0.0,0.0,5.020357612986118,6.691643536090851,0.1549189752117269,0.5876776902433777,8.104971782405153,3.641151592499765,2.8728436506447443,0.39809579076024987,0.07676770941302759,0.20431527301622443,0.06074690453920787,0.07752806869657547,-0.0483733679581031,-0.013818334274645072,0.19041343799022883,0.02421885487927632,0.8229166666666666,0.004906021995289139,0.014140895301183128,0.750221894001528,0.03479271879748827,0.06083641053021997,0.04355496452555053,0.002685857845954974,0.02236010657448528,0.011349984557694672,0.0033803794299100375,0.008886996619998854,0.004421545271266907,0.013748648549484285,0.0032708378521031072,0.027415741581679493,2.0816681711721685e-17,0.00016534391534391533,0.0002204585537918871,4.4457384546098035,979.4000007249705
390001,0,10,M2+O,2,True,0.0,0.996259961884662,0.9790548338377681,0.35,0.0,0.0,0.2443801517598331,0.06754384808242321,3.1797893855720756,0.21964385755360127,0.22120154879690973,0.0,5.020357612986118,6.691643536090851,0.1522438008729148,0.5899577269136608,8.543391908739679,3.6202663297636697,2.915377630481723,0.4111187803037401,0.08465938246180343,0.18699046694842356,0.04429178683991011,0.07619791282439513,-0.050398854394557886,-0.011408074271656384,0.22145193388464368,0.031739814352372824,0.9020833333333332,0.005427490843681327,0.016316212625963767,0.7126022768503737,0.04443477521946035,0.06793992144788505,0.046753684527621193,0.002684865701397032,0.02227045904560839,0.009595161652022748,0.0032015719852523383,0.0082286794867855,0.004686072152791176,0.013436317866007182,0.002852195968215654,0.01519175938264218,2.0816681711721685e-17,9.645061728395061e-05,0.00019290123456790122,4.829187998980555,992.5224183975625
390001,0,10,M4,3,True,0.0,0.996259961884662,0.9790548338377681,0.35,0.0,0.0,0.2443801517598331,0.06754384808242321,3.1797893855720756,0.21964385755360127,0.22120154879690973,0.0,5.020357612986118,6.691643536090851,0.1522438008729148,0.5899577269136608,8.543391908739679,3.6202663297636697,2.915377630481723,0.4111187803037401,0.08465938246180343,0.18699046694842356,0.04429178683991011,0.07619791282439513,-0.050398854394557886,-0.011408074271656384,0.22145193388464368,0.031739814352372824,0.9020833333333332,0.005427490843681327,0.016316212625963767,0.7126022768503737,0.04443477521946035,0.06793992144788505,0.046753684527621193,0.002684865701397032,0.02227045904560839,0.009595161652022748,0.0032015719852523383,0.0082286794867855,0.004686072152791176,0.013436317866007182,0.002852195968215654,0.01519175938264218,2.0816681711721685e-17,9.645061728395061e-05,0.00019290123456790122,4.829187998980555,992.5224183975625
390001,0,11,M2,0,True,0.0,0.996259961884662,0.9790548338377681,0.35,0.0,0.0,0.28308231513947246,0.08182962188962847,2.945610111951828,0.22273273594677448,0.0,0.0,5.752427791710943,8.503426149487495,0.1489910335487684,0.5994040371570367,9.606029189182204,3.7230886521721174,2.7774822105862076,0.40823829677244833,0.07031554361241683,0.18477820072904774,0.04842750347327157,0.0792190319361002,-0.04788809238288579,-0.013671677029593302,0.18777654115360684,0.028680035130132384,0.8604166666666666,0.005262018208810928,0.013573598247767611,0.9214652705442645,0.03775076981249184,0.055783326815443415,0.04760855732661521,0.0025310805673802793,0.02307520853796426,0.011411427694492556,0.003397315760148137,0.008277448432393045,0.004218488601010931,0.01366028765198471,0.003542575116849011,0.024814377309455876,2.0816681711721685e-17,5.511463844797178e-05,0.0001240079365079365,4.8732723317139195,4156.617092472555
390001,0,11,M3,1,True,0.0,0.996259961884662,0.9790548338377681,0.35,0.0,0.0,0.28308231513947246,0.08182962188962847,2.945610111951828,0.22273273594677448,0.0,0.0,5.752427791710943,8.503426149487495,0.1489910335487684,0.5994040371570367,9.606029189182204,3.7230886521721174,2.7774822105862076,0.40823829677244833,0.07031554361241683,0.18477820072904774,0.04842750347327157,0.0792190319361002,-0.04788809238288579,-0.013671677029593302,0.18777654115360684,0.028680035130132384,0.8604166666666666,0.005262018208810928,0.013573598247767611,0.9214652705442645,0.03775076981249184,0.055783326815443415,0.04760855732661521,0.0025310805673802793,0.02307520853796426,0.011411427694492556,0.003397315760148137,0.008277448432393045,0.004218488601010931,0.01366028765198471,0.003542575116849011,0.024814377309455876,2.0816681711721685e-17,5.511463844797178e-05,0.0001240079365079365,4.8732723317139195,4156.617092472555
390001,0,11,M2+O,2,True,0.0,0.996259961884662,0.9790548338377681,0.35,0.0,0.0,0.28308231513947246,0.08182962188962847,2.945610111951828,0.22273273594677448,0.024611350639674,0.0,5.752427791710943,8.503426149487495,0.148917006010347,0.5987112346863664,9.586546916908963,3.7269160468308726,2.798978739048748,0.4193555127704182,0.07020948046435016,0.18474847551297682,0.04749619220024761,0.07883229992288991,-0.048384226628237936,-0.013720217908592533,0.18773561821509865,0.028815254281400818,0.8604166666666666,0.005297241333629196,0.013763285624704599,0.9115497364644941,0.03759028185007036,0.056258772435490226,0.04649231372528579,0.0025244324508858287,0.023160476093209696,0.011396808781459013,0.0033748116926382646,0.008203627328349587,0.004244606258775933,0.013630705757354427,0.0034776846665614627,0.024814377309455876,2.0816681711721685e-17,5.511463844797178e-05,8.267195767195767e-05,4.923822795366914,4158.237946964044
390001,0,11,M4,3,True,0.0,0.996259961884662,0.9790548338377681,0.35,0.0,0.0,0.28308231513947246,0.08182962188962847,2.945610111951828,0.22273273594677448,0.024611350639674,0.0,5.752427791710943,8.503426149487495,0.148917006010347,0.5987112346863664,9.586546916908963,3.7269160468308726,2.798978739048748,0.4193555127704182,0.07020948046435016,0.18474847551297682,0.04749619220024761,0.07883229992288991,-0.048384226628237936,-0.013720217908592533,0.18773561821509865,0.028815254281400818,0.8604166666666666,0.005297241333629196,0.013763285624704599,0.9115497364644941,0.03759028185007036,0.056258772435490226,0.04649231372528579,0.0025244324508858287,0.023160476093209696,0.011396808781459013,0.0033748116926382646,0.008203627328349587,0.004244606258775933,0.013630705757354427,0.0034776846665614627,0.024814377309455876,2.0816681711721685e-17,5.511463844797178e-05,8.267195767195767e-05,4.923822795366914,4158.237946964044
390001,0,12,M2,0,True,0.0,0.996259961884662,0.9790548338377681,0.35,0.0,0.0,0.29935491690412164,0.07051171878352762,2.7982757639139892,0.23080004900693893,0.0,0.0,6.378210476133972,6.27442592382431,0.1539981138051327,0.5918175883358082,8.464312494722341,3.6349684837398546,2.875035457945104,0.4158430040093232,0.08797950971742663,0.2103393276495378,0.06501290442810062,0.07882429060475965,-0.04134112791603819,-0.008759847431173194,0.23108982814485954,0.029507664861344596,0.8583333333333334,0.00566818843746236,0.01478200302304467,0.8206150563559922,0.0371667782974798,0.06492178466524302,0.05092227712502838,0.0028682284934006914,0.0224369795551151,0.010669581508978088,0.003341386338218411,0.01008844119905472,0.0046522172222575224,0.015469947057274032,0.003663213119313522,0.02736406896883943,2.0816681711721685e-17,0.0,0.0,3.453741537010535,10146.199561958018
390001,0,12,M3,1,True,0.0,0.996259961884662,0.9790548338377681,0.35,0.0,0.0,0.29935491690412164,0.07051171878352762,2.7982757639139892,0.23080004900693893,0.0,0.0,6.378210476133972,6.27442592382431,0.1539981138051327,0.5918175883358082,8.464312494722341,3.6349684837398546,2.875035457945104,0.4158430040093232,0.08797950971742663,0.2103393276495378,0.06501290442810062,0.07882429060475965,-0.04134112791603819,-0.008759847431173194,0.23108982814485954,0.029507664861344596,0.8583333333333334,0.00566818843746236,0.01478200302304467,0.8206150563559922,0.0371667782974798,0.06492178466524302,0.05092227712502838,0.0028682284934006914,0.0224369795551151,0.010669581508978088,0.003341386338218411,0.01008844119905472,0.0046522172222575224,0.015469947057274032,0.003663213119313522,0.02736406896883943,2.0816681711721685e-17,0.0,0.0,3.453741537010535,10146.199561958018
390001,0,12,M2+O,2,True,0.0,0.996259961884662,0.9790548338377681,0.35,0.0,0.0,0.29935491690412164,0.07051171878352762,2.7982757639139892,0.23080004900693893,0.032109614985167255,0.0,6.378210476133972,6.27442592382431,0.15389079176039663,0.5916747513223705,8.43322315422763,3.6223896280744334,2.902130645195252,0.41037006105637813,0.08783766032458622,0.21006185290734522,0.06349418699846458,0.07816505104727886,-0.04207196769531935,-0.008823472991845561,0.2311015400343114,0.029671183298871157,0.8625000000000002,0.005712865650025236,0.014920094117524492,0.8180355069937859,0.04083180551819458,0.0638419473287603,0.04544230048345043,0.002850997659862528,0.022651379734884958,0.01070864523233396,0.003397612603510837,0.009973129142000934,0.0046948513715377085,0.01541799568605268,0.003550442735486275,0.025225432875733096,2.0816681711721685e-17,0.0,0.0,3.486909875980038,10096.257942704191
390001,0,12,M4,3,True,0.0,0.996259961884662,0.9790548338377681,0.35,0.0,0.0,0.29935491690412164,0.07051171878352762,2.7982757639139892,0.23080004900693893,0.032109614985167255,0.0,6.378210476133972,6.27442592382431,0.15389079176039663,0.5916747513223705,8.43322315422763,3.6223896280744334,2.902130645195252,0.41037006105637813,0.08783766032458622,0.21006185290734522,0.06349418699846458,0.07816505104727886,-0.04207196769531935,-0.008823472991845561,0.2311015400343114,0.029671183298871157,0.8625000000000002,0.005712865650025236,0.014920094117524492,0.8180355069937859,0.04083180551819458,0.0638419473287603,0.04544230048345043,0.002850997659862528,0.022651379734884958,0.01070864523233396,0.003397612603510837,0.009973129142000934,0.0046948513715377085,0.01541799568605268,0.003550442735486275,0.025225432875733096,2.0816681711721685e-17,0.0,0.0,3.486909875980038,10096.257942704191
390001,0,13,M2,0,False,0.010441924338548111,0.996259961884662,0.9790548338377681,0.35,0.0,0.0,0.2357255432754755,0.0843245640071109,3.0317934952676295,0.20654045909643173,0.0,0.0,5.610234498512,8.927487328648567,0.1497953617305609,0.596720150363194,9.44361474517847,3.7109976749236337,2.8262043009338313,0.4390166704569807,0.0608032838935716,0.174027475945269,0.043292181059823576,0.07745791200279128,-0.05182799744128025,-0.018290674708713123,0.15510781299063597,0.023964168497630906,0.8312500000000002,0.004634370293062416,0.013273510450531413,0.897965798787592,0.045000287116264595,0.052089153703656535,0.047916859333933984,0.0023783642872922555,0.022501750768326084,0.011878642998806435,0.0033831942930698748,0.007133109145209003,0.003952425516863212,0.012089078850903047,0.003178028634176255,0.02722233005499692,2.0816681711721685e-17,5.511463844797178e-05,0.00013778659611992945,5.494140990453199,3142.356264921134
390001,0,13,M3,1,False,0.010441924338548111,0.996259961884662,0.9790548338377681,0.35,0.0,0.0,0.2357255432754755,0.0843245640071109,3.0317934952676295,0.20654045909643173,0.0,0.0,5.610234498512,8.927487328648567,0.1497953617305609,0.596720150363194,9.44361474517847,3.7109976749236337,2.8262043009338313,0.4390166704569807,0.0608032838935716,0.174027475945269,0.043292181059823576,0.07745791200279128,-0.05182799744128025,-0.018290674708713123,0.15510781299063597,0.023964168497630906,0.8312500000000002,0.004634370293062416,0.013273510450531413,0.897965798787592,0.045000287116264595,0.052089153703656535,0.047916859333933984,0.0023783642872922555,0.022501750768326084,0.011878642998806435,0.0033831942930698748,0.007133109145209003,0.003952425516863212,0.012089078850903047,0.003178028634176255,0.02722233005499692,2.0816681711721685e-17,5.511463844797178e-05,0.00013778659611992945,5.494140990453199,3142.356264921134
390001,0,13,M2+O,2,False,0.005025402305032765,0.996259961884662,0.9790548338377681,0.35,0.0,0.0,0.2357255432754755,0.0843245640071109,3.0317934952676295,0.20654045909643173,0.14585900465534243,0.0,5.610234498512,8.927487328648567,0.14865943647290597,0.5975171911780839,9.600725285343396,3.688721565177391,2.847641446288335,0.4544218820715062,0.06361989352198842,0.16884466072262105,0.03521503462368237,0.07660929352153396,-0.053294583668375285,-0.017362532483355238,0.16838106273444375,0.026933484992743662,0.86875,0.004943913272490713,0.013431294933592087,0.8098337132965951,0.04285081626299653,0.05942614056414198,0.051624821842278665,0.0023863605359156167,0.02224107262483167,0.01107765675750926,0.003058120751669611,0.006895509479292,0.00413787085056134,0.011987011468057782,0.003005518471112029,0.02166370520452136,2.0816681711721685e-17,6.889329805996472e-05,8.267195767195767e-05,5.892485758537345,3153.2597567064554
390001,0,13,M4,3,False,0.005025402305032765,0.996259961884662,0.9790548338377681,0.35,0.0,0.0,0.2357255432754755,0.0843245640071109,3.0317934952676295,0.20654045909643173,0.14585900465534243,0.0,5.610234498512,8.927487328648567,0.14865943647290597,0.5975171911780839,9.600725285343396,3.688721565177391,2.847641446288335,0.4544218820715062,0.06361989352198842,0.16884466072262105,0.03521503462368237,0.07660929352153396,-0.053294583668375285,-0.017362532483355238,0.16838106273444375,0.026933484992743662,0.86875,0.004943913272490713,0.013431294933592087,0.8098337132965951,0.04285081626299653,0.05942614056414198,0.051624821842278665,0.0023863605359156167,0.02224107262483167,0.01107765675750926,0.003058120751669611,0.006895509479292,0.00413787085056134,0.011987011468057782,0.003005518471112029,0.02166370520452136,2.0816681711721685e-17,6.889329805996472e-05,8.267195767195767e-05,5.892485758537345,3153.2597567064554
390001,0,14,M2,0,True,0.0,0.996259961884662,0.9790548338377681,0.35,0.0,0.0,0.20833341283723714,0.062489898935891686,2.92039684318006,0.25279291801154613,0.0,0.0,5.331442344933748,7.0982246696949005,0.15552812364866075,0.6030902979238874,8.18472882464377,3.6210467150841397,2.862508400407563,0.39965213719705367,0.09321216114062929,0.22903647985170264,0.07149398712254168,0.07849864044633757,-0.039380632053972284,-0.00980646945538746,0.19555851859145043,0.022612298153750154,0.7999999999999999,0.004472442668317713,0.014317010782770284,0.8108679611204349,0.04043829904443489,0.058102999334321115,0.05101478396182446,0.002837703498049229,0.0209059037986725,0.011152885740060414,0.0036014660607901205,0.010478052475364496,0.004727603479195095,0.013826993604209054,0.0032762922973424593,0.026919095102908276,2.0816681711721685e-17,8.267195767195767e-05,0.0001515652557319224,3.304410483572903,1786.3725712391458
390001,0,14,M3,1,True,0.0,0.996259961884662,0.9790548338377681,0.35,0.0,0.0,0.20833341283723714,0.062489898935891686,2.92039684318006,0.25279291801154613,0.0,0.0,5.331442344933748,7.0982246696949005,0.15552812364866075,0.6030902979238874,8.18472882464377,3.6210467150841397,2.862508400407563,0.39965213719705367,0.09321216114062929,0.22903647985170264,0.07149398712254168,0.07849864044633757,-0.039380632053972284,-0.00980646945538746,0.19555851859145043,0.022612298153750154,0.7999999999999999,0.004472442668317713,0.014317010782770284,0.8108679611204349,0.04043829904443489,0.058102999334321115,0.05101478396182446,0.002837703498049229,0.0209059037986725,0.011152885740060414,0.0036014660607901205,0.010478052475364496,0.004727603479195095,0.013826993604209054,0.0032762922973424593,0.026919095102908276,2.0816681711721685e-17,8.267195767195767e-05,0.0001515652557319224,3.304410483572903,1786.3725712391458
390001,0,14,M2+O,2,True,0.0,0.996259961884662,0.9790548338377681,0.35,0.0,0.0,0.20833341283723714,0.062489898935891686,2.92039684318006,0.25279291801154613,0.09017833367092232,0.0,5.331442344933748,7.0982246696949005,0.15502090973605462,0.6000062561982529,8.132923395598182,3.612165081584403,2.878963325491481,0.38330942957077135,0.0939938694949939,0.2268561116943106,0.06559124488186727,0.07715006159671273,-0.04120142366258076,-0.009775977464682112,0.2001054546864689,0.02383402736381678,0.8208333333333333,0.004656410206755799,0.014359241298272797,0.8236097502337454,0.043799929916982096,0.058225529998555556,0.04751549571297254,0.002792672817659956,0.021275353464992163,0.01075641989169221,0.003553471571688651,0.01021092736984133,0.004861182287843385,0.013712030772651429,0.0030234431666579533,0.023490027691899038,2.0816681711721685e-17,8.267195767195767e-05,0.00013778659611992945,3.38877689053432,1786.1060373211574
390001,0,14,M4,3,True,0.0,0.996259961884662,0.9790548338377681,0.35,0.0,0.0,0.20833341283723714,0.062489898935891686,2.92039684318006,0.25279291801154613,0.09017833367092232,0.0,5.331442344933748,7.0982246696949005,0.15502090973605462,0.6000062561982529,8.132923395598182,3.612165081584403,2.878963325491481,0.38330942957077135,0.0939938694949939,0.2268561116943106,0.06559124488186727,0.07715006159671273,-0.04120142366258076,-0.009775977464682112,0.2001054546864689,0.02383402736381678,0.8208333333333333,0.004656410206755799,0.014359241298272797,0.8236097502337454,0.043799929916982096,0.058225529998555556,0.04751549571297254,0.002792672817659956,0.021275353464992163,0.01075641989169221,0.003553471571688651,0.01021092736984133,0.004861182287843385,0.013712030772651429,0.0030234431666579533,0.023490027691899038,2.0816681711721685e-17,8.267195767195767e-05,0.00013778659611992945,3.38877689053432,1786.1060373211574
390001,0,15,M2,0,False,0.0045228024182038425,0.996259961884662,0.9790548338377681,0.35,0.0,0.0,0.26893506180495025,0.07365114953368902,3.2870344676077363,0.18954758934676647,0.0,0.0,6.0987141309306026,8.098484382033348,0.15391016580532724,0.5837611599722664,8.454335204782403,3.6209949489746998,2.878592906330791,0.40993289988719456,0.06394733946206703,0.17703041906006975,0.04982616462286287,0.07625674405128913,-0.05164194346384902,-0.017446661583738237,0.18205614275330886,0.025423249921468067,0.8583333333333334,0.00515792957563614,0.013539145579647274,0.8009701833635374,0.04024746252487699,0.051841267068150954,0.046395681269480515,0.002485363983489101,0.022811171424591423,0.011592454881908272,0.0031768071332841283,0.007271629548243725,0.0041078637785668184,0.013419760322832928,0.0033423509342316265,0.025300130797240715,2.0816681711721685e-17,0.0,1.3778659611992945e-05,5.604734025900803,7110.072229673315
390001,0,15,M3,1,False,0.0045228024182038425,0.996259961884662,0.9790548338377681,0.35,0.0,0.0,0.26893506180495025,0.07365114953368902,3.2870344676077363,0.18954758934676647,0.0,0.0,6.0987141309306026,8.098484382033348,0.15391016580532724,0.5837611599722664,8.454335204782403,3.6209949489746998,2.878592906330791,0.40993289988719456,0.06394733946206703,0.17703041906006975,0.04982616462286287,0.07625674405128913,-0.05164194346384902,-0.017446661583738237,0.18205614275330886,0.025423249921468067,0.8583333333333334,0.00515792957563614,0.013539145579647274,0.8009701833635374,0.04024746252487699,0.051841267068150954,0.046395681269480515,0.002485363983489101,0.022811171424591423,0.011592454881908272,0.0031768071332841283,0.007271629548243725,0.0041078637785668184,0.013419760322832928,0.0033423509342316265,0.025300130797240715,2.0816681711721685e-17,0.0,1.3778659611992945e-05,5.604734025900803,7110.072229673315
390001,0,15,M2+O,2,False,0.003892198533627279,0.996259961884662,0.9790548338377681,0.35,0.0,0.0,0.26893506180495025,0.07365114953368902,3.2870344676077363,0.18954758934676647,0.06948194053920671,0.0,6.0987141309306026,8.098484382033348,0.1535651830332613,0.5831762171733573,8.461453469880333,3.6289759039318894,2.894617667878413,0.411199161434393,0.0643851261703952,0.17568330062436308,0.04638578337064745,0.07522790998853966,-0.052720976081954606,-0.017306660199312884,0.1846642076090478,0.02623654293482475,0.8624999999999999,0.00527195101592351,0.013808906986506634,0.7654928529196003,0.03948681373404427,0.05914353286864063,0.04916482132144738,0.0024741736923373663,0.022871288809034745,0.011288426251697497,0.003144131668976069,0.007101430043360555,0.004189704843340721,0.01331682821821425,0.0031975742225245933,0.02504524890580294,2.0816681711721685e-17,0.0,1.3778659611992945e-05,5.776992972768617,7037.906311838909
390001,0,15,M4,3,False,0.003892198533627279,0.996259961884662,0.9790548338377681,0.35,0.0,0.0,0.26893506180495025,0.07365114953368902,3.2870344676077363,0.18954758934676647,0.06948194053920671,0.0,6.0987141309306026,8.098484382033348,0.1535651830332613,0.5831762171733573,8.461453469880333,3.6289759039318894,2.894617667878413,0.411199161434393,0.0643851261703952,0.17568330062436308,0.04638578337064745,0.07522790998853966,-0.052720976081954606,-0.017306660199312884,0.1846642076090478,0.02623654293482475,0.8624999999999999,0.00527195101592351,0.013808906986506634,0.7654928529196003,0.03948681373404427,0.05914353286864063,0.04916482132144738,0.0024741736923373663,0.022871288809034745,0.011288426251697497,0.003144131668976069,0.007101430043360555,0.004189704843340721,0.01331682821821425,0.0031975742225245933,0.02504524890580294,2.0816681711721685e-17,0.0,1.3778659611992945e-05,5.776992972768617,7037.906311838909
390001,0,16,M2,0,False,4.581165652133487e-07,0.996259961884662,0.9790548338377681,0.35,0.0,0.0,0.27431888692080975,0.06181873608380556,2.745128928869963,0.22651283517479898,0.0,0.0,5.591213259845972,8.767512990161777,0.1592882800400758,0.5831757638211853,7.281324019779556,3.5549191952374044,2.9936125142650183,0.40159778468729757,0.09748656291110643,0.22809402164222825,0.07893178932788346,0.07695892670486451,-0.03828845143490945,-0.007599308892148914,0.24291362555646057,0.025448553722466266,0.8375,0.005469957871881862,0.015530710201884939,0.7154034005139072,0.0409718786701001,0.06571069972994285,0.046695411656988366,0.0030658660269484704,0.02157183066384685,0.010470590908124971,0.003396149220627795,0.010791083083681546,0.0048678682283779815,0.015870758839606543,0.0034634849289695603,0.02504524890580294,2.0816681711721685e-17,1.3778659611992945e-05,1.3778659611992945e-05,2.8410405120596374,2953.319824832775
390001,0,16,M3,1,False,4.581165652133487e-07,0.996259961884662,0.9790548338377681,0.35,0.0,0.0,0.27431888692080975,0.06181873608380556,2.745128928869963,0.22651283517479898,0.0,0.0,5.591213259845972,8.767512990161777,0.1592882800400758,0.5831757638211853,7.281324019779556,3.5549191952374044,2.9936125142650183,0.40159778468729757,0.09748656291110643,0.22809402164222825,0.07893178932788346,0.07695892670486451,-0.03828845143490945,-0.007599308892148914,0.24291362555646057,0.025448553722466266,0.8375,0.005469957871881862,0.015530710201884939,0.7154034005139072,0.0409718786701001,0.06571069972994285,0.046695411656988366,0.0030658660269484704,0.02157183066384685,0.010470590908124971,0.003396149220627795,0.010791083083681546,0.0048678682283779815,0.015870758839606543,0.0034634849289695603,0.02504524890580294,2.0816681711721685e-17,1.3778659611992945e-05,1.3778659611992945e-05,2.8410405120596374,2953.319824832775
390001,0,16,M2+O,2,False,1.2524510290261026e-05,0.996259961884662,0.9790548338377681,0.35,0.0,0.0,0.27431888692080975,0.06181873608380556,2.745128928869963,0.22651283517479898,0.2121842301297775,0.0,5.591213259845972,8.767512990161777,0.15665212515456603,0.5834618548908818,7.593989585173424,3.5739263295748103,2.9349904352235767,0.3618269806001324,0.1049452599101209,0.20953659084136608,0.06170254435619701,0.07579058886523939,-0.04138253707750184,-0.005904912895756828,0.2688993266022756,0.032724521038090114,0.9020833333333332,0.005915779263248236,0.016805157986295196,0.7362379162780861,0.04294620507903596,0.062426945964092026,0.04384946792807046,0.0029758697389783077,0.022124148637300903,0.009002362503136184,0.0035421187355673934,0.009915664447642185,0.005123420685098679,0.015084909929494636,0.0029005247761074242,0.01394839306451197,2.0816681711721685e-17,1.3778659611992945e-05,1.3778659611992945e-05,3.090836123136157,2942.7766633639926
390001,0,16,M4,3,False,1.2524510290261026e-05,0.996259961884662,0.9790548338377681,0.35,0.0,0.0,0.27431888692080975,0.06181873608380556,2.745128928869963,0.22651283517479898,0.2121842301297775,0.0,5.591213259845972,8.767512990161777,0.15665212515456603,0.5834618548908818,7.593989585173424,3.5739263295748103,2.9349904352235767,0.3618269806001324,0.1049452599101209,0.20953659084136608,0.06170254435619701,0.07579058886523939,-0.04138253707750184,-0.005904912895756828,0.2688993266022756,0.032724521038090114,0.9020833333333332,0.005915779263248236,0.016805157986295196,0.7362379162780861,0.04294620507903596,0.062426945964092026,0.04384946792807046,0.0029758697389783077,0.022124148637300903,0.009002362503136184,0.0035421187355673934,0.009915664447642185,0.005123420685098679,0.015084909929494636,0.0029005247761074242,0.01394839306451197,2.0816681711721685e-17,1.3778659611992945e-05,1.3778659611992945e-05,3.090836123136157,2942.7766633639926
390001,0,17,M2,0,False,0.00024228430950531428,0.996259961884662,0.9790548338377681,0.35,0.0,0.0,0.2107140221633017,0.07251564121339471,3.1294893007725477,0.21084689751267433,0.0,0.0,6.359143438749015,6.029857037588954,0.15465973433431815,0.5866581864223422,8.16944816475378,3.662363404210508,2.8780325307437518,0.4153821918437301,0.06859910638983789,0.1945994538859852,0.05582665685507313,0.07671914841911809,-0.051613670725433596,-0.01705355578224976,0.16357349741090932,0.02143329929467445,0.7937499999999998,0.004413029141719357,0.013666039949554865,0.7467086928113551,0.03849032239964832,0.05524328700261313,0.05104839955837359,0.0025247931887979725,0.022017792620296423,0.011711178940193434,0.003356661938474957,0.007903897349685331,0.00420545615933235,0.012455682917394306,0.003006676069358087,0.028916499602741726,2.0816681711721685e-17,0.0,0.0,4.72398457947083,10978.651383013863
390001,0,17,M3,1,False,0.00024228430950531428,0.996259961884662,0.9790548338377681,0.35,0.0,0.0,0.2107140221633017,0.07251564121339471,3.1294893007725477,0.21084689751267433,0.0,0.0,6.359143438749015,6.029857037588954,0.15465973433431815,0.5866581864223422,8.16944816475378,3.662363404210508,2.8780325307437518,0.4153821918437301,0.06859910638983789,0.1945994538859852,0.05582665685507313,0.07671914841911809,-0.051613670725433596,-0.01705355578224976,0.16357349741090932,0.02143329929467445,0.7937499999999998,0.004413029141719357,0.013666039949554865,0.7467086928113551,0.03849032239964832,0.05524328700261313,0.05104839955837359,0.0025247931887979725,0.022017792620296423,0.011711178940193434,0.003356661938474957,0.007903897349685331,0.00420545615933235,0.012455682917394306,0.003006676069358087,0.028916499602741726,2.0816681711721685e-17,0.0,0.0,4.72398457947083,10978.651383013863
390001,0,17,M2+O,2,False,0.00027280827991382127,0.996259961884662,0.9790548338377681,0.35,0.0,0.0,0.2107140221633017,0.07251564121339471,3.1294893007725477,0.21084689751267433,0.022073353820592844,0.0,6.359143438749015,6.029857037588954,0.15459660938373107,0.5869045000636338,8.155640130916897,3.6521898625394456,2.8915295933145,0.41611797152543245,0.0685134781981747,0.19449745058984172,0.05487286101274711,0.076375122997206,-0.052051159276628255,-0.017096194361291814,0.16358537572456805,0.021528451540537997,0.8041666666666667,0.004450758244422159,0.013528353235931153,0.7376419244130089,0.03973949166343491,0.056333031202566386,0.04706539357783184,0.0025202263972460195,0.022087958154827877,0.01166763604809246,0.0033449836044395264,0.00784991789886427,0.004225707782011028,0.012459917045723,0.002960186797701185,0.02901097160437671,2.0816681711721685e-17,0.0,0.0,4.75513620502328,10950.310769018792
390001,0,17,M4,3,False,0.00027280827991382127,0.996259961884662,0.9790548338377681,0.35,0.0,0.0,0.2107140221633017,0.07251564121339471,3.1294893007725477,0.21084689751267433,0.022073353820592844,0.0,6.359143438749015,6.029857037588954,0.15459660938373107,0.5869045000636338,8.155640130916897,3.6521898625394456,2.8915295933145,0.41611797152543245,0.0685134781981747,0.19449745058984172,0.05487286101274711,0.076375122997206,-0.052051159276628255,-0.017096194361291814,0.16358537572456805,0.021528451540537997,0.8041666666666667,0.004450758244422159,0.013528353235931153,0.7376419244130089,0.03973949166343491,0.056333031202566386,0.04706539357783184,0.0025202263972460195,0.022087958154827877,0.01166763604809246,0.0033449836044395264,0.00784991789886427,0.004225707782011028,0.012459917045723,0.002960186797701185,0.02901097160437671,2.0816681711721685e-17,0.0,0.0,4.75513620502328,10950.310769018792
390001,0,18,M2,0,True,0.0,0.996259961884662,0.9790548338377681,0.35,0.0,0.0,0.2333221411332488,0.0694007444800809,2.9358963377773764,0.24959932155907155,0.0,0.0,6.073741978500038,7.956517500802875,0.15230991509162392,0.6012975645145119,8.825104538963132,3.6886905559712395,2.791258577486037,0.3731899422444265,0.0853378322427401,0.21494090041265412,0.061917911099156175,0.0791028608231269,-0.04258914946270257,-0.01100296184211177,0.1916290865937964,0.02513064855503777,0.8208333333333333,0.004735256443950911,0.01410247949400105,0.8491735256057645,0.0367894516401201,0.05546550711268381,0.04641234251192652,0.0027169464215005233,0.021759533690833343,0.011197614888590215,0.003564810124657122,0.009856857447938126,0.004552584037350119,0.013728186370708013,0.003387168981104894,0.025344843876242584,2.0816681711721685e-17,1.3778659611992945e-05,4.1335978835978834e-05,3.8158145225873965,7858.75624000824
390001,0,18,M3,1,True,0.0,0.996259961884662,0.9790548338377681,0.35,0.0,0.0,0.2333221411332488,0.0694007444800809,2.9358963377773764,0.24959932155907155,0.0,0.0,6.073741978500038,7.956517500802875,0.15230991509162392,0.6012975645145119,8.825104538963132,3.6886905559712395,2.791258577486037,0.3731899422444265,0.0853378322427401,0.21494090041265412,0.061917911099156175,0.0791028608231269,-0.04258914946270257,-0.01100296184211177,0.1916290865937964,0.02513064855503777,0.8208333333333333,0.004735256443950911,0.01410247949400105,0.8491735256057645,0.0367894516401201,0.05546550711268381,0.04641234251192652,0.0027169464215005233,0.021759533690833343,0.011197614888590215,0.003564810124657122,0.009856857447938126,0.004552584037350119,0.013728186370708013,0.003387168981104894,0.025344843876242584,2.0816681711721685e-17,1.3778659611992945e-05,4.1335978835978834e-05,3.8158145225873965,7858.75624000824
390001,0,18,M2+O,2,True,0.0,0.996259961884662,0.9790548338377681,0.35,0.0,0.0,0.2333221411332488,0.0694007444800809,2.9358963377773764,0.24959932155907155,0.04776055824152218,0.0,6.073741978500038,7.956517500802875,0.15212890098082424,0.6003461877245923,8.779999695862044,3.6931162738441023,2.816585595107625,0.3723451693125199,0.08532691030837918,0.21458626905385156,0.059514451309631844,0.07833150641787877,-0.04361849836658662,-0.011052155922510099,0.19234177294389143,0.025485798336841507,0.8229166666666666,0.0048172756498632945,0.013996477303777892,0.8485966321511218,0.04177531940454539,0.05793707984059848,0.044683426119057595,0.0026978076697599667,0.021979534065814526,0.011128436138698255,0.0035022711092904924,0.009714561197213933,0.004618621021027715,0.01368311375355229,0.003242348105110883,0.02553400096565381,2.0816681711721685e-17,1.3778659611992945e-05,2.755731922398589e-05,3.8703537699322244,7858.279915317824
390001,0,18,M4,3,True,0.0,0.996259961884662,0.9790548338377681,0.35,0.0,0.0,0.2333221411332488,0.0694007444800809,2.9358963377773764,0.24959932155907155,0.04776055824152218,0.0,6.073741978500038,7.956517500802875,0.15212890098082424,0.6003461877245923,8.779999695862044,3.6931162738441023,2.816585595107625,0.3723451693125199,0.08532691030837918,0.21458626905385156,0.059514451309631844,0.07833150641787877,-0.04361849836658662,-0.011052155922510099,0.19234177294389143,0.025485798336841507,0.8229166666666666,0.0048172756498632945,0.013996477303777892,0.8485966321511218,0.04177531940454539,0.05793707984059848,0.044683426119057595,0.0026978076697599667,0.021979534065814526,0.011128436138698255,0.0035022711092904924,0.009714561197213933,0.004618621021027715,0.01368311375355229,0.003242348105110883,0.02553400096565381,2.0816681711721685e-17,1.3778659611992945e-05,2.755731922398589e-05,3.8703537699322244,7858.279915317824
390001,0,19,M2,0,False,0.011947929421802778,0.996259961884662,0.9790548338377681,0.35,0.0,0.0,0.29389928011223676,0.0837265725620091,3.151984858140349,0.19276041217148304,0.0,0.0,5.306607499253005,6.847492961212993,0.1491564659775788,0.5953547465603775,9.74139163697433,3.6968285828460776,2.8100305928917457,0.4549746443694758,0.060162407392222304,0.16466182258804143,0.04093780570647845,0.07726924293512812,-0.05054412446906934,-0.01721931187786077,0.17787205173312823,0.028265098854807186,0.8708333333333332,0.00535653236469907,0.01363904713612396,0.9470230506192391,0.04177261524432674,0.05320536784758508,0.04008485832930749,0.0023944351591611603,0.0230147256672007,0.011688646237807502,0.0032389117922995876,0.00694710345342144,0.003957122484344065,0.01326548650360378,0.0035508504628515127,0.025165514898301176,2.0816681711721685e-17,0.00016534391534391533,0.00023423721340388006,6.086072114503153,1761.6290986422462
390001,0,19,M3,1,False,0.011947929421802778,0.996259961884662,0.9790548338377681,0.35,0.0,0.0,0.29389928011223676,0.0837265725620091,3.151984858140349,0.19276041217148304,0.0,0.0,5.306607499253005,6.847492961212993,0.1491564659775788,0.5953547465603775,9.74139163697433,3.6968285828460776,2.8100305928917457,0.4549746443694758,0.060162407392222304,0.16466182258804143,0.04093780570647845,0.07726924293512812,-0.05054412446906934,-0.01721931187786077,0.17787205173312823,0.028265098854807186,0.8708333333333332,0.00535653236469907,0.01363904713612396,0.9470230506192391,0.04177261524432674,0.05320536784758508,0.04008485832930749,0.0023944351591611603,0.0230147256672007,0.011688646237807502,0.0032389117922995876,0.00694710345342144,0.003957122484344065,0.01326548650360378,0.0035508504628515127,0.025165514898301176,2.0816681711721685e-17,0.00016534391534391533,0.00023423721340388006,6.086072114503153,1761.6290986422462
390001,0,19,M2+O,2,False,0.007305176829052144,0.996259961884662,0.9790548338377681,0.35,0.0,0.0,0.29389928011223676,0.0837265725620091,3.151984858140349,0.19276041217148304,0.13119263357491437,0.0,5.306607499253005,6.847492961212993,0.14821495416749092,0.5969057678931672,9.867259736573004,3.693724092204898,2.852416462933885,0.47656343062335643,0.06230767055338097,0.16100525801689078,0.03438178471116227,0.07640344239659554,-0.05194359645420663,-0.01649190836426599,0.1873164523461789,0.03069427096960159,0.8916666666666666,0.005581734448400743,0.014216700715411791,0.8723778550215101,0.04079090941783172,0.06110952068772647,0.05149441647782019,0.002395699579958835,0.022657278741917586,0.011150676222355566,0.0030297760230013314,0.006677416197926421,0.004121845445157081,0.01299096293320529,0.003331711737627291,0.01965892748731962,2.0816681711721685e-17,0.0001240079365079365,0.00020667989417989417,6.504092398701524,1743.934577443152
390001,0,19,M4,3,False,0.007305176829052144,0.996259961884662,0.9790548338377681,0.35,0.0,0.0,0.29389928011223676,0.0837265725620091,3.151984858140349,0.19276041217148304,0.13119263357491437,0.0,5.306607499253005,6.847492961212993,0.14821495416749092,0.5969057678931672,9.867259736573004,3.693724092204898,2.852416462933885,0.47656343062335643,0.06230767055338097,0.16100525801689078,0.03438178471116227,0.07640344239659554,-0.05194359645420663,-0.01649190836426599,0.1873164523461789,0.03069427096960159,0.8916666666666666,0.005581734448400743,0.014216700715411791,0.8723778550215101,0.04079090941783172,0.06110952068772647,0.05149441647782019,0.002395699579958835,0.022657278741917586,0.011150676222355566,0.0030297760230013314,0.006677416197926421,0.004121845445157081,0.01299096293320529,0.003331711737627291,0.01965892748731962,2.0816681711721685e-17,0.0001240079365079365,0.00020667989417989417,6.504092398701524,1743.934577443152
390001,0,20,M2,0,True,0.0,0.996259961884662,0.9790548338377681,0.35,0.0,0.0,0.2853641238063574,0.066921036564745,3.004666529595852,0.18090405613183974,0.0,0.0,5.5569867682643235,7.624283714219928,0.16053704618619782,0.5614956178372591,6.84939311134233,3.518821172586899,3.0018605331254222,0.41599640315621733,0.07622702904525047,0.1960151535964453,0.06655702391740155,0.07424560328649579,-0.04840337950143905,-0.013456291709190792,0.2278095045869224,0.02532550928590474,0.8458333333333332,0.005582078355327107,0.014375471781433478,0.6285328909715621,0.03664925516714083,0.06160143759080182,0.04374816840615003,0.0027663784836408,0.022847008393507926,0.010810013775412766,0.003113221981861098,0.008355033305494567,0.004518677287829728,0.015271995153289874,0.0033298203897277738,0.02853879045065634,2.0816681711721685e-17,0.0,0.0,3.6939489634714575,1969.1425788754243
390001,0,20,M3,1,True,0.0,0.996259961884662,0.9790548338377681,0.35,0.0,0.0,0.2853641238063574,0.066921036564745,3.004666529595852,0.18090405613183974,0.0,0.0,5.5569867682643235,7.624283714219928,0.16053704618619782,0.5614956178372591,6.84939311134233,3.518821172586899,3.0018605331254222,0.41599640315621733,0.07622702904525047,0.1960151535964453,0.06655702391740155,0.07424560328649579,-0.04840337950143905,-0.013456291709190792,0.2278095045869224,0.02532550928590474,0.8458333333333332,0.005582078355327107,0.014375471781433478,0.6285328909715621,0.03664925516714083,0.06160143759080182,0.04374816840615003,0.0027663784836408,0.022847008393507926,0.010810013775412766,0.003113221981861098,0.008355033305494567,0.004518677287829728,0.015271995153289874,0.0033298203897277738,0.02853879045065634,2.0816681711721685e-17,0.0,0.0,3.6939489634714575,1969.1425788754243
390001,0,20,M2+O,2,True,0.0,0.996259961884662,0.9790548338377681,0.35,0.0,0.0,0.2853641238063574,0.066921036564745,3.004666529595852,0.18090405613183974,0.07382451393861636,0.0,5.5569867682643235,7.624283714219928,0.16012827767877946,0.5626039169507177,6.860785130745868,3.5194287123399484,3.0214952804389767,0.40726165134112985,0.07689258323752653,0.19351956637857812,0.062071879635931665,0.0730171676178637,-0.04973302793439002,-0.01335577241570686,0.2309226348134159,0.026320239457945788,0.8604166666666666,0.005696356511164567,0.015024804744307807,0.6075006278504205,0.0395593094081883,0.06326425316637913,0.04882768062259333,0.0027364890431108933,0.023117659339521788,0.010363181124816824,0.0031584663365954364,0.008084203713456497,0.004605871383850367,0.01511084337808408,0.003107354347588826,0.02350207489041317,2.0816681711721685e-17,0.0,0.0,3.7911629888992144,1935.4528145930024
390001,0,20,M4,3,True,0.0,0.996259961884662,0.9790548338377681,0.35,0.0,0.0,0.2853641238063574,0.066921036564745,3.004666529595852,0.18090405613183974,0.07382451393861636,0.0,5.5569867682643235,7.624283714219928,0.16012827767877946,0.5626039169507177,6.860785130745868,3.5194287123399484,3.0214952804389767,0.40726165134112985,0.07689258323752653,0.19351956637857812,0.062071879635931665,0.0730171676178637,-0.04973302793439002,-0.01335577241570686,0.2309226348134159,0.026320239457945788,0.8604166666666666,0.005696356511164567,0.015024804744307807,0.6075006278504205,0.0395593094081883,0.06326425316637913,0.04882768062259333,0.0027364890431108933,0.023117659339521788,0.010363181124816824,0.0031584663365954364,0.008084203713456497,0.004605871383850367,0.01511084337808408,0.003107354347588826,0.02350207489041317,2.0816681711721685e-17,0.0,0.0,3.7911629888992144,1935.4528145930024
390001,0,21,M2,0,True,0.0,0.996259961884662,0.9790548338377681,0.35,0.0,0.0,0.24985972577705978,0.08074341848492622,2.7879210490733386,0.2564136388897896,0.0,0.0,6.2897146246396005,7.174714235588908,0.14748493782688624,0.6087501364668193,9.987569824545018,3.7545726070660437,2.7293770127049455,0.3959870928125245,0.07922200775129315,0.2013919396846229,0.05166628776350435,0.08068903024966291,-0.043363398854481705,-0.011421183090040634,0.18302239810654944,0.02762113384308115,0.8333333333333334,0.004840732928988616,0.013141479421168752,0.9673840669849748,0.03857746563460847,0.05710486696476225,0.04612447188696346,0.00258111972855251,0.022289003726694376,0.011348360088725609,0.0036525095360537808,0.009355569574586045,0.004387179582054421,0.013343992415629306,0.0034941461807795372,0.02530013079724071,2.0816681711721685e-17,2.755731922398589e-05,5.511463844797178e-05,4.167200109483358,12105.241483617852
390001,0,21,M3,1,True,0.0,0.996259961884662,0.9790548338377681,0.35,0.0,0.0,0.24985972577705978,0.08074341848492622,2.7879210490733386,0.2564136388897896,0.0,0.0,6.2897146246396005,7.174714235588908,0.14748493782688624,0.6087501364668193,9.987569824545018,3.7545726070660437,2.7293770127049455,0.3959870928125245,0.07922200775129315,0.2013919396846229,0.05166628776350435,0.08068903024966291,-0.043363398854481705,-0.011421183090040634,0.18302239810654944,0.02762113384308115,0.8333333333333334,0.004840732928988616,0.013141479421168752,0.9673840669849748,0.03857746563460847,0.05710486696476225,0.04612447188696346,0.00258111972855251,0.022289003726694376,0.011348360088725609,0.0036525095360537808,0.009355569574586045,0.004387179582054421,0.013343992415629306,0.0034941461807795372,0.02530013079724071,2.0816681711721685e-17,2.755731922398589e-05,5.511463844797178e-05,4.167200109483358,12105.241483617852
390001,0,21,M2+O,2,True,0.0,0.996259961884662,0.9790548338377681,0.35,0.0,0.0,0.24985972577705978,0.08074341848492622,2.7879210490733386,0.2564136388897896,0.05298770697682681,0.0,6.2897146246396005,7.174714235588908,0.14727911968371385,0.6076400924319079,9.93805059341141,3.7367624917067617,2.755126738055875,0.39143601591967325,0.07924098754615642,0.20111299390911294,0.049080018721602336,0.08001219623730677,-0.04445504632528274,-0.011514107389958164,0.18386177919485058,0.028056799716863756,0.8416666666666668,0.00492935772193113,0.013573101913434053,0.9600448158734923,0.040041515295940515,0.06060414869865817,0.04575582981418117,0.002565884264483791,0.022481791448553425,0.011299043229688334,0.0035242136879951712,0.009204570762140186,0.004453639167919779,0.0132846602119468,0.0033442354250047476,0.023441776984959146,2.0816681711721685e-17,2.755731922398589e-05,5.511463844797178e-05,4.255103095479525,12104.713606432479
390001,0,21,M4,3,True,0.0,0.996259961884662,0.9790548338377681,0.35,0.0,0.0,0.24985972577705978,0.08074341848492622,2.7879210490733386,0.2564136388897896,0.05298770697682681,0.0,6.2897146246396005,7.174714235588908,0.14727911968371385,0.6076400924319079,9.93805059341141,3.7367624917067617,2.755126738055875,0.39143601591967325,0.07924098754615642,0.20111299390911294,0.049080018721602336,0.08001219623730677,-0.04445504632528274,-0.011514107389958164,0.18386177919485058,0.028056799716863756,0.8416666666666668,0.00492935772193113,0.013573101913434053,0.9600448158734923,0.040041515295940515,0.06060414869865817,0.04575582981418117,0.002565884264483791,0.022481791448553425,0.011299043229688334,0.0035242136879951712,0.009204570762140186,0.004453639167919779,0.0132846602119468,0.0033442354250047476,0.023441776984959146,2.0816681711721685e-17,2.755731922398589e-05,5.511463844797178e-05,4.255103095479525,12104.713606432479
390001,0,22,M2,0,True,0.0,0.996259961884662,0.9790548338377681,0.35,0.0,0.0,0.21934264209121468,0.06507959863170981,3.2768081992864606,0.20266117803752423,0.0,0.0,5.824183402583003,8.253249479457736,0.15803683426580942,0.5775166832401909,7.369366047321321,3.5874512750473517,2.943786296722711,0.4069359440082159,0.07220925946757434,0.2022115778690731,0.06341501920197441,0.0756515543211815,-0.0513457779501037,-0.01639083890030863,0.17814474483380863,0.020868138544823157,0.7895833333333334,0.004587789700577122,0.013836658136922322,0.666789328131123,0.03548215732769121,0.054607700502433375,0.04540543854549666,0.002637084747932835,0.02205105405917159,0.0115344009516411,0.0032591618752182126,0.008213276421549395,0.0043432721319236955,0.013172169731521171,0.002992282423752309,0.030689416380533824,2.0816681711721685e-17,0.0,1.3778659611992945e-05,4.518697965430694,4590.681023139299
390001,0,22,M3,1,True,0.0,0.996259961884662,0.9790548338377681,0.35,0.0,0.0,0.21934264209121468,0.06507959863170981,3.2768081992864606,0.20266117803752423,0.0,0.0,5.824183402583003,8.253249479457736,0.15803683426580942,0.5775166832401909,7.369366047321321,3.5874512750473517,2.943786296722711,0.4069359440082159,0.07220925946757434,0.2022115778690731,0.06341501920197441,0.0756515543211815,-0.0513457779501037,-0.01639083890030863,0.17814474483380863,0.020868138544823157,0.7895833333333334,0.004587789700577122,0.013836658136922322,0.666789328131123,0.03548215732769121,0.054607700502433375,0.04540543854549666,0.002637084747932835,0.02205105405917159,0.0115344009516411,0.0032591618752182126,0.008213276421549395,0.0043432721319236955,0.013172169731521171,0.002992282423752309,0.030689416380533824,2.0816681711721685e-17,0.0,1.3778659611992945e-05,4.518697965430694,4590.681023139299
390001,0,22,M2+O,2,True,0.0,0.996259961884662,0.9790548338377681,0.35,0.0,0.0,0.21934264209121468,0.06507959863170981,3.2768081992864606,0.20266117803752423,0.033084380497587614,0.0,5.824183402583003,8.253249479457736,0.15792458812055157,0.5761265808608148,7.354316651791979,3.580456899166863,2.9491282788499014,0.3933519756157197,0.0721613643956475,0.20184284335508687,0.06175982638622347,0.07506207235811789,-0.05201251819186261,-0.016422928957372043,0.17850145835457412,0.02108433116733985,0.7979166666666667,0.0046443131805922,0.013855238456923338,0.656412589766374,0.03736009011549214,0.05725685306032678,0.04092641987732418,0.0026279030077291346,0.022172093409597554,0.011434811356672429,0.0032562091551824653,0.008118950589238132,0.004386361699803456,0.013169137812335616,0.0029093508490523985,0.02766242655652553,2.0816681711721685e-17,0.0,1.3778659611992945e-05,4.559780684897356,4585.230498294089
390001,0,22,M4,3,True,0.0,0.996259961884662,0.9790548338377681,0.35,0.0,0.0,0.21934264209121468,0.06507959863170981,3.2768081992864606,0.20266117803752423,0.033084380497587614,0.0,5.824183402583003,8.253249479457736,0.15792458812055157,0.5761265808608148,7.354316651791979,3.580456899166863,2.9491282788499014,0.3933519756157197,0.0721613643956475,0.20184284335508687,0.06175982638622347,0.07506207235811789,-0.05201251819186261,-0.016422928957372043,0.17850145835457412,0.02108433116733985,0.7979166666666667,0.0046443131805922,0.013855238456923338,0.656412589766374,0.03736009011549214,0.05725685306032678,0.04092641987732418,0.0026279030077291346,0.022172093409597554,0.011434811356672429,0.0032562091551824653,0.008118950589238132,0.004386361699803456,0.013169137812335616,0.0029093508490523985,0.02766242655652553,2.0816681711721685e-17,0.0,1.3778659611992945e-05,4.559780684897356,4585.230498294089
390001,0,23,M2,0,True,0.0,0.996259961884662,0.9790548338377681,0.35,0.0,0.0,0.25806931434199215,0.07628014065790922,2.8931047920137645,0.23965651862323284,0.0,0.0,5.092159022577107,6.549499271437526,0.15051062966433368,0.6017431502891705,9.246361858413815,3.707245826832668,2.7903223527254823,0.4208563411175173,0.07853944640772209,0.20263509767897425,0.05541946388753457,0.07955184790898277,-0.04534071072188931,-0.012065984816278269,0.19067706838155193,0.027017899379550857,0.8374999999999999,0.005010840628091213,0.013863548715188821,0.8834896092662717,0.037603473015490864,0.06329698659325504,0.050380383622270465,0.002657464530242738,0.022459772595124047,0.011271498665968603,0.0035266781006268837,0.009247582379482982,0.004411739123360896,0.01375752097717583,0.003465128354852242,0.02610770611985242,2.0816681711721685e-17,0.0002204585537918871,0.0003031305114638448,4.180060606571376,1144.4047077777323
390001,0,23,M3,1,True,0.0,0.996259961884662,0.9790548338377681,0.35,0.0,0.0,0.25806931434199215,0.07628014065790922,2.8931047920137645,0.23965651862323284,0.0,0.0,5.092159022577107,6.549499271437526,0.15051062966433368,0.6017431502891705,9.246361858413815,3.707245826832668,2.7903223527254823,0.4208563411175173,0.07853944640772209,0.20263509767897425,0.05541946388753457,0.07955184790898277,-0.04534071072188931,-0.012065984816278269,0.19067706838155193,0.027017899379550857,0.8374999999999999,0.005010840628091213,0.013863548715188821,0.8834896092662717,0.037603473015490864,0.06329698659325504,0.050380383622270465,0.002657464530242738,0.022459772595124047,0.011271498665968603,0.0035266781006268837,0.009247582379482982,0.004411739123360896,0.01375752097717583,0.003465128354852242,0.02610770611985242,2.0816681711721685e-17,0.0002204585537918871,0.0003031305114638448,4.180060606571376,1144.4047077777323
390001,0,23,M2+O,2,True,0.0,0.996259961884662,0.9790548338377681,0.35,0.0,0.0,0.25806931434199215,0.07628014065790922,2.8931047920137645,0.23965651862323284,0.16454687114128402,0.0,5.092159022577107,6.549499271437526,0.1490939689982048,0.5998769373384265,9.3659488011214,3.681021839406,2.816006692681892,0.3995625400362106,0.08198401168228464,0.19561564696002184,0.045289750081182946,0.07719200944298388,-0.047860454150833044,-0.011154031380013115,0.20557177392588097,0.031056253660289395,0.8875000000000001,0.005346202343228464,0.014911409545167741,0.8559173473726277,0.040492686216919725,0.062484989451767135,0.047919056037250135,0.002632676511578957,0.022658510733583045,0.010471608852860149,0.0032914620060174866,0.008732841458287071,0.004606451795020189,0.013442007104125887,0.0030402117103247228,0.016824434439317672,2.0816681711721685e-17,0.00016534391534391533,0.0003031305114638448,4.4892173328696465,1160.8518033561775
390001,0,23,M4,3,True,0.0,0.996259961884662,0.9790548338377681,0.35,0.0,0.0,0.25806931434199215,0.07628014065790922,2.8931047920137645,0.23965651862323284,0.16454687114128402,0.0,5.092159022577107,6.549499271437526,0.1490939689982048,0.5998769373384265,9.3659488011214,3.681021839406,2.816006692681892,0.3995625400362106,0.08198401168228464,0.19561564696002184,0.045289750081182946,0.07719200944298388,-0.047860454150833044,-0.011154031380013115,0.20557177392588097,0.031056253660289395,0.8875000000000001,0.005346202343228464,0.014911409545167741,0.8559173473726277,0.040492686216919725,0.062484989451767135,0.047919056037250135,0.002632676511578957,0.022658510733583045,0.010471608852860149,0.0032914620060174866,0.008732841458287071,0.004606451795020189,0.013442007104125887,0.0030402117103247228,0.016824434439317672,2.0816681711721685e-17,0.00016534391534391533,0.0003031305114638448,4.4892173328696465,1160.8518033561775
390001,0,24,M2,0,True,0.0,0.996259961884662,0.9790548338377681,0.35,0.0,0.0,0.25229498287662866,0.07130121480673551,3.2424582408741114,0.25054258555173875,0.0,0.0,5.1947883064858615,7.697029176168144,0.1483583338722892,0.6064661430775468,9.695243734245912,3.742133859966638,2.7618860758046306,0.42658598296167316,0.07829230991684856,0.20129341841765602,0.051319971633405036,0.08064961901361516,-0.045935324349615274,-0.012567721857898173,0.18411645050509004,0.02730425437388391,0.8333333333333334,0.004898096583871264,0.013766285919547414,0.9266364127523629,0.03917208469916947,0.06329648736657241,0.05016755238315592,0.002609064549777069,0.022530489214522307,0.011467736335765364,0.0036292431064345494,0.009282442604585547,0.004368705591622729,0.013455270607821191,0.003497808856682036,0.025300130797240708,2.0816681711721685e-17,0.00023423721340388006,0.0003720238095238095,5.263047759626648,1473.7707651572318
390001,0,24,M3,1,True,0.0,0.996259961884662,0.9790548338377681,0.35,0.0,0.0,0.25229498287662866,0.07130121480673551,3.2424582408741114,0.25054258555173875,0.0,0.0,5.1947883064858615,7.697029176168144,0.1483583338722892,0.6064661430775468,9.695243734245912,3.742133859966638,2.7618860758046306,0.42658598296167316,0.07829230991684856,0.20129341841765602,0.051319971633405036,0.08064961901361516,-0.045935324349615274,-0.012567721857898173,0.18411645050509004,0.02730425437388391,0.8333333333333334,0.004898096583871264,0.013766285919547414,0.9266364127523629,0.03917208469916947,0.06329648736657241,0.05016755238315592,0.002609064549777069,0.022530489214522307,0.011467736335765364,0.0036292431064345494,0.009282442604585547,0.004368705591622729,0.013455270607821191,0.003497808856682036,0.025300130797240708,2.0816681711721685e-17,0.00023423721340388006,0.0003720238095238095,5.263047759626648,1473.7707651572318
390001,0,24,M2+O,2,True,0.0,0.996259961884662,0.9790548338377681,0.35,0.0,0.0,0.25229498287662866,0.07130121480673551,3.2424582408741114,0.25054258555173875,0.027300393382453058,0.0,5.1947883064858615,7.697029176168144,0.1482758312985769,0.6065054220446463,9.665605424231797,3.7397128629310963,2.792390830901153,0.4282547717683071,0.07820056906578451,0.20131008949081078,0.049994151399517406,0.08015424021169194,-0.04652207065241953,-0.012649521784051774,0.18412530422332737,0.027438187655653076,0.8333333333333334,0.004940863112132697,0.013965371224803272,0.9218762420700624,0.04061430354046173,0.06484723750304389,0.05598604084298186,0.002601441066098182,0.022642322868690366,0.011493281977853861,0.0036163130599142423,0.009200390120630826,0.004396281247135761,0.013432800110858737,0.003422201327255445,0.024939540419352205,2.0816681711721685e-17,0.000248015873015873,0.0003720238095238095,5.315732905075049,1492.2962728976324
390001,0,24,M4,3,True,0.0,0.996259961884662,0.9790548338377681,0.35,0.0,0.0,0.25229498287662866,0.07130121480673551,3.2424582408741114,0.25054258555173875,0.027300393382453058,0.0,5.1947883064858615,7.697029176168144,0.1482758312985769,0.6065054220446463,9.665605424231797,3.7397128629310963,2.792390830901153,0.4282547717683071,0.07820056906578451,0.20131008949081078,0.049994151399517406,0.08015424021169194,-0.04652207065241953,-0.012649521784051774,0.18412530422332737,0.027438187655653076,0.8333333333333334,0.004940863112132697,0.013965371224803272,0.9218762420700624,0.04061430354046173,0.06484723750304389,0.05598604084298186,0.002601441066098182,0.022642322868690366,0.011493281977853861,0.0036163130599142423,0.009200390120630826,0.004396281247135761,0.013432800110858737,0.003422201327255445,0.024939540419352205,2.0816681711721685e-17,0.000248015873015873,0.0003720238095238095,5.315732905075049,1492.2962728976324
390001,0,25,M2,0,False,0.010963871371595225,0.996259961884662,0.9790548338377681,0.35,0.0,0.0,0.2128114739432931,0.0819786664703861,2.857141142897308,0.18745961993932725,0.0,0.0,5.950249812100083,7.481925803236663,0.15561505846813414,0.5845663551743967,8.128707851364263,3.6221935684156183,2.9140100852724764,0.41296178988698107,0.060576234398611074,0.18023589211733917,0.0516946399818281,0.07495932410415083,-0.05287159083234946,-0.019457847889485645,0.15429830791529342,0.02049011336586184,0.7999999999999999,0.004414823217038064,0.01270145200440294,0.7547922335565747,0.04463611236435362,0.05507651644135576,0.04690323313633019,0.0024346971495503235,0.021972527586162995,0.011894202478835257,0.0032177163912816,0.00692713448509729,0.00400293805901121,0.012027379462032865,0.002902094913841,0.02886751345948129,2.0816681711721685e-17,0.0,2.755731922398589e-05,4.3028703340545045,5320.363389605367
390001,0,25,M3,1,False,0.010963871371595225,0.996259961884662,0.9790548338377681,0.35,0.0,0.0,0.2128114739432931,0.0819786664703861,2.857141142897308,0.18745961993932725,0.0,0.0,5.950249812100083,7.481925803236663,0.15561505846813414,0.5845663551743967,8.128707851364263,3.6221935684156183,2.9140100852724764,0.41296178988698107,0.060576234398611074,0.18023589211733917,0.0516946399818281,0.07495932410415083,-0.05287159083234946,-0.019457847889485645,0.15429830791529342,0.02049011336586184,0.7999999999999999,0.004414823217038064,0.01270145200440294,0.7547922335565747,0.04463611236435362,0.05507651644135576,0.04690323313633019,0.0024346971495503235,0.021972527586162995,0.011894202478835257,0.0032177163912816,0.00692713448509729,0.00400293805901121,0.012027379462032865,0.002902094913841,0.02886751345948129,2.0816681711721685e-17,0.0,2.755731922398589e-05,4.3028703340545045,5320.363389605367
390001,0,25,M2+O,2,True,0.0,0.996259961884662,0.9790548338377681,0.35,0.0,0.0,0.2128114739432931,0.0819786664703861,2.857141142897308,0.18745961993932725,0.23350648217868042,0.0,5.950249812100083,7.481925803236663,0.15261035761080735,0.5894198725366125,8.780227924328669,3.6336228605358976,2.8949134098424985,0.41407974504345074,0.07041636635426114,0.16184492241653808,0.034530412396664024,0.07512618210146087,-0.05312470869595307,-0.01581740569391996,0.19471635821824892,0.02871585508195654,0.8958333333333334,0.005044463640020495,0.014342822615923474,0.6544619980438854,0.043673810246146486,0.06135851796326464,0.05262670146143246,0.0025038658632571065,0.021375612854244136,0.00970923267030765,0.0030047947970225732,0.006675383632147655,0.004317174571214839,0.01229187237561398,0.002790940871200242,0.018036965532036278,2.0816681711721685e-17,0.0,2.755731922398589e-05,4.492242723751688,5166.128338315175
390001,0,25,M4,3,True,0.0,0.996259961884662,0.9790548338377681,0.35,0.0,0.0,0.2128114739432931,0.0819786664703861,2.857141142897308,0.18745961993932725,0.23350648217868042,0.0,5.950249812100083,7.481925803236663,0.15261035761080735,0.5894198725366125,8.780227924328669,3.6336228605358976,2.8949134098424985,0.41407974504345074,0.07041636635426114,0.16184492241653808,0.034530412396664024,0.07512618210146087,-0.05312470869595307,-0.01581740569391996,0.19471635821824892,0.02871585508195654,0.8958333333333334,0.005044463640020495,0.014342822615923474,0.6544619980438854,0.043673810246146486,0.06135851796326464,0.05262670146143246,0.0025038658632571065,0.021375612854244136,0.00970923267030765,0.0030047947970225732,0.006675383632147655,0.004317174571214839,0.01229187237561398,0.002790940871200242,0.018036965532036278,2.0816681711721685e-17,0.0,2.755731922398589e-05,4.492242723751688,5166.128338315175
390001,0,26,M2,0,True,0.0,0.996259961884662,0.9790548338377681,0.35,0.0,0.0,0.24332936750724912,0.0601364664407447,3.038868862576783,0.23370719604194165,0.0,0.0,6.421457636170089,8.555320414714515,0.15763061339238107,0.5878806819526541,7.577257155777853,3.5926864268838585,2.9318920803830437,0.3911609522026758,0.09178464844413366,0.22528378306766425,0.07411169899835279,0.0774886553908432,-0.041434337533770314,-0.009859737218094146,0.21442352925528096,0.023615761553536802,0.8333333333333334,0.004979878501728006,0.014924073743348447,0.7273347387859134,0.03881758042421757,0.05866691975638621,0.04493680491009329,0.002910336975312928,0.0213813424220006,0.010913967532431788,0.0034279818301637165,0.010323312671001448,0.004756643500562201,0.014748376578962828,0.003328899930687884,0.025120482625598482,2.0816681711721685e-17,0.0,0.0,3.4049342556607964,10214.679684586923
390001,0,26,M3,1,True,0.0,0.996259961884662,0.9790548338377681,0.35,0.0,0.0,0.24332936750724912,0.0601364664407447,3.038868862576783,0.23370719604194165,0.0,0.0,6.421457636170089,8.555320414714515,0.15763061339238107,0.5878806819526541,7.577257155777853,3.5926864268838585,2.9318920803830437,0.3911609522026758,0.09178464844413366,0.22528378306766425,0.07411169899835279,0.0774886553908432,-0.041434337533770314,-0.009859737218094146,0.21442352925528096,0.023615761553536802,0.8333333333333334,0.004979878501728006,0.014924073743348447,0.7273347387859134,0.03881758042421757,0.05866691975638621,0.04493680491009329,0.002910336975312928,0.0213813424220006,0.010913967532431788,0.0034279818301637165,0.010323312671001448,0.004756643500562201,0.014748376578962828,0.003328899930687884,0.025120482625598482,2.0816681711721685e-17,0.0,0.0,3.4049342556607964,10214.679684586923
390001,0,26,M2+O,2,True,0.0,0.996259961884662,0.9790548338377681,0.35,0.0,0.0,0.24332936750724912,0.0601364664407447,3.038868862576783,0.23370719604194165,0.10576962002334488,0.0,6.421457636170089,8.555320414714515,0.156925476739448,0.585682260500988,7.564540785568133,3.572094076549005,2.9386133599400943,0.35721568442988855,0.0931334442398069,0.22162503988202786,0.06702446488942614,0.07573065302787797,-0.04354198868904056,-0.009639335264538059,0.22098505141331617,0.025441138851717077,0.84375,0.00518283195029283,0.015257003040024907,0.7338532579445857,0.04139010401615563,0.06281258590701741,0.04610021567009724,0.0028567396958870334,0.021843539412001654,0.010374958635050882,0.0034092816346872855,0.009949178370442378,0.00489099323094297,0.014534185238344193,0.0029983304286604097,0.022982448407047686,2.0816681711721685e-17,0.0,0.0,3.5229311634105698,10007.264225491073
390001,0,26,M4,3,True,0.0,0.996259961884662,0.9790548338377681,0.35,0.0,0.0,0.24332936750724912,0.0601364664407447,3.038868862576783,0.23370719604194165,0.10576962002334488,0.0,6.421457636170089,8.555320414714515,0.156925476739448,0.585682260500988,7.564540785568133,3.572094076549005,2.9386133599400943,0.35721568442988855,0.0931334442398069,0.22162503988202786,0.06702446488942614,0.07573065302787797,-0.04354198868904056,-0.009639335264538059,0.22098505141331617,0.025441138851717077,0.84375,0.00518283195029283,0.015257003040024907,0.7338532579445857,0.04139010401615563,0.06281258590701741,0.04610021567009724,0.0028567396958870334,0.021843539412001654,0.010374958635050882,0.0034092816346872855,0.009949178370442378,0.00489099323094297,0.014534185238344193,0.0029983304286604097,0.022982448407047686,2.0816681711721685e-17,0.0,0.0,3.5229311634105698,10007.264225491073
390001,0,27,M2,0,True,0.0,0.996259961884662,0.9790548338377681,0.35,0.0,0.0,0.27959060072898867,0.07443597162142396,2.8240300370380282,0.20929500870406628,0.0,0.0,5.6652919836342335,6.6171028492972255,0.15534111261686923,0.5846205622088294,8.085857884575406,3.6216921026687303,2.8816326914774195,0.3829083847913517,0.07722862754966624,0.19899599229570905,0.06149322679143219,0.07699897206860445,-0.04663007252190841,-0.01225904426710655,0.2103050820914305,0.026907307245053694,0.8583333333333334,0.005388856476386834,0.01384751118892169,0.7589692404544822,0.03449040658442969,0.06162816528996987,0.042640538294098786,0.0027207148581784813,0.022773579734153282,0.010981463618190773,0.0032842250944655964,0.008828371808003112,0.004461286477072954,0.014607990962077672,0.003445261018981397,0.026693826748396907,2.0816681711721685e-17,2.755731922398589e-05,5.511463844797178e-05,3.725704684221958,3391.768761010637
390001,0,27,M3,1,True,0.0,0.996259961884662,0.9790548338377681,0.35,0.0,0.0,0.27959060072898867,0.07443597162142396,2.8240300370380282,0.20929500870406628,0.0,0.0,5.6652919836342335,6.6171028492972255,0.15534111261686923,0.5846205622088294,8.085857884575406,3.6216921026687303,2.8816326914774195,0.3829083847913517,0.07722862754966624,0.19899599229570905,0.06149322679143219,0.07699897206860445,-0.04663007252190841,-0.01225904426710655,0.2103050820914305,0.026907307245053694,0.8583333333333334,0.005388856476386834,0.01384751118892169,0.7589692404544822,0.03449040658442969,0.06162816528996987,0.042640538294098786,0.0027207148581784813,0.022773579734153282,0.010981463618190773,0.0032842250944655964,0.008828371808003112,0.004461286477072954,0.014607990962077672,0.003445261018981397,0.026693826748396907,2.0816681711721685e-17,2.755731922398589e-05,5.511463844797178e-05,3.725704684221958,3391.768761010637
390001,0,27,M2+O,2,True,0.0,0.996259961884662,0.9790548338377681,0.35,0.0,0.0,0.27959060072898867,0.07443597162142396,2.8240300370380282,0.20929500870406628,0.04330821162106339,0.0,5.6652919836342335,6.6171028492972255,0.15517429464912452,0.5826137657806439,8.064132309328842,3.620026225157185,2.904849021075497,0.4075550930662606,0.07719816821530105,0.19845595731885948,0.05955983661814528,0.07624672718601072,-0.04753499664736462,-0.012311638874535425,0.21084638657459018,0.027261874502967975,0.8604166666666666,0.005453156455462493,0.014048407617723057,0.7476700537364549,0.03514234976480445,0.061356265676188744,0.04515972397916928,0.0027034250268996966,0.02298027060308958,0.010925850049902324,0.0032707269403351507,0.008680054854340662,0.004505127522953063,0.014545040392016524,0.003305515788304686,0.026405966378575764,2.0816681711721685e-17,2.755731922398589e-05,5.511463844797178e-05,3.780732256158499,3388.921800391141
390001,0,27,M4,3,True,0.0,0.996259961884662,0.9790548338377681,0.35,0.0,0.0,0.27959060072898867,0.07443597162142396,2.8240300370380282,0.20929500870406628,0.04330821162106339,0.0,5.6652919836342335,6.6171028492972255,0.15517429464912452,0.5826137657806439,8.064132309328842,3.620026225157185,2.904849021075497,0.4075550930662606,0.07719816821530105,0.19845595731885948,0.05955983661814528,0.07624672718601072,-0.04753499664736462,-0.012311638874535425,0.21084638657459018,0.027261874502967975,0.8604166666666666,0.005453156455462493,0.014048407617723057,0.7476700537364549,0.03514234976480445,0.061356265676188744,0.04515972397916928,0.0027034250268996966,0.02298027060308958,0.010925850049902324,0.0032707269403351507,0.008680054854340662,0.004505127522953063,0.014545040392016524,0.003305515788304686,0.026405966378575764,2.0816681711721685e-17,2.755731922398589e-05,5.511463844797178e-05,3.780732256158499,3388.921800391141
390001,0,28,M2,0,True,0.0,0.996259961884662,0.9790548338377681,0.35,0.0,0.0,0.2879540531896055,0.06390389675740152,2.9761056745424868,0.21736293151974678,0.0,0.0,5.157286320813,8.887301716022193,0.15752125470657616,0.5810465197571162,7.552950518775799,3.570659827855428,2.9648544725917922,0.4131433272108704,0.08841295599499277,0.21419031686519774,0.07023962598921936,0.07712471095530803,-0.0429725582015787,-0.00953568123041779,0.23527754932350087,0.027143209558940434,0.8479166666666668,0.005601031614214769,0.015531889582105194,0.7119096340479778,0.036064994931731376,0.0705231376126786,0.05655787006371984,0.0029244173829775424,0.022451960449782492,0.010643747931850153,0.0033353828923910313,0.009978443559422059,0.004706179675425047,0.015600333225075813,0.0035199611652346505,0.02597364304155737,2.0816681711721685e-17,5.511463844797178e-05,0.0001240079365079365,3.4791196084709206,1268.8166713405335
390001,0,28,M3,1,True,0.0,0.996259961884662,0.9790548338377681,0.35,0.0,0.0,0.2879540531896055,0.06390389675740152,2.9761056745424868,0.21736293151974678,0.0,0.0,5.157286320813,8.887301716022193,0.15752125470657616,0.5810465197571162,7.552950518775799,3.570659827855428,2.9648544725917922,0.4131433272108704,0.08841295599499277,0.21419031686519774,0.07023962598921936,0.07712471095530803,-0.0429725582015787,-0.00953568123041779,0.23527754932350087,0.027143209558940434,0.8479166666666668,0.005601031614214769,0.015531889582105194,0.7119096340479778,0.036064994931731376,0.0705231376126786,0.05655787006371984,0.0029244173829775424,0.022451960449782492,0.010643747931850153,0.0033353828923910313,0.009978443559422059,0.004706179675425047,0.015600333225075813,0.0035199611652346505,0.02597364304155737,2.0816681711721685e-17,5.511463844797178e-05,0.0001240079365079365,3.4791196084709206,1268.8166713405335
390001,0,28,M2+O,2,True,0.0,0.996259961884662,0.9790548338377681,0.35,0.0,0.0,0.2879540531896055,0.06390389675740152,2.9761056745424868,0.21736293151974678,0.06325366420519049,0.0,5.157286320813,8.887301716022193,0.15721613046892072,0.5809702911355056,7.524547533822101,3.5628562866835787,2.9610504483983284,0.410773188734405,0.0886077038847602,0.21270095133308498,0.06660118732792558,0.0760593634317866,-0.04432426438622147,-0.009508198384502302,0.23687153845278086,0.027817091270485452,0.8625000000000002,0.005697236930015793,0.01569471024104567,0.7071932486798643,0.042036899309457976,0.06792840836366347,0.05224802689306709,0.0028891025463398663,0.022848737716963458,0.010446378144317188,0.00334914262841818,0.009732281004370067,0.004788633471487393,0.01547441522619129,0.003296290494129161,0.024124150506933076,2.0816681711721685e-17,5.511463844797178e-05,8.267195767195767e-05,3.5477800841394695,1271.1719342534245
390001,0,28,M4,3,True,0.0,0.996259961884662,0.9790548338377681,0.35,0.0,0.0,0.2879540531896055,0.06390389675740152,2.9761056745424868,0.21736293151974678,0.06325366420519049,0.0,5.157286320813,8.887301716022193,0.15721613046892072,0.5809702911355056,7.524547533822101,3.5628562866835787,2.9610504483983284,0.410773188734405,0.0886077038847602,0.21270095133308498,0.06660118732792558,0.0760593634317866,-0.04432426438622147,-0.009508198384502302,0.23687153845278086,0.027817091270485452,0.8625000000000002,0.005697236930015793,0.01569471024104567,0.7071932486798643,0.042036899309457976,0.06792840836366347,0.05224802689306709,0.0028891025463398663,0.022848737716963458,0.010446378144317188,0.00334914262841818,0.009732281004370067,0.004788633471487393,0.01547441522619129,0.003296290494129161,0.024124150506933076,2.0816681711721685e-17,5.511463844797178e-05,8.267195767195767e-05,3.5477800841394695,1271.1719342534245
390001,0,29,M2,0,False,0.00235201065850949,0.996259961884662,0.9790548338377681,0.35,0.0,0.0,0.22657124940305948,0.07770606227219105,3.1914641311392185,0.22060196593403816,0.0,0.0,5.900983674451709,6.290362942032516,0.14989468339216525,0.5974404756646158,9.291891403353176,3.723848465451369,2.8128326823415293,0.44057526628731186,0.06563522207507337,0.18395007285099593,0.04648854646651073,0.07827048381447456,-0.05132534817786454,-0.01707712152905976,0.1587754871339859,0.02392082221083793,0.81875,0.004544198973998522,0.013813283401370422,0.8703475669999315,0.04551414015707634,0.05774751839193717,0.05224474573035581,0.0024304809674873893,0.022486958277007783,0.011843965448548103,0.0034735694234522742,0.007706266947744203,0.004078354204740989,0.012235013620845687,0.0031850698791086687,0.027055448298054417,2.0816681711721685e-17,5.511463844797178e-05,5.511463844797178e-05,5.712304564174173,5566.107169956794
390001,0,29,M3,1,False,0.00235201065850949,0.996259961884662,0.9790548338377681,0.35,0.0,0.0,0.22657124940305948,0.07770606227219105,3.1914641311392185,0.22060196593403816,0.0,0.0,5.900983674451709,6.290362942032516,0.14989468339216525,0.5974404756646158,9.291891403353176,3.723848465451369,2.8128326823415293,0.44057526628731186,0.06563522207507337,0.18395007285099593,0.04648854646651073,0.07827048381447456,-0.05132534817786454,-0.01707712152905976,0.1587754871339859,0.02392082221083793,0.81875,0.004544198973998522,0.013813283401370422,0.8703475669999315,0.04551414015707634,0.05774751839193717,0.05224474573035581,0.0024304809674873893,0.022486958277007783,0.011843965448548103,0.0034735694234522742,0.007706266947744203,0.004078354204740989,0.012235013620845687,0.0031850698791086687,0.027055448298054417,2.0816681711721685e-17,5.511463844797178e-05,5.511463844797178e-05,5.712304564174173,5566.107169956794
390001,0,29,M2+O,2,False,0.0016969482044796257,0.996259961884662,0.9790548338377681,0.35,0.0,0.0,0.22657124940305948,0.07770606227219105,3.1914641311392185,0.22060196593403816,0.08459327775939506,0.0,5.900983674451709,6.290362942032516,0.14944837617201798,0.5959911020040711,9.293958151523004,3.681970521153152,2.814232965812835,0.41769662219092724,0.06629253719421423,0.18239978892620246,0.04247103180275353,0.07722400574764243,-0.05266221891432308,-0.016972258684685885,0.1627326241909949,0.025006335829102777,0.84375,0.004708318557956202,0.013950515195108168,0.8270766344141759,0.04392386501336319,0.05872197318426322,0.043658199897324314,0.0024220293310773067,0.02255358745784229,0.011480781133640672,0.00330567457639761,0.007524110077619196,0.004173794280271036,0.01218867044670346,0.003042010839317677,0.024692401137051123,2.0816681711721685e-17,5.511463844797178e-05,6.889329805996472e-05,5.951867058225138,5565.349815839386
390001,0,29,M4,3,False,0.0016969482044796257,0.996259961884662,0.9790548338377681,0.35,0.0,0.0,0.22657124940305948,0.07770606227219105,3.1914641311392185,0.22060196593403816,0.08459327775939506,0.0,5.900983674451709,6.290362942032516,0.14944837617201798,0.5959911020040711,9.293958151523004,3.681970521153152,2.814232965812835,0.41769662219092724,0.06629253719421423,0.18239978892620246,0.04247103180275353,0.07722400574764243,-0.05266221891432308,-0.016972258684685885,0.1627326241909949,0.025006335829102777,0.84375,0.004708318557956202,0.013950515195108168,0.8270766344141759,0.04392386501336319,0.05872197318426322,0.043658199897324314,0.0024220293310773067,0.02255358745784229,0.011480781133640672,0.00330567457639761,0.007524110077619196,0.004173794280271036,0.01218867044670346,0.003042010839317677,0.024692401137051123,2.0816681711721685e-17,5.511463844797178e-05,6.889329805996472e-05,5.951867058225138,5565.349815839386
390001,0,30,M2,0,True,0.0,0.996259961884662,0.9790548338377681,0.35,0.0,0.0,0.20396394031122328,0.06831493912264705,2.7050672242417932,0.19935442693531513,0.0,0.0,6.180342321749777,8.211909952573478,0.16222868607566873,0.5677854636854668,6.5175453544870114,3.503229760288871,3.011271069515376,0.3788678775252882,0.07872088243554608,0.21761349340770705,0.07648439897105441,0.07405866665784296,-0.04814654816824437,-0.014279390060862837,0.18766538901258575,0.01831536601794169,0.7833333333333332,0.004433518563486906,0.013601016338702709,0.5822415115661964,0.039227595908389805,0.06070744134251675,0.04614502160592312,0.0027885665046423398,0.02123551870717767,0.011250574778717442,0.003141020478665454,0.00875894208671608,0.004555329393889988,0.013534227246246327,0.002785370436304379,0.028018282506059713,2.0816681711721685e-17,0.0,0.0,3.004691205576585,3378.586155855199
390001,0,30,M3,1,True,0.0,0.996259961884662,0.9790548338377681,0.35,0.0,0.0,0.20396394031122328,0.06831493912264705,2.7050672242417932,0.19935442693531513,0.0,0.0,6.180342321749777,8.211909952573478,0.16222868607566873,0.5677854636854668,6.5175453544870114,3.503229760288871,3.011271069515376,0.3788678775252882,0.07872088243554608,0.21761349340770705,0.07648439897105441,0.07405866665784296,-0.04814654816824437,-0.014279390060862837,0.18766538901258575,0.01831536601794169,0.7833333333333332,0.004433518563486906,0.013601016338702709,0.5822415115661964,0.039227595908389805,0.06070744134251675,0.04614502160592312,0.0027885665046423398,0.02123551870717767,0.011250574778717442,0.003141020478665454,0.00875894208671608,0.004555329393889988,0.013534227246246327,0.002785370436304379,0.028018282506059713,2.0816681711721685e-17,0.0,0.0,3.004691205576585,3378.586155855199
390001,0,30,M2+O,2,True,0.0,0.996259961884662,0.9790548338377681,0.35,0.0,0.0,0.20396394031122328,0.06831493912264705,2.7050672242417932,0.19935442693531513,0.13821592361242302,0.0,6.180342321749777,8.211909952573478,0.1610027971118122,0.5669536441799906,6.647085999254295,3.4961008293450604,3.025042869515415,0.3513207228607443,0.08249750963357966,0.20884091957800846,0.0657430635639271,0.07281493311633262,-0.050146524210091914,-0.013327583466470954,0.20394068745956548,0.02167627516157802,0.8458333333333332,0.004762469301087462,0.014556436494545359,0.5649546991635707,0.041213693173598284,0.05944374401907463,0.046655733918505936,0.0027531708736898792,0.021350904098790473,0.010001378329086812,0.0030533361209259357,0.008345562100814944,0.004737368340322281,0.01344068853161462,0.0025199352837941735,0.021263671362367398,2.0816681711721685e-17,0.0,0.0,3.151506480220798,3274.978668840511
390001,0,30,M4,3,True,0.0,0.996259961884662,0.9790548338377681,0.35,0.0,0.0,0.20396394031122328,0.06831493912264705,2.7050672242417932,0.19935442693531513,0.13821592361242302,0.0,6.180342321749777,8.211909952573478,0.1610027971118122,0.5669536441799906,6.647085999254295,3.4961008293450604,3.025042869515415,0.3513207228607443,0.08249750963357966,0.20884091957800846,0.0657430635639271,0.07281493311633262,-0.050146524210091914,-0.013327583466470954,0.20394068745956548,0.02167627516157802,0.8458333333333332,0.004762469301087462,0.014556436494545359,0.5649546991635707,0.041213693173598284,0.05944374401907463,0.046655733918505936,0.0027531708736898792,0.021350904098790473,0.010001378329086812,0.0030533361209259357,0.008345562100814944,0.004737368340322281,0.01344068853161462,0.0025199352837941735,0.021263671362367398,2.0816681711721685e-17,0.0,0.0,3.151506480220798,3274.978668840511
390001,0,31,M2,0,True,0.0,0.996259961884662,0.9790548338377681,0.35,0.0,0.0,0.26837446838617324,0.07948992118705064,3.089864686690271,0.2436104691773653,0.0,0.0,5.435849939007312,6.96216984372586,0.14640136768729073,0.6058072521754518,10.18355668134935,3.7712454007554554,2.7390214792233833,0.4212481517683413,0.07269223395648611,0.18978730400522123,0.046113970754140365,0.080774767463059,-0.04713220273500099,-0.013282872623298884,0.1798927222981315,0.02851600527935624,0.8458333333333333,0.005033714792624889,0.013434395760694282,0.9783680520169051,0.041600242014506524,0.058274338786333646,0.04817836199972971,0.0025227286312512563,0.022880048614953546,0.01156689544167425,0.0035825988048920495,0.008701865506158039,0.004232298147051076,0.013282529491595259,0.003534548063096362,0.02656627388650054,2.0816681711721685e-17,0.00020667989417989417,0.00028935185185185184,5.446533343367892,2272.3709894491317
390001,0,31,M3,1,True,0.0,0.996259961884662,0.9790548338377681,0.35,0.0,0.0,0.26837446838617324,0.07948992118705064,3.089864686690271,0.2436104691773653,0.0,0.0,5.435849939007312,6.96216984372586,0.14640136768729073,0.6058072521754518,10.18355668134935,3.7712454007554554,2.7390214792233833,0.4212481517683413,0.07269223395648611,0.18978730400522123,0.046113970754140365,0.080774767463059,-0.04713220273500099,-0.013282872623298884,0.1798927222981315,0.02851600527935624,0.8458333333333333,0.005033714792624889,0.013434395760694282,0.9783680520169051,0.041600242014506524,0.058274338786333646,0.04817836199972971,0.0025227286312512563,0.022880048614953546,0.01156689544167425,0.0035825988048920495,0.008701865506158039,0.004232298147051076,0.013282529491595259,0.003534548063096362,0.02656627388650054,2.0816681711721685e-17,0.00020667989417989417,0.00028935185185185184,5.446533343367892,2272.3709894491317
390001,0,31,M2+O,2,True,0.0,0.996259961884662,0.9790548338377681,0.35,0.0,0.0,0.26837446838617324,0.07948992118705064,3.089864686690271,0.2436104691773653,0.028937818175195685,0.0,5.435849939007312,6.96216984372586,0.1463115180665009,0.6044583898456412,10.15581896936802,3.767252402855091,2.747348003786474,0.42840186386121765,0.07260051892191362,0.1898240012872713,0.04490845296495908,0.08026450992202828,-0.04772735077329459,-0.013368815455133513,0.17992366140700602,0.028676770454757115,0.8479166666666668,0.005077469334860502,0.013647247112337495,0.9690029499058664,0.04337722843901938,0.058359732887909035,0.0454104077225717,0.0025164650709814606,0.022968720867566544,0.011543994967410444,0.003569107267652643,0.008617559295361314,0.004266489744388638,0.013253370059841021,0.0034620991381532984,0.02508665537248395,2.0816681711721685e-17,0.00020667989417989417,0.00028935185185185184,5.51494128171572,2268.6597976174085
390001,0,31,M4,3,True,0.0,0.996259961884662,0.9790548338377681,0.35,0.0,0.0,0.26837446838617324,0.07948992118705064,3.089864686690271,0.2436104691773653,0.028937818175195685,0.0,5.435849939007312,6.96216984372586,0.1463115180665009,0.6044583898456412,10.15581896936802,3.767252402855091,2.747348003786474,0.42840186386121765,0.07260051892191362,0.1898240012872713,0.04490845296495908,0.08026450992202828,-0.04772735077329459,-0.013368815455133513,0.17992366140700602,0.028676770454757115,0.8479166666666668,0.005077469334860502,0.013647247112337495,0.9690029499058664,0.04337722843901938,0.058359732887909035,0.0454104077225717,0.0025164650709814606,0.022968720867566544,0.011543994967410444,0.003569107267652643,0.008617559295361314,0.004266489744388638,0.013253370059841021,0.0034620991381532984,0.02508665537248395,2.0816681711721685e-17,0.00020667989417989417,0.00028935185185185184,5.51494128171572,2268.6597976174085
390001,1,0,M2,0,True,0.0,0.9766958138810892,0.98378601407178,0.35,0.0,0.0,0.2629654662683606,0.06925510965753347,2.886044593714178,0.20057556301355361,0.0,0.0,5.873221298214048,6.1538892248645425,0.15883773286664624,0.574347362846796,7.264948847027218,3.5622358506841407,2.9801468795603463,0.40291752884896637,0.0782153620905328,0.20553729847511096,0.06930896239540768,0.07507132631742487,-0.04656472288233827,-0.012467548286406666,0.21222067820060977,0.024259309393299122,0.8375,0.005216524534332781,0.013732820648139021,0.6531997362773013,0.03430482057696032,0.061257377982466894,0.05052948772272454,0.0027906623154155207,0.022616885142562656,0.010757871305124763,0.00304037701726041,0.00881993410920874,0.0044233513104743405,0.014421491028295142,0.003261619623139968,0.02998338912111848,2.0816681711721685e-17,0.0,0.0,3.5885454982952325,3401.085450253933
390001,1,0,M3,1,True,0.0,0.9766958138810892,0.98378601407178,0.35,0.0,0.0,0.2629654662683606,0.06925510965753347,2.886044593714178,0.20057556301355361,0.0,0.0,5.873221298214048,6.1538892248645425,0.15883773286664624,0.574347362846796,7.264948847027218,3.5622358506841407,2.9801468795603463,0.40291752884896637,0.0782153620905328,0.20553729847511096,0.06930896239540768,0.07507132631742487,-0.04656472288233827,-0.012467548286406666,0.21222067820060977,0.024259309393299122,0.8375,0.005216524534332781,0.013732820648139021,0.6531997362773013,0.03430482057696032,0.061257377982466894,0.05052948772272454,0.0027906623154155207,0.022616885142562656,0.010757871305124763,0.00304037701726041,0.00881993410920874,0.0044233513104743405,0.014421491028295142,0.003261619623139968,0.02998338912111848,2.0816681711721685e-17,0.0,0.0,3.5885454982952325,3401.085450253933
390001,1,0,M2+O,2,True,0.0,0.9766958138810892,0.98378601407178,0.35,0.0,0.0,0.2629654662683606,0.06925510965753347,2.886044593714178,0.20057556301355361,0.11829547242644144,0.0,5.873221298214048,6.1538892248645425,0.157954467713507,0.5749590617723062,7.326990211091167,3.545364059704312,2.9992842767051378,0.4282212960460449,0.08040535354733498,0.20061777523651592,0.06108949325145438,0.07361845821458833,-0.04845549202691233,-0.011941327057295443,0.22127450614466973,0.02670566923944205,0.8645833333333334,0.005441054412164531,0.014798275141750004,0.6312939289081616,0.042640827072719635,0.06716539133071803,0.05415459189990862,0.0027502430463126433,0.022805098895409992,0.009903527946642898,0.0030008814131402043,0.00839285174976995,0.004558985311415637,0.014136993146261876,0.002911318192821075,0.01961568404074845,2.0816681711721685e-17,0.0,0.0,3.7704668405050454,3333.032263615494
390001,1,0,M4,3,True,0.0,0.9766958138810892,0.98378601407178,0.35,0.0,0.0,0.2629654662683606,0.06925510965753347,2.886044593714178,0.20057556301355361,0.11829547242644144,0.0,5.873221298214048,6.1538892248645425,0.157954467713507,0.5749590617723062,7.326990211091167,3.545364059704312,2.9992842767051378,0.4282212960460449,0.08040535354733498,0.20061777523651592,0.06108949325145438,0.07361845821458833,-0.04845549202691233,-0.011941327057295443,0.22127450614466973,0.02670566923944205,0.8645833333333334,0.005441054412164531,0.014798275141750004,0.6312939289081616,0.042640827072719635,0.06716539133071803,0.05415459189990862,0.0027502430463126433,0.022805098895409992,0.009903527946642898,0.0030008814131402043,0.00839285174976995,0.004558985311415637,0.014136993146261876,0.002911318192821075,0.01961568404074845,2.0816681711721685e-17,0.0,0.0,3.7704668405050454,3333.032263615494
390001,1,1,M2,0,False,0.003157143434843404,0.9766958138810892,0.98378601407178,0.35,0.0,0.0,0.20160698210820557,0.07996574914082885,3.2510731095448135,0.2374085596203804,0.0,0.0,5.129386593122035,8.666233093477786,0.1468514766818875,0.6042758551487211,10.064986035786765,3.7681172657880277,2.7673409450622644,0.4397310185726366,0.06495806170091283,0.18448513878532435,0.04310496822406096,0.07855852295033605,-0.05050765637266249,-0.01699559215490128,0.14636454972715937,0.023630755524813498,0.8125,0.00418775446835099,0.01340475398312417,0.9255988045832007,0.040200291140500236,0.052168446014300394,0.052617754642173484,0.002418901455036246,0.02277357392803126,0.01171438922506899,0.003458996952113079,0.007664142481388875,0.0038917669797836085,0.011308614943514332,0.0031722514069599515,0.028749606172475888,2.0816681711721685e-17,0.0003995811287477954,0.000496031746031746,6.630185878263056,1618.8242241077005
390001,1,1,M3,1,False,0.003157143434843404,0.9766958138810892,0.98378601407178,0.35,0.0,0.0,0.20160698210820557,0.07996574914082885,3.2510731095448135,0.2374085596203804,0.0,0.0,5.129386593122035,8.666233093477786,0.1468514766818875,0.6042758551487211,10.064986035786765,3.7681172657880277,2.7673409450622644,0.4397310185726366,0.06495806170091283,0.18448513878532435,0.04310496822406096,0.07855852295033605,-0.05050765637266249,-0.01699559215490128,0.14636454972715937,0.023630755524813498,0.8125,0.00418775446835099,0.01340475398312417,0.9255988045832007,0.040200291140500236,0.052168446014300394,0.052617754642173484,0.002418901455036246,0.02277357392803126,0.01171438922506899,0.003458996952113079,0.007664142481388875,0.0038917669797836085,0.011308614943514332,0.0031722514069599515,0.028749606172475888,2.0816681711721685e-17,0.0003995811287477954,0.000496031746031746,6.630185878263056,1618.8242241077005
390001,1,1,M2+O,2,False,0.0030733635545175395,0.9766958138810892,0.98378601407178,0.35,0.0,0.0,0.20160698210820557,0.07996574914082885,3.2510731095448135,0.2374085596203804,0.045232413939183466,0.0,5.129386593122035,8.666233093477786,0.14669548287521209,0.6050125266196728,10.042390353222723,3.773670830679851,2.7691334997283454,0.4461363123112076,0.0650199827210851,0.18443117589958133,0.04118284450180179,0.07808174245311154,-0.051285354434158686,-0.017096036404168662,0.14714344046198544,0.023911134569703212,0.8208333333333334,0.004275779053751027,0.013391344774730123,0.9060337474283391,0.043470025223060364,0.051952080084331206,0.05462597086424315,0.0024153223000150242,0.02281938815030236,0.011690610970753834,0.0033578353944579173,0.0075704710334936805,0.003933903490672178,0.01129634852999049,0.0030977788332247325,0.026736209140920734,2.0816681711721685e-17,0.00038580246913580245,0.000509810405643739,6.768384410172082,1632.7643477980566
390001,1,1,M4,3,False,0.0030733635545175395,0.9766958138810892,0.98378601407178,0.35,0.0,0.0,0.20160698210820557,0.07996574914082885,3.2510731095448135,0.2374085596203804,0.045232413939183466,0.0,5.129386593122035,8.666233093477786,0.14669548287521209,0.6050125266196728,10.042390353222723,3.773670830679851,2.7691334997283454,0.4461363123112076,0.0650199827210851,0.18443117589958133,0.04118284450180179,0.07808174245311154,-0.051285354434158686,-0.017096036404168662,0.14714344046198544,0.023911134569703212,0.8208333333333334,0.004275779053751027,0.013391344774730123,0.9060337474283391,0.043470025223060364,0.051952080084331206,0.05462597086424315,0.0024153223000150242,0.02281938815030236,0.011690610970753834,0.0033578353944579173,0.0075704710334936805,0.003933903490672178,0.01129634852999049,0.0030977788332247325,0.026736209140920734,2.0816681711721685e-17,0.00038580246913580245,0.000509810405643739,6.768384410172082,1632.7643477980566
390001,1,2,M2,0,True,0.0,0.9766958138810892,0.98378601407178,0.35,0.0,0.0,0.2289998285472393,0.06430660098791122,2.832480383478105,0.18366098158061503,0.0,0.0,5.41385539341718,6.8435773411765695,0.16456668877345662,0.5559691342015681,5.988706825268619,3.4545952437165606,3.1144442750224317,0.40895289590321343,0.07852992754828021,0.2147565743056812,0.0799838113162029,0.0725319896427396,-0.04791087643621569,-0.013872503472721063,0.20816140501273264,0.01894421300946474,0.7791666666666667,0.004813918868817896,0.01360515736093944,0.5220165820040471,0.036229777866946644,0.06437425905873079,0.054873323105753144,0.0028625887266397064,0.021900829621731583,0.010832518305859741,0.0029495790081839504,0.008605092876917431,0.004510691351207611,0.014191079574643587,0.0028440618778327906,0.030234090718027122,2.0816681711721685e-17,0.0,0.0,3.0956733852169322,1351.3270457278147
390001,1,2,M3,1,True,0.0,0.9766958138810892,0.98378601407178,0.35,0.0,0.0,0.2289998285472393,0.06430660098791122,2.832480383478105,0.18366098158061503,0.0,0.0,5.41385539341718,6.8435773411765695,0.16456668877345662,0.5559691342015681,5.988706825268619,3.4545952437165606,3.1144442750224317,0.40895289590321343,0.07852992754828021,0.2147565743056812,0.0799838113162029,0.0725319896427396,-0.04791087643621569,-0.013872503472721063,0.20816140501273264,0.01894421300946474,0.7791666666666667,0.004813918868817896,0.01360515736093944,0.5220165820040471,0.036229777866946644,0.06437425905873079,0.054873323105753144,0.0028625887266397064,0.021900829621731583,0.010832518305859741,0.0029495790081839504,0.008605092876917431,0.004510691351207611,0.014191079574643587,0.0028440618778327906,0.030234090718027122,2.0816681711721685e-17,0.0,0.0,3.0956733852169322,1351.3270457278147
390001,1,2,M2+O,2,True,0.0,0.9766958138810892,0.98378601407178,0.35,0.0,0.0,0.2289998285472393,0.06430660098791122,2.832480383478105,0.18366098158061503,0.020691600694384325,0.0,5.41385539341718,6.8435773411765695,0.16451013856704136,0.5555792578203814,5.978496971660008,3.4593170427157056,3.1307389912152943,0.4028671838142208,0.07843364264002566,0.2145473442529394,0.07901452774519235,0.07231031301180751,-0.04834780083570853,-0.013946016663643966,0.20812370946066605,0.01903939386959182,0.7875,0.004845887260953923,0.013733126709838556,0.5174522390682312,0.0374982177331256,0.06713108408274422,0.05297548523081737,0.0028525365786242706,0.022003936251066225,0.0107855765264713,0.002961953686756062,0.00853245985306896,0.004532348123686083,0.014171139078094813,0.002773972805995394,0.027950849718747367,2.0816681711721685e-17,0.0,0.0,3.1068793325408977,1346.3210216894756
390001,1,2,M4,3,True,0.0,0.9766958138810892,0.98378601407178,0.35,0.0,0.0,0.2289998285472393,0.06430660098791122,2.832480383478105,0.18366098158061503,0.020691600694384325,0.0,5.41385539341718,6.8435773411765695,0.16451013856704136,0.5555792578203814,5.978496971660008,3.4593170427157056,3.1307389912152943,0.4028671838142208,0.07843364264002566,0.2145473442529394,0.07901452774519235,0.07231031301180751,-0.04834780083570853,-0.013946016663643966,0.20812370946066605,0.01903939386959182,0.7875,0.004845887260953923,0.013733126709838556,0.5174522390682312,0.0374982177331256,0.06713108408274422,0.05297548523081737,0.0028525365786242706,0.022003936251066225,0.0107855765264713,0.002961953686756062,0.00853245985306896,0.004532348123686083,0.014171139078094813,0.002773972805995394,0.027950849718747367,2.0816681711721685e-17,0.0,0.0,3.1068793325408977,1346.3210216894756
390001,1,3,M2,0,True,0.0,0.9766958138810892,0.98378601407178,0.35,0.0,0.0,0.2933860388584435,0.07862174647394568,3.067900196649134,0.2593231426924467,0.0,0.0,6.15839353017509,7.984552980400622,0.14469625209570716,0.6139387429343961,10.691642167552843,3.792833615373182,2.716180812554052,0.4430366252985077,0.07789959869901393,0.19417062775034397,0.048365930927559087,0.08160620946365672,-0.04265993242244694,-0.010395496823121918,0.19481243645542912,0.03145420287937076,0.8625000000000002,0.005302988911598837,0.0134617484471635,1.025849207246966,0.03388818428733435,0.06463463495440976,0.05513210905272142,0.002588060181821774,0.02321976479148926,0.0111394382515202,0.003340560349008766,0.009412633334955418,0.00422207007131873,0.013735003456320184,0.0037267472263404168,0.024863759203691035,2.0816681711721685e-17,5.511463844797178e-05,0.0001515652557319224,5.380520635482541,9318.813893682349
390001,1,3,M3,1,True,0.0,0.9766958138810892,0.98378601407178,0.35,0.0,0.0,0.2933860388584435,0.07862174647394568,3.067900196649134,0.2593231426924467,0.0,0.0,6.15839353017509,7.984552980400622,0.14469625209570716,0.6139387429343961,10.691642167552843,3.792833615373182,2.716180812554052,0.4430366252985077,0.07789959869901393,0.19417062775034397,0.048365930927559087,0.08160620946365672,-0.04265993242244694,-0.010395496823121918,0.19481243645542912,0.03145420287937076,0.8625000000000002,0.005302988911598837,0.0134617484471635,1.025849207246966,0.03388818428733435,0.06463463495440976,0.05513210905272142,0.002588060181821774,0.02321976479148926,0.0111394382515202,0.003340560349008766,0.009412633334955418,0.00422207007131873,0.013735003456320184,0.0037267472263404168,0.024863759203691035,2.0816681711721685e-17,5.511463844797178e-05,0.0001515652557319224,5.380520635482541,9318.813893682349
390001,1,3,M2+O,2,True,0.0,0.9766958138810892,0.98378601407178,0.35,0.0,0.0,0.2933860388584435,0.07862174647394568,3.067900196649134,0.2593231426924467,0.19329371660206118,0.0,6.15839353017509,7.984552980400622,0.14299485058425193,0.6102356606391377,10.83623934271831,3.7407867360779004,2.7014995353848748,0.40152435029280675,0.08185656696883198,0.1875697917523893,0.03698292804694168,0.07881458373861315,-0.045381757602762036,-0.009403015618017619,0.21128432706006964,0.03641979230552281,0.9041666666666668,0.005677033709631947,0.014554909309946558,0.9984542298352808,0.03709697332098448,0.05659252085315651,0.04623743263916386,0.002566117537911418,0.023366463243866105,0.01032081674711907,0.0032750144959945407,0.008787194891685444,0.004460687862439303,0.013222188537511524,0.003185981151274928,0.014089731416920843,2.0816681711721685e-17,5.511463844797178e-05,8.267195767195767e-05,5.819246235900927,9348.182904169878
390001,1,3,M4,3,True,0.0,0.9766958138810892,0.98378601407178,0.35,0.0,0.0,0.2933860388584435,0.07862174647394568,3.067900196649134,0.2593231426924467,0.19329371660206118,0.0,6.15839353017509,7.984552980400622,0.14299485058425193,0.6102356606391377,10.83623934271831,3.7407867360779004,2.7014995353848748,0.40152435029280675,0.08185656696883198,0.1875697917523893,0.03698292804694168,0.07881458373861315,-0.045381757602762036,-0.009403015618017619,0.21128432706006964,0.03641979230552281,0.9041666666666668,0.005677033709631947,0.014554909309946558,0.9984542298352808,0.03709697332098448,0.05659252085315651,0.04623743263916386,0.002566117537911418,0.023366463243866105,0.01032081674711907,0.0032750144959945407,0.008787194891685444,0.004460687862439303,0.013222188537511524,0.003185981151274928,0.014089731416920843,2.0816681711721685e-17,5.511463844797178e-05,8.267195767195767e-05,5.819246235900927,9348.182904169878
390001,1,4,M2,0,True,0.0,0.9766958138810892,0.98378601407178,0.35,0.0,0.0,0.2773324431851506,0.06102733196690678,3.2200010089203714,0.24746617570519447,0.0,0.0,6.024978729896247,7.260679797269404,0.15338456574733997,0.6004081532302054,8.639947996948184,3.6633731927221818,2.8357714559770897,0.3874281143871872,0.09156133490266587,0.2189469190783048,0.06746000508250276,0.0792525978312839,-0.03949796532892288,-0.008542757868352227,0.2225309309812662,0.02810521238570146,0.8458333333333333,0.005352321743561486,0.014734720843534867,0.8376517732515477,0.035964075608560714,0.05664329489127182,0.04995352838087616,0.0028859607178882076,0.02230276357639992,0.010763149686082335,0.003310823644703943,0.010577589713657413,0.00458360682822956,0.014944646143566864,0.0036143877699777983,0.025875374860175254,2.0816681711721685e-17,1.3778659611992945e-05,2.755731922398589e-05,4.101924040478699,7083.097378944499
390001,1,4,M3,1,True,0.0,0.9766958138810892,0.98378601407178,0.35,0.0,0.0,0.2773324431851506,0.06102733196690678,3.2200010089203714,0.24746617570519447,0.0,0.0,6.024978729896247,7.260679797269404,0.15338456574733997,0.6004081532302054,8.639947996948184,3.6633731927221818,2.8357714559770897,0.3874281143871872,0.09156133490266587,0.2189469190783048,0.06746000508250276,0.0792525978312839,-0.03949796532892288,-0.008542757868352227,0.2225309309812662,0.02810521238570146,0.8458333333333333,0.005352321743561486,0.014734720843534867,0.8376517732515477,0.035964075608560714,0.05664329489127182,0.04995352838087616,0.0028859607178882076,0.02230276357639992,0.010763149686082335,0.003310823644703943,0.010577589713657413,0.00458360682822956,0.014944646143566864,0.0036143877699777983,0.025875374860175254,2.0816681711721685e-17,1.3778659611992945e-05,2.755731922398589e-05,4.101924040478699,7083.097378944499
390001,1,4,M2+O,2,False,5.256716972080213e-07,0.9766958138810892,0.98378601407178,0.35,0.0,0.0,0.2773324431851506,0.06102733196690678,3.2200010089203714,0.24746617570519447,0.1806828490037143,0.0,6.024978729896247,7.260679797269404,0.15164044360144327,0.5953592303633911,8.750816394128023,3.6635784021063977,2.816253431196486,0.36141573268623667,0.09580963198363683,0.20985601330352044,0.054434174314024676,0.077284438938185,-0.04243020642868589,-0.007570780935080568,0.23933262901413002,0.03302969919489435,0.8895833333333334,0.005718407457975155,0.015512483216373918,0.8513930067953803,0.034966963108386755,0.06126188769301243,0.047364806613347736,0.0028137377737938066,0.02283184727307472,0.009747553611101006,0.003235853102290695,0.009896499259011407,0.004820538558875029,0.014347817567006442,0.0030681144246213366,0.014427218221260283,2.0816681711721685e-17,1.3778659611992945e-05,2.755731922398589e-05,4.430190181795322,7074.26948520384
390001,1,4,M4,3,False,5.256716972080213e-07,0.9766958138810892,0.98378601407178,0.35,0.0,0.0,0.2773324431851506,0.06102733196690678,3.2200010089203714,0.24746617570519447,0.1806828490037143,0.0,6.024978729896247,7.260679797269404,0.15164044360144327,0.5953592303633911,8.750816394128023,3.6635784021063977,2.816253431196486,0.36141573268623667,0.09580963198363683,0.20985601330352044,0.054434174314024676,0.077284438938185,-0.04243020642868589,-0.007570780935080568,0.23933262901413002,0.03302969919489435,0.8895833333333334,0.005718407457975155,0.015512483216373918,0.8513930067953803,0.034966963108386755,0.06126188769301243,0.047364806613347736,0.0028137377737938066,0.02283184727307472,0.009747553611101006,0.003235853102290695,0.009896499259011407,0.004820538558875029,0.014347817567006442,0.0030681144246213366,0.014427218221260283,2.0816681711721685e-17,1.3778659611992945e-05,2.755731922398589e-05,4.430190181795322,7074.26948520384
390001,1,5,M2,0,False,0.0017066721872700918,0.9766958138810892,0.98378601407178,0.35,0.0,0.0,0.2378246164880693,0.0748634483339265,2.9850870983675124,0.19047712936997413,0.0,0.0,5.269471470266581,7.561110497452319,0.15710041657253057,0.5782552615720439,7.715290190323592,3.5777754368339743,2.957404346821034,0.44451997645513447,0.06628192997418181,0.18921652195844973,0.05945437478364771,0.0745709525210219,-0.050729173173185406,-0.016617126461071937,0.17772511608922112,0.022389683855171028,0.8166666666666668,0.004789472837443091,0.014037878657444583,0.6944764345716427,0.038492989537505365,0.05078371128246044,0.05721565018900244,0.002581971492711934,0.0226987461655874,0.011329917427987933,0.0030367981547265383,0.007515670040098299,0.0041055804593443865,0.012898045863135707,0.0030790979104016155,0.028971917103918554,2.0816681711721685e-17,5.511463844797178e-05,5.511463844797178e-05,4.343329059849799,1574.233847474549
390001,1,5,M3,1,False,0.0017066721872700918,0.9766958138810892,0.98378601407178,0.35,0.0,0.0,0.2378246164880693,0.0748634483339265,2.9850870983675124,0.19047712936997413,0.0,0.0,5.269471470266581,7.561110497452319,0.15710041657253057,0.5782552615720439,7.715290190323592,3.5777754368339743,2.957404346821034,0.44451997645513447,0.06628192997418181,0.18921652195844973,0.05945437478364771,0.0745709525210219,-0.050729173173185406,-0.016617126461071937,0.17772511608922112,0.022389683855171028,0.8166666666666668,0.004789472837443091,0.014037878657444583,0.6944764345716427,0.038492989537505365,0.05078371128246044,0.05721565018900244,0.002581971492711934,0.0226987461655874,0.011329917427987933,0.0030367981547265383,0.007515670040098299,0.0041055804593443865,0.012898045863135707,0.0030790979104016155,0.028971917103918554,2.0816681711721685e-17,5.511463844797178e-05,5.511463844797178e-05,4.343329059849799,1574.233847474549
390001,1,5,M2+O,2,False,0.0017231572987961444,0.9766958138810892,0.98378601407178,0.35,0.0,0.0,0.2378246164880693,0.0748634483339265,2.9850870983675124,0.19047712936997413,0.03528296146634178,0.0,5.269471470266581,7.561110497452319,0.1569802033460329,0.5780838006823746,7.703155089747295,3.5795241762369407,2.938370604654518,0.3965688022954086,0.06626401631156549,0.18887816909904886,0.0577210319311797,0.07408060141604428,-0.05135986523347617,-0.01670329264217203,0.17815750419786966,0.022631954211440375,0.8354166666666667,0.004848118075317951,0.014332588840529133,0.678521941210492,0.04262274302792193,0.05232973778150377,0.0436436891190656,0.0025733697952521144,0.022776796270671786,0.011209589590293967,0.003025630463855309,0.007419493569201966,0.004138515044297383,0.012860240441849774,0.002992157124806416,0.026491584435320584,2.0816681711721685e-17,5.511463844797178e-05,5.511463844797178e-05,4.395849521590669,1573.9558982892293
390001,1,5,M4,3,False,0.0017231572987961444,0.9766958138810892,0.98378601407178,0.35,0.0,0.0,0.2378246164880693,0.0748634483339265,2.9850870983675124,0.19047712936997413,0.03528296146634178,0.0,5.269471470266581,7.561110497452319,0.1569802033460329,0.5780838006823746,7.703155089747295,3.5795241762369407,2.938370604654518,0.3965688022954086,0.06626401631156549,0.18887816909904886,0.0577210319311797,0.07408060141604428,-0.05135986523347617,-0.01670329264217203,0.17815750419786966,0.022631954211440375,0.8354166666666667,0.004848118075317951,0.014332588840529133,0.678521941210492,0.04262274302792193,0.05232973778150377,0.0436436891190656,0.0025733697952521144,0.022776796270671786,0.011209589590293967,0.003025630463855309,0.007419493569201966,0.004138515044297383,0.012860240441849774,0.002992157124806416,0.026491584435320584,2.0816681711721685e-17,5.511463844797178e-05,5.511463844797178e-05,4.395849521590669,1573.9558982892293
390001,1,6,M2,0,True,0.0,0.9766958138810892,0.98378601407178,0.35,0.0,0.0,0.21834226027131082,0.07175303331110627,3.098974011652172,0.22922467060387136,0.0,0.0,5.734069987665862,6.390289471484721,0.15303918104010003,0.5947160578165014,8.535873363810095,3.662553492304315,2.8412200906089793,0.39777825334734535,0.07412655335831214,0.20269001451076518,0.05866159961284333,0.07739683469807457,-0.0478655074818481,-0.014199033175479275,0.17274766541061326,0.023152104041999817,0.8104166666666668,0.004499894412764376,0.013681626324807617,0.7694538227453342,0.03479641513785144,0.053427186476204355,0.05008620189143534,0.002600888556453324,0.022414840935244422,0.011331561387435463,0.00326906907597939,0.008630685047556767,0.004210887632569691,0.012635054077470939,0.0031567897184649383,0.028068750783235813,2.0816681711721685e-17,4.1335978835978834e-05,5.511463844797178e-05,4.636430333273823,3985.9039267046714
390001,1,6,M3,1,True,0.0,0.9766958138810892,0.98378601407178,0.35,0.0,0.0,0.21834226027131082,0.07175303331110627,3.098974011652172,0.22922467060387136,0.0,0.0,5.734069987665862,6.390289471484721,0.15303918104010003,0.5947160578165014,8.535873363810095,3.662553492304315,2.8412200906089793,0.39777825334734535,0.07412655335831214,0.20269001451076518,0.05866159961284333,0.07739683469807457,-0.0478655074818481,-0.014199033175479275,0.17274766541061326,0.023152104041999817,0.8104166666666668,0.004499894412764376,0.013681626324807617,0.7694538227453342,0.03479641513785144,0.053427186476204355,0.05008620189143534,0.002600888556453324,0.022414840935244422,0.011331561387435463,0.00326906907597939,0.008630685047556767,0.004210887632569691,0.012635054077470939,0.0031567897184649383,0.028068750783235813,2.0816681711721685e-17,4.1335978835978834e-05,5.511463844797178e-05,4.636430333273823,3985.9039267046714
390001,1,6,M2+O,2,True,0.0,0.9766958138810892,0.98378601407178,0.35,0.0,0.0,0.21834226027131082,0.07175303331110627,3.098974011652172,0.22922467060387136,0.05596634677516202,0.0,5.734069987665862,6.390289471484721,0.15280900006879913,0.5922415724970705,8.508699583089335,3.6564005003455784,2.8521739425203414,0.3906196676248315,0.0742716053940253,0.20219560689921423,0.056026870047975186,0.07656406324046107,-0.04893411909655778,-0.014195872303692398,0.1741593884084481,0.0236933071819598,0.8229166666666666,0.004605838940649836,0.014128589498059972,0.7551945434462132,0.03985204699046934,0.05473961510215741,0.047709418020476346,0.0025847083571836965,0.022563068318164882,0.011127413252834919,0.003191823469917175,0.008471055241960056,0.004286705679842047,0.012584728807491726,0.003008423881206958,0.02463118653742742,2.0816681711721685e-17,4.1335978835978834e-05,5.511463844797178e-05,4.731734388096701,3985.471025649457
390001,1,6,M4,3,True,0.0,0.9766958138810892,0.98378601407178,0.35,0.0,0.0,0.21834226027131082,0.07175303331110627,3.098974011652172,0.22922467060387136,0.05596634677516202,0.0,5.734069987665862,6.390289471484721,0.15280900006879913,0.5922415724970705,8.508699583089335,3.6564005003455784,2.8521739425203414,0.3906196676248315,0.0742716053940253,0.20219560689921423,0.056026870047975186,0.07656406324046107,-0.04893411909655778,-0.014195872303692398,0.1741593884084481,0.0236933071819598,0.8229166666666666,0.004605838940649836,0.014128589498059972,0.7551945434462132,0.03985204699046934,0.05473961510215741,0.047709418020476346,0.0025847083571836965,0.022563068318164882,0.011127413252834919,0.003191823469917175,0.008471055241960056,0.004286705679842047,0.012584728807491726,0.003008423881206958,0.02463118653742742,2.0816681711721685e-17,4.1335978835978834e-05,5.511463844797178e-05,4.731734388096701,3985.471025649457
390001,1,7,M2,0,True,0.0,0.9766958138810892,0.98378601407178,0.35,0.0,0.0,0.25462781311944127,0.08294289264827967,2.7334395976737142,0.21371863551437856,0.0,0.0,6.490372991655022,8.436539084650576,0.15266884692343283,0.5928717932547043,8.756078760809636,3.664237608120086,2.8587495811227783,0.4185488578862094,0.07005056966809009,0.1911240561846416,0.056187000240985226,0.0767793244997302,-0.04759391049871969,-0.013945275197327892,0.18254659292826902,0.02550436581852271,0.8333333333333334,0.004948283057491753,0.013037376916456928,0.8040692801963731,0.03350092422235557,0.05505881936653923,0.05264363824658148,0.002579565763610394,0.02278064471481719,0.011132083314863891,0.0031600221968120725,0.008127631622946786,0.004148062144778176,0.013121234981554224,0.0032943289156203157,0.02547851230688285,2.0816681711721685e-17,0.0,0.0,4.061639684150264,11308.802992859344
390001,1,7,M3,1,True,0.0,0.9766958138810892,0.98378601407178,0.35,0.0,0.0,0.25462781311944127,0.08294289264827967,2.7334395976737142,0.21371863551437856,0.0,0.0,6.490372991655022,8.436539084650576,0.15266884692343283,0.5928717932547043,8.756078760809636,3.664237608120086,2.8587495811227783,0.4185488578862094,0.07005056966809009,0.1911240561846416,0.056187000240985226,0.0767793244997302,-0.04759391049871969,-0.013945275197327892,0.18254659292826902,0.02550436581852271,0.8333333333333334,0.004948283057491753,0.013037376916456928,0.8040692801963731,0.03350092422235557,0.05505881936653923,0.05264363824658148,0.002579565763610394,0.02278064471481719,0.011132083314863891,0.0031600221968120725,0.008127631622946786,0.004148062144778176,0.013121234981554224,0.0032943289156203157,0.02547851230688285,2.0816681711721685e-17,0.0,0.0,4.061639684150264,11308.802992859344
390001,1,7,M2+O,2,True,0.0,0.9766958138810892,0.98378601407178,0.35,0.0,0.0,0.25462781311944127,0.08294289264827967,2.7334395976737142,0.21371863551437856,0.0818483628556123,0.0,6.490372991655022,8.436539084650576,0.15224098580965167,0.5910747566255136,8.754226919223795,3.6488238557478643,2.860006064058547,0.4093602626453676,0.07068575107066928,0.18978740042745681,0.05203061175927262,0.0756211628939575,-0.04899347073195078,-0.013810740254668547,0.18605633508317473,0.026615428655898967,0.8562500000000001,0.005095940654582772,0.013299305558361913,0.7744387006688164,0.04129445334957022,0.053541818243778024,0.042563000067779584,0.002560673533318344,0.022873011134752083,0.010823529294607384,0.003060190547139425,0.00788668002495873,0.0042446597570035905,0.012982981613147565,0.0030801604107303145,0.02375762654055703,2.0816681711721685e-17,0.0,0.0,4.21477624987067,11127.34266780198
390001,1,7,M4,3,True,0.0,0.9766958138810892,0.98378601407178,0.35,0.0,0.0,0.25462781311944127,0.08294289264827967,2.7334395976737142,0.21371863551437856,0.0818483628556123,0.0,6.490372991655022,8.436539084650576,0.15224098580965167,0.5910747566255136,8.754226919223795,3.6488238557478643,2.860006064058547,0.4093602626453676,0.07068575107066928,0.18978740042745681,0.05203061175927262,0.0756211628939575,-0.04899347073195078,-0.013810740254668547,0.18605633508317473,0.026615428655898967,0.8562500000000001,0.005095940654582772,0.013299305558361913,0.7744387006688164,0.04129445334957022,0.053541818243778024,0.042563000067779584,0.002560673533318344,0.022873011134752083,0.010823529294607384,0.003060190547139425,0.00788668002495873,0.0042446597570035905,0.012982981613147565,0.0030801604107303145,0.02375762654055703,2.0816681711721685e-17,0.0,0.0,4.21477624987067,11127.34266780198
390001,1,8,M2,0,True,0.0,0.9766958138810892,0.98378601407178,0.35,0.0,0.0,0.26037696758285167,0.06623911500442774,3.1390380073338746,0.19648031547665595,0.0,0.0,6.223864151164889,7.334144979715347,0.1586533300929006,0.573525361349159,7.268752874064687,3.5611586555192765,2.9833272667236614,0.40482148570572196,0.07510748188218973,0.200986297848354,0.0666960531365613,0.07493061881221307,-0.048405552541139124,-0.013856305742941619,0.2058517039835225,0.02394131890447591,0.8333333333333334,0.005166424523638499,0.01372712309043066,0.6507755663277842,0.0341614881689022,0.05671835026371057,0.04821688442078116,0.002737328342019463,0.022736579447919528,0.010915536669564027,0.0030474775626081504,0.00846907929475872,0.0043487781316703,0.014157125454344074,0.003240758972130003,0.029895146876429374,2.0816681711721685e-17,0.0,0.0,4.165605990670895,3911.427371685098
390001,1,8,M3,1,True,0.0,0.9766958138810892,0.98378601407178,0.35,0.0,0.0,0.26037696758285167,0.06623911500442774,3.1390380073338746,0.19648031547665595,0.0,0.0,6.223864151164889,7.334144979715347,0.1586533300929006,0.573525361349159,7.268752874064687,3.5611586555192765,2.9833272667236614,0.40482148570572196,0.07510748188218973,0.200986297848354,0.0666960531365613,0.07493061881221307,-0.048405552541139124,-0.013856305742941619,0.2058517039835225,0.02394131890447591,0.8333333333333334,0.005166424523638499,0.01372712309043066,0.6507755663277842,0.0341614881689022,0.05671835026371057,0.04821688442078116,0.002737328342019463,0.022736579447919528,0.010915536669564027,0.0030474775626081504,0.00846907929475872,0.0043487781316703,0.014157125454344074,0.003240758972130003,0.029895146876429374,2.0816681711721685e-17,0.0,0.0,4.165605990670895,3911.427371685098
390001,1,8,M2+O,2,True,0.0,0.9766958138810892,0.98378601407178,0.35,0.0,0.0,0.26037696758285167,0.06623911500442774,3.1390380073338746,0.19648031547665595,0.03941378565485458,0.0,6.223864151164889,7.334144979715347,0.15850907051314783,0.572286627017099,7.251978815994517,3.5691293150250467,3.002073770696594,0.4169262041501038,0.07509333154769249,0.2004896791063787,0.06472235962705104,0.07425011124807128,-0.04918914210442302,-0.013891592225927049,0.20637147194745867,0.024256018266804125,0.8479166666666668,0.0052284864216545785,0.013859150094318342,0.6390330191725282,0.03440147063360458,0.05841519976567024,0.05247898150937399,0.0027214356253433786,0.02290267198863751,0.01081037677446515,0.003058054316436516,0.008331086052247508,0.004389468564983258,0.014091165035581603,0.003113626391170146,0.02579868527339618,2.0816681711721685e-17,0.0,0.0,4.217202620513273,3877.272188420025
390001,1,8,M4,3,True,0.0,0.9766958138810892,0.98378601407178,0.35,0.0,0.0,0.26037696758285167,0.06623911500442774,3.1390380073338746,0.19648031547665595,0.03941378565485458,0.0,6.223864151164889,7.334144979715347,0.15850907051314783,0.572286627017099,7.251978815994517,3.5691293150250467,3.002073770696594,0.4169262041501038,0.07509333154769249,0.2004896791063787,0.06472235962705104,0.07425011124807128,-0.04918914210442302,-0.013891592225927049,0.20637147194745867,0.024256018266804125,0.8479166666666668,0.0052284864216545785,0.013859150094318342,0.6390330191725282,0.03440147063360458,0.05841519976567024,0.05247898150937399,0.0027214356253433786,0.02290267198863751,0.01081037677446515,0.003058054316436516,0.008331086052247508,0.004389468564983258,0.014091165035581603,0.003113626391170146,0.02579868527339618,2.0816681711721685e-17,0.0,0.0,4.217202620513273,3877.272188420025
390001,1,9,M2,0,True,0.0,0.9766958138810892,0.98378601407178,0.35,0.0,0.0,0.22489707954227925,0.07692724628373981,2.7730619207024576,0.2408962793648243,0.0,0.0,5.490998988039792,7.869041427969933,0.15205917138210265,0.6015465170617071,8.875050766721278,3.689530610077476,2.8343333878086683,0.4025690442634258,0.0786037980236357,0.20816902078240973,0.06036188474617052,0.07805714622547105,-0.044406547231414094,-0.012056374221209648,0.18001514942189414,0.024343588860532766,0.8166666666666668,0.004585018915599362,0.013622200531200569,0.8202810231443907,0.03711361840164719,0.06207072531495275,0.052990539192744365,0.0026535390318166148,0.022219863061389355,0.011140212433831832,0.003293347397374712,0.009191856468407093,0.004309271120821055,0.012973588905578985,0.0032629314131104245,0.027198056907009154,2.0816681711721685e-17,5.511463844797178e-05,0.00016534391534391533,3.846209780306543,2458.663297610986
390001,1,9,M3,1,True,0.0,0.9766958138810892,0.98378601407178,0.35,0.0,0.0,0.22489707954227925,0.07692724628373981,2.7730619207024576,0.2408962793648243,0.0,0.0,5.490998988039792,7.869041427969933,0.15205917138210265,0.6015465170617071,8.875050766721278,3.689530610077476,2.8343333878086683,0.4025690442634258,0.0786037980236357,0.20816902078240973,0.06036188474617052,0.07805714622547105,-0.044406547231414094,-0.012056374221209648,0.18001514942189414,0.024343588860532766,0.8166666666666668,0.004585018915599362,0.013622200531200569,0.8202810231443907,0.03711361840164719,0.06207072531495275,0.052990539192744365,0.0026535390318166148,0.022219863061389355,0.011140212433831832,0.003293347397374712,0.009191856468407093,0.004309271120821055,0.012973588905578985,0.0032629314131104245,0.027198056907009154,2.0816681711721685e-17,5.511463844797178e-05,0.00016534391534391533,3.846209780306543,2458.663297610986
390001,1,9,M2+O,2,True,0.0,0.9766958138810892,0.98378601407178,0.35,0.0,0.0,0.22489707954227925,0.07692724628373981,2.7730619207024576,0.2408962793648243,0.09924992682199865,0.0,5.490998988039792,7.869041427969933,0.15148171771639418,0.5985695973603521,8.859161154998263,3.6617651722000897,2.813064135697482,0.38197601340162746,0.0796142577158506,0.20607179255231234,0.05433778105103657,0.07680349082284983,-0.046174306505650374,-0.011911840376963316,0.18537940851224913,0.02590053724857347,0.85,0.004787030782874173,0.014237163666001949,0.8077962837346183,0.03686687025116044,0.06047206374739985,0.04812426741567631,0.0026217097948369197,0.02244593701863145,0.010710163962328274,0.003101899353257689,0.008896296490315684,0.004440013993883529,0.012832217998618745,0.0029821383283843424,0.02149317384052738,2.0816681711721685e-17,5.511463844797178e-05,0.0001240079365079365,4.008396886529348,2465.4441132100915
390001,1,9,M4,3,True,0.0,0.9766958138810892,0.98378601407178,0.35,0.0,0.0,0.22489707954227925,0.07692724628373981,2.7730619207024576,0.2408962793648243,0.09924992682199865,0.0,5.490998988039792,7.869041427969933,0.15148171771639418,0.5985695973603521,8.859161154998263,3.6617651722000897,2.813064135697482,0.38197601340162746,0.0796142577158506,0.20607179255231234,0.05433778105103657,0.07680349082284983,-0.046174306505650374,-0.011911840376963316,0.18537940851224913,0.02590053724857347,0.85,0.004787030782874173,0.014237163666001949,0.8077962837346183,0.03686687025116044,0.06047206374739985,0.04812426741567631,0.0026217097948369197,0.02244593701863145,0.010710163962328274,0.003101899353257689,0.008896296490315684,0.004440013993883529,0.012832217998618745,0.0029821383283843424,0.02149317384052738,2.0816681711721685e-17,5.511463844797178e-05,0.0001240079365079365,4.008396886529348,2465.4441132100915
390001,1,10,M2,0,True,0.0,0.9766958138810892,0.98378601407178,0.35,0.0,0.0,0.2443801517598331,0.06754384808242321,3.1797893855720756,0.21964385755360127,0.0,0.0,5.020357612986118,6.691643536090851,0.15512653142328947,0.5869724905197242,8.075704484258315,3.62617792159601,2.8961724397776734,0.39566208327347124,0.0766080608184966,0.20530727402321447,0.06282498917927261,0.07682037837280636,-0.04748835280158029,-0.013305319289396983,0.19131803919511556,0.024217562240042245,0.8250000000000001,0.004892853328925046,0.014069673590550703,0.731252640678054,0.034369077285020075,0.05841432765034022,0.05069202666294576,0.002709070097393359,0.022621054911548078,0.011130344569796469,0.003195121664772432,0.008891612078136539,0.004311976700035158,0.013549765944952682,0.003272561736770002,0.0274191829601631,2.0816681711721685e-17,0.00016534391534391533,0.0002204585537918871,4.5111976849704325,978.6567823865034
390001,1,10,M3,1,True,0.0,0.9766958138810892,0.98378601407178,0.35,0.0,0.0,0.2443801517598331,0.06754384808242321,3.1797893855720756,0.21964385755360127,0.0,0.0,5.020357612986118,6.691643536090851,0.15512653142328947,0.5869724905197242,8.075704484258315,3.62617792159601,2.8961724397776734,0.39566208327347124,0.0766080608184966,0.20530727402321447,0.06282498917927261,0.07682037837280636,-0.04748835280158029,-0.013305319289396983,0.19131803919511556,0.024217562240042245,0.8250000000000001,0.004892853328925046,0.014069673590550703,0.731252640678054,0.034369077285020075,0.05841432765034022,0.05069202666294576,0.002709070097393359,0.022621054911548078,0.011130344569796469,0.003195121664772432,0.008891612078136539,0.004311976700035158,0.013549765944952682,0.003272561736770002,0.0274191829601631,2.0816681711721685e-17,0.00016534391534391533,0.0002204585537918871,4.5111976849704325,978.6567823865034
390001,1,10,M2+O,2,True,0.0,0.9766958138810892,0.98378601407178,0.35,0.0,0.0,0.2443801517598331,0.06754384808242321,3.1797893855720756,0.21964385755360127,0.22120154879690973,0.0,5.020357612986118,6.691643536090851,0.15247251953873997,0.5909117200484243,8.50333937816434,3.616857793095361,2.8997329048517084,0.40811472157990414,0.08457846365137062,0.18905814243365437,0.04570825962517964,0.07560262814156142,-0.04944808375864653,-0.011050113629938275,0.22224573187893537,0.03182037031320497,0.90625,0.005423681335613961,0.01561243723042705,0.7019381252683862,0.04275505098152872,0.06537289897420105,0.04944147582171922,0.0026966055082623267,0.022422081631670324,0.009320152015328341,0.003079005205488161,0.0082132296490688,0.004593990089828271,0.013225370865970018,0.0028069198045261707,0.014531481317311124,2.0816681711721685e-17,8.267195767195767e-05,0.00019290123456790122,4.863764196394686,991.6505432518147
390001,1,10,M4,3,True,0.0,0.9766958138810892,0.98378601407178,0.35,0.0,0.0,0.2443801517598331,0.06754384808242321,3.1797893855720756,0.21964385755360127,0.22120154879690973,0.0,5.020357612986118,6.691643536090851,0.15247251953873997,0.5909117200484243,8.50333937816434,3.616857793095361,2.8997329048517084,0.40811472157990414,0.08457846365137062,0.18905814243365437,0.04570825962517964,0.07560262814156142,-0.04944808375864653,-0.011050113629938275,0.22224573187893537,0.03182037031320497,0.90625,0.005423681335613961,0.01561243723042705,0.7019381252683862,0.04275505098152872,0.06537289897420105,0.04944147582171922,0.0026966055082623267,0.022422081631670324,0.009320152015328341,0.003079005205488161,0.0082132296490688,0.004593990089828271,0.013225370865970018,0.0028069198045261707,0.014531481317311124,2.0816681711721685e-17,8.267195767195767e-05,0.00019290123456790122,4.863764196394686,991.6505432518147
390001,1,11,M2,0,True,0.0,0.9766958138810892,0.98378601407178,0.35,0.0,0.0,0.28308231513947246,0.08182962188962847,2.945610111951828,0.22273273594677448,0.0,0.0,5.752427791710943,8.503426149487495,0.1492139802660635,0.5992112777564643,9.568289554042206,3.6998346375530033,2.8036766571336584,0.4278104893291483,0.07015471293028656,0.18557750427195527,0.05057165548812872,0.07839461189977183,-0.046970635621979194,-0.013216098514840494,0.18867276722777968,0.028768848512467752,0.8583333333333334,0.005251712065168131,0.013474833501865494,0.8927096026403432,0.03432117315295632,0.057386762234151616,0.05478796396172067,0.0025552880105812322,0.023364522572981185,0.011096344513910186,0.003153652852511702,0.008271017783530647,0.004115779311593987,0.013436999743846673,0.0035403705941037967,0.027031025295064477,2.0816681711721685e-17,5.511463844797178e-05,8.267195767195767e-05,4.953852006802197,4149.950552985766
390001,1,11,M3,1,True,0.0,0.9766958138810892,0.98378601407178,0.35,0.0,0.0,0.28308231513947246,0.08182962188962847,2.945610111951828,0.22273273594677448,0.0,0.0,5.752427791710943,8.503426149487495,0.1492139802660635,0.5992112777564643,9.568289554042206,3.6998346375530033,2.8036766571336584,0.4278104893291483,0.07015471293028656,0.18557750427195527,0.05057165548812872,0.07839461189977183,-0.046970635621979194,-0.013216098514840494,0.18867276722777968,0.028768848512467752,0.8583333333333334,0.005251712065168131,0.013474833501865494,0.8927096026403432,0.03432117315295632,0.057386762234151616,0.05478796396172067,0.0025552880105812322,0.023364522572981185,0.011096344513910186,0.003153652852511702,0.008271017783530647,0.004115779311593987,0.013436999743846673,0.0035403705941037967,0.027031025295064477,2.0816681711721685e-17,5.511463844797178e-05,8.267195767195767e-05,4.953852006802197,4149.950552985766
390001,1,11,M2+O,2,True,0.0,0.9766958138810892,0.98378601407178,0.35,0.0,0.0,0.28308231513947246,0.08182962188962847,2.945610111951828,0.22273273594677448,0.024611350639674,0.0,5.752427791710943,8.503426149487495,0.14914252476239212,0.598785844547208,9.548588558260008,3.7036530299160773,2.8074409386183814,0.42926583070209895,0.0700529397371595,0.18560992510449673,0.049598732775771544,0.07789015489363825,-0.0474541608182481,-0.013232340943195758,0.18862415107514083,0.028893940050408056,0.8625000000000002,0.005288012133218085,0.013672671354984319,0.8829424239728247,0.036617366322480145,0.05482253707457025,0.0478387653159139,0.002548250032134396,0.023442964795659004,0.011086737270065915,0.0031877251684254287,0.008193777175451751,0.004135587759474093,0.013394053189251725,0.0034724697765099117,0.025225432875733096,2.0816681711721685e-17,5.511463844797178e-05,6.889329805996472e-05,5.006669059097994,4151.958429761554
390001,1,11,M4,3,True,0.0,0.9766958138810892,0.98378601407178,0.35,0.0,0.0,0.28308231513947246,0.08182962188962847,2.945610111951828,0.22273273594677448,0.024611350639674,0.0,5.752427791710943,8.503426149487495,0.14914252476239212,0.598785844547208,9.548588558260008,3.7036530299160773,2.8074409386183814,0.42926583070209895,0.0700529397371595,0.18560992510449673,0.049598732775771544,0.07789015489363825,-0.0474541608182481,-0.013232340943195758,0.18862415107514083,0.028893940050408056,0.8625000000000002,0.005288012133218085,0.013672671354984319,0.8829424239728247,0.036617366322480145,0.05482253707457025,0.0478387653159139,0.002548250032134396,0.023442964795659004,0.011086737270065915,0.0031877251684254287,0.008193777175451751,0.004135587759474093,0.013394053189251725,0.0034724697765099117,0.025225432875733096,2.0816681711721685e-17,5.511463844797178e-05,6.889329805996472e-05,5.006669059097994,4151.958429761554
390001,1,12,M2,0,True,0.0,0.9766958138810892,0.98378601407178,0.35,0.0,0.0,0.29935491690412164,0.07051171878352762,2.7982757639139892,0.23080004900693893,0.0,0.0,6.378210476133972,6.27442592382431,0.1541853536457791,0.594268506934024,8.46015786098185,3.624090784754389,2.876812295151318,0.404158227302873,0.08785672133414124,0.21120538997827665,0.06691480620989135,0.07838484838904697,-0.040483075771238726,-0.008378496158680901,0.2321459294290252,0.029508907717491706,0.8583333333333334,0.0056563448920185005,0.014800647145758149,0.8047766427743327,0.03522208897175009,0.06479541912205658,0.051715430931491245,0.002882201268646679,0.022675108679124208,0.010507896931685906,0.003146618043827352,0.010112739039773243,0.004534714572872581,0.015301135640516597,0.0036557983062204904,0.026352313834736494,2.0816681711721685e-17,0.0,0.0,3.5031291820718096,9070.578315307295
390001,1,12,M3,1,True,0.0,0.9766958138810892,0.98378601407178,0.35,0.0,0.0,0.29935491690412164,0.07051171878352762,2.7982757639139892,0.23080004900693893,0.0,0.0,6.378210476133972,6.27442592382431,0.1541853536457791,0.594268506934024,8.46015786098185,3.624090784754389,2.876812295151318,0.404158227302873,0.08785672133414124,0.21120538997827665,0.06691480620989135,0.07838484838904697,-0.040483075771238726,-0.008378496158680901,0.2321459294290252,0.029508907717491706,0.8583333333333334,0.0056563448920185005,0.014800647145758149,0.8047766427743327,0.03522208897175009,0.06479541912205658,0.051715430931491245,0.002882201268646679,0.022675108679124208,0.010507896931685906,0.003146618043827352,0.010112739039773243,0.004534714572872581,0.015301135640516597,0.0036557983062204904,0.026352313834736494,2.0816681711721685e-17,0.0,0.0,3.5031291820718096,9070.578315307295
390001,1,12,M2+O,2,True,0.0,0.9766958138810892,0.98378601407178,0.35,0.0,0.0,0.29935491690412164,0.07051171878352762,2.7982757639139892,0.23080004900693893,0.032109614985167255,0.0,6.378210476133972,6.27442592382431,0.15408052669710653,0.5930657096917188,8.4290518872915,3.6276741002558768,2.8849127776821644,0.3852191725741738,0.08771694608453535,0.21101174435869963,0.06542403019259554,0.0777050926727257,-0.04119229291272194,-0.00842474923167895,0.23214122176815302,0.02966833810104494,0.8645833333333334,0.005702163718171036,0.014874049865886776,0.801679211421545,0.03659148972228155,0.0601216666198513,0.0458076332515362,0.002864109398641749,0.02287899972454195,0.010521363771286374,0.0032242368702035387,0.00999611063812776,0.004577160780582507,0.015231603334152279,0.003539368354674763,0.025445161029295203,2.0816681711721685e-17,0.0,0.0,3.538002635643792,9019.51782954755
390001,1,12,M4,3,True,0.0,0.9766958138810892,0.98378601407178,0.35,0.0,0.0,0.29935491690412164,0.07051171878352762,2.7982757639139892,0.23080004900693893,0.032109614985167255,0.0,6.378210476133972,6.27442592382431,0.15408052669710653,0.5930657096917188,8.4290518872915,3.6276741002558768,2.8849127776821644,0.3852191725741738,0.08771694608453535,0.21101174435869963,0.06542403019259554,0.0777050926727257,-0.04119229291272194,-0.00842474923167895,0.23214122176815302,0.02966833810104494,0.8645833333333334,0.005702163718171036,0.014874049865886776,0.801679211421545,0.03659148972228155,0.0601216666198513,0.0458076332515362,0.002864109398641749,0.02287899972454195,0.010521363771286374,0.0032242368702035387,0.00999611063812776,0.004577160780582507,0.015231603334152279,0.003539368354674763,0.025445161029295203,2.0816681711721685e-17,0.0,0.0,3.538002635643792,9019.51782954755
390001,1,13,M2,0,False,0.010839147388202536,0.9766958138810892,0.98378601407178,0.35,0.0,0.0,0.2357255432754755,0.0843245640071109,3.0317934952676295,0.20654045909643173,0.0,0.0,5.610234498512,8.927487328648567,0.15003150399748658,0.5957717761068828,9.385203487622695,3.7092739571578845,2.847923840906269,0.455282717679999,0.060629989656118814,0.17471045509196528,0.045712735226207085,0.07653811112220782,-0.05090912639757814,-0.01769302523730136,0.15585205842688823,0.024045835748492218,0.8354166666666666,0.004623075415687051,0.013252284925959933,0.8682120189272199,0.04225394066295297,0.05553969887006,0.05872577931011244,0.002408911190999165,0.02282433117027941,0.011517465835239918,0.003215921050148089,0.007088319517901251,0.003851925294369987,0.011847180865739255,0.0031687907996082636,0.027662426556525538,2.0816681711721685e-17,5.511463844797178e-05,0.0001240079365079365,5.587467458891059,3138.662037604103
390001,1,13,M3,1,False,0.010839147388202536,0.9766958138810892,0.98378601407178,0.35,0.0,0.0,0.2357255432754755,0.0843245640071109,3.0317934952676295,0.20654045909643173,0.0,0.0,5.610234498512,8.927487328648567,0.15003150399748658,0.5957717761068828,9.385203487622695,3.7092739571578845,2.847923840906269,0.455282717679999,0.060629989656118814,0.17471045509196528,0.045712735226207085,0.07653811112220782,-0.05090912639757814,-0.01769302523730136,0.15585205842688823,0.024045835748492218,0.8354166666666666,0.004623075415687051,0.013252284925959933,0.8682120189272199,0.04225394066295297,0.05553969887006,0.05872577931011244,0.002408911190999165,0.02282433117027941,0.011517465835239918,0.003215921050148089,0.007088319517901251,0.003851925294369987,0.011847180865739255,0.0031687907996082636,0.027662426556525538,2.0816681711721685e-17,5.511463844797178e-05,0.0001240079365079365,5.587467458891059,3138.662037604103
390001,1,13,M2+O,2,False,0.005223762060564146,0.9766958138810892,0.98378601407178,0.35,0.0,0.0,0.2357255432754755,0.0843245640071109,3.0317934952676295,0.20654045909643173,0.14585900465534243,0.0,5.610234498512,8.927487328648567,0.14891247732358656,0.5983967071775884,9.537632642909022,3.677010068398728,2.843645424560338,0.4388353399337193,0.06349519618354485,0.17004975002694364,0.03718447498388703,0.07570686238096207,-0.05235617867584972,-0.016774404078416624,0.16908811489948442,0.027068829721736107,0.8708333333333332,0.004939903050351183,0.01365439040176975,0.7865574372093166,0.035875331705603544,0.055347618809332894,0.046893105000618364,0.0024114542895215577,0.0224699261545179,0.01070879124655041,0.002904916272758643,0.006826765069088304,0.004038804428019876,0.011708580263263038,0.002968559845081133,0.021049602105319486,2.0816681711721685e-17,5.511463844797178e-05,8.267195767195767e-05,5.99403874908471,3150.3960352763224
390001,1,13,M4,3,False,0.005223762060564146,0.9766958138810892,0.98378601407178,0.35,0.0,0.0,0.2357255432754755,0.0843245640071109,3.0317934952676295,0.20654045909643173,0.14585900465534243,0.0,5.610234498512,8.927487328648567,0.14891247732358656,0.5983967071775884,9.537632642909022,3.677010068398728,2.843645424560338,0.4388353399337193,0.06349519618354485,0.17004975002694364,0.03718447498388703,0.07570686238096207,-0.05235617867584972,-0.016774404078416624,0.16908811489948442,0.027068829721736107,0.8708333333333332,0.004939903050351183,0.01365439040176975,0.7865574372093166,0.035875331705603544,0.055347618809332894,0.046893105000618364,0.0024114542895215577,0.0224699261545179,0.01070879124655041,0.002904916272758643,0.006826765069088304,0.004038804428019876,0.011708580263263038,0.002968559845081133,0.021049602105319486,2.0816681711721685e-17,5.511463844797178e-05,8.267195767195767e-05,5.99403874908471,3150.3960352763224
390001,1,14,M2,0,True,0.0,0.9766958138810892,0.98378601407178,0.35,0.0,0.0,0.20833341283723714,0.062489898935891686,2.92039684318006,0.25279291801154613,0.0,0.0,5.331442344933748,7.0982246696949005,0.1557205619240268,0.6036410076925445,8.181069872848466,3.5997035614212045,2.8707934124663725,0.4141759808458842,0.09297932132387908,0.23009280698285836,0.07337135688311812,0.07817066724315468,-0.03852756498311979,-0.009443981569849783,0.19640710035527673,0.02251471711262103,0.80625,0.0044575205113007,0.014108475888249343,0.8025923742700383,0.03600064590960516,0.06397887860861745,0.05463041550894103,0.0028543747372802735,0.021155260285805087,0.01109617181751491,0.0034507578229372804,0.010484066164882282,0.004620484729153829,0.013708587908986797,0.0032649683817392943,0.026971620216469185,2.0816681711721685e-17,8.267195767195767e-05,0.0001515652557319224,3.346354152798354,1786.3775477629404
390001,1,14,M3,1,True,0.0,0.9766958138810892,0.98378601407178,0.35,0.0,0.0,0.20833341283723714,0.062489898935891686,2.92039684318006,0.25279291801154613,0.0,0.0,5.331442344933748,7.0982246696949005,0.1557205619240268,0.6036410076925445,8.181069872848466,3.5997035614212045,2.8707934124663725,0.4141759808458842,0.09297932132387908,0.23009280698285836,0.07337135688311812,0.07817066724315468,-0.03852756498311979,-0.009443981569849783,0.19640710035527673,0.02251471711262103,0.80625,0.0044575205113007,0.014108475888249343,0.8025923742700383,0.03600064590960516,0.06397887860861745,0.05463041550894103,0.0028543747372802735,0.021155260285805087,0.01109617181751491,0.0034507578229372804,0.010484066164882282,0.004620484729153829,0.013708587908986797,0.0032649683817392943,0.026971620216469185,2.0816681711721685e-17,8.267195767195767e-05,0.0001515652557319224,3.346354152798354,1786.3775477629404
390001,1,14,M2+O,2,True,0.0,0.9766958138810892,0.98378601407178,0.35,0.0,0.0,0.20833341283723714,0.062489898935891686,2.92039684318006,0.25279291801154613,0.09017833367092232,0.0,5.331442344933748,7.0982246696949005,0.1552208260652679,0.6009717239838069,8.133488740380798,3.6269425664685797,2.873357898318934,0.3657203324889595,0.09376631256079747,0.22827091457615678,0.06756962442289065,0.07714691345969389,-0.04029556988357431,-0.009409098100578979,0.20085876965831254,0.023732786141983875,0.8270833333333334,0.004644782540185785,0.014246817478357121,0.8168474156069946,0.044056554948576875,0.06267119995967534,0.045843571880366314,0.002804510236780478,0.0214951340361876,0.010665279040213074,0.0033472368224677605,0.010214048379776946,0.004736369481201835,0.013553479290887805,0.0030078432365026513,0.023113450242782968,2.0816681711721685e-17,6.889329805996472e-05,0.00011022927689594356,3.435627135294745,1786.1183070810612
390001,1,14,M4,3,True,0.0,0.9766958138810892,0.98378601407178,0.35,0.0,0.0,0.20833341283723714,0.062489898935891686,2.92039684318006,0.25279291801154613,0.09017833367092232,0.0,5.331442344933748,7.0982246696949005,0.1552208260652679,0.6009717239838069,8.133488740380798,3.6269425664685797,2.873357898318934,0.3657203324889595,0.09376631256079747,0.22827091457615678,0.06756962442289065,0.07714691345969389,-0.04029556988357431,-0.009409098100578979,0.20085876965831254,0.023732786141983875,0.8270833333333334,0.004644782540185785,0.014246817478357121,0.8168474156069946,0.044056554948576875,0.06267119995967534,0.045843571880366314,0.002804510236780478,0.0214951340361876,0.010665279040213074,0.0033472368224677605,0.010214048379776946,0.004736369481201835,0.013553479290887805,0.0030078432365026513,0.023113450242782968,2.0816681711721685e-17,6.889329805996472e-05,0.00011022927689594356,3.435627135294745,1786.1183070810612
390001,1,15,M2,0,False,0.004703599084113993,0.9766958138810892,0.98378601407178,0.35,0.0,0.0,0.26893506180495025,0.07365114953368902,3.2870344676077363,0.18954758934676647,0.0,0.0,6.0987141309306026,8.098484382033348,0.15412149399947636,0.5832458996793116,8.41129870505286,3.6003841591674592,2.899188134787708,0.4289339817616531,0.06382754890004601,0.17771187684469994,0.05189714021312225,0.07543519602662567,-0.05075064944249242,-0.016860013095521115,0.18290347220178652,0.025514826536777932,0.8520833333333334,0.00514677247205844,0.013737482592780303,0.7728179266555529,0.03935455022259877,0.05062173516133174,0.05266431633605401,0.002509591755092888,0.023042669849527072,0.011276631630192853,0.0030440144251801847,0.007242428217089603,0.0040023253189399605,0.013170337244144105,0.0033410942397195595,0.02699959182908509,2.0816681711721685e-17,0.0,1.3778659611992945e-05,5.6965181715942235,7093.202857631012
390001,1,15,M3,1,False,0.004703599084113993,0.9766958138810892,0.98378601407178,0.35,0.0,0.0,0.26893506180495025,0.07365114953368902,3.2870344676077363,0.18954758934676647,0.0,0.0,6.0987141309306026,8.098484382033348,0.15412149399947636,0.5832458996793116,8.41129870505286,3.6003841591674592,2.899188134787708,0.4289339817616531,0.06382754890004601,0.17771187684469994,0.05189714021312225,0.07543519602662567,-0.05075064944249242,-0.016860013095521115,0.18290347220178652,0.025514826536777932,0.8520833333333334,0.00514677247205844,0.013737482592780303,0.7728179266555529,0.03935455022259877,0.05062173516133174,0.05266431633605401,0.002509591755092888,0.023042669849527072,0.011276631630192853,0.0030440144251801847,0.007242428217089603,0.0040023253189399605,0.013170337244144105,0.0033410942397195595,0.02699959182908509,2.0816681711721685e-17,0.0,1.3778659611992945e-05,5.6965181715942235,7093.202857631012
390001,1,15,M2+O,2,False,0.004036824782771584,0.9766958138810892,0.98378601407178,0.35,0.0,0.0,0.26893506180495025,0.07365114953368902,3.2870344676077363,0.18954758934676647,0.06948194053920671,0.0,6.0987141309306026,8.098484382033348,0.15378399737655193,0.5822588875175817,8.41467316560461,3.6151666429253617,2.906334727812942,0.42362754798865493,0.06428175894697943,0.17655176468752268,0.048470262884028836,0.07446943341491954,-0.05180863901705432,-0.01675089650578809,0.18549800720464327,0.026336641577297953,0.8604166666666666,0.005264034000976413,0.013968124649019753,0.7377098166869158,0.040578908738770014,0.0567417516769069,0.047666950529423525,0.002496783188775703,0.02307526959629285,0.010956900322006937,0.0030150313647231103,0.007059562453987641,0.004085533927497933,0.013036634547584056,0.0031827667962221083,0.0244466230638723,2.0816681711721685e-17,0.0,1.3778659611992945e-05,5.866028497759886,7020.423379237139
390001,1,15,M4,3,False,0.004036824782771584,0.9766958138810892,0.98378601407178,0.35,0.0,0.0,0.26893506180495025,0.07365114953368902,3.2870344676077363,0.18954758934676647,0.06948194053920671,0.0,6.0987141309306026,8.098484382033348,0.15378399737655193,0.5822588875175817,8.41467316560461,3.6151666429253617,2.906334727812942,0.42362754798865493,0.06428175894697943,0.17655176468752268,0.048470262884028836,0.07446943341491954,-0.05180863901705432,-0.01675089650578809,0.18549800720464327,0.026336641577297953,0.8604166666666666,0.005264034000976413,0.013968124649019753,0.7377098166869158,0.040578908738770014,0.0567417516769069,0.047666950529423525,0.002496783188775703,0.02307526959629285,0.010956900322006937,0.0030150313647231103,0.007059562453987641,0.004085533927497933,0.013036634547584056,0.0031827667962221083,0.0244466230638723,2.0816681711721685e-17,0.0,1.3778659611992945e-05,5.866028497759886,7020.423379237139
390001,1,16,M2,0,False,1.5076116969103646e-06,0.9766958138810892,0.98378601407178,0.35,0.0,0.0,0.27431888692080975,0.06181873608380556,2.745128928869963,0.22651283517479898,0.0,0.0,5.591213259845972,8.767512990161777,0.1594558003177613,0.5838633274712741,7.288021849615025,3.5390548895461413,2.992667675748398,0.40137895223528747,0.09738480164802199,0.22899220946293233,0.08053964543147184,0.07661957651329453,-0.037481549767438144,-0.007273113746349545,0.24401378390488718,0.025400825041550945,0.8333333333333334,0.005456492367981075,0.01559093386791032,0.70665655353092,0.03676470289227173,0.07161938466202887,0.059385148160412154,0.0030778013758135415,0.021777551920269658,0.010412919535988118,0.003200804918133622,0.010813824175988886,0.004764627444958754,0.015737143630849496,0.0034452913385770207,0.026693826748396907,2.0816681711721685e-17,0.0,1.3778659611992945e-05,2.8761918329315397,2913.4883812540866
390001,1,16,M3,1,False,1.5076116969103646e-06,0.9766958138810892,0.98378601407178,0.35,0.0,0.0,0.27431888692080975,0.06181873608380556,2.745128928869963,0.22651283517479898,0.0,0.0,5.591213259845972,8.767512990161777,0.1594558003177613,0.5838633274712741,7.288021849615025,3.5390548895461413,2.992667675748398,0.40137895223528747,0.09738480164802199,0.22899220946293233,0.08053964543147184,0.07661957651329453,-0.037481549767438144,-0.007273113746349545,0.24401378390488718,0.025400825041550945,0.8333333333333334,0.005456492367981075,0.01559093386791032,0.70665655353092,0.03676470289227173,0.07161938466202887,0.059385148160412154,0.0030778013758135415,0.021777551920269658,0.010412919535988118,0.003200804918133622,0.010813824175988886,0.004764627444958754,0.015737143630849496,0.0034452913385770207,0.026693826748396907,2.0816681711721685e-17,0.0,1.3778659611992945e-05,2.8761918329315397,2913.4883812540866
390001,1,16,M2+O,2,False,1.5602872257305573e-05,0.9766958138810892,0.98378601407178,0.35,0.0,0.0,0.27431888692080975,0.06181873608380556,2.745128928869963,0.22651283517479898,0.2121842301297775,0.0,5.591213259845972,8.767512990161777,0.15683563626714703,0.583145532860415,7.593285025385014,3.5698089221116747,2.9235894266280185,0.34175810456583505,0.10489456504406729,0.21137938742163062,0.0629015143232357,0.07571310845520592,-0.04046729236665536,-0.005661572104429059,0.26982183567647783,0.0327054880756125,0.9,0.00590914615516003,0.016220803423630456,0.7297196263794589,0.0412127518781328,0.06470186256493733,0.04772707378412828,0.0029763226480398045,0.02221863615692601,0.008931365598304711,0.003346576364615724,0.009940422878676568,0.005015360255311427,0.014928969299925505,0.002869547480826273,0.016207441482858725,2.0816681711721685e-17,0.0,1.3778659611992945e-05,3.124368932804346,2894.835081372112
390001,1,16,M4,3,False,1.5602872257305573e-05,0.9766958138810892,0.98378601407178,0.35,0.0,0.0,0.27431888692080975,0.06181873608380556,2.745128928869963,0.22651283517479898,0.2121842301297775,0.0,5.591213259845972,8.767512990161777,0.15683563626714703,0.583145532860415,7.593285025385014,3.5698089221116747,2.9235894266280185,0.34175810456583505,0.10489456504406729,0.21137938742163062,0.0629015143232357,0.07571310845520592,-0.04046729236665536,-0.005661572104429059,0.26982183567647783,0.0327054880756125,0.9,0.00590914615516003,0.016220803423630456,0.7297196263794589,0.0412127518781328,0.06470186256493733,0.04772707378412828,0.0029763226480398045,0.02221863615692601,0.008931365598304711,0.003346576364615724,0.009940422878676568,0.005015360255311427,0.014928969299925505,0.002869547480826273,0.016207441482858725,2.0816681711721685e-17,0.0,1.3778659611992945e-05,3.124368932804346,2894.835081372112
390001,1,17,M2,0,False,0.0003127143489315568,0.9766958138810892,0.98378601407178,0.35,0.0,0.0,0.2107140221633017,0.07251564121339471,3.1294893007725477,0.21084689751267433,0.0,0.0,6.359143438749015,6.029857037588954,0.15488141995049728,0.5871971378521166,8.122196241111622,3.6441459865291193,2.9032751859015575,0.4265343402551398,0.06840846419256569,0.19553248944279136,0.057951666992822365,0.07605160319917774,-0.050706796510659145,-0.016476774215517843,0.16433953328447629,0.021445526766669578,0.8020833333333334,0.004399652571901924,0.013282879766348179,0.7244843959099605,0.03598602122566571,0.055793863644447064,0.054683857295979146,0.0025507260908778804,0.022318523466530883,0.011492645059464714,0.0031817789932883415,0.00788198337058513,0.004102252151827643,0.012236322606373463,0.002998000657593694,0.028469276388198433,2.0816681711721685e-17,0.0,0.0,4.79461967304852,10136.512546647942
390001,1,17,M3,1,False,0.0003127143489315568,0.9766958138810892,0.98378601407178,0.35,0.0,0.0,0.2107140221633017,0.07251564121339471,3.1294893007725477,0.21084689751267433,0.0,0.0,6.359143438749015,6.029857037588954,0.15488141995049728,0.5871971378521166,8.122196241111622,3.6441459865291193,2.9032751859015575,0.4265343402551398,0.06840846419256569,0.19553248944279136,0.057951666992822365,0.07605160319917774,-0.050706796510659145,-0.016476774215517843,0.16433953328447629,0.021445526766669578,0.8020833333333334,0.004399652571901924,0.013282879766348179,0.7244843959099605,0.03598602122566571,0.055793863644447064,0.054683857295979146,0.0025507260908778804,0.022318523466530883,0.011492645059464714,0.0031817789932883415,0.00788198337058513,0.004102252151827643,0.012236322606373463,0.002998000657593694,0.028469276388198433,2.0816681711721685e-17,0.0,0.0,4.79461967304852,10136.512546647942
390001,1,17,M2+O,2,False,0.0003459425902895564,0.9766958138810892,0.98378601407178,0.35,0.0,0.0,0.2107140221633017,0.07251564121339471,3.1294893007725477,0.21084689751267433,0.022073353820592844,0.0,6.359143438749015,6.029857037588954,0.15482046497078591,0.5874490811820603,8.10824530265571,3.637619490449573,2.91377589820052,0.4194728011216961,0.06832604212079713,0.19549834923507967,0.05706979847522431,0.0757259319385199,-0.051134662011554984,-0.016557462591461836,0.1643401312907564,0.02154386234575731,0.8083333333333332,0.004438433313584488,0.013318932705914223,0.7155841073345267,0.03891202683326879,0.05446194408037144,0.05358250898450182,0.002545747812201393,0.022378476120695875,0.011454690480194018,0.003166033042378732,0.007824685994321755,0.004127101669879278,0.01222761148942363,0.0029460237118042595,0.028971917103918554,2.0816681711721685e-17,0.0,0.0,4.827741291570103,10105.038581637602
390001,1,17,M4,3,False,0.0003459425902895564,0.9766958138810892,0.98378601407178,0.35,0.0,0.0,0.2107140221633017,0.07251564121339471,3.1294893007725477,0.21084689751267433,0.022073353820592844,0.0,6.359143438749015,6.029857037588954,0.15482046497078591,0.5874490811820603,8.10824530265571,3.637619490449573,2.91377589820052,0.4194728011216961,0.06832604212079713,0.19549834923507967,0.05706979847522431,0.0757259319385199,-0.051134662011554984,-0.016557462591461836,0.1643401312907564,0.02154386234575731,0.8083333333333332,0.004438433313584488,0.013318932705914223,0.7155841073345267,0.03891202683326879,0.05446194408037144,0.05358250898450182,0.002545747812201393,0.022378476120695875,0.011454690480194018,0.003166033042378732,0.007824685994321755,0.004127101669879278,0.01222761148942363,0.0029460237118042595,0.028971917103918554,2.0816681711721685e-17,0.0,0.0,4.827741291570103,10105.038581637602
390001,1,18,M2,0,True,0.0,0.9766958138810892,0.98378601407178,0.35,0.0,0.0,0.2333221411332488,0.0694007444800809,2.9358963377773764,0.24959932155907155,0.0,0.0,6.073741978500038,7.956517500802875,0.15251743848927565,0.6033592530545356,8.808305816784719,3.6820092398985635,2.825520082929527,0.3908718128862812,0.08511194912254338,0.21591466972982917,0.0640327234388046,0.0784833415678043,-0.04169522101465417,-0.010596004771044795,0.19249691894178203,0.025065191534162905,0.8145833333333333,0.004721772490237302,0.013714202567035759,0.8347110879536404,0.03617691202945547,0.06121639858679822,0.04980910431304738,0.0027349624955006232,0.022030429617017667,0.01107905866411682,0.003357680201281069,0.009866587123137266,0.0044469273148087275,0.013571638547401841,0.003380508732715784,0.026661995741283372,2.0816681711721685e-17,1.3778659611992945e-05,4.1335978835978834e-05,3.86971529119042,7852.094596376114
390001,1,18,M3,1,True,0.0,0.9766958138810892,0.98378601407178,0.35,0.0,0.0,0.2333221411332488,0.0694007444800809,2.9358963377773764,0.24959932155907155,0.0,0.0,6.073741978500038,7.956517500802875,0.15251743848927565,0.6033592530545356,8.808305816784719,3.6820092398985635,2.825520082929527,0.3908718128862812,0.08511194912254338,0.21591466972982917,0.0640327234388046,0.0784833415678043,-0.04169522101465417,-0.010596004771044795,0.19249691894178203,0.025065191534162905,0.8145833333333333,0.004721772490237302,0.013714202567035759,0.8347110879536404,0.03617691202945547,0.06121639858679822,0.04980910431304738,0.0027349624955006232,0.022030429617017667,0.01107905866411682,0.003357680201281069,0.009866587123137266,0.0044469273148087275,0.013571638547401841,0.003380508732715784,0.026661995741283372,2.0816681711721685e-17,1.3778659611992945e-05,4.1335978835978834e-05,3.86971529119042,7852.094596376114
390001,1,18,M2+O,2,True,0.0,0.9766958138810892,0.98378601407178,0.35,0.0,0.0,0.2333221411332488,0.0694007444800809,2.9358963377773764,0.24959932155907155,0.04776055824152218,0.0,6.073741978500038,7.956517500802875,0.1523405269970919,0.6013626777381565,8.765113539873711,3.6869281102580556,2.8411295148470477,0.3961988562450691,0.08510368757591795,0.21571501901749576,0.061584529656430985,0.07800295740731754,-0.042695351581359696,-0.010657962828856208,0.19316846037681965,0.025415871364407667,0.8291666666666666,0.004805644876928195,0.01368632776992285,0.8348421593548311,0.04087081777844679,0.0599453404313033,0.05298918318100953,0.002714118754831226,0.02223608468049882,0.010974039276981122,0.0032747823122769564,0.00972129247246704,0.004501714167030043,0.01350133882895017,0.0032295562645138533,0.02480296752543197,2.0816681711721685e-17,1.3778659611992945e-05,4.1335978835978834e-05,3.9274172649141605,7851.333515346071
390001,1,18,M4,3,True,0.0,0.9766958138810892,0.98378601407178,0.35,0.0,0.0,0.2333221411332488,0.0694007444800809,2.9358963377773764,0.24959932155907155,0.04776055824152218,0.0,6.073741978500038,7.956517500802875,0.1523405269970919,0.6013626777381565,8.765113539873711,3.6869281102580556,2.8411295148470477,0.3961988562450691,0.08510368757591795,0.21571501901749576,0.061584529656430985,0.07800295740731754,-0.042695351581359696,-0.010657962828856208,0.19316846037681965,0.025415871364407667,0.8291666666666666,0.004805644876928195,0.01368632776992285,0.8348421593548311,0.04087081777844679,0.0599453404313033,0.05298918318100953,0.002714118754831226,0.02223608468049882,0.010974039276981122,0.0032747823122769564,0.00972129247246704,0.004501714167030043,0.01350133882895017,0.0032295562645138533,0.02480296752543197,2.0816681711721685e-17,1.3778659611992945e-05,4.1335978835978834e-05,3.9274172649141605,7851.333515346071
390001,1,19,M2,0,False,0.012240612835152605,0.9766958138810892,0.98378601407178,0.35,0.0,0.0,0.29389928011223676,0.0837265725620091,3.151984858140349,0.19276041217148304,0.0,0.0,5.306607499253005,6.847492961212993,0.14937779872644738,0.594504797339969,9.697105043262601,3.681184509575735,2.831177916690321,0.452979689507613,0.06004264272184954,0.16525894229795196,0.04279947364137978,0.07627301145375158,-0.04965663980470042,-0.01665199571739268,0.17869275790676006,0.028407061250229765,0.8604166666666667,0.005346505105642788,0.013743030617173671,0.9133560568641833,0.041461636747567567,0.05389174228839949,0.048545769813865214,0.002421517129965837,0.02326084456614424,0.011284375509478091,0.0030919721129824143,0.006907441276849492,0.0038497598015240983,0.013011597604548437,0.0035604040322726603,0.026060681463796916,2.0816681711721685e-17,0.00016534391534391533,0.00020667989417989417,6.197994427769136,1778.7428805674035
390001,1,19,M3,1,False,0.012240612835152605,0.9766958138810892,0.98378601407178,0.35,0.0,0.0,0.29389928011223676,0.0837265725620091,3.151984858140349,0.19276041217148304,0.0,0.0,5.306607499253005,6.847492961212993,0.14937779872644738,0.594504797339969,9.697105043262601,3.681184509575735,2.831177916690321,0.452979689507613,0.06004264272184954,0.16525894229795196,0.04279947364137978,0.07627301145375158,-0.04965663980470042,-0.01665199571739268,0.17869275790676006,0.028407061250229765,0.8604166666666667,0.005346505105642788,0.013743030617173671,0.9133560568641833,0.041461636747567567,0.05389174228839949,0.048545769813865214,0.002421517129965837,0.02326084456614424,0.011284375509478091,0.0030919721129824143,0.006907441276849492,0.0038497598015240983,0.013011597604548437,0.0035604040322726603,0.026060681463796916,2.0816681711721685e-17,0.00016534391534391533,0.00020667989417989417,6.197994427769136,1778.7428805674035
390001,1,19,M2+O,2,False,0.00745359913266094,0.9766958138810892,0.98378601407178,0.35,0.0,0.0,0.29389928011223676,0.0837265725620091,3.151984858140349,0.19276041217148304,0.13119263357491437,0.0,5.306607499253005,6.847492961212993,0.14845228188877382,0.5969868648819846,9.813794052769053,3.689553679791865,2.846671868622624,0.4587450240469586,0.06222991937142519,0.1619383467573697,0.036053101964744275,0.07546700706756589,-0.051037518553695836,-0.015941000969861136,0.18812250270920336,0.03087568488104923,0.8875000000000001,0.005577954207669923,0.01430939610126427,0.842703720595062,0.03669411835338873,0.059738542259120245,0.05285709013685746,0.0024188057649521407,0.022864205076311983,0.010744539171578834,0.002911695926128292,0.006615132765999813,0.00401318475091218,0.01270127028949509,0.0033127644328798207,0.020467807880188094,2.0816681711721685e-17,9.645061728395061e-05,0.00019290123456790122,6.626210918823158,1763.2170079148884
390001,1,19,M4,3,False,0.00745359913266094,0.9766958138810892,0.98378601407178,0.35,0.0,0.0,0.29389928011223676,0.0837265725620091,3.151984858140349,0.19276041217148304,0.13119263357491437,0.0,5.306607499253005,6.847492961212993,0.14845228188877382,0.5969868648819846,9.813794052769053,3.689553679791865,2.846671868622624,0.4587450240469586,0.06222991937142519,0.1619383467573697,0.036053101964744275,0.07546700706756589,-0.051037518553695836,-0.015941000969861136,0.18812250270920336,0.03087568488104923,0.8875000000000001,0.005577954207669923,0.01430939610126427,0.842703720595062,0.03669411835338873,0.059738542259120245,0.05285709013685746,0.0024188057649521407,0.022864205076311983,0.010744539171578834,0.002911695926128292,0.006615132765999813,0.00401318475091218,0.01270127028949509,0.0033127644328798207,0.020467807880188094,2.0816681711721685e-17,9.645061728395061e-05,0.00019290123456790122,6.626210918823158,1763.2170079148884
390001,1,20,M2,0,True,0.0,0.9766958138810892,0.98378601407178,0.35,0.0,0.0,0.2853641238063574,0.066921036564745,3.004666529595852,0.18090405613183974,0.0,0.0,5.5569867682643235,7.624283714219928,0.16071458564174151,0.5626649336447139,6.827697020167203,3.5038514432377355,3.0496378003278983,0.4483774794613898,0.07616118994626456,0.19683735902025443,0.06849992410023632,0.0737771301459334,-0.04756352296857233,-0.012989003255974768,0.2288101164214388,0.02536148631682018,0.8479166666666665,0.00557049068640831,0.014249342812303603,0.6100897541034229,0.03660000492560505,0.05940043739109162,0.052422378093940694,0.002783308968737676,0.023024221929621502,0.010612606379089699,0.0029774320487472175,0.008355753966056836,0.004415173194410372,0.015058883062256658,0.0033288562796936656,0.02846927638819844,2.0816681711721685e-17,0.0,0.0,3.7464156696078277,1966.8570464412978
390001,1,20,M3,1,True,0.0,0.9766958138810892,0.98378601407178,0.35,0.0,0.0,0.2853641238063574,0.066921036564745,3.004666529595852,0.18090405613183974,0.0,0.0,5.5569867682643235,7.624283714219928,0.16071458564174151,0.5626649336447139,6.827697020167203,3.5038514432377355,3.0496378003278983,0.4483774794613898,0.07616118994626456,0.19683735902025443,0.06849992410023632,0.0737771301459334,-0.04756352296857233,-0.012989003255974768,0.2288101164214388,0.02536148631682018,0.8479166666666665,0.00557049068640831,0.014249342812303603,0.6100897541034229,0.03660000492560505,0.05940043739109162,0.052422378093940694,0.002783308968737676,0.023024221929621502,0.010612606379089699,0.0029774320487472175,0.008355753966056836,0.004415173194410372,0.015058883062256658,0.0033288562796936656,0.02846927638819844,2.0816681711721685e-17,0.0,0.0,3.7464156696078277,1966.8570464412978
390001,1,20,M2+O,2,True,0.0,0.9766958138810892,0.98378601407178,0.35,0.0,0.0,0.2853641238063574,0.066921036564745,3.004666529595852,0.18090405613183974,0.07382451393861636,0.0,5.5569867682643235,7.624283714219928,0.16031206001464396,0.5637140049194342,6.833650591430768,3.5124007474954753,3.037104678232238,0.4245583433028662,0.07684228377517886,0.1945596042877414,0.06376193646565927,0.07267199771719944,-0.04885488478472072,-0.012880779863546262,0.2319076038315427,0.02636840394987564,0.8645833333333334,0.0056877292700307815,0.014894527687031651,0.5876943607499505,0.03929943755340151,0.060403488832749756,0.044163921537744115,0.002750792556206001,0.023266915940577223,0.010114692560622815,0.003037998752887589,0.008076722966542656,0.004493441698070146,0.014864764536714559,0.0030930257901910165,0.02378937747559462,2.0816681711721685e-17,0.0,0.0,3.848056216727173,1933.1646691988344
390001,1,20,M4,3,True,0.0,0.9766958138810892,0.98378601407178,0.35,0.0,0.0,0.2853641238063574,0.066921036564745,3.004666529595852,0.18090405613183974,0.07382451393861636,0.0,5.5569867682643235,7.624283714219928,0.16031206001464396,0.5637140049194342,6.833650591430768,3.5124007474954753,3.037104678232238,0.4245583433028662,0.07684228377517886,0.1945596042877414,0.06376193646565927,0.07267199771719944,-0.04885488478472072,-0.012880779863546262,0.2319076038315427,0.02636840394987564,0.8645833333333334,0.0056877292700307815,0.014894527687031651,0.5876943607499505,0.03929943755340151,0.060403488832749756,0.044163921537744115,0.002750792556206001,0.023266915940577223,0.010114692560622815,0.003037998752887589,0.008076722966542656,0.004493441698070146,0.014864764536714559,0.0030930257901910165,0.02378937747559462,2.0816681711721685e-17,0.0,0.0,3.848056216727173,1933.1646691988344
390001,1,21,M2,0,True,0.0,0.9766958138810892,0.98378601407178,0.35,0.0,0.0,0.24985972577705978,0.08074341848492622,2.7879210490733386,0.2564136388897896,0.0,0.0,6.2897146246396005,7.174714235588908,0.14770959235738965,0.6106443961706519,9.960846084033655,3.7577147844779284,2.7602548059488945,0.4225217307507601,0.07898034089387261,0.2023316649347663,0.053727150488210605,0.07999929890181945,-0.0424440375049675,-0.011005142449607819,0.18386220901757352,0.027622399579687058,0.8416666666666667,0.0048286583404887045,0.013244321353209574,0.9472633103536983,0.0354386112927325,0.06188496798340519,0.05084037207055075,0.0026015280898208947,0.022589325742560527,0.01115411323912968,0.0034164887058325973,0.009361831686989248,0.004275071775978897,0.013167322951323692,0.003480551633339343,0.02457365935914952,2.0816681711721685e-17,4.1335978835978834e-05,5.511463844797178e-05,4.231690340151549,12098.74013608373
390001,1,21,M3,1,True,0.0,0.9766958138810892,0.98378601407178,0.35,0.0,0.0,0.24985972577705978,0.08074341848492622,2.7879210490733386,0.2564136388897896,0.0,0.0,6.2897146246396005,7.174714235588908,0.14770959235738965,0.6106443961706519,9.960846084033655,3.7577147844779284,2.7602548059488945,0.4225217307507601,0.07898034089387261,0.2023316649347663,0.053727150488210605,0.07999929890181945,-0.0424440375049675,-0.011005142449607819,0.18386220901757352,0.027622399579687058,0.8416666666666667,0.0048286583404887045,0.013244321353209574,0.9472633103536983,0.0354386112927325,0.06188496798340519,0.05084037207055075,0.0026015280898208947,0.022589325742560527,0.01115411323912968,0.0034164887058325973,0.009361831686989248,0.004275071775978897,0.013167322951323692,0.003480551633339343,0.02457365935914952,2.0816681711721685e-17,4.1335978835978834e-05,5.511463844797178e-05,4.231690340151549,12098.74013608373
390001,1,21,M2+O,2,True,0.0,0.9766958138810892,0.98378601407178,0.35,0.0,0.0,0.24985972577705978,0.08074341848492622,2.7879210490733386,0.2564136388897896,0.05298770697682681,0.0,6.2897146246396005,7.174714235588908,0.14750901952722037,0.6088621106677766,9.913704958107296,3.746492202349163,2.7582269857777164,0.42273775715336387,0.07900603514397876,0.2022228579907759,0.051258203837207826,0.07938177151476077,-0.04350440006580409,-0.011136613798216467,0.18466335260629804,0.028035303645745153,0.84375,0.004919488630497758,0.013474628077939118,0.9413193668604504,0.038633512538838254,0.059153997372134226,0.04945550199101376,0.0025846768898139553,0.022767180566637443,0.011080308021821101,0.003310448022094435,0.009206179537677285,0.004327813533496615,0.013082290295554933,0.003326148438214932,0.02375762654055703,2.0816681711721685e-17,4.1335978835978834e-05,5.511463844797178e-05,4.323732526514141,12097.940572954829
390001,1,21,M4,3,True,0.0,0.9766958138810892,0.98378601407178,0.35,0.0,0.0,0.24985972577705978,0.08074341848492622,2.7879210490733386,0.2564136388897896,0.05298770697682681,0.0,6.2897146246396005,7.174714235588908,0.14750901952722037,0.6088621106677766,9.913704958107296,3.746492202349163,2.7582269857777164,0.42273775715336387,0.07900603514397876,0.2022228579907759,0.051258203837207826,0.07938177151476077,-0.04350440006580409,-0.011136613798216467,0.18466335260629804,0.028035303645745153,0.84375,0.004919488630497758,0.013474628077939118,0.9413193668604504,0.038633512538838254,0.059153997372134226,0.04945550199101376,0.0025846768898139553,0.022767180566637443,0.011080308021821101,0.003310448022094435,0.009206179537677285,0.004327813533496615,0.013082290295554933,0.003326148438214932,0.02375762654055703,2.0816681711721685e-17,4.1335978835978834e-05,5.511463844797178e-05,4.323732526514141,12097.940572954829
390001,1,22,M2,0,True,0.0,0.9766958138810892,0.98378601407178,0.35,0.0,0.0,0.21934264209121468,0.06507959863170981,3.2768081992864606,0.20266117803752423,0.0,0.0,5.824183402583003,8.253249479457736,0.1582427842245979,0.5776881539839198,7.331966163371763,3.5815721049958067,2.9699390860831585,0.4225020099366379,0.07205211178914857,0.20314053152625566,0.06534799797300471,0.07501173061023893,-0.050451809078704696,-0.015841374641968275,0.17898332652936477,0.02085870908045871,0.7916666666666666,0.004574145848757893,0.013450679636864738,0.6474934679323184,0.03438488396232126,0.052264688224628375,0.05025474311081669,0.0026600885886079824,0.022306825792815246,0.011343516049537244,0.0031043933692655457,0.008201195636588717,0.004246995018998931,0.01295523277237545,0.0029900230438747164,0.028971917103918554,2.0816681711721685e-17,0.0,1.3778659611992945e-05,4.583326975001056,4471.152406823979
390001,1,22,M3,1,True,0.0,0.9766958138810892,0.98378601407178,0.35,0.0,0.0,0.21934264209121468,0.06507959863170981,3.2768081992864606,0.20266117803752423,0.0,0.0,5.824183402583003,8.253249479457736,0.1582427842245979,0.5776881539839198,7.331966163371763,3.5815721049958067,2.9699390860831585,0.4225020099366379,0.07205211178914857,0.20314053152625566,0.06534799797300471,0.07501173061023893,-0.050451809078704696,-0.015841374641968275,0.17898332652936477,0.02085870908045871,0.7916666666666666,0.004574145848757893,0.013450679636864738,0.6474934679323184,0.03438488396232126,0.052264688224628375,0.05025474311081669,0.0026600885886079824,0.022306825792815246,0.011343516049537244,0.0031043933692655457,0.008201195636588717,0.004246995018998931,0.01295523277237545,0.0029900230438747164,0.028971917103918554,2.0816681711721685e-17,0.0,1.3778659611992945e-05,4.583326975001056,4471.152406823979
390001,1,22,M2+O,2,True,0.0,0.9766958138810892,0.98378601407178,0.35,0.0,0.0,0.21934264209121468,0.06507959863170981,3.2768081992864606,0.20266117803752423,0.033084380497587614,0.0,5.824183402583003,8.253249479457736,0.15813349294054976,0.5767560572564812,7.31621120664655,3.5781515287591126,2.9878083067345416,0.40150572326093953,0.07200873177714551,0.20287657861148956,0.0638284449868745,0.07449949169055406,-0.05110259377596865,-0.01590013557538809,0.17932397663768188,0.02108379176048572,0.7916666666666666,0.004632157867593813,0.013523830894627446,0.6371915421296007,0.03706972912524779,0.056353892713475566,0.051142408111300094,0.0026500593798995118,0.022412142388011713,0.011241380976072019,0.003091965838247096,0.008102292603277475,0.004275525115226958,0.012932567032998098,0.0029007263536876254,0.02943715158978203,2.0816681711721685e-17,0.0,1.3778659611992945e-05,4.627091812325129,4462.881090446262
390001,1,22,M4,3,True,0.0,0.9766958138810892,0.98378601407178,0.35,0.0,0.0,0.21934264209121468,0.06507959863170981,3.2768081992864606,0.20266117803752423,0.033084380497587614,0.0,5.824183402583003,8.253249479457736,0.15813349294054976,0.5767560572564812,7.31621120664655,3.5781515287591126,2.9878083067345416,0.40150572326093953,0.07200873177714551,0.20287657861148956,0.0638284449868745,0.07449949169055406,-0.05110259377596865,-0.01590013557538809,0.17932397663768188,0.02108379176048572,0.7916666666666666,0.004632157867593813,0.013523830894627446,0.6371915421296007,0.03706972912524779,0.056353892713475566,0.051142408111300094,0.0026500593798995118,0.022412142388011713,0.011241380976072019,0.003091965838247096,0.008102292603277475,0.004275525115226958,0.012932567032998098,0.0029007263536876254,0.02943715158978203,2.0816681711721685e-17,0.0,1.3778659611992945e-05,4.627091812325129,4462.881090446262
390001,1,23,M2,0,True,0.0,0.9766958138810892,0.98378601407178,0.35,0.0,0.0,0.25806931434199215,0.07628014065790922,2.8931047920137645,0.23965651862323284,0.0,0.0,5.092159022577107,6.549499271437526,0.15072547877961148,0.6020939283997384,9.223166606531514,3.7049909810399555,2.8098852416103584,0.42020459024554985,0.0783401959781498,0.20365186814301772,0.05755048412495217,0.0788163372867632,-0.04446316228753508,-0.011566660798385147,0.1915712802640744,0.027040182862222168,0.84375,0.004997870089771446,0.013632068440992046,0.8648986190001456,0.035414631582206195,0.062499744399668856,0.05342442641347899,0.00268003294082649,0.022733769675740412,0.011042624515451738,0.0032660255449271816,0.009258232127748641,0.0042876839069630615,0.013573178784872166,0.003467327837159623,0.02646307586162219,1.3877787807814457e-17,0.00020667989417989417,0.0002755731922398589,4.243780104401757,1151.5453862058955
390001,1,23,M3,1,True,0.0,0.9766958138810892,0.98378601407178,0.35,0.0,0.0,0.25806931434199215,0.07628014065790922,2.8931047920137645,0.23965651862323284,0.0,0.0,5.092159022577107,6.549499271437526,0.15072547877961148,0.6020939283997384,9.223166606531514,3.7049909810399555,2.8098852416103584,0.42020459024554985,0.0783401959781498,0.20365186814301772,0.05755048412495217,0.0788163372867632,-0.04446316228753508,-0.011566660798385147,0.1915712802640744,0.027040182862222168,0.84375,0.004997870089771446,0.013632068440992046,0.8648986190001456,0.035414631582206195,0.062499744399668856,0.05342442641347899,0.00268003294082649,0.022733769675740412,0.011042624515451738,0.0032660255449271816,0.009258232127748641,0.0042876839069630615,0.013573178784872166,0.003467327837159623,0.02646307586162219,1.3877787807814457e-17,0.00020667989417989417,0.0002755731922398589,4.243780104401757,1151.5453862058955
390001,1,23,M2+O,2,True,0.0,0.9766958138810892,0.98378601407178,0.35,0.0,0.0,0.25806931434199215,0.07628014065790922,2.8931047920137645,0.23965651862323284,0.16454687114128402,0.0,5.092159022577107,6.549499271437526,0.14932554055320488,0.5999298409353422,9.34064383868233,3.6794740765634586,2.8125795163578324,0.3934316999981939,0.0818361241409602,0.19737220948527903,0.04688613991080385,0.07683805455676106,-0.046909675941530636,-0.010768496879086487,0.20636805718910367,0.03108920081717145,0.8833333333333334,0.005340040937381821,0.014796641420176383,0.8442312964790759,0.0397426544623653,0.06344697103859026,0.05397517849759853,0.002648137430954265,0.022864868074649453,0.01015133261181434,0.0031030784775260673,0.008730386897358125,0.004505720870200874,0.01322128401140654,0.0030129455686113845,0.016666666666666666,2.0816681711721685e-17,0.00017912257495590828,0.0003031305114638448,4.551140350529393,1141.7632556010512
390001,1,23,M4,3,True,0.0,0.9766958138810892,0.98378601407178,0.35,0.0,0.0,0.25806931434199215,0.07628014065790922,2.8931047920137645,0.23965651862323284,0.16454687114128402,0.0,5.092159022577107,6.549499271437526,0.14932554055320488,0.5999298409353422,9.34064383868233,3.6794740765634586,2.8125795163578324,0.3934316999981939,0.0818361241409602,0.19737220948527903,0.04688613991080385,0.07683805455676106,-0.046909675941530636,-0.010768496879086487,0.20636805718910367,0.03108920081717145,0.8833333333333334,0.005340040937381821,0.014796641420176383,0.8442312964790759,0.0397426544623653,0.06344697103859026,0.05397517849759853,0.002648137430954265,0.022864868074649453,0.01015133261181434,0.0031030784775260673,0.008730386897358125,0.004505720870200874,0.01322128401140654,0.0030129455686113845,0.016666666666666666,2.0816681711721685e-17,0.00017912257495590828,0.0003031305114638448,4.551140350529393,1141.7632556010512
390001,1,24,M2,0,True,0.0,0.9766958138810892,0.98378601407178,0.35,0.0,0.0,0.25229498287662866,0.07130121480673551,3.2424582408741114,0.25054258555173875,0.0,0.0,5.1947883064858615,7.697029176168144,0.1485809946070562,0.6068822804581432,9.67037619138556,3.748735371362431,2.7761563639819786,0.42612458642725143,0.07806660808121234,0.20238196946819728,0.053443991117320795,0.07991961725246313,-0.045023967848962974,-0.012094757399237257,0.18494964428265112,0.027320872704871574,0.8395833333333332,0.0048847957038555476,0.013456058183355896,0.9090437548853223,0.03647650186471055,0.06034523307203953,0.05113189387270476,0.0026311702901021406,0.02281378196435753,0.011284053178189275,0.0033502299713837488,0.00929381907693561,0.004253688244728705,0.013268187677888982,0.003497013907411573,0.025710759932925018,2.0816681711721685e-17,0.00023423721340388006,0.0003720238095238095,5.3466503511729355,1465.2288865246094
390001,1,24,M3,1,True,0.0,0.9766958138810892,0.98378601407178,0.35,0.0,0.0,0.25229498287662866,0.07130121480673551,3.2424582408741114,0.25054258555173875,0.0,0.0,5.1947883064858615,7.697029176168144,0.1485809946070562,0.6068822804581432,9.67037619138556,3.748735371362431,2.7761563639819786,0.42612458642725143,0.07806660808121234,0.20238196946819728,0.053443991117320795,0.07991961725246313,-0.045023967848962974,-0.012094757399237257,0.18494964428265112,0.027320872704871574,0.8395833333333332,0.0048847957038555476,0.013456058183355896,0.9090437548853223,0.03647650186471055,0.06034523307203953,0.05113189387270476,0.0026311702901021406,0.02281378196435753,0.011284053178189275,0.0033502299713837488,0.00929381907693561,0.004253688244728705,0.013268187677888982,0.003497013907411573,0.025710759932925018,2.0816681711721685e-17,0.00023423721340388006,0.0003720238095238095,5.3466503511729355,1465.2288865246094
390001,1,24,M2+O,2,True,0.0,0.9766958138810892,0.98378601407178,0.35,0.0,0.0,0.25229498287662866,0.07130121480673551,3.2424582408741114,0.25054258555173875,0.027300393382453058,0.0,5.1947883064858615,7.697029176168144,0.14850111847885136,0.606682837962373,9.641430584722999,3.743535306996762,2.7945490649047966,0.44114814593714885,0.07797808724108903,0.20248406549391348,0.05225924943687562,0.07945202312625875,-0.045596060401076194,-0.012214426657735053,0.18493961696481306,0.02744668838972525,0.8354166666666666,0.004928634682119235,0.013668862728385668,0.9048011797950352,0.03735821294733001,0.06341948153375271,0.05611530669977656,0.0026229439222036017,0.022919041036672073,0.011275061461715587,0.003350198085249314,0.00920936174389135,0.004281837890222402,0.013231451927307354,0.003417623874816395,0.025973643041557373,2.0816681711721685e-17,0.00023423721340388006,0.00035824514991181656,5.40207954330057,1454.5153031801817
390001,1,24,M4,3,True,0.0,0.9766958138810892,0.98378601407178,0.35,0.0,0.0,0.25229498287662866,0.07130121480673551,3.2424582408741114,0.25054258555173875,0.027300393382453058,0.0,5.1947883064858615,7.697029176168144,0.14850111847885136,0.606682837962373,9.641430584722999,3.743535306996762,2.7945490649047966,0.44114814593714885,0.07797808724108903,0.20248406549391348,0.05225924943687562,0.07945202312625875,-0.045596060401076194,-0.012214426657735053,0.18493961696481306,0.02744668838972525,0.8354166666666666,0.004928634682119235,0.013668862728385668,0.9048011797950352,0.03735821294733001,0.06341948153375271,0.05611530669977656,0.0026229439222036017,0.022919041036672073,0.011275061461715587,0.003350198085249314,0.00920936174389135,0.004281837890222402,0.013231451927307354,0.003417623874816395,0.025973643041557373,2.0816681711721685e-17,0.00023423721340388006,0.00035824514991181656,5.40207954330057,1454.5153031801817
390001,1,25,M2,0,False,0.011340666711548639,0.9766958138810892,0.98378601407178,0.35,0.0,0.0,0.2128114739432931,0.0819786664703861,2.857141142897308,0.18745961993932725,0.0,0.0,5.950249812100083,7.481925803236663,0.1558330580010454,0.5824540588802544,8.076588288117255,3.610343938347544,2.9320723260396213,0.4360025695973677,0.06041566901846854,0.18086434105977753,0.053975260620079485,0.07428331542266438,-0.051987141427882196,-0.0188259609148721,0.15502299506393122,0.020557855040966324,0.80625,0.0044019197449268604,0.012731694708351638,0.7291995175698075,0.03958408836798141,0.052702785808470536,0.05671822466536311,0.002462956648899803,0.022263184193180977,0.011579853049787649,0.003070577748539755,0.006879240453379559,0.003908934920882233,0.011786550815112446,0.002890406479800087,0.029841443922208572,2.0816681711721685e-17,0.0,1.3778659611992945e-05,4.370468338361642,5303.698833465721
390001,1,25,M3,1,False,0.011340666711548639,0.9766958138810892,0.98378601407178,0.35,0.0,0.0,0.2128114739432931,0.0819786664703861,2.857141142897308,0.18745961993932725,0.0,0.0,5.950249812100083,7.481925803236663,0.1558330580010454,0.5824540588802544,8.076588288117255,3.610343938347544,2.9320723260396213,0.4360025695973677,0.06041566901846854,0.18086434105977753,0.053975260620079485,0.07428331542266438,-0.051987141427882196,-0.0188259609148721,0.15502299506393122,0.020557855040966324,0.80625,0.0044019197449268604,0.012731694708351638,0.7291995175698075,0.03958408836798141,0.052702785808470536,0.05671822466536311,0.002462956648899803,0.022263184193180977,0.011579853049787649,0.003070577748539755,0.006879240453379559,0.003908934920882233,0.011786550815112446,0.002890406479800087,0.029841443922208572,2.0816681711721685e-17,0.0,1.3778659611992945e-05,4.370468338361642,5303.698833465721
390001,1,25,M2+O,2,True,0.0,0.9766958138810892,0.98378601407178,0.35,0.0,0.0,0.2128114739432931,0.0819786664703861,2.857141142897308,0.18745961993932725,0.23350648217868042,0.0,5.950249812100083,7.481925803236663,0.15285118396547834,0.5909945878099414,8.713027290489686,3.6049330612664185,2.874182790295297,0.3929660165548235,0.07035745007147277,0.16330749519681223,0.03612217215323839,0.07432144468269976,-0.05223226642634495,-0.015272261728981473,0.19540698646746,0.028883217325584843,0.8937499999999999,0.005042800818466364,0.014116913693169955,0.637524109946317,0.04057446085475657,0.05801666323335842,0.04684504018982853,0.002520087927846454,0.02145257049449855,0.009378467348756924,0.0029131403692084726,0.006597018936455214,0.004231664617611279,0.012054561609885285,0.002733542084606562,0.01838411116911179,2.0816681711721685e-17,0.0,1.3778659611992945e-05,4.522473256592755,5129.416033012997
390001,1,25,M4,3,True,0.0,0.9766958138810892,0.98378601407178,0.35,0.0,0.0,0.2128114739432931,0.0819786664703861,2.857141142897308,0.18745961993932725,0.23350648217868042,0.0,5.950249812100083,7.481925803236663,0.15285118396547834,0.5909945878099414,8.713027290489686,3.6049330612664185,2.874182790295297,0.3929660165548235,0.07035745007147277,0.16330749519681223,0.03612217215323839,0.07432144468269976,-0.05223226642634495,-0.015272261728981473,0.19540698646746,0.028883217325584843,0.8937499999999999,0.005042800818466364,0.014116913693169955,0.637524109946317,0.04057446085475657,0.05801666323335842,0.04684504018982853,0.002520087927846454,0.02145257049449855,0.009378467348756924,0.0029131403692084726,0.006597018936455214,0.004231664617611279,0.012054561609885285,0.002733542084606562,0.01838411116911179,2.0816681711721685e-17,0.0,1.3778659611992945e-05,4.522473256592755,5129.416033012997
390001,1,26,M2,0,True,0.0,0.9766958138810892,0.98378601407178,0.35,0.0,0.0,0.24332936750724912,0.0601364664407447,3.038868862576783,0.23370719604194165,0.0,0.0,6.421457636170089,8.555320414714515,0.1578146904280369,0.5888968426209585,7.572005022373328,3.584971555266,2.9489780163461057,0.4098109470101372,0.09162161906782407,0.2262826247671704,0.07595987299723785,0.07696315554708648,-0.04058154479458125,-0.00951703880235641,0.2154093447232789,0.02353486134679017,0.8208333333333333,0.004965786412179465,0.014667738470139,0.7165969983430928,0.03707477458648849,0.06547359636949297,0.05301790913182621,0.0029254750899037237,0.02162430780111571,0.010840112321450096,0.003287346656254233,0.010341855365200957,0.004641482323726449,0.0146021209819723,0.0033185850993232725,0.02757017835088335,2.0816681711721685e-17,0.0,0.0,3.449021449716245,8889.752387598406
390001,1,26,M3,1,True,0.0,0.9766958138810892,0.98378601407178,0.35,0.0,0.0,0.24332936750724912,0.0601364664407447,3.038868862576783,0.23370719604194165,0.0,0.0,6.421457636170089,8.555320414714515,0.1578146904280369,0.5888968426209585,7.572005022373328,3.584971555266,2.9489780163461057,0.4098109470101372,0.09162161906782407,0.2262826247671704,0.07595987299723785,0.07696315554708648,-0.04058154479458125,-0.00951703880235641,0.2154093447232789,0.02353486134679017,0.8208333333333333,0.004965786412179465,0.014667738470139,0.7165969983430928,0.03707477458648849,0.06547359636949297,0.05301790913182621,0.0029254750899037237,0.02162430780111571,0.010840112321450096,0.003287346656254233,0.010341855365200957,0.004641482323726449,0.0146021209819723,0.0033185850993232725,0.02757017835088335,2.0816681711721685e-17,0.0,0.0,3.449021449716245,8889.752387598406
390001,1,26,M2+O,2,True,0.0,0.9766958138810892,0.98378601407178,0.35,0.0,0.0,0.24332936750724912,0.0601364664407447,3.038868862576783,0.23370719604194165,0.10576962002334488,0.0,6.421457636170089,8.555320414714515,0.15711791658986565,0.5856264567533039,7.559877413938005,3.5695853372250568,2.926240401444018,0.3608202601788218,0.09298207104964921,0.22303199471590776,0.06888124804436963,0.07563433402294628,-0.0426253252745632,-0.009300185301175618,0.22188238731106077,0.025360103923047005,0.8416666666666667,0.0051725129318894204,0.015098842279382458,0.7242190791493007,0.04048193662197201,0.061549941944689414,0.04658647061457107,0.0028665716664055475,0.022039746383424583,0.010236548892361154,0.003190243380209793,0.009964674904543988,0.004772404330305037,0.014345185194606471,0.002981432377157483,0.0232477727362874,2.0816681711721685e-17,0.0,0.0,3.5727884868648885,8695.105104091885
390001,1,26,M4,3,True,0.0,0.9766958138810892,0.98378601407178,0.35,0.0,0.0,0.24332936750724912,0.0601364664407447,3.038868862576783,0.23370719604194165,0.10576962002334488,0.0,6.421457636170089,8.555320414714515,0.15711791658986565,0.5856264567533039,7.559877413938005,3.5695853372250568,2.926240401444018,0.3608202601788218,0.09298207104964921,0.22303199471590776,0.06888124804436963,0.07563433402294628,-0.0426253252745632,-0.009300185301175618,0.22188238731106077,0.025360103923047005,0.8416666666666667,0.0051725129318894204,0.015098842279382458,0.7242190791493007,0.04048193662197201,0.061549941944689414,0.04658647061457107,0.0028665716664055475,0.022039746383424583,0.010236548892361154,0.003190243380209793,0.009964674904543988,0.004772404330305037,0.014345185194606471,0.002981432377157483,0.0232477727362874,2.0816681711721685e-17,0.0,0.0,3.5727884868648885,8695.105104091885
390001,1,27,M2,0,True,0.0,0.9766958138810892,0.98378601407178,0.35,0.0,0.0,0.27959060072898867,0.07443597162142396,2.8240300370380282,0.20929500870406628,0.0,0.0,5.6652919836342335,6.6171028492972255,0.15553787364938174,0.5841755909054078,8.061721675194242,3.6172957474560055,2.926764631891262,0.4132958957455449,0.07710309628394135,0.19981860552147965,0.06344889447232453,0.07642720312069268,-0.045760054993510844,-0.011817724940032547,0.2112858607665203,0.02693636455394342,0.85,0.005377222840129899,0.013740959275607138,0.7376235021573959,0.034326661272250904,0.061727129913083385,0.04912352721693989,0.0027398247532872478,0.023008205736755653,0.010742468494826497,0.003076070722111077,0.008833375412668664,0.004356339899794196,0.014404465698697223,0.0034468270231741128,0.028072112109010776,2.0816681711721685e-17,2.755731922398589e-05,5.511463844797178e-05,3.780560778326899,3344.613094777162
390001,1,27,M3,1,True,0.0,0.9766958138810892,0.98378601407178,0.35,0.0,0.0,0.27959060072898867,0.07443597162142396,2.8240300370380282,0.20929500870406628,0.0,0.0,5.6652919836342335,6.6171028492972255,0.15553787364938174,0.5841755909054078,8.061721675194242,3.6172957474560055,2.926764631891262,0.4132958957455449,0.07710309628394135,0.19981860552147965,0.06344889447232453,0.07642720312069268,-0.045760054993510844,-0.011817724940032547,0.2112858607665203,0.02693636455394342,0.85,0.005377222840129899,0.013740959275607138,0.7376235021573959,0.034326661272250904,0.061727129913083385,0.04912352721693989,0.0027398247532872478,0.023008205736755653,0.010742468494826497,0.003076070722111077,0.008833375412668664,0.004356339899794196,0.014404465698697223,0.0034468270231741128,0.028072112109010776,2.0816681711721685e-17,2.755731922398589e-05,5.511463844797178e-05,3.780560778326899,3344.613094777162
390001,1,27,M2+O,2,True,0.0,0.9766958138810892,0.98378601407178,0.35,0.0,0.0,0.27959060072898867,0.07443597162142396,2.8240300370380282,0.20929500870406628,0.04330821162106339,0.0,5.6652919836342335,6.6171028492972255,0.15537490178422217,0.5825008685517097,8.038806768973371,3.6121934932226374,2.9416889132326927,0.4251971181982774,0.07707986729272313,0.19940102526873973,0.06147817555967324,0.07556762959427758,-0.04663973365830634,-0.011857524500241592,0.21181233661200935,0.027291086114175873,0.8583333333333334,0.0054432716236083945,0.013909445636945699,0.7260263144172053,0.035467619087743624,0.06365135853157712,0.050013687597951655,0.002721415630518161,0.023198029233161686,0.010698747242067298,0.0031061291966914912,0.008680680990869112,0.004407524355237607,0.014318170529766593,0.003299867427135184,0.025831580118160915,2.0816681711721685e-17,2.755731922398589e-05,5.511463844797178e-05,3.8382802934873808,3340.423899333789
390001,1,27,M4,3,True,0.0,0.9766958138810892,0.98378601407178,0.35,0.0,0.0,0.27959060072898867,0.07443597162142396,2.8240300370380282,0.20929500870406628,0.04330821162106339,0.0,5.6652919836342335,6.6171028492972255,0.15537490178422217,0.5825008685517097,8.038806768973371,3.6121934932226374,2.9416889132326927,0.4251971181982774,0.07707986729272313,0.19940102526873973,0.06147817555967324,0.07556762959427758,-0.04663973365830634,-0.011857524500241592,0.21181233661200935,0.027291086114175873,0.8583333333333334,0.0054432716236083945,0.013909445636945699,0.7260263144172053,0.035467619087743624,0.06365135853157712,0.050013687597951655,0.002721415630518161,0.023198029233161686,0.010698747242067298,0.0031061291966914912,0.008680680990869112,0.004407524355237607,0.014318170529766593,0.003299867427135184,0.025831580118160915,2.0816681711721685e-17,2.755731922398589e-05,5.511463844797178e-05,3.8382802934873808,3340.423899333789
390001,1,28,M2,0,True,0.0,0.9766958138810892,0.98378601407178,0.35,0.0,0.0,0.2879540531896055,0.06390389675740152,2.9761056745424868,0.21736293151974678,0.0,0.0,5.157286320813,8.887301716022193,0.15770138510891898,0.581493413284183,7.546234165158768,3.5667437782436604,2.9488478966936404,0.4035241977176652,0.088319432953555,0.2151020721190611,0.07206973466907912,0.07682892619741465,-0.04212383027259788,-0.009172093411888098,0.23634826118814437,0.027121037309291492,0.8520833333333333,0.005588814555257703,0.015281121966570088,0.6977920949380214,0.03446486032012854,0.06475899738636325,0.0547916208305157,0.0029391159311075873,0.022671443766429593,0.010528162948428912,0.0031177639541483753,0.010002049835162447,0.004594653992401483,0.015428940529553948,0.003512736324532546,0.02749821579631443,2.0816681711721685e-17,5.511463844797178e-05,0.00011022927689594356,3.5269234700840055,1265.7061163971368
390001,1,28,M3,1,True,0.0,0.9766958138810892,0.98378601407178,0.35,0.0,0.0,0.2879540531896055,0.06390389675740152,2.9761056745424868,0.21736293151974678,0.0,0.0,5.157286320813,8.887301716022193,0.15770138510891898,0.581493413284183,7.546234165158768,3.5667437782436604,2.9488478966936404,0.4035241977176652,0.088319432953555,0.2151020721190611,0.07206973466907912,0.07682892619741465,-0.04212383027259788,-0.009172093411888098,0.23634826118814437,0.027121037309291492,0.8520833333333333,0.005588814555257703,0.015281121966570088,0.6977920949380214,0.03446486032012854,0.06475899738636325,0.0547916208305157,0.0029391159311075873,0.022671443766429593,0.010528162948428912,0.0031177639541483753,0.010002049835162447,0.004594653992401483,0.015428940529553948,0.003512736324532546,0.02749821579631443,2.0816681711721685e-17,5.511463844797178e-05,0.00011022927689594356,3.5269234700840055,1265.7061163971368
390001,1,28,M2+O,2,True,0.0,0.9766958138810892,0.98378601407178,0.35,0.0,0.0,0.2879540531896055,0.06390389675740152,2.9761056745424868,0.21736293151974678,0.06325366420519049,0.0,5.157286320813,8.887301716022193,0.15740105052894315,0.5812428239903832,7.516235719828246,3.5517202659870386,2.9633872616016457,0.41688341169127696,0.0885205111086173,0.21380369742756847,0.06842222398480748,0.07574851527526434,-0.04343308562510619,-0.009162421548369713,0.2379088092725314,0.027789206078580448,0.8604166666666666,0.005687290287048874,0.015346055460992566,0.6924271691196575,0.03860040708544215,0.06381001321367218,0.053790473975445556,0.0029014534054830135,0.02304258363095713,0.010291457900925623,0.003159101952916456,0.009752789448806516,0.004677145393534642,0.015271894642382393,0.0032824400133628136,0.0242606555602391,2.0816681711721685e-17,5.511463844797178e-05,6.889329805996472e-05,3.598968453271722,1268.5149454829332
390001,1,28,M4,3,True,0.0,0.9766958138810892,0.98378601407178,0.35,0.0,0.0,0.2879540531896055,0.06390389675740152,2.9761056745424868,0.21736293151974678,0.06325366420519049,0.0,5.157286320813,8.887301716022193,0.15740105052894315,0.5812428239903832,7.516235719828246,3.5517202659870386,2.9633872616016457,0.41688341169127696,0.0885205111086173,0.21380369742756847,0.06842222398480748,0.07574851527526434,-0.04343308562510619,-0.009162421548369713,0.2379088092725314,0.027789206078580448,0.8604166666666666,0.005687290287048874,0.015346055460992566,0.6924271691196575,0.03860040708544215,0.06381001321367218,0.053790473975445556,0.0029014534054830135,0.02304258363095713,0.010291457900925623,0.003159101952916456,0.009752789448806516,0.004677145393534642,0.015271894642382393,0.0032824400133628136,0.0242606555602391,2.0816681711721685e-17,5.511463844797178e-05,6.889329805996472e-05,3.598968453271722,1268.5149454829332
390001,1,29,M2,0,False,0.0025721599898418206,0.9766958138810892,0.98378601407178,0.35,0.0,0.0,0.22657124940305948,0.07770606227219105,3.1914641311392185,0.22060196593403816,0.0,0.0,5.900983674451709,6.290362942032516,0.15013126742558733,0.5970104668963324,9.236608458610112,3.7153000381123937,2.8330431605955204,0.45009695827439183,0.06543551800116172,0.18482958163557486,0.04904202944820523,0.07743742939659796,-0.050394834361936654,-0.016509414268815897,0.15952536090555883,0.02396987229046751,0.8270833333333334,0.0045320734448488845,0.013697410436128144,0.8436808747798249,0.039877620303650926,0.054009995549135895,0.05328995016767311,0.0024586455781284685,0.022811863613881895,0.01156443071656146,0.0032832733700776957,0.007679183847879155,0.003975190304594811,0.012005976053968088,0.0031737894970054114,0.026915589784174368,2.0816681711721685e-17,5.511463844797178e-05,5.511463844797178e-05,5.805271381630014,5561.5631558073765
390001,1,29,M3,1,False,0.0025721599898418206,0.9766958138810892,0.98378601407178,0.35,0.0,0.0,0.22657124940305948,0.07770606227219105,3.1914641311392185,0.22060196593403816,0.0,0.0,5.900983674451709,6.290362942032516,0.15013126742558733,0.5970104668963324,9.236608458610112,3.7153000381123937,2.8330431605955204,0.45009695827439183,0.06543551800116172,0.18482958163557486,0.04904202944820523,0.07743742939659796,-0.050394834361936654,-0.016509414268815897,0.15952536090555883,0.02396987229046751,0.8270833333333334,0.0045320734448488845,0.013697410436128144,0.8436808747798249,0.039877620303650926,0.054009995549135895,0.05328995016767311,0.0024586455781284685,0.022811863613881895,0.01156443071656146,0.0032832733700776957,0.007679183847879155,0.003975190304594811,0.012005976053968088,0.0031737894970054114,0.026915589784174368,2.0816681711721685e-17,5.511463844797178e-05,5.511463844797178e-05,5.805271381630014,5561.5631558073765
390001,1,29,M2+O,2,False,0.0018651863932838393,0.9766958138810892,0.98378601407178,0.35,0.0,0.0,0.22657124940305948,0.07770606227219105,3.1914641311392185,0.22060196593403816,0.08459327775939506,0.0,5.900983674451709,6.290362942032516,0.1496944309111571,0.5976777971676384,9.237970313079352,3.680324381984898,2.8369632953663326,0.4235868351929584,0.06611309766194222,0.18357639861820255,0.04470447509219471,0.07630628683374989,-0.0517048787490082,-0.016401375984462865,0.16344646567689322,0.025066492655966405,0.8458333333333332,0.0047003560461288335,0.013627117868690452,0.8032958283347023,0.043812888472588615,0.05199051367444346,0.04411745684516838,0.002447872600715219,0.022833921166947893,0.011213558899218276,0.003157484372056407,0.007482468496547303,0.004064327635704023,0.011925729178117432,0.003015770917174153,0.02387252276143368,2.0816681711721685e-17,5.511463844797178e-05,5.511463844797178e-05,6.055046839525953,5560.569147265433
390001,1,29,M4,3,False,0.0018651863932838393,0.9766958138810892,0.98378601407178,0.35,0.0,0.0,0.22657124940305948,0.07770606227219105,3.1914641311392185,0.22060196593403816,0.08459327775939506,0.0,5.900983674451709,6.290362942032516,0.1496944309111571,0.5976777971676384,9.237970313079352,3.680324381984898,2.8369632953663326,0.4235868351929584,0.06611309766194222,0.18357639861820255,0.04470447509219471,0.07630628683374989,-0.0517048787490082,-0.016401375984462865,0.16344646567689322,0.025066492655966405,0.8458333333333332,0.0047003560461288335,0.013627117868690452,0.8032958283347023,0.043812888472588615,0.05199051367444346,0.04411745684516838,0.002447872600715219,0.022833921166947893,0.011213558899218276,0.003157484372056407,0.007482468496547303,0.004064327635704023,0.011925729178117432,0.003015770917174153,0.02387252276143368,2.0816681711721685e-17,5.511463844797178e-05,5.511463844797178e-05,6.055046839525953,5560.569147265433
390001,1,30,M2,0,True,0.0,0.9766958138810892,0.98378601407178,0.35,0.0,0.0,0.20396394031122328,0.06831493912264705,2.7050672242417932,0.19935442693531513,0.0,0.0,6.180342321749777,8.211909952573478,0.16241857366187337,0.5680615699544872,6.489890596148055,3.4965275658475634,3.043147060570704,0.3895798031335322,0.07857066762591737,0.2186519527722818,0.0784329361939688,0.0736936966863653,-0.04730956306134779,-0.013761672298514757,0.18856075775183345,0.018254421249903882,0.7833333333333333,0.004418962914746594,0.01340591169593902,0.5681014913717234,0.03683864627311856,0.05637392948316406,0.047360819532497975,0.0028102554856127694,0.021506312918125388,0.011110360149668938,0.003003227890356088,0.0087544661554274,0.004448174908200851,0.013353567026330572,0.002786141528112045,0.029127820922458678,2.0816681711721685e-17,0.0,0.0,3.0420115976350353,2959.1357191882325
390001,1,30,M3,1,True,0.0,0.9766958138810892,0.98378601407178,0.35,0.0,0.0,0.20396394031122328,0.06831493912264705,2.7050672242417932,0.19935442693531513,0.0,0.0,6.180342321749777,8.211909952573478,0.16241857366187337,0.5680615699544872,6.489890596148055,3.4965275658475634,3.043147060570704,0.3895798031335322,0.07857066762591737,0.2186519527722818,0.0784329361939688,0.0736936966863653,-0.04730956306134779,-0.013761672298514757,0.18856075775183345,0.018254421249903882,0.7833333333333333,0.004418962914746594,0.01340591169593902,0.5681014913717234,0.03683864627311856,0.05637392948316406,0.047360819532497975,0.0028102554856127694,0.021506312918125388,0.011110360149668938,0.003003227890356088,0.0087544661554274,0.004448174908200851,0.013353567026330572,0.002786141528112045,0.029127820922458678,2.0816681711721685e-17,0.0,0.0,3.0420115976350353,2959.1357191882325
390001,1,30,M2+O,2,True,0.0,0.9766958138810892,0.98378601407178,0.35,0.0,0.0,0.20396394031122328,0.06831493912264705,2.7050672242417932,0.19935442693531513,0.13821592361242302,0.0,6.180342321749777,8.211909952573478,0.16120402193191682,0.5675492128971648,6.615174930691377,3.4928878893586486,3.03194221844195,0.35418839197207647,0.08239000958220903,0.2105442466789348,0.06742488923315028,0.07249838668823921,-0.049248554394893805,-0.012816260419336539,0.2047618635772019,0.021672476157981884,0.8416666666666668,0.004753754735075056,0.014639998241910306,0.5529850097316733,0.039569059929983025,0.06094743271232439,0.045494078405304034,0.0027663919452303727,0.021533464767896315,0.009772658186010285,0.002914009720578189,0.008328460311150558,0.004632285892799585,0.013220645101068525,0.0024932385860965077,0.02163319599786693,2.0816681711721685e-17,0.0,0.0,3.1957095857136193,2867.939661234894
390001,1,30,M4,3,True,0.0,0.9766958138810892,0.98378601407178,0.35,0.0,0.0,0.20396394031122328,0.06831493912264705,2.7050672242417932,0.19935442693531513,0.13821592361242302,0.0,6.180342321749777,8.211909952573478,0.16120402193191682,0.5675492128971648,6.615174930691377,3.4928878893586486,3.03194221844195,0.35418839197207647,0.08239000958220903,0.2105442466789348,0.06742488923315028,0.07249838668823921,-0.049248554394893805,-0.012816260419336539,0.2047618635772019,0.021672476157981884,0.8416666666666668,0.004753754735075056,0.014639998241910306,0.5529850097316733,0.039569059929983025,0.06094743271232439,0.045494078405304034,0.0027663919452303727,0.021533464767896315,0.009772658186010285,0.002914009720578189,0.008328460311150558,0.004632285892799585,0.013220645101068525,0.0024932385860965077,0.02163319599786693,2.0816681711721685e-17,0.0,0.0,3.1957095857136193,2867.939661234894
390001,1,31,M2,0,True,0.0,0.9766958138810892,0.98378601407178,0.35,0.0,0.0,0.26837446838617324,0.07948992118705064,3.089864686690271,0.2436104691773653,0.0,0.0,5.435849939007312,6.96216984372586,0.14663276802669106,0.6056743694302676,10.149704319166567,3.760732264934917,2.7526285993886064,0.4410853023326842,0.07248533505606035,0.19080555291715276,0.04809175428762106,0.07997235345422664,-0.04622009150412148,-0.012823484477133884,0.1807398478180946,0.028589112261623154,0.8458333333333332,0.005021808890397742,0.013378400313917196,0.9539976357710725,0.03626698092052986,0.058824782301147446,0.055936116612496735,0.00254762057783641,0.023175810451874293,0.011336115399422338,0.003300539659801931,0.008706850039937757,0.004125265639395963,0.01307433620382478,0.0035364237762426217,0.027239654775171648,2.0816681711721685e-17,0.00020667989417989417,0.00028935185185185184,5.537720842087178,2281.8217118900684
390001,1,31,M3,1,True,0.0,0.9766958138810892,0.98378601407178,0.35,0.0,0.0,0.26837446838617324,0.07948992118705064,3.089864686690271,0.2436104691773653,0.0,0.0,5.435849939007312,6.96216984372586,0.14663276802669106,0.6056743694302676,10.149704319166567,3.760732264934917,2.7526285993886064,0.4410853023326842,0.07248533505606035,0.19080555291715276,0.04809175428762106,0.07997235345422664,-0.04622009150412148,-0.012823484477133884,0.1807398478180946,0.028589112261623154,0.8458333333333332,0.005021808890397742,0.013378400313917196,0.9539976357710725,0.03626698092052986,0.058824782301147446,0.055936116612496735,0.00254762057783641,0.023175810451874293,0.011336115399422338,0.003300539659801931,0.008706850039937757,0.004125265639395963,0.01307433620382478,0.0035364237762426217,0.027239654775171648,2.0816681711721685e-17,0.00020667989417989417,0.00028935185185185184,5.537720842087178,2281.8217118900684
390001,1,31,M2+O,2,True,0.0,0.9766958138810892,0.98378601407178,0.35,0.0,0.0,0.26837446838617324,0.07948992118705064,3.089864686690271,0.2436104691773653,0.028937818175195685,0.0,5.435849939007312,6.96216984372586,0.1465460926255431,0.6051081994555106,10.122254516271182,3.758891267231267,2.7550909347954544,0.4333383078048027,0.07239844545130249,0.19092389627715553,0.046886619678894396,0.07945042045087719,-0.04680003737495766,-0.012929377811471321,0.18075661108543994,0.028740059280591857,0.8520833333333333,0.005066819929196042,0.01349582527189902,0.9451711335494991,0.03803531718268581,0.05590880045076604,0.049118874250239905,0.002540874628367825,0.0232576535693366,0.011309083518835968,0.0033105529046789884,0.008619358822457474,0.004160042702672414,0.013030361268057816,0.0034586093415864827,0.0252665440611151,2.0816681711721685e-17,0.00017912257495590828,0.00028935185185185184,5.609242897098009,2278.4834748980747
390001,1,31,M4,3,True,0.0,0.9766958138810892,0.98378601407178,0.35,0.0,0.0,0.26837446838617324,0.07948992118705064,3.089864686690271,0.2436104691773653,0.028937818175195685,0.0,5.435849939007312,6.96216984372586,0.1465460926255431,0.6051081994555106,10.122254516271182,3.758891267231267,2.7550909347954544,0.4333383078048027,0.07239844545130249,0.19092389627715553,0.046886619678894396,0.07945042045087719,-0.04680003737495766,-0.012929377811471321,0.18075661108543994,0.028740059280591857,0.8520833333333333,0.005066819929196042,0.01349582527189902,0.9451711335494991,0.03803531718268581,0.05590880045076604,0.049118874250239905,0.002540874628367825,0.0232576535693366,0.011309083518835968,0.0033105529046789884,0.008619358822457474,0.004160042702672414,0.013030361268057816,0.0034586093415864827,0.0252665440611151,2.0816681711721685e-17,0.00017912257495590828,0.00028935185185185184,5.609242897098009,2278.4834748980747
390001,2,0,M2,0,True,0.0,0.9890775587322591,0.9612089653333922,0.35,0.0,0.0,0.2629654662683606,0.06925510965753347,2.886044593714178,0.20057556301355361,0.0,0.0,5.873221298214048,6.1538892248645425,0.15895601865536038,0.5736668067801024,7.18482156480725,3.5673192876017565,2.9806948904306227,0.4189714783249759,0.07817525170347217,0.19915352384881477,0.06571024265857503,0.07619133853447574,-0.04702336025605011,-0.012705078345065323,0.21212106262014388,0.024095624123930858,0.8416666666666668,0.005255731492664443,0.014363715851773613,0.638150825469794,0.04022621209898536,0.058594553908978775,0.048350546841783734,0.002784501889729106,0.022794905522409408,0.010933664230035436,0.003542963695230437,0.008863482948573352,0.004544887750686167,0.014640895179791877,0.0033118844852672506,0.02881516978367186,2.0816681711721685e-17,0.0,1.3778659611992945e-05,3.560141427694326,4673.933141629105
390001,2,0,M3,1,True,0.0,0.9890775587322591,0.9612089653333922,0.35,0.0,0.0,0.2629654662683606,0.06925510965753347,2.886044593714178,0.20057556301355361,0.0,0.0,5.873221298214048,6.1538892248645425,0.15895601865536038,0.5736668067801024,7.18482156480725,3.5673192876017565,2.9806948904306227,0.4189714783249759,0.07817525170347217,0.19915352384881477,0.06571024265857503,0.07619133853447574,-0.04702336025605011,-0.012705078345065323,0.21212106262014388,0.024095624123930858,0.8416666666666668,0.005255731492664443,0.014363715851773613,0.638150825469794,0.04022621209898536,0.058594553908978775,0.048350546841783734,0.002784501889729106,0.022794905522409408,0.010933664230035436,0.003542963695230437,0.008863482948573352,0.004544887750686167,0.014640895179791877,0.0033118844852672506,0.02881516978367186,2.0816681711721685e-17,0.0,1.3778659611992945e-05,3.560141427694326,4673.933141629105
390001,2,0,M2+O,2,True,0.0,0.9890775587322591,0.9612089653333922,0.35,0.0,0.0,0.2629654662683606,0.06925510965753347,2.886044593714178,0.20057556301355361,0.11829547242644144,0.0,5.873221298214048,6.1538892248645425,0.1580646903512187,0.5740012201024819,7.244793465614296,3.5303190833779485,3.007943279887382,0.43068103370699456,0.0804950046765304,0.19329045444473816,0.0583173683131979,0.07431460616026231,-0.04890261657074465,-0.012107150430727182,0.22164166808984062,0.02649870857476154,0.8645833333333334,0.005482688998835999,0.015224359375129747,0.6114906060171297,0.04342599243888962,0.06596354132826412,0.052157050688767,0.002752286932547945,0.023083920790930863,0.010215293752912686,0.003476293789494269,0.008480178466238506,0.004700136425676984,0.01434729149112262,0.0029449201645195718,0.022214200695959925,2.0816681711721685e-17,0.0,1.3778659611992945e-05,3.735428137269036,4633.908222818907
390001,2,0,M4,3,True,0.0,0.9890775587322591,0.9612089653333922,0.35,0.0,0.0,0.2629654662683606,0.06925510965753347,2.886044593714178,0.20057556301355361,0.11829547242644144,0.0,5.873221298214048,6.1538892248645425,0.1580646903512187,0.5740012201024819,7.244793465614296,3.5303190833779485,3.007943279887382,0.43068103370699456,0.0804950046765304,0.19329045444473816,0.0583173683131979,0.07431460616026231,-0.04890261657074465,-0.012107150430727182,0.22164166808984062,0.02649870857476154,0.8645833333333334,0.005482688998835999,0.015224359375129747,0.6114906060171297,0.04342599243888962,0.06596354132826412,0.052157050688767,0.002752286932547945,0.023083920790930863,0.010215293752912686,0.003476293789494269,0.008480178466238506,0.004700136425676984,0.01434729149112262,0.0029449201645195718,0.022214200695959925,2.0816681711721685e-17,0.0,1.3778659611992945e-05,3.735428137269036,4633.908222818907
390001,2,1,M2,0,False,0.0031054955097389015,0.9890775587322591,0.9612089653333922,0.35,0.0,0.0,0.20160698210820557,0.07996574914082885,3.2510731095448135,0.2374085596203804,0.0,0.0,5.129386593122035,8.666233093477786,0.1470027222110157,0.6052573123531126,10.030011300049635,3.7806168983700204,2.7532810499515876,0.4233294466561086,0.06500173030100638,0.17873612754938314,0.04054484263380259,0.08013868725140079,-0.05086282066927733,-0.017292036130481428,0.14613129511068199,0.023194964565699295,0.8083333333333332,0.004222851272474296,0.01379607878677853,0.9077523657110795,0.044440391972008164,0.053730871547767824,0.04765117949614505,0.0023960784713033933,0.022622505421117642,0.011946845798797585,0.004055557413605831,0.007913971873254029,0.0039750360471047875,0.01162032020931428,0.0031897106449805092,0.027856169578297722,2.0816681711721685e-17,0.00038580246913580245,0.0005235890652557319,6.564807758374191,1702.1815826889515
390001,2,1,M3,1,False,0.0031054955097389015,0.9890775587322591,0.9612089653333922,0.35,0.0,0.0,0.20160698210820557,0.07996574914082885,3.2510731095448135,0.2374085596203804,0.0,0.0,5.129386593122035,8.666233093477786,0.1470027222110157,0.6052573123531126,10.030011300049635,3.7806168983700204,2.7532810499515876,0.4233294466561086,0.06500173030100638,0.17873612754938314,0.04054484263380259,0.08013868725140079,-0.05086282066927733,-0.017292036130481428,0.14613129511068199,0.023194964565699295,0.8083333333333332,0.004222851272474296,0.01379607878677853,0.9077523657110795,0.044440391972008164,0.053730871547767824,0.04765117949614505,0.0023960784713033933,0.022622505421117642,0.011946845798797585,0.004055557413605831,0.007913971873254029,0.0039750360471047875,0.01162032020931428,0.0031897106449805092,0.027856169578297722,2.0816681711721685e-17,0.00038580246913580245,0.0005235890652557319,6.564807758374191,1702.1815826889515
390001,2,1,M2+O,2,False,0.002989390486681897,0.9890775587322591,0.9612089653333922,0.35,0.0,0.0,0.20160698210820557,0.07996574914082885,3.2510731095448135,0.2374085596203804,0.045232413939183466,0.0,5.129386593122035,8.666233093477786,0.14684442029316494,0.6054346713981182,10.00527647593863,3.7858698156742228,2.761047947052244,0.4196436395220478,0.06508920944036664,0.17830619098457326,0.03814258136207855,0.07945032344369928,-0.05161459087429049,-0.017338918400365527,0.14707523917622287,0.023479730719657328,0.8166666666666668,0.004312177997862766,0.014024956233989305,0.8843187412822903,0.048737662618055275,0.05874799625175058,0.04931847371425242,0.0023927751106930613,0.022692488916749423,0.01179297654264322,0.004003295905172365,0.007837173130242741,0.004027217791091997,0.01160686523061298,0.0031102019405296324,0.025655653575507944,2.0816681711721685e-17,0.00038580246913580245,0.0005235890652557319,6.696664207134945,1704.433920872809
390001,2,1,M4,3,False,0.002989390486681897,0.9890775587322591,0.9612089653333922,0.35,0.0,0.0,0.20160698210820557,0.07996574914082885,3.2510731095448135,0.2374085596203804,0.045232413939183466,0.0,5.129386593122035,8.666233093477786,0.14684442029316494,0.6054346713981182,10.00527647593863,3.7858698156742228,2.761047947052244,0.4196436395220478,0.06508920944036664,0.17830619098457326,0.03814258136207855,0.07945032344369928,-0.05161459087429049,-0.017338918400365527,0.14707523917622287,0.023479730719657328,0.8166666666666668,0.004312177997862766,0.014024956233989305,0.8843187412822903,0.048737662618055275,0.05874799625175058,0.04931847371425242,0.0023927751106930613,0.022692488916749423,0.01179297654264322,0.004003295905172365,0.007837173130242741,0.004027217791091997,0.01160686523061298,0.0031102019405296324,0.025655653575507944,2.0816681711721685e-17,0.00038580246913580245,0.0005235890652557319,6.696664207134945,1704.433920872809
390001,2,2,M2,0,True,0.0,0.9890775587322591,0.9612089653333922,0.35,0.0,0.0,0.2289998285472393,0.06430660098791122,2.832480383478105,0.18366098158061503,0.0,0.0,5.41385539341718,6.8435773411765695,0.1646647061131655,0.5559215858956711,5.921671963128483,3.461889265597165,3.1190646033203464,0.40149324296626343,0.07852218510068505,0.20781566364539072,0.07594573656315562,0.07362990863754201,-0.04827194205060589,-0.014262132456477459,0.20795597784829614,0.0187526367812795,0.7854166666666668,0.004851216879686558,0.01460644523749535,0.5100414465029761,0.04192666294425402,0.06329255967079045,0.0452597880328637,0.0028528539886445866,0.022068416123632962,0.010992175949244972,0.0032750672417930942,0.00863863706091865,0.004617443361858011,0.01442187512616898,0.00289022058380296,0.030763115305264908,2.0816681711721685e-17,0.0,1.3778659611992945e-05,3.0748404313801054,1855.5032735947452
390001,2,2,M3,1,True,0.0,0.9890775587322591,0.9612089653333922,0.35,0.0,0.0,0.2289998285472393,0.06430660098791122,2.832480383478105,0.18366098158061503,0.0,0.0,5.41385539341718,6.8435773411765695,0.1646647061131655,0.5559215858956711,5.921671963128483,3.461889265597165,3.1190646033203464,0.40149324296626343,0.07852218510068505,0.20781566364539072,0.07594573656315562,0.07362990863754201,-0.04827194205060589,-0.014262132456477459,0.20795597784829614,0.0187526367812795,0.7854166666666668,0.004851216879686558,0.01460644523749535,0.5100414465029761,0.04192666294425402,0.06329255967079045,0.0452597880328637,0.0028528539886445866,0.022068416123632962,0.010992175949244972,0.0032750672417930942,0.00863863706091865,0.004617443361858011,0.01442187512616898,0.00289022058380296,0.030763115305264908,2.0816681711721685e-17,0.0,1.3778659611992945e-05,3.0748404313801054,1855.5032735947452
390001,2,2,M2+O,2,True,0.0,0.9890775587322591,0.9612089653333922,0.35,0.0,0.0,0.2289998285472393,0.06430660098791122,2.832480383478105,0.18366098158061503,0.020691600694384325,0.0,5.41385539341718,6.8435773411765695,0.16460766312470518,0.5551455470210052,5.9106515390197885,3.46912088322055,3.1127354849142694,0.3881773948020956,0.0784479733452951,0.2074593650513723,0.07502704753243948,0.07337650814342134,-0.04870920856219483,-0.014272766030908865,0.20800050524725433,0.018843646634930187,0.78125,0.004883748008462879,0.014620453654185938,0.5048888763304189,0.041726994080015595,0.06397657111036265,0.04475040705526723,0.0028453966658327774,0.022186986900334788,0.010968410570118516,0.003272236930814286,0.008575002237109124,0.004642927449249587,0.014406942049833484,0.002815008885348162,0.029917231838349705,2.0816681711721685e-17,0.0,1.3778659611992945e-05,3.08511090942892,1852.3834967844743
390001,2,2,M4,3,True,0.0,0.9890775587322591,0.9612089653333922,0.35,0.0,0.0,0.2289998285472393,0.06430660098791122,2.832480383478105,0.18366098158061503,0.020691600694384325,0.0,5.41385539341718,6.8435773411765695,0.16460766312470518,0.5551455470210052,5.9106515390197885,3.46912088322055,3.1127354849142694,0.3881773948020956,0.0784479733452951,0.2074593650513723,0.07502704753243948,0.07337650814342134,-0.04870920856219483,-0.014272766030908865,0.20800050524725433,0.018843646634930187,0.78125,0.004883748008462879,0.014620453654185938,0.5048888763304189,0.041726994080015595,0.06397657111036265,0.04475040705526723,0.0028453966658327774,0.022186986900334788,0.010968410570118516,0.003272236930814286,0.008575002237109124,0.004642927449249587,0.014406942049833484,0.002815008885348162,0.029917231838349705,2.0816681711721685e-17,0.0,1.3778659611992945e-05,3.08511090942892,1852.3834967844743
390001,2,3,M2,0,True,0.0,0.9890775587322591,0.9612089653333922,0.35,0.0,0.0,0.2933860388584435,0.07862174647394568,3.067900196649134,0.2593231426924467,0.0,0.0,6.15839353017509,7.984552980400622,0.14486417874733995,0.6123703457677118,10.597902108327398,3.78585618800669,2.7061681952062826,0.42186758409113784,0.07787941533518146,0.18857447159029259,0.045562999433813,0.08348883565971972,-0.0433223117682432,-0.010443643454247862,0.19474453674956885,0.031343177077985986,0.8666666666666667,0.005345260546243767,0.013963610403177704,1.0033011404131973,0.04608100178134183,0.05746276467353244,0.048851130176693215,0.0025903041394556812,0.02322302875901868,0.011196942479201626,0.003863126849595152,0.009507495326278743,0.004361335674677858,0.013970393393742443,0.0037903491455923096,0.024388660547168723,2.0816681711721685e-17,5.511463844797178e-05,0.0001240079365079365,5.324502825968495,9335.004958017349
390001,2,3,M3,1,True,0.0,0.9890775587322591,0.9612089653333922,0.35,0.0,0.0,0.2933860388584435,0.07862174647394568,3.067900196649134,0.2593231426924467,0.0,0.0,6.15839353017509,7.984552980400622,0.14486417874733995,0.6123703457677118,10.597902108327398,3.78585618800669,2.7061681952062826,0.42186758409113784,0.07787941533518146,0.18857447159029259,0.045562999433813,0.08348883565971972,-0.0433223117682432,-0.010443643454247862,0.19474453674956885,0.031343177077985986,0.8666666666666667,0.005345260546243767,0.013963610403177704,1.0033011404131973,0.04608100178134183,0.05746276467353244,0.048851130176693215,0.0025903041394556812,0.02322302875901868,0.011196942479201626,0.003863126849595152,0.009507495326278743,0.004361335674677858,0.013970393393742443,0.0037903491455923096,0.024388660547168723,2.0816681711721685e-17,5.511463844797178e-05,0.0001240079365079365,5.324502825968495,9335.004958017349
390001,2,3,M2+O,2,True,0.0,0.9890775587322591,0.9612089653333922,0.35,0.0,0.0,0.2933860388584435,0.07862174647394568,3.067900196649134,0.2593231426924467,0.19329371660206118,0.0,6.15839353017509,7.984552980400622,0.14314267594524158,0.6103776369592359,10.730304712210993,3.761165044742499,2.74852234899778,0.45230436104651456,0.08202426006709457,0.18062784374051546,0.035494722923914736,0.08005308287854757,-0.046077788837496046,-0.009194879070769737,0.21206530027174844,0.03618486672012823,0.90625,0.005723121352254168,0.01436465069228887,0.9683827299243251,0.05046913536149657,0.06524275862972992,0.06083097216078015,0.002569047241992323,0.023451246435668056,0.010393753184584404,0.003817146771915025,0.008929691311343947,0.004582640218568808,0.013416383203658639,0.0032395829902156096,0.013226188612649957,2.0816681711721685e-17,5.511463844797178e-05,8.267195767195767e-05,5.783740391072127,9357.749534926845
390001,2,3,M4,3,True,0.0,0.9890775587322591,0.9612089653333922,0.35,0.0,0.0,0.2933860388584435,0.07862174647394568,3.067900196649134,0.2593231426924467,0.19329371660206118,0.0,6.15839353017509,7.984552980400622,0.14314267594524158,0.6103776369592359,10.730304712210993,3.761165044742499,2.74852234899778,0.45230436104651456,0.08202426006709457,0.18062784374051546,0.035494722923914736,0.08005308287854757,-0.046077788837496046,-0.009194879070769737,0.21206530027174844,0.03618486672012823,0.90625,0.005723121352254168,0.01436465069228887,0.9683827299243251,0.05046913536149657,0.06524275862972992,0.06083097216078015,0.002569047241992323,0.023451246435668056,0.010393753184584404,0.003817146771915025,0.008929691311343947,0.004582640218568808,0.013416383203658639,0.0032395829902156096,0.013226188612649957,2.0816681711721685e-17,5.511463844797178e-05,8.267195767195767e-05,5.783740391072127,9357.749534926845
390001,2,4,M2,0,True,0.0,0.9890775587322591,0.9612089653333922,0.35,0.0,0.0,0.2773324431851506,0.06102733196690678,3.2200010089203714,0.24746617570519447,0.0,0.0,6.024978729896247,7.260679797269404,0.15353564555999757,0.6012125719461867,8.511418694682243,3.6579438687185077,2.860670848351981,0.4001311733648995,0.09161917180510921,0.21293693329227872,0.063825312798303,0.08072181454388898,-0.04020631860363157,-0.008554687370588574,0.22242351941775831,0.02815667047022088,0.8500000000000001,0.0053994938927054955,0.015004693889739523,0.816938060082989,0.04253988076812532,0.05887618184200846,0.03715428591764472,0.0029021196835331067,0.02225237083972283,0.010681559310832884,0.003723650239685999,0.010617738577742402,0.004733861546648733,0.015127305575046206,0.003663510114752059,0.02463501690624576,2.0816681711721685e-17,1.3778659611992945e-05,2.755731922398589e-05,4.068276150972454,7131.862785855148
390001,2,4,M3,1,True,0.0,0.9890775587322591,0.9612089653333922,0.35,0.0,0.0,0.2773324431851506,0.06102733196690678,3.2200010089203714,0.24746617570519447,0.0,0.0,6.024978729896247,7.260679797269404,0.15353564555999757,0.6012125719461867,8.511418694682243,3.6579438687185077,2.860670848351981,0.4001311733648995,0.09161917180510921,0.21293693329227872,0.063825312798303,0.08072181454388898,-0.04020631860363157,-0.008554687370588574,0.22242351941775831,0.02815667047022088,0.8500000000000001,0.0053994938927054955,0.015004693889739523,0.816938060082989,0.04253988076812532,0.05887618184200846,0.03715428591764472,0.0029021196835331067,0.02225237083972283,0.010681559310832884,0.003723650239685999,0.010617738577742402,0.004733861546648733,0.015127305575046206,0.003663510114752059,0.02463501690624576,2.0816681711721685e-17,1.3778659611992945e-05,2.755731922398589e-05,4.068276150972454,7131.862785855148
390001,2,4,M2+O,2,False,1.0833590875757537e-06,0.9890775587322591,0.9612089653333922,0.35,0.0,0.0,0.2773324431851506,0.06102733196690678,3.2200010089203714,0.24746617570519447,0.1806828490037143,0.0,6.024978729896247,7.260679797269404,0.15177792972557355,0.597885899860708,8.608929200943818,3.6434685366234962,2.8282566963121276,0.3755465390986122,0.09611109778795796,0.20232240007412428,0.05158305394224386,0.07751274933235498,-0.04314542857348164,-0.0073838195400143325,0.24017320491219765,0.03293591279990743,0.9041666666666667,0.005771292479257606,0.015827398976410556,0.8288954989838228,0.04379514359749501,0.058789207374342206,0.041716006081490516,0.0028367961936287796,0.022963219039925237,0.009747718234189927,0.003882596841959526,0.009958523590552572,0.004950346583968362,0.014499445601534626,0.0030935242755577223,0.013431477557289842,2.0816681711721685e-17,1.3778659611992945e-05,2.755731922398589e-05,4.415747218717267,7130.763093897782
390001,2,4,M4,3,False,1.0833590875757537e-06,0.9890775587322591,0.9612089653333922,0.35,0.0,0.0,0.2773324431851506,0.06102733196690678,3.2200010089203714,0.24746617570519447,0.1806828490037143,0.0,6.024978729896247,7.260679797269404,0.15177792972557355,0.597885899860708,8.608929200943818,3.6434685366234962,2.8282566963121276,0.3755465390986122,0.09611109778795796,0.20232240007412428,0.05158305394224386,0.07751274933235498,-0.04314542857348164,-0.0073838195400143325,0.24017320491219765,0.03293591279990743,0.9041666666666667,0.005771292479257606,0.015827398976410556,0.8288954989838228,0.04379514359749501,0.058789207374342206,0.041716006081490516,0.0028367961936287796,0.022963219039925237,0.009747718234189927,0.003882596841959526,0.009958523590552572,0.004950346583968362,0.014499445601534626,0.0030935242755577223,0.013431477557289842,2.0816681711721685e-17,1.3778659611992945e-05,2.755731922398589e-05,4.415747218717267,7130.763093897782
390001,2,5,M2,0,False,0.001747068072883188,0.9890775587322591,0.9612089653333922,0.35,0.0,0.0,0.2378246164880693,0.0748634483339265,2.9850870983675124,0.19047712936997413,0.0,0.0,5.269471470266581,7.561110497452319,0.15721427810575914,0.5809184937736037,7.654137942923715,3.5794811700304265,2.9400138715428077,0.40999642706955086,0.06623818509355474,0.1831570518393999,0.056202850977110065,0.075656348140807,-0.05102253688788238,-0.01703569392356409,0.17758859288500747,0.022101673119660537,0.8166666666666668,0.0048234680936674835,0.013982067228182243,0.6851302071090548,0.04266767987119806,0.052098689727049535,0.04564692703213766,0.002561077449964004,0.022841436720342657,0.011632745674039097,0.0035111711597641533,0.0076166811523858515,0.004206139706931579,0.013179232776116129,0.003133150848305191,0.027693107672494735,2.0816681711721685e-17,5.511463844797178e-05,5.511463844797178e-05,4.3057971990012485,1579.609125930701
390001,2,5,M3,1,False,0.001747068072883188,0.9890775587322591,0.9612089653333922,0.35,0.0,0.0,0.2378246164880693,0.0748634483339265,2.9850870983675124,0.19047712936997413,0.0,0.0,5.269471470266581,7.561110497452319,0.15721427810575914,0.5809184937736037,7.654137942923715,3.5794811700304265,2.9400138715428077,0.40999642706955086,0.06623818509355474,0.1831570518393999,0.056202850977110065,0.075656348140807,-0.05102253688788238,-0.01703569392356409,0.17758859288500747,0.022101673119660537,0.8166666666666668,0.0048234680936674835,0.013982067228182243,0.6851302071090548,0.04266767987119806,0.052098689727049535,0.04564692703213766,0.002561077449964004,0.022841436720342657,0.011632745674039097,0.0035111711597641533,0.0076166811523858515,0.004206139706931579,0.013179232776116129,0.003133150848305191,0.027693107672494735,2.0816681711721685e-17,5.511463844797178e-05,5.511463844797178e-05,4.3057971990012485,1579.609125930701
390001,2,5,M2+O,2,False,0.001736366636598079,0.9890775587322591,0.9612089653333922,0.35,0.0,0.0,0.2378246164880693,0.0748634483339265,2.9850870983675124,0.19047712936997413,0.03528296146634178,0.0,5.269471470266581,7.561110497452319,0.15709221512623486,0.5805930223705076,7.641215525495528,3.5893259612920674,2.9392949641764328,0.3892865926790879,0.06624972404262774,0.18258732706581404,0.05463462304590344,0.07516673662454934,-0.05164762061055702,-0.01706438473012505,0.17814230235993078,0.022344929538828374,0.8312499999999999,0.00488257739785297,0.0142016317584396,0.6675277201789624,0.04304700251570405,0.05496704305649947,0.04905145670440068,0.0025545332011096974,0.02294199144478466,0.011507174173750743,0.0034802431208914345,0.007540440293883131,0.004248137343244646,0.013144390126051037,0.00304501546209092,0.02722233005499692,2.0816681711721685e-17,5.511463844797178e-05,5.511463844797178e-05,4.355709715715825,1579.492814758223
390001,2,5,M4,3,False,0.001736366636598079,0.9890775587322591,0.9612089653333922,0.35,0.0,0.0,0.2378246164880693,0.0748634483339265,2.9850870983675124,0.19047712936997413,0.03528296146634178,0.0,5.269471470266581,7.561110497452319,0.15709221512623486,0.5805930223705076,7.641215525495528,3.5893259612920674,2.9392949641764328,0.3892865926790879,0.06624972404262774,0.18258732706581404,0.05463462304590344,0.07516673662454934,-0.05164762061055702,-0.01706438473012505,0.17814230235993078,0.022344929538828374,0.8312499999999999,0.00488257739785297,0.0142016317584396,0.6675277201789624,0.04304700251570405,0.05496704305649947,0.04905145670440068,0.0025545332011096974,0.02294199144478466,0.011507174173750743,0.0034802431208914345,0.007540440293883131,0.004248137343244646,0.013144390126051037,0.00304501546209092,0.02722233005499692,2.0816681711721685e-17,5.511463844797178e-05,5.511463844797178e-05,4.355709715715825,1579.492814758223
390001,2,6,M2,0,True,0.0,0.9890775587322591,0.9612089653333922,0.35,0.0,0.0,0.21834226027131082,0.07175303331110627,3.098974011652172,0.22922467060387136,0.0,0.0,5.734069987665862,6.390289471484721,0.1531804055504369,0.5924384436748258,8.481612139681706,3.67445315560474,2.824570926471941,0.3764127390535261,0.07420126388312792,0.19650972610132453,0.05531542325848726,0.0787426249561468,-0.0482836496753519,-0.014492656054808954,0.17251153935107047,0.02295360558445615,0.8145833333333332,0.004537730177373688,0.013999089172660665,0.7518736552248588,0.043353493187903054,0.05098027415200813,0.04084310633408976,0.0025902227421290436,0.02235419762618203,0.011461674746950503,0.003840082242148837,0.008763135139012319,0.0043428188321336485,0.012919572193435029,0.0031997878690050805,0.026661995741283372,2.0816681711721685e-17,5.511463844797178e-05,5.511463844797178e-05,4.597293770713116,3991.3888676222323
390001,2,6,M3,1,True,0.0,0.9890775587322591,0.9612089653333922,0.35,0.0,0.0,0.21834226027131082,0.07175303331110627,3.098974011652172,0.22922467060387136,0.0,0.0,5.734069987665862,6.390289471484721,0.1531804055504369,0.5924384436748258,8.481612139681706,3.67445315560474,2.824570926471941,0.3764127390535261,0.07420126388312792,0.19650972610132453,0.05531542325848726,0.0787426249561468,-0.0482836496753519,-0.014492656054808954,0.17251153935107047,0.02295360558445615,0.8145833333333332,0.004537730177373688,0.013999089172660665,0.7518736552248588,0.043353493187903054,0.05098027415200813,0.04084310633408976,0.0025902227421290436,0.02235419762618203,0.011461674746950503,0.003840082242148837,0.008763135139012319,0.0043428188321336485,0.012919572193435029,0.0031997878690050805,0.026661995741283372,2.0816681711721685e-17,5.511463844797178e-05,5.511463844797178e-05,4.597293770713116,3991.3888676222323
390001,2,6,M2+O,2,True,0.0,0.9890775587322591,0.9612089653333922,0.35,0.0,0.0,0.21834226027131082,0.07175303331110627,3.098974011652172,0.22922467060387136,0.05596634677516202,0.0,5.734069987665862,6.390289471484721,0.15294768591111255,0.59086937897919,8.449624503968908,3.663609519534623,2.846056185049638,0.38668036155982444,0.07440573558531371,0.19560877522508605,0.05251583935630912,0.0776485629230903,-0.04935385578103244,-0.014501746636848445,0.17418615332689114,0.023496667774350208,0.8166666666666665,0.004645137609879773,0.014118789867249338,0.7350776276736181,0.044375992575827916,0.05793639596199004,0.04643881943470837,0.002576820678153992,0.022536208538380398,0.011272908438592721,0.0038241933961224665,0.008626388855821425,0.004418245242886158,0.012870449078014832,0.0030493455123861046,0.026862955114579683,2.0816681711721685e-17,5.511463844797178e-05,6.889329805996472e-05,4.687742929294335,3991.184558682587
390001,2,6,M4,3,True,0.0,0.9890775587322591,0.9612089653333922,0.35,0.0,0.0,0.21834226027131082,0.07175303331110627,3.098974011652172,0.22922467060387136,0.05596634677516202,0.0,5.734069987665862,6.390289471484721,0.15294768591111255,0.59086937897919,8.449624503968908,3.663609519534623,2.846056185049638,0.38668036155982444,0.07440573558531371,0.19560877522508605,0.05251583935630912,0.0776485629230903,-0.04935385578103244,-0.014501746636848445,0.17418615332689114,0.023496667774350208,0.8166666666666665,0.004645137609879773,0.014118789867249338,0.7350776276736181,0.044375992575827916,0.05793639596199004,0.04643881943470837,0.002576820678153992,0.022536208538380398,0.011272908438592721,0.0038241933961224665,0.008626388855821425,0.004418245242886158,0.012870449078014832,0.0030493455123861046,0.026862955114579683,2.0816681711721685e-17,5.511463844797178e-05,6.889329805996472e-05,4.687742929294335,3991.184558682587
390001,2,7,M2,0,True,0.0,0.9890775587322591,0.9612089653333922,0.35,0.0,0.0,0.25462781311944127,0.08294289264827967,2.7334395976737142,0.21371863551437856,0.0,0.0,6.490372991655022,8.436539084650576,0.15280491417353648,0.5909568518780967,8.691795201522908,3.679361268070643,2.8467703779895825,0.3926122706560404,0.07003601599544239,0.18536292470664958,0.052901234357006534,0.07807826821073931,-0.04805196894464445,-0.014212070954506011,0.18241618845503726,0.025264544101429507,0.8458333333333333,0.004985736614815196,0.01353947917544573,0.7914704442528612,0.043126490592471145,0.054170675012487644,0.04390209042101895,0.002567274480270597,0.022891176470950618,0.011383052070478796,0.0037027208931855213,0.008245663803960693,0.0042611592362371414,0.013389840415635264,0.0033538816591722684,0.024619691855365295,2.0816681711721685e-17,0.0,1.3778659611992945e-05,4.024898574064199,16658.671335408286
390001,2,7,M3,1,True,0.0,0.9890775587322591,0.9612089653333922,0.35,0.0,0.0,0.25462781311944127,0.08294289264827967,2.7334395976737142,0.21371863551437856,0.0,0.0,6.490372991655022,8.436539084650576,0.15280491417353648,0.5909568518780967,8.691795201522908,3.679361268070643,2.8467703779895825,0.3926122706560404,0.07003601599544239,0.18536292470664958,0.052901234357006534,0.07807826821073931,-0.04805196894464445,-0.014212070954506011,0.18241618845503726,0.025264544101429507,0.8458333333333333,0.004985736614815196,0.01353947917544573,0.7914704442528612,0.043126490592471145,0.054170675012487644,0.04390209042101895,0.002567274480270597,0.022891176470950618,0.011383052070478796,0.0037027208931855213,0.008245663803960693,0.0042611592362371414,0.013389840415635264,0.0033538816591722684,0.024619691855365295,2.0816681711721685e-17,0.0,1.3778659611992945e-05,4.024898574064199,16658.671335408286
390001,2,7,M2+O,2,True,0.0,0.9890775587322591,0.9612089653333922,0.35,0.0,0.0,0.25462781311944127,0.08294289264827967,2.7334395976737142,0.21371863551437856,0.0818483628556123,0.0,6.490372991655022,8.436539084650576,0.1523707923182691,0.5895525535869915,8.687021924060906,3.6524364416213273,2.8741892040626875,0.40687887684055085,0.07074709075338331,0.18339992281312711,0.049389485533402035,0.07685313587710889,-0.049438233339054664,-0.014031455025955736,0.18624681558109799,0.026390377159281973,0.8624999999999999,0.005134659382008248,0.013853235193638317,0.7573993276747417,0.04489290789730923,0.06062772597822909,0.04837810718604897,0.002551299464753561,0.023034308497684154,0.011014531619738668,0.0036090867888810023,0.008038021229044767,0.004370767942790585,0.01324856141481943,0.0031337985998478933,0.024680934964555895,2.0816681711721685e-17,0.0,1.3778659611992945e-05,4.172169200376804,16564.95275630726
390001,2,7,M4,3,True,0.0,0.9890775587322591,0.9612089653333922,0.35,0.0,0.0,0.25462781311944127,0.08294289264827967,2.7334395976737142,0.21371863551437856,0.0818483628556123,0.0,6.490372991655022,8.436539084650576,0.1523707923182691,0.5895525535869915,8.687021924060906,3.6524364416213273,2.8741892040626875,0.40687887684055085,0.07074709075338331,0.18339992281312711,0.049389485533402035,0.07685313587710889,-0.049438233339054664,-0.014031455025955736,0.18624681558109799,0.026390377159281973,0.8624999999999999,0.005134659382008248,0.013853235193638317,0.7573993276747417,0.04489290789730923,0.06062772597822909,0.04837810718604897,0.002551299464753561,0.023034308497684154,0.011014531619738668,0.0036090867888810023,0.008038021229044767,0.004370767942790585,0.01324856141481943,0.0031337985998478933,0.024680934964555895,2.0816681711721685e-17,0.0,1.3778659611992945e-05,4.172169200376804,16564.95275630726
390001,2,8,M2,0,True,0.0,0.9890775587322591,0.9612089653333922,0.35,0.0,0.0,0.26037696758285167,0.06623911500442774,3.1390380073338746,0.19648031547665595,0.0,0.0,6.223864151164889,7.334144979715347,0.158768730190458,0.5727281792700919,7.193409332563829,3.566003714471569,2.9801577236652697,0.414002883564964,0.07505437718887066,0.1945310913485597,0.0631867446572948,0.07597830902526127,-0.04879409283155562,-0.014113836252248761,0.20574381910874018,0.02373357530844612,0.8354166666666667,0.005204229739909265,0.014407852808897422,0.6369619621717908,0.0386180109128952,0.05723014062768627,0.0490817895810794,0.0027268879006067137,0.02288861964782263,0.011103546837492019,0.00355889820975071,0.008514187699721308,0.004466877648882298,0.014391791107058039,0.0032910079331150244,0.028942591644687096,2.0816681711721685e-17,0.0,0.0,4.131403039189085,6717.923805699474
390001,2,8,M3,1,True,0.0,0.9890775587322591,0.9612089653333922,0.35,0.0,0.0,0.26037696758285167,0.06623911500442774,3.1390380073338746,0.19648031547665595,0.0,0.0,6.223864151164889,7.334144979715347,0.158768730190458,0.5727281792700919,7.193409332563829,3.566003714471569,2.9801577236652697,0.414002883564964,0.07505437718887066,0.1945310913485597,0.0631867446572948,0.07597830902526127,-0.04879409283155562,-0.014113836252248761,0.20574381910874018,0.02373357530844612,0.8354166666666667,0.005204229739909265,0.014407852808897422,0.6369619621717908,0.0386180109128952,0.05723014062768627,0.0490817895810794,0.0027268879006067137,0.02288861964782263,0.011103546837492019,0.00355889820975071,0.008514187699721308,0.004466877648882298,0.014391791107058039,0.0032910079331150244,0.028942591644687096,2.0816681711721685e-17,0.0,0.0,4.131403039189085,6717.923805699474
390001,2,8,M2+O,2,True,0.0,0.9890775587322591,0.9612089653333922,0.35,0.0,0.0,0.26037696758285167,0.06623911500442774,3.1390380073338746,0.19648031547665595,0.03941378565485458,0.0,6.223864151164889,7.334144979715347,0.1586226798822572,0.5722387399847344,7.175214310346319,3.5564696089596737,2.9961804839615716,0.4244864237937726,0.07507981427454243,0.19374044103431687,0.06120098432973436,0.07525850592400209,-0.049573002768915096,-0.014132909342012202,0.20641681184195768,0.02403024549582596,0.8458333333333333,0.005266987180076709,0.014757724459352323,0.6233585405128805,0.03876825994661277,0.05632520726941238,0.04843514218164444,0.0027136668221223468,0.023074262892489542,0.011041218870191563,0.0035509307255018508,0.008393770525491031,0.004513075905118403,0.01433085851062678,0.0031578415640390327,0.025344843876242584,2.0816681711721685e-17,0.0,0.0,4.180349818606458,6668.7883749537
390001,2,8,M4,3,True,0.0,0.9890775587322591,0.9612089653333922,0.35,0.0,0.0,0.26037696758285167,0.06623911500442774,3.1390380073338746,0.19648031547665595,0.03941378565485458,0.0,6.223864151164889,7.334144979715347,0.1586226798822572,0.5722387399847344,7.175214310346319,3.5564696089596737,2.9961804839615716,0.4244864237937726,0.07507981427454243,0.19374044103431687,0.06120098432973436,0.07525850592400209,-0.049573002768915096,-0.014132909342012202,0.20641681184195768,0.02403024549582596,0.8458333333333333,0.005266987180076709,0.014757724459352323,0.6233585405128805,0.03876825994661277,0.05632520726941238,0.04843514218164444,0.0027136668221223468,0.023074262892489542,0.011041218870191563,0.0035509307255018508,0.008393770525491031,0.004513075905118403,0.01433085851062678,0.0031578415640390327,0.025344843876242584,2.0816681711721685e-17,0.0,0.0,4.180349818606458,6668.7883749537
390001,2,9,M2,0,True,0.0,0.9890775587322591,0.9612089653333922,0.35,0.0,0.0,0.22489707954227925,0.07692724628373981,2.7730619207024576,0.2408962793648243,0.0,0.0,5.490998988039792,7.869041427969933,0.15220507071537895,0.6004537646568352,8.807315962260853,3.6849014174521986,2.7961852931965985,0.38944455695600694,0.07870206331243844,0.20188428603592148,0.056577510391922846,0.07956152971025802,-0.044898471354568405,-0.012320455370590186,0.17979022528163338,0.024217767217403142,0.8166666666666668,0.004624701743826229,0.0140854557974383,0.8007279186160469,0.042970664719355706,0.0531800146524767,0.045575063194262695,0.0026481662254497344,0.022140215238076928,0.011199502155198895,0.003895407069669423,0.009307154920044197,0.004443399313380698,0.013228764130009582,0.0033033656806486307,0.027693107672494735,2.0816681711721685e-17,8.267195767195767e-05,0.0001240079365079365,3.8144642316303083,2466.3461979022995
390001,2,9,M3,1,True,0.0,0.9890775587322591,0.9612089653333922,0.35,0.0,0.0,0.22489707954227925,0.07692724628373981,2.7730619207024576,0.2408962793648243,0.0,0.0,5.490998988039792,7.869041427969933,0.15220507071537895,0.6004537646568352,8.807315962260853,3.6849014174521986,2.7961852931965985,0.38944455695600694,0.07870206331243844,0.20188428603592148,0.056577510391922846,0.07956152971025802,-0.044898471354568405,-0.012320455370590186,0.17979022528163338,0.024217767217403142,0.8166666666666668,0.004624701743826229,0.0140854557974383,0.8007279186160469,0.042970664719355706,0.0531800146524767,0.045575063194262695,0.0026481662254497344,0.022140215238076928,0.011199502155198895,0.003895407069669423,0.009307154920044197,0.004443399313380698,0.013228764130009582,0.0033033656806486307,0.027693107672494735,2.0816681711721685e-17,8.267195767195767e-05,0.0001240079365079365,3.8144642316303083,2466.3461979022995
390001,2,9,M2+O,2,True,0.0,0.9890775587322591,0.9612089653333922,0.35,0.0,0.0,0.22489707954227925,0.07692724628373981,2.7730619207024576,0.2408962793648243,0.09924992682199865,0.0,5.490998988039792,7.869041427969933,0.15162244003782543,0.5977136405685602,8.781176937421819,3.6694607735043316,2.8068554740802774,0.37092206984767806,0.07982274254077137,0.1990787321310926,0.05111306323476092,0.07807359775880197,-0.046688661366060515,-0.012053355666540824,0.18565944706651458,0.02575711366421825,0.8354166666666667,0.004830024432395671,0.014365273657283543,0.7847820965661757,0.044838297134714246,0.0600920468441327,0.049016997625094226,0.002621611871698523,0.022437474541604985,0.010783339731066913,0.0037358631518481338,0.00904511528089607,0.004574288284391112,0.013079428922191104,0.003018136672015616,0.02472295159864195,2.0816681711721685e-17,6.889329805996472e-05,0.0001240079365079365,3.9696819653024735,2470.852512404266
390001,2,9,M4,3,True,0.0,0.9890775587322591,0.9612089653333922,0.35,0.0,0.0,0.22489707954227925,0.07692724628373981,2.7730619207024576,0.2408962793648243,0.09924992682199865,0.0,5.490998988039792,7.869041427969933,0.15162244003782543,0.5977136405685602,8.781176937421819,3.6694607735043316,2.8068554740802774,0.37092206984767806,0.07982274254077137,0.1990787321310926,0.05111306323476092,0.07807359775880197,-0.046688661366060515,-0.012053355666540824,0.18565944706651458,0.02575711366421825,0.8354166666666667,0.004830024432395671,0.014365273657283543,0.7847820965661757,0.044838297134714246,0.0600920468441327,0.049016997625094226,0.002621611871698523,0.022437474541604985,0.010783339731066913,0.0037358631518481338,0.00904511528089607,0.004574288284391112,0.013079428922191104,0.003018136672015616,0.02472295159864195,2.0816681711721685e-17,6.889329805996472e-05,0.0001240079365079365,3.9696819653024735,2470.852512404266
390001,2,10,M2,0,True,0.0,0.9890775587322591,0.9612089653333922,0.35,0.0,0.0,0.2443801517598331,0.06754384808242321,3.1797893855720756,0.21964385755360127,0.0,0.0,5.020357612986118,6.691643536090851,0.15525623258816276,0.5872344830314546,8.002507992479366,3.6437883212231696,2.8892039989722647,0.39936884328690486,0.0766027076096621,0.19884320101915542,0.059413021974808716,0.07820577438878815,-0.04788328716803427,-0.013571769853360801,0.19108766292233836,0.024029868888894662,0.8291666666666666,0.004931774742006593,0.014581116812326387,0.7123873930022474,0.04437182592234618,0.05807265505997765,0.044532848909747305,0.002696520785007448,0.022664167207400637,0.011294103721382084,0.0037315753493341514,0.008964285081280816,0.004443415753531158,0.013798232092972663,0.003311643083772867,0.027733963029361847,2.0816681711721685e-17,0.0001240079365079365,0.0002204585537918871,4.473394625871374,978.2257892279554
390001,2,10,M3,1,True,0.0,0.9890775587322591,0.9612089653333922,0.35,0.0,0.0,0.2443801517598331,0.06754384808242321,3.1797893855720756,0.21964385755360127,0.0,0.0,5.020357612986118,6.691643536090851,0.15525623258816276,0.5872344830314546,8.002507992479366,3.6437883212231696,2.8892039989722647,0.39936884328690486,0.0766027076096621,0.19884320101915542,0.059413021974808716,0.07820577438878815,-0.04788328716803427,-0.013571769853360801,0.19108766292233836,0.024029868888894662,0.8291666666666666,0.004931774742006593,0.014581116812326387,0.7123873930022474,0.04437182592234618,0.05807265505997765,0.044532848909747305,0.002696520785007448,0.022664167207400637,0.011294103721382084,0.0037315753493341514,0.008964285081280816,0.004443415753531158,0.013798232092972663,0.003311643083772867,0.027733963029361847,2.0816681711721685e-17,0.0001240079365079365,0.0002204585537918871,4.473394625871374,978.2257892279554
390001,2,10,M2+O,2,True,0.0,0.9890775587322591,0.9612089653333922,0.35,0.0,0.0,0.2443801517598331,0.06754384808242321,3.1797893855720756,0.21964385755360127,0.22120154879690973,0.0,5.020357612986118,6.691643536090851,0.1525798255213619,0.5901127362646506,8.427828986252687,3.607296728464616,2.928942423858428,0.42885224831823904,0.08477926358199435,0.1809064647780556,0.043679566570075525,0.0766134897551908,-0.049803041083528704,-0.01102920686742768,0.22282505758019422,0.03157528374255029,0.9041666666666668,0.005467473667257945,0.01580528715189316,0.6770415969191903,0.0446252409604233,0.06299221660253385,0.04673204775879511,0.002691187868000861,0.022777622665655903,0.009600490079901776,0.0034527117092291244,0.008346461756179518,0.004706900039370958,0.013387754667933216,0.0028445002994053835,0.014718575794891015,2.0816681711721685e-17,8.267195767195767e-05,0.00017912257495590828,4.780270742282089,990.3284158008684
390001,2,10,M4,3,True,0.0,0.9890775587322591,0.9612089653333922,0.35,0.0,0.0,0.2443801517598331,0.06754384808242321,3.1797893855720756,0.21964385755360127,0.22120154879690973,0.0,5.020357612986118,6.691643536090851,0.1525798255213619,0.5901127362646506,8.427828986252687,3.607296728464616,2.928942423858428,0.42885224831823904,0.08477926358199435,0.1809064647780556,0.043679566570075525,0.0766134897551908,-0.049803041083528704,-0.01102920686742768,0.22282505758019422,0.03157528374255029,0.9041666666666668,0.005467473667257945,0.01580528715189316,0.6770415969191903,0.0446252409604233,0.06299221660253385,0.04673204775879511,0.002691187868000861,0.022777622665655903,0.009600490079901776,0.0034527117092291244,0.008346461756179518,0.004706900039370958,0.013387754667933216,0.0028445002994053835,0.014718575794891015,2.0816681711721685e-17,8.267195767195767e-05,0.00017912257495590828,4.780270742282089,990.3284158008684
390001,2,11,M2,0,True,0.0,0.9890775587322591,0.9612089653333922,0.35,0.0,0.0,0.28308231513947246,0.08182962188962847,2.945610111951828,0.22273273594677448,0.0,0.0,5.752427791710943,8.503426149487495,0.1493560737706399,0.5980661208023573,9.496225769703928,3.718749360969833,2.7954717535900904,0.40535061356524565,0.0700847415346343,0.17979816302085552,0.047695073269778586,0.07989478412397781,-0.04744353671203266,-0.013398312637333811,0.18857845487273392,0.02850702391038269,0.8604166666666666,0.005289089430394059,0.013996101380828727,0.8797480040041653,0.04333352185959509,0.05772643943150033,0.043421684229941415,0.002541465400828908,0.0234851928108511,0.011322173680449467,0.003711935946366711,0.008367622987485968,0.004228895878600205,0.01369171662805059,0.0036025392862296286,0.025176760381054274,2.0816681711721685e-17,5.511463844797178e-05,8.267195767195767e-05,4.904270673695927,4157.205006445661
390001,2,11,M3,1,True,0.0,0.9890775587322591,0.9612089653333922,0.35,0.0,0.0,0.28308231513947246,0.08182962188962847,2.945610111951828,0.22273273594677448,0.0,0.0,5.752427791710943,8.503426149487495,0.1493560737706399,0.5980661208023573,9.496225769703928,3.718749360969833,2.7954717535900904,0.40535061356524565,0.0700847415346343,0.17979816302085552,0.047695073269778586,0.07989478412397781,-0.04744353671203266,-0.013398312637333811,0.18857845487273392,0.02850702391038269,0.8604166666666666,0.005289089430394059,0.013996101380828727,0.8797480040041653,0.04333352185959509,0.05772643943150033,0.043421684229941415,0.002541465400828908,0.0234851928108511,0.011322173680449467,0.003711935946366711,0.008367622987485968,0.004228895878600205,0.01369171662805059,0.0036025392862296286,0.025176760381054274,2.0816681711721685e-17,5.511463844797178e-05,8.267195767195767e-05,4.904270673695927,4157.205006445661
390001,2,11,M2+O,2,True,0.0,0.9890775587322591,0.9612089653333922,0.35,0.0,0.0,0.28308231513947246,0.08182962188962847,2.945610111951828,0.22273273594677448,0.024611350639674,0.0,5.752427791710943,8.503426149487495,0.14928340069037074,0.5969807065020264,9.475268942789567,3.7132441208678624,2.802579674123448,0.40739687950823505,0.07000343798335619,0.17968238519693738,0.04666136666653822,0.0793679121152292,-0.04792944045982973,-0.013432775632681984,0.18862535148710582,0.028641095353491963,0.8604166666666666,0.005325733544902482,0.014148255398852965,0.8685216233815973,0.04482139198625521,0.05691220784200311,0.04183725523078982,0.002535002311009943,0.023564994739669616,0.011276265115097918,0.0037383101019253535,0.008302713844458035,0.004259566380637196,0.013651718307029683,0.0035329126435393525,0.0242606555602391,2.0816681711721685e-17,5.511463844797178e-05,6.889329805996472e-05,4.954849225531606,4158.544872995638
390001,2,11,M4,3,True,0.0,0.9890775587322591,0.9612089653333922,0.35,0.0,0.0,0.28308231513947246,0.08182962188962847,2.945610111951828,0.22273273594677448,0.024611350639674,0.0,5.752427791710943,8.503426149487495,0.14928340069037074,0.5969807065020264,9.475268942789567,3.7132441208678624,2.802579674123448,0.40739687950823505,0.07000343798335619,0.17968238519693738,0.04666136666653822,0.0793679121152292,-0.04792944045982973,-0.013432775632681984,0.18862535148710582,0.028641095353491963,0.8604166666666666,0.005325733544902482,0.014148255398852965,0.8685216233815973,0.04482139198625521,0.05691220784200311,0.04183725523078982,0.002535002311009943,0.023564994739669616,0.011276265115097918,0.0037383101019253535,0.008302713844458035,0.004259566380637196,0.013651718307029683,0.0035329126435393525,0.0242606555602391,2.0816681711721685e-17,5.511463844797178e-05,6.889329805996472e-05,4.954849225531606,4158.544872995638
390001,2,12,M2,0,True,0.0,0.9890775587322591,0.9612089653333922,0.35,0.0,0.0,0.29935491690412164,0.07051171878352762,2.7982757639139892,0.23080004900693893,0.0,0.0,6.378210476133972,6.27442592382431,0.154327853000946,0.5925680378582275,8.339848943044862,3.63563718104092,2.8740467494317863,0.4013833574552454,0.08782459018549987,0.2052257587448946,0.06353839462042447,0.07974138878122504,-0.04119069766346837,-0.008445731368095998,0.23212003832415987,0.02949839219123106,0.8604166666666666,0.005702186341374604,0.014473506490409615,0.7842758630641669,0.041546452104337835,0.06119523082860143,0.04503685689939216,0.002893028701658799,0.022783809809922423,0.010558028704960658,0.0036207090056205806,0.01014318206377092,0.004688246486637467,0.01547334011114127,0.0037102223893655537,0.026915589784174368,2.0816681711721685e-17,0.0,1.3778659611992945e-05,3.473766940918306,13054.47551526976
390001,2,12,M3,1,True,0.0,0.9890775587322591,0.9612089653333922,0.35,0.0,0.0,0.29935491690412164,0.07051171878352762,2.7982757639139892,0.23080004900693893,0.0,0.0,6.378210476133972,6.27442592382431,0.154327853000946,0.5925680378582275,8.339848943044862,3.63563718104092,2.8740467494317863,0.4013833574552454,0.08782459018549987,0.2052257587448946,0.06353839462042447,0.07974138878122504,-0.04119069766346837,-0.008445731368095998,0.23212003832415987,0.02949839219123106,0.8604166666666666,0.005702186341374604,0.014473506490409615,0.7842758630641669,0.041546452104337835,0.06119523082860143,0.04503685689939216,0.002893028701658799,0.022783809809922423,0.010558028704960658,0.0036207090056205806,0.01014318206377092,0.004688246486637467,0.01547334011114127,0.0037102223893655537,0.026915589784174368,2.0816681711721685e-17,0.0,1.3778659611992945e-05,3.473766940918306,13054.47551526976
390001,2,12,M2+O,2,True,0.0,0.9890775587322591,0.9612089653333922,0.35,0.0,0.0,0.29935491690412164,0.07051171878352762,2.7982757639139892,0.23080004900693893,0.032109614985167255,0.0,6.378210476133972,6.27442592382431,0.15422212420202827,0.5919729851697602,8.305329768951715,3.622544172114066,2.887036593252775,0.41085854993384247,0.08772345326483795,0.20479802528784807,0.06196749799008768,0.07889066758725159,-0.04190082783871466,-0.008509269590074718,0.23227822797398293,0.029641169464269396,0.8645833333333334,0.0057488509026025715,0.014769497504741776,0.7800763971426307,0.0425015480253072,0.06088780437931404,0.043474718182711085,0.0028771071266242843,0.023001292896734978,0.010525874545308926,0.00368858004042694,0.010034263048941897,0.004732160325241379,0.015409838574533465,0.003587398803528794,0.025266544061115094,2.0816681711721685e-17,0.0,1.3778659611992945e-05,3.5068617935037847,13028.052862916398
390001,2,12,M4,3,True,0.0,0.9890775587322591,0.9612089653333922,0.35,0.0,0.0,0.29935491690412164,0.07051171878352762,2.7982757639139892,0.23080004900693893,0.032109614985167255,0.0,6.378210476133972,6.27442592382431,0.15422212420202827,0.5919729851697602,8.305329768951715,3.622544172114066,2.887036593252775,0.41085854993384247,0.08772345326483795,0.20479802528784807,0.06196749799008768,0.07889066758725159,-0.04190082783871466,-0.008509269590074718,0.23227822797398293,0.029641169464269396,0.8645833333333334,0.0057488509026025715,0.014769497504741776,0.7800763971426307,0.0425015480253072,0.06088780437931404,0.043474718182711085,0.0028771071266242843,0.023001292896734978,0.010525874545308926,0.00368858004042694,0.010034263048941897,0.004732160325241379,0.015409838574533465,0.003587398803528794,0.025266544061115094,2.0816681711721685e-17,0.0,1.3778659611992945e-05,3.5068617935037847,13028.052862916398
390001,2,13,M2,0,False,0.010932487850355863,0.9890775587322591,0.9612089653333922,0.35,0.0,0.0,0.2357255432754755,0.0843245640071109,3.0317934952676295,0.20654045909643173,0.0,0.0,5.610234498512,8.927487328648567,0.15016007795583475,0.5975204638769949,9.340651106416878,3.7073970260864684,2.8271920826845283,0.44602354792390786,0.06058973158789387,0.16908058219404096,0.042729159699108704,0.07780388923370052,-0.051176621782931496,-0.018052113159219937,0.15568058755806433,0.023728034298226352,0.8291666666666666,0.004654740815832713,0.013372841946545203,0.8637457951623936,0.04380090166703135,0.05532726993630041,0.05333552497349055,0.00237932039191825,0.022901315579090756,0.011888717529163153,0.0037373121343358216,0.007249689359439731,0.003953341460029739,0.01215555793267401,0.0032346885723977406,0.02789678612902394,2.0816681711721685e-17,5.511463844797178e-05,8.267195767195767e-05,5.588211986984877,3140.9374344800094
390001,2,13,M3,1,False,0.010932487850355863,0.9890775587322591,0.9612089653333922,0.35,0.0,0.0,0.2357255432754755,0.0843245640071109,3.0317934952676295,0.20654045909643173,0.0,0.0,5.610234498512,8.927487328648567,0.15016007795583475,0.5975204638769949,9.340651106416878,3.7073970260864684,2.8271920826845283,0.44602354792390786,0.06058973158789387,0.16908058219404096,0.042729159699108704,0.07780388923370052,-0.051176621782931496,-0.018052113159219937,0.15568058755806433,0.023728034298226352,0.8291666666666666,0.004654740815832713,0.013372841946545203,0.8637457951623936,0.04380090166703135,0.05532726993630041,0.05333552497349055,0.00237932039191825,0.022901315579090756,0.011888717529163153,0.0037373121343358216,0.007249689359439731,0.003953341460029739,0.01215555793267401,0.0032346885723977406,0.02789678612902394,2.0816681711721685e-17,5.511463844797178e-05,8.267195767195767e-05,5.588211986984877,3140.9374344800094
390001,2,13,M2+O,2,False,0.005117030053118506,0.9890775587322591,0.9612089653333922,0.35,0.0,0.0,0.2357255432754755,0.0843245640071109,3.0317934952676295,0.20654045909643173,0.14585900465534243,0.0,5.610234498512,8.927487328648567,0.1490257922379246,0.5965925009560736,9.492257842974327,3.7048760379112395,2.8368291500795415,0.42867862381872474,0.06356199227786578,0.16374116851769605,0.034656785704532914,0.07693711013825877,-0.05258675984734368,-0.016999478355255577,0.1693621602556112,0.026750700663622392,0.8666666666666667,0.004973006308756701,0.01340126135007682,0.7739430441713997,0.049134263297041056,0.06337704393350936,0.048241446496882084,0.002386637272760871,0.022710630020851275,0.011012926355003248,0.003393249605637072,0.007053683132555173,0.0041404144360516855,0.011982657386402591,0.0030264678935071725,0.02245500062658865,2.0816681711721685e-17,6.889329805996472e-05,6.889329805996472e-05,5.969981253120014,3150.7216459056413
390001,2,13,M4,3,False,0.005117030053118506,0.9890775587322591,0.9612089653333922,0.35,0.0,0.0,0.2357255432754755,0.0843245640071109,3.0317934952676295,0.20654045909643173,0.14585900465534243,0.0,5.610234498512,8.927487328648567,0.1490257922379246,0.5965925009560736,9.492257842974327,3.7048760379112395,2.8368291500795415,0.42867862381872474,0.06356199227786578,0.16374116851769605,0.034656785704532914,0.07693711013825877,-0.05258675984734368,-0.016999478355255577,0.1693621602556112,0.026750700663622392,0.8666666666666667,0.004973006308756701,0.01340126135007682,0.7739430441713997,0.049134263297041056,0.06337704393350936,0.048241446496882084,0.002386637272760871,0.022710630020851275,0.011012926355003248,0.003393249605637072,0.007053683132555173,0.0041404144360516855,0.011982657386402591,0.0030264678935071725,0.02245500062658865,2.0816681711721685e-17,6.889329805996472e-05,6.889329805996472e-05,5.969981253120014,3150.7216459056413
390001,2,14,M2,0,True,0.0,0.9890775587322591,0.9612089653333922,0.35,0.0,0.0,0.20833341283723714,0.062489898935891686,2.92039684318006,0.25279291801154613,0.0,0.0,5.331442344933748,7.0982246696949005,0.1558671730762455,0.6068146726024523,8.072809734984533,3.6158735418192713,2.887186569478392,0.40436409414398167,0.09324821091478804,0.22337801995847548,0.06906342293157205,0.07902245351605491,-0.0391088702012043,-0.009596739119150495,0.19616379154298946,0.022531405727074776,0.7999999999999999,0.004502061795365157,0.014095613045894462,0.7860292010994874,0.036529954460844775,0.058891388839591115,0.049301591150018025,0.002867221162035146,0.020980377493260916,0.010937133737019749,0.003875079904434719,0.010569850898355907,0.004772121462400098,0.013910887560975431,0.0032850219223167334,0.0274191829601631,2.0816681711721685e-17,8.267195767195767e-05,0.0001240079365079365,3.323598255172828,1786.2464743823796
390001,2,14,M3,1,True,0.0,0.9890775587322591,0.9612089653333922,0.35,0.0,0.0,0.20833341283723714,0.062489898935891686,2.92039684318006,0.25279291801154613,0.0,0.0,5.331442344933748,7.0982246696949005,0.1558671730762455,0.6068146726024523,8.072809734984533,3.6158735418192713,2.887186569478392,0.40436409414398167,0.09324821091478804,0.22337801995847548,0.06906342293157205,0.07902245351605491,-0.0391088702012043,-0.009596739119150495,0.19616379154298946,0.022531405727074776,0.7999999999999999,0.004502061795365157,0.014095613045894462,0.7860292010994874,0.036529954460844775,0.058891388839591115,0.049301591150018025,0.002867221162035146,0.020980377493260916,0.010937133737019749,0.003875079904434719,0.010569850898355907,0.004772121462400098,0.013910887560975431,0.0032850219223167334,0.0274191829601631,2.0816681711721685e-17,8.267195767195767e-05,0.0001240079365079365,3.323598255172828,1786.2464743823796
390001,2,14,M2+O,2,True,0.0,0.9890775587322591,0.9612089653333922,0.35,0.0,0.0,0.20833341283723714,0.062489898935891686,2.92039684318006,0.25279291801154613,0.09017833367092232,0.0,5.331442344933748,7.0982246696949005,0.1553650644088161,0.6028484395245797,8.010642641071032,3.6114802323451136,2.8755259892840317,0.37601379370785804,0.09416594449256836,0.22095784426410103,0.06347631959573062,0.0777509587700752,-0.040898240831628095,-0.009515690055742657,0.2011989887032021,0.023690483445551486,0.8145833333333332,0.0046941117497823655,0.014335849920073841,0.7993290077732559,0.045611334019037934,0.05697318948355537,0.0475121105855576,0.002827217105188026,0.021390373873924416,0.010505980380073764,0.003798989831908815,0.010323670572079627,0.004895016530273563,0.013758748503854727,0.003010796937482437,0.023598231070608572,2.0816681711721685e-17,8.267195767195767e-05,0.0001240079365079365,3.4076044821671174,1785.999677156782
390001,2,14,M4,3,True,0.0,0.9890775587322591,0.9612089653333922,0.35,0.0,0.0,0.20833341283723714,0.062489898935891686,2.92039684318006,0.25279291801154613,0.09017833367092232,0.0,5.331442344933748,7.0982246696949005,0.1553650644088161,0.6028484395245797,8.010642641071032,3.6114802323451136,2.8755259892840317,0.37601379370785804,0.09416594449256836,0.22095784426410103,0.06347631959573062,0.0777509587700752,-0.040898240831628095,-0.009515690055742657,0.2011989887032021,0.023690483445551486,0.8145833333333332,0.0046941117497823655,0.014335849920073841,0.7993290077732559,0.045611334019037934,0.05697318948355537,0.0475121105855576,0.002827217105188026,0.021390373873924416,0.010505980380073764,0.003798989831908815,0.010323670572079627,0.004895016530273563,0.013758748503854727,0.003010796937482437,0.023598231070608572,2.0816681711721685e-17,8.267195767195767e-05,0.0001240079365079365,3.4076044821671174,1785.999677156782
390001,2,15,M2,0,False,0.004827393475985404,0.9890775587322591,0.9612089653333922,0.35,0.0,0.0,0.26893506180495025,0.07365114953368902,3.2870344676077363,0.18954758934676647,0.0,0.0,6.0987141309306026,8.098484382033348,0.15424085900377119,0.5843371698165405,8.3420904468119,3.612278694052943,2.88692050089265,0.43581827123216454,0.06374684982145146,0.17216833525803465,0.048981423132209656,0.07655384674186226,-0.05106755711306593,-0.017198320461260904,0.1828743976815527,0.02522559159525975,0.8583333333333333,0.00518014310436647,0.013625823269189293,0.7657483695789811,0.04066045669536498,0.05261351545623561,0.04974383422511597,0.002489446091576029,0.023271220661256815,0.011599437253323177,0.0035097795649467276,0.0073473950388628735,0.004104329941878006,0.013441192240769777,0.0033955934188824965,0.0260063165868498,2.0816681711721685e-17,0.0,1.3778659611992945e-05,5.640735767466833,7851.423038535669
390001,2,15,M3,1,False,0.004827393475985404,0.9890775587322591,0.9612089653333922,0.35,0.0,0.0,0.26893506180495025,0.07365114953368902,3.2870344676077363,0.18954758934676647,0.0,0.0,6.0987141309306026,8.098484382033348,0.15424085900377119,0.5843371698165405,8.3420904468119,3.612278694052943,2.88692050089265,0.43581827123216454,0.06374684982145146,0.17216833525803465,0.048981423132209656,0.07655384674186226,-0.05106755711306593,-0.017198320461260904,0.1828743976815527,0.02522559159525975,0.8583333333333333,0.00518014310436647,0.013625823269189293,0.7657483695789811,0.04066045669536498,0.05261351545623561,0.04974383422511597,0.002489446091576029,0.023271220661256815,0.011599437253323177,0.0035097795649467276,0.0073473950388628735,0.004104329941878006,0.013441192240769777,0.0033955934188824965,0.0260063165868498,2.0816681711721685e-17,0.0,1.3778659611992945e-05,5.640735767466833,7851.423038535669
390001,2,15,M2+O,2,False,0.0040765820835251,0.9890775587322591,0.9612089653333922,0.35,0.0,0.0,0.26893506180495025,0.07365114953368902,3.2870344676077363,0.18954758934676647,0.06948194053920671,0.0,6.0987141309306026,8.098484382033348,0.15389769981012008,0.5844550114560477,8.34575636740945,3.6162504783568523,2.9185895113370974,0.42692749032484656,0.06425366944245693,0.17056548332865898,0.04556560964157097,0.07570123939014291,-0.05210069389152719,-0.017012964140470765,0.1856769945878345,0.026056895895694654,0.8583333333333334,0.005297823433101308,0.014021509008341364,0.7268490980036302,0.04118779012197791,0.06522897300779684,0.05390203117051775,0.002479041095501364,0.0233423264112702,0.011300822960678206,0.003457301301428416,0.007203295865003985,0.004199649249314258,0.013307742741630376,0.003235262036586097,0.024939540419352205,2.0816681711721685e-17,0.0,1.3778659611992945e-05,5.827700852555211,7826.976047779362
390001,2,15,M4,3,False,0.0040765820835251,0.9890775587322591,0.9612089653333922,0.35,0.0,0.0,0.26893506180495025,0.07365114953368902,3.2870344676077363,0.18954758934676647,0.06948194053920671,0.0,6.0987141309306026,8.098484382033348,0.15389769981012008,0.5844550114560477,8.34575636740945,3.6162504783568523,2.9185895113370974,0.42692749032484656,0.06425366944245693,0.17056548332865898,0.04556560964157097,0.07570123939014291,-0.05210069389152719,-0.017012964140470765,0.1856769945878345,0.026056895895694654,0.8583333333333334,0.005297823433101308,0.014021509008341364,0.7268490980036302,0.04118779012197791,0.06522897300779684,0.05390203117051775,0.002479041095501364,0.0233423264112702,0.011300822960678206,0.003457301301428416,0.007203295865003985,0.004199649249314258,0.013307742741630376,0.003235262036586097,0.024939540419352205,2.0816681711721685e-17,0.0,1.3778659611992945e-05,5.827700852555211,7826.976047779362
390001,2,16,M2,0,False,1.059164657355581e-06,0.9890775587322591,0.9612089653333922,0.35,0.0,0.0,0.27431888692080975,0.06181873608380556,2.745128928869963,0.22651283517479898,0.0,0.0,5.591213259845972,8.767512990161777,0.1595832907865307,0.5846190483958481,7.1608005417389755,3.561339161980724,2.992366796523046,0.3940930314865339,0.0974326427615909,0.22243687908629164,0.07655442877307068,0.07778105864420004,-0.038164725330321975,-0.007390738904511813,0.24387256855122338,0.025435904040187335,0.8333333333333334,0.005503920923992908,0.015843114454205682,0.6925222195032058,0.04140009207980567,0.06422116938958597,0.03974090265948127,0.00309165372296793,0.02184106895708698,0.010336104339230533,0.0036121769359360586,0.01081926612655873,0.0049200252700762085,0.0158801214041262,0.003493884540369994,0.02881516978367186,2.0816681711721685e-17,1.3778659611992945e-05,1.3778659611992945e-05,2.8564312414318067,2993.706446370383
390001,2,16,M3,1,False,1.059164657355581e-06,0.9890775587322591,0.9612089653333922,0.35,0.0,0.0,0.27431888692080975,0.06181873608380556,2.745128928869963,0.22651283517479898,0.0,0.0,5.591213259845972,8.767512990161777,0.1595832907865307,0.5846190483958481,7.1608005417389755,3.561339161980724,2.992366796523046,0.3940930314865339,0.0974326427615909,0.22243687908629164,0.07655442877307068,0.07778105864420004,-0.038164725330321975,-0.007390738904511813,0.24387256855122338,0.025435904040187335,0.8333333333333334,0.005503920923992908,0.015843114454205682,0.6925222195032058,0.04140009207980567,0.06422116938958597,0.03974090265948127,0.00309165372296793,0.02184106895708698,0.010336104339230533,0.0036121769359360586,0.01081926612655873,0.0049200252700762085,0.0158801214041262,0.003493884540369994,0.02881516978367186,2.0816681711721685e-17,1.3778659611992945e-05,1.3778659611992945e-05,2.8564312414318067,2993.706446370383
390001,2,16,M2+O,2,False,1.6482564527513707e-05,0.9890775587322591,0.9612089653333922,0.35,0.0,0.0,0.27431888692080975,0.06181873608380556,2.745128928869963,0.22651283517479898,0.2121842301297775,0.0,5.591213259845972,8.767512990161777,0.1569478298674473,0.5829786069597533,7.459311555146214,3.572943994424001,2.9511381131955106,0.3681909639688694,0.10525030248343742,0.20315780481140697,0.05987330213840441,0.07654512508819226,-0.041156254315620325,-0.005596555493760973,0.2706657216448765,0.03258270389180074,0.9020833333333332,0.005964099791680667,0.01669402872160877,0.7161257771238212,0.04176034859584501,0.06739189146726282,0.04485010597402122,0.003003138084329101,0.022586270834815982,0.009031207233265113,0.0038040290314764525,0.009961915003333752,0.005156338239343228,0.015025319417388569,0.0028825790856198915,0.013283136943250269,2.0816681711721685e-17,1.3778659611992945e-05,1.3778659611992945e-05,3.111096768666552,2992.2323521273515
390001,2,16,M4,3,False,1.6482564527513707e-05,0.9890775587322591,0.9612089653333922,0.35,0.0,0.0,0.27431888692080975,0.06181873608380556,2.745128928869963,0.22651283517479898,0.2121842301297775,0.0,5.591213259845972,8.767512990161777,0.1569478298674473,0.5829786069597533,7.459311555146214,3.572943994424001,2.9511381131955106,0.3681909639688694,0.10525030248343742,0.20315780481140697,0.05987330213840441,0.07654512508819226,-0.041156254315620325,-0.005596555493760973,0.2706657216448765,0.03258270389180074,0.9020833333333332,0.005964099791680667,0.01669402872160877,0.7161257771238212,0.04176034859584501,0.06739189146726282,0.04485010597402122,0.003003138084329101,0.022586270834815982,0.009031207233265113,0.0038040290314764525,0.009961915003333752,0.005156338239343228,0.015025319417388569,0.0028825790856198915,0.013283136943250269,2.0816681711721685e-17,1.3778659611992945e-05,1.3778659611992945e-05,3.111096768666552,2992.2323521273515
390001,2,17,M2,0,False,0.0002943684347607412,0.9890775587322591,0.9612089653333922,0.35,0.0,0.0,0.2107140221633017,0.07251564121339471,3.1294893007725477,0.21084689751267433,0.0,0.0,6.359143438749015,6.029857037588954,0.15501223629383526,0.5872840174007613,8.073863200077763,3.6509335059665475,2.8594773021139166,0.380562603560684,0.06845585482497209,0.1895199354975089,0.05466585586423889,0.07721791957058334,-0.0510286722098543,-0.016875932392531906,0.164107786097365,0.02118500484417693,0.8041666666666667,0.00443507639849961,0.013494044231376434,0.711400544139631,0.042453671462744855,0.04938020854917568,0.040751927350889436,0.0025333909247749753,0.022352563020733324,0.011752366558771992,0.0037025157180527605,0.008031564461093923,0.004212441165739244,0.012545464646612756,0.0030500706896279205,0.02853879045065634,2.0816681711721685e-17,0.0,1.3778659611992945e-05,4.754026643233879,12969.62259882919
390001,2,17,M3,1,False,0.0002943684347607412,0.9890775587322591,0.9612089653333922,0.35,0.0,0.0,0.2107140221633017,0.07251564121339471,3.1294893007725477,0.21084689751267433,0.0,0.0,6.359143438749015,6.029857037588954,0.15501223629383526,0.5872840174007613,8.073863200077763,3.6509335059665475,2.8594773021139166,0.380562603560684,0.06845585482497209,0.1895199354975089,0.05466585586423889,0.07721791957058334,-0.0510286722098543,-0.016875932392531906,0.164107786097365,0.02118500484417693,0.8041666666666667,0.00443507639849961,0.013494044231376434,0.711400544139631,0.042453671462744855,0.04938020854917568,0.040751927350889436,0.0025333909247749753,0.022352563020733324,0.011752366558771992,0.0037025157180527605,0.008031564461093923,0.004212441165739244,0.012545464646612756,0.0030500706896279205,0.02853879045065634,2.0816681711721685e-17,0.0,1.3778659611992945e-05,4.754026643233879,12969.62259882919
390001,2,17,M2+O,2,False,0.00031826349473861027,0.9890775587322591,0.9612089653333922,0.35,0.0,0.0,0.2107140221633017,0.07251564121339471,3.1294893007725477,0.21084689751267433,0.022073353820592844,0.0,6.359143438749015,6.029857037588954,0.15495024251095021,0.5870699638961692,8.058610558102792,3.64951319685181,2.8656357918633155,0.373715059514947,0.06839440531036543,0.18932690107839942,0.05361302531576017,0.07675477860615622,-0.05145183312675686,-0.016904570641209826,0.16419760809242365,0.021287669998393873,0.8104166666666668,0.004474294057454026,0.01366788817994309,0.7014696981444112,0.044007890648036445,0.049453929384863905,0.04274476051308815,0.0025294127210612766,0.022428082097154294,0.011647819037930078,0.0037171045232139593,0.007984632088030859,0.004238307782320463,0.012538855289030981,0.002997599352254428,0.02822964295817242,2.0816681711721685e-17,0.0,1.3778659611992945e-05,4.785201017734244,12956.999469701766
390001,2,17,M4,3,False,0.00031826349473861027,0.9890775587322591,0.9612089653333922,0.35,0.0,0.0,0.2107140221633017,0.07251564121339471,3.1294893007725477,0.21084689751267433,0.022073353820592844,0.0,6.359143438749015,6.029857037588954,0.15495024251095021,0.5870699638961692,8.058610558102792,3.64951319685181,2.8656357918633155,0.373715059514947,0.06839440531036543,0.18932690107839942,0.05361302531576017,0.07675477860615622,-0.05145183312675686,-0.016904570641209826,0.16419760809242365,0.021287669998393873,0.8104166666666668,0.004474294057454026,0.01366788817994309,0.7014696981444112,0.044007890648036445,0.049453929384863905,0.04274476051308815,0.0025294127210612766,0.022428082097154294,0.011647819037930078,0.0037171045232139593,0.007984632088030859,0.004238307782320463,0.012538855289030981,0.002997599352254428,0.02822964295817242,2.0816681711721685e-17,0.0,1.3778659611992945e-05,4.785201017734244,12956.999469701766
390001,2,18,M2,0,True,0.0,0.9890775587322591,0.9612089653333922,0.35,0.0,0.0,0.2333221411332488,0.0694007444800809,2.9358963377773764,0.24959932155907155,0.0,0.0,6.073741978500038,7.956517500802875,0.15267091646265588,0.6039676145918517,8.715974832759422,3.6734599569655693,2.8111381519744185,0.39362369159578847,0.08526198024715183,0.20992442407728684,0.060140900946408914,0.08011752215056411,-0.04232766604773808,-0.010698652171035503,0.192316221881605,0.025030023229614128,0.8250000000000001,0.004765209859762007,0.01363598783392671,0.8139644258242037,0.03909574288583599,0.05656342865467481,0.04356189424092911,0.002743529209019977,0.021897375099037088,0.011021193017824523,0.0038760201498996305,0.009969663337090132,0.004588632406473129,0.013802122521157282,0.003413442492072182,0.02708681694429807,2.0816681711721685e-17,1.3778659611992945e-05,2.755731922398589e-05,3.8387292926891288,7864.935347556545
390001,2,18,M3,1,True,0.0,0.9890775587322591,0.9612089653333922,0.35,0.0,0.0,0.2333221411332488,0.0694007444800809,2.9358963377773764,0.24959932155907155,0.0,0.0,6.073741978500038,7.956517500802875,0.15267091646265588,0.6039676145918517,8.715974832759422,3.6734599569655693,2.8111381519744185,0.39362369159578847,0.08526198024715183,0.20992442407728684,0.060140900946408914,0.08011752215056411,-0.04232766604773808,-0.010698652171035503,0.192316221881605,0.025030023229614128,0.8250000000000001,0.004765209859762007,0.01363598783392671,0.8139644258242037,0.03909574288583599,0.05656342865467481,0.04356189424092911,0.002743529209019977,0.021897375099037088,0.011021193017824523,0.0038760201498996305,0.009969663337090132,0.004588632406473129,0.013802122521157282,0.003413442492072182,0.02708681694429807,2.0816681711721685e-17,1.3778659611992945e-05,2.755731922398589e-05,3.8387292926891288,7864.935347556545
390001,2,18,M2+O,2,True,0.0,0.9890775587322591,0.9612089653333922,0.35,0.0,0.0,0.2333221411332488,0.0694007444800809,2.9358963377773764,0.24959932155907155,0.04776055824152218,0.0,6.073741978500038,7.956517500802875,0.152492698998902,0.6024782091948596,8.665622628944883,3.6667063105499427,2.821286278662702,0.3897063768472859,0.08531352631378748,0.20938390534507287,0.05767394030714144,0.07898853277782096,-0.04333069145913505,-0.010765758196117395,0.19326223857307978,0.02536544778094312,0.8312499999999999,0.004850862856720117,0.014036109526130136,0.8125581469255776,0.043361285409048364,0.05867351039529921,0.04624469741013701,0.0027261241134202228,0.022126702627227542,0.010916265038511026,0.003920656903508097,0.009837599402012778,0.004654445146199718,0.013737481859966247,0.0032586036198153905,0.025681384590647633,2.0816681711721685e-17,1.3778659611992945e-05,2.755731922398589e-05,3.8930546585163057,7864.749756712138
390001,2,18,M4,3,True,0.0,0.9890775587322591,0.9612089653333922,0.35,0.0,0.0,0.2333221411332488,0.0694007444800809,2.9358963377773764,0.24959932155907155,0.04776055824152218,0.0,6.073741978500038,7.956517500802875,0.152492698998902,0.6024782091948596,8.665622628944883,3.6667063105499427,2.821286278662702,0.3897063768472859,0.08531352631378748,0.20938390534507287,0.05767394030714144,0.07898853277782096,-0.04333069145913505,-0.010765758196117395,0.19326223857307978,0.02536544778094312,0.8312499999999999,0.004850862856720117,0.014036109526130136,0.8125581469255776,0.043361285409048364,0.05867351039529921,0.04624469741013701,0.0027261241134202228,0.022126702627227542,0.010916265038511026,0.003920656903508097,0.009837599402012778,0.004654445146199718,0.013737481859966247,0.0032586036198153905,0.025681384590647633,2.0816681711721685e-17,1.3778659611992945e-05,2.755731922398589e-05,3.8930546585163057,7864.749756712138
390001,2,19,M2,0,False,0.012534342805467655,0.9890775587322591,0.9612089653333922,0.35,0.0,0.0,0.29389928011223676,0.0837265725620091,3.151984858140349,0.19276041217148304,0.0,0.0,5.306607499253005,6.847492961212993,0.14949776516943886,0.5959562112119513,9.617707850887754,3.704457042220875,2.81097501155075,0.4575189363322438,0.05992388086988409,0.15984767952489143,0.04025080096855243,0.07757314107958602,-0.04994310780449254,-0.01694425428339032,0.17867275531957347,0.028066599773769924,0.8624999999999999,0.005378682214544238,0.013823101197930949,0.9094139335594977,0.04378399543165339,0.056466338448216365,0.05279007097747326,0.002392605378869739,0.023490469931700193,0.011660095774057832,0.0035653617129681116,0.007010583493071818,0.003950987194390767,0.013269193084406689,0.0036033164596851377,0.02504524890580294,2.0816681711721685e-17,0.00013778659611992945,0.0002204585537918871,6.223501913025388,1731.2539358375768
390001,2,19,M3,1,False,0.012534342805467655,0.9890775587322591,0.9612089653333922,0.35,0.0,0.0,0.29389928011223676,0.0837265725620091,3.151984858140349,0.19276041217148304,0.0,0.0,5.306607499253005,6.847492961212993,0.14949776516943886,0.5959562112119513,9.617707850887754,3.704457042220875,2.81097501155075,0.4575189363322438,0.05992388086988409,0.15984767952489143,0.04025080096855243,0.07757314107958602,-0.04994310780449254,-0.01694425428339032,0.17867275531957347,0.028066599773769924,0.8624999999999999,0.005378682214544238,0.013823101197930949,0.9094139335594977,0.04378399543165339,0.056466338448216365,0.05279007097747326,0.002392605378869739,0.023490469931700193,0.011660095774057832,0.0035653617129681116,0.007010583493071818,0.003950987194390767,0.013269193084406689,0.0036033164596851377,0.02504524890580294,2.0816681711721685e-17,0.00013778659611992945,0.0002204585537918871,6.223501913025388,1731.2539358375768
390001,2,19,M2+O,2,False,0.007541336010769627,0.9890775587322591,0.9612089653333922,0.35,0.0,0.0,0.29389928011223676,0.0837265725620091,3.151984858140349,0.19276041217148304,0.13119263357491437,0.0,5.306607499253005,6.847492961212993,0.14855717426168466,0.5968881245520873,9.739185312479178,3.6913856771353077,2.820606507725543,0.42201979727878275,0.062184322058373064,0.15589153967608113,0.03394419872171866,0.07671030513487746,-0.05127527577949847,-0.016154338544973508,0.188430483033443,0.030515709169767886,0.8958333333333334,0.005610175014790128,0.014258128023802196,0.8294624228781206,0.0434867072871786,0.06074868625967848,0.045678152879484485,0.002391989972720702,0.02317969064445532,0.01117003025010625,0.003353576518417831,0.006783947292856405,0.004123869812552124,0.012943446100966654,0.0033572063442117704,0.018775144171146677,2.0816681711721685e-17,9.645061728395061e-05,0.00017912257495590828,6.619547199966317,1740.6559134010097
390001,2,19,M4,3,False,0.007541336010769627,0.9890775587322591,0.9612089653333922,0.35,0.0,0.0,0.29389928011223676,0.0837265725620091,3.151984858140349,0.19276041217148304,0.13119263357491437,0.0,5.306607499253005,6.847492961212993,0.14855717426168466,0.5968881245520873,9.739185312479178,3.6913856771353077,2.820606507725543,0.42201979727878275,0.062184322058373064,0.15589153967608113,0.03394419872171866,0.07671030513487746,-0.05127527577949847,-0.016154338544973508,0.188430483033443,0.030515709169767886,0.8958333333333334,0.005610175014790128,0.014258128023802196,0.8294624228781206,0.0434867072871786,0.06074868625967848,0.045678152879484485,0.002391989972720702,0.02317969064445532,0.01117003025010625,0.003353576518417831,0.006783947292856405,0.004123869812552124,0.012943446100966654,0.0033572063442117704,0.018775144171146677,2.0816681711721685e-17,9.645061728395061e-05,0.00017912257495590828,6.619547199966317,1740.6559134010097
390001,2,20,M2,0,True,0.0,0.9890775587322591,0.9612089653333922,0.35,0.0,0.0,0.2853641238063574,0.066921036564745,3.004666529595852,0.18090405613183974,0.0,0.0,5.5569867682643235,7.624283714219928,0.16081746168189442,0.5636558887185394,6.746758562148064,3.512239727962656,3.038089412060428,0.43368634779321374,0.07605126978263706,0.1904480837187927,0.06487137487008802,0.07475389691663901,-0.04796824561369404,-0.01328114431280378,0.2288802405302537,0.02514455165124636,0.8416666666666667,0.005607249685395682,0.014822782400088287,0.5981358490899413,0.039843917611497574,0.06289370944345782,0.05253790182904541,0.0027739856044027528,0.023313239737058344,0.010795366793961531,0.0034144450985736144,0.008365438474376857,0.004541707285606179,0.01524924520374453,0.0033830495348139314,0.02974326538476891,2.0816681711721685e-17,0.0,1.3778659611992945e-05,3.715703579405934,2420.1640478484164
390001,2,20,M3,1,True,0.0,0.9890775587322591,0.9612089653333922,0.35,0.0,0.0,0.2853641238063574,0.066921036564745,3.004666529595852,0.18090405613183974,0.0,0.0,5.5569867682643235,7.624283714219928,0.16081746168189442,0.5636558887185394,6.746758562148064,3.512239727962656,3.038089412060428,0.43368634779321374,0.07605126978263706,0.1904480837187927,0.06487137487008802,0.07475389691663901,-0.04796824561369404,-0.01328114431280378,0.2288802405302537,0.02514455165124636,0.8416666666666667,0.005607249685395682,0.014822782400088287,0.5981358490899413,0.039843917611497574,0.06289370944345782,0.05253790182904541,0.0027739856044027528,0.023313239737058344,0.010795366793961531,0.0034144450985736144,0.008365438474376857,0.004541707285606179,0.01524924520374453,0.0033830495348139314,0.02974326538476891,2.0816681711721685e-17,0.0,1.3778659611992945e-05,3.715703579405934,2420.1640478484164
390001,2,20,M2+O,2,True,0.0,0.9890775587322591,0.9612089653333922,0.35,0.0,0.0,0.2853641238063574,0.066921036564745,3.004666529595852,0.18090405613183974,0.07382451393861636,0.0,5.5569867682643235,7.624283714219928,0.1604105160430199,0.5646927164900332,6.752518629871841,3.5047641178109643,3.060589234224935,0.4420147824222638,0.07680157783835251,0.18763800384768806,0.060491509952456314,0.07351522031182564,-0.04925249858855133,-0.013135285855397244,0.23221789274273366,0.026124386735570423,0.8604166666666666,0.00572554697128876,0.015471562947885112,0.5727565746054001,0.04169430497178644,0.06668712710851518,0.05357659751870115,0.0027474423299862,0.023586908032401467,0.010417743526074845,0.00342865129977683,0.00812126233321991,0.004627027682332539,0.015060564329173328,0.0031338126047669363,0.023113450242782965,2.0816681711721685e-17,0.0,1.3778659611992945e-05,3.8132309671062514,2402.3262661689228
390001,2,20,M4,3,True,0.0,0.9890775587322591,0.9612089653333922,0.35,0.0,0.0,0.2853641238063574,0.066921036564745,3.004666529595852,0.18090405613183974,0.07382451393861636,0.0,5.5569867682643235,7.624283714219928,0.1604105160430199,0.5646927164900332,6.752518629871841,3.5047641178109643,3.060589234224935,0.4420147824222638,0.07680157783835251,0.18763800384768806,0.060491509952456314,0.07351522031182564,-0.04925249858855133,-0.013135285855397244,0.23221789274273366,0.026124386735570423,0.8604166666666666,0.00572554697128876,0.015471562947885112,0.5727565746054001,0.04169430497178644,0.06668712710851518,0.05357659751870115,0.0027474423299862,0.023586908032401467,0.010417743526074845,0.00342865129977683,0.00812126233321991,0.004627027682332539,0.015060564329173328,0.0031338126047669363,0.023113450242782965,2.0816681711721685e-17,0.0,1.3778659611992945e-05,3.8132309671062514,2402.3262661689228
390001,2,21,M2,0,True,0.0,0.9890775587322591,0.9612089653333922,0.35,0.0,0.0,0.24985972577705978,0.08074341848492622,2.7879210490733386,0.2564136388897896,0.0,0.0,6.2897146246396005,7.174714235588908,0.14787308641254596,0.6095884895563434,9.881035977233266,3.745420378001283,2.7445620916058844,0.41535833216168866,0.07906789677651195,0.19678231028554835,0.0501564754024423,0.0817149976794281,-0.043109746372615276,-0.011117949778463351,0.18373214809137606,0.027511274781160222,0.84375,0.004870607898747217,0.013566479912583796,0.9262021990060101,0.043646407509708746,0.056529165180905686,0.044001631584723915,0.0026062230408163906,0.02248641591297493,0.01117934943145899,0.003931358027081755,0.00949367332538104,0.0044105294022944224,0.013415960620579698,0.003532803914690348,0.025944565346416825,2.0816681711721685e-17,2.755731922398589e-05,5.511463844797178e-05,4.192702465405924,12111.793459805262
390001,2,21,M3,1,True,0.0,0.9890775587322591,0.9612089653333922,0.35,0.0,0.0,0.24985972577705978,0.08074341848492622,2.7879210490733386,0.2564136388897896,0.0,0.0,6.2897146246396005,7.174714235588908,0.14787308641254596,0.6095884895563434,9.881035977233266,3.745420378001283,2.7445620916058844,0.41535833216168866,0.07906789677651195,0.19678231028554835,0.0501564754024423,0.0817149976794281,-0.043109746372615276,-0.011117949778463351,0.18373214809137606,0.027511274781160222,0.84375,0.004870607898747217,0.013566479912583796,0.9262021990060101,0.043646407509708746,0.056529165180905686,0.044001631584723915,0.0026062230408163906,0.02248641591297493,0.01117934943145899,0.003931358027081755,0.00949367332538104,0.0044105294022944224,0.013415960620579698,0.003532803914690348,0.025944565346416825,2.0816681711721685e-17,2.755731922398589e-05,5.511463844797178e-05,4.192702465405924,12111.793459805262
390001,2,21,M2+O,2,True,0.0,0.9890775587322591,0.9612089653333922,0.35,0.0,0.0,0.24985972577705978,0.08074341848492622,2.7879210490733386,0.2564136388897896,0.05298770697682681,0.0,6.2897146246396005,7.174714235588908,0.14766993467008654,0.6094659902389501,9.826452361042222,3.739839012488098,2.742912420533726,0.4056788657421871,0.07914863945605975,0.19629786135518248,0.04791759964856829,0.08061566607498599,-0.044177153872605436,-0.011168687227996285,0.18480693445077226,0.027927737413017753,0.8395833333333332,0.004962905198787595,0.013832070312568497,0.9180823823249299,0.04183961683587654,0.0586317649827086,0.04843654696325926,0.0025913051033075113,0.022682773590239704,0.011125739403950036,0.003952356491923006,0.009354143514330488,0.004486046192366076,0.013334258320454631,0.0033737659857042287,0.025176760381054278,2.0816681711721685e-17,2.755731922398589e-05,5.511463844797178e-05,4.28043381266213,12111.576544960733
390001,2,21,M4,3,True,0.0,0.9890775587322591,0.9612089653333922,0.35,0.0,0.0,0.24985972577705978,0.08074341848492622,2.7879210490733386,0.2564136388897896,0.05298770697682681,0.0,6.2897146246396005,7.174714235588908,0.14766993467008654,0.6094659902389501,9.826452361042222,3.739839012488098,2.742912420533726,0.4056788657421871,0.07914863945605975,0.19629786135518248,0.04791759964856829,0.08061566607498599,-0.044177153872605436,-0.011168687227996285,0.18480693445077226,0.027927737413017753,0.8395833333333332,0.004962905198787595,0.013832070312568497,0.9180823823249299,0.04183961683587654,0.0586317649827086,0.04843654696325926,0.0025913051033075113,0.022682773590239704,0.011125739403950036,0.003952356491923006,0.009354143514330488,0.004486046192366076,0.013334258320454631,0.0033737659857042287,0.025176760381054278,2.0816681711721685e-17,2.755731922398589e-05,5.511463844797178e-05,4.28043381266213,12111.576544960733
390001,2,22,M2,0,True,0.0,0.9890775587322591,0.9612089653333922,0.35,0.0,0.0,0.21934264209121468,0.06507959863170981,3.2768081992864606,0.20266117803752423,0.0,0.0,5.824183402583003,8.253249479457736,0.1583636797301737,0.5771522374307865,7.272715481745173,3.5889765985666906,2.9351986583094436,0.37497913921840337,0.07207844178631133,0.19682614432545184,0.06180206198497523,0.07619462212016545,-0.05077097588848722,-0.01620870857815865,0.1787514698296653,0.020633422063580036,0.7999999999999999,0.004610509059219457,0.014053237624436048,0.6333453285812268,0.04087681122298049,0.05035423679539006,0.04270292100579076,0.0026459647377583893,0.022397256796504398,0.01155918970230212,0.003589921542380334,0.00830290385967991,0.004354354113966684,0.013244113037817053,0.00303331313880639,0.029334403801284447,2.0816681711721685e-17,1.3778659611992945e-05,1.3778659611992945e-05,4.546893393799331,4749.1780781782045
390001,2,22,M3,1,True,0.0,0.9890775587322591,0.9612089653333922,0.35,0.0,0.0,0.21934264209121468,0.06507959863170981,3.2768081992864606,0.20266117803752423,0.0,0.0,5.824183402583003,8.253249479457736,0.1583636797301737,0.5771522374307865,7.272715481745173,3.5889765985666906,2.9351986583094436,0.37497913921840337,0.07207844178631133,0.19682614432545184,0.06180206198497523,0.07619462212016545,-0.05077097588848722,-0.01620870857815865,0.1787514698296653,0.020633422063580036,0.7999999999999999,0.004610509059219457,0.014053237624436048,0.6333453285812268,0.04087681122298049,0.05035423679539006,0.04270292100579076,0.0026459647377583893,0.022397256796504398,0.01155918970230212,0.003589921542380334,0.00830290385967991,0.004354354113966684,0.013244113037817053,0.00303331313880639,0.029334403801284447,2.0816681711721685e-17,1.3778659611992945e-05,1.3778659611992945e-05,4.546893393799331,4749.1780781782045
390001,2,22,M2+O,2,True,0.0,0.9890775587322591,0.9612089653333922,0.35,0.0,0.0,0.21934264209121468,0.06507959863170981,3.2768081992864606,0.20266117803752423,0.033084380497587614,0.0,5.824183402583003,8.253249479457736,0.1582530997388945,0.5768683598518288,7.255273903659319,3.579592882085047,2.9466680332744715,0.37239926584230504,0.07206920968010512,0.1963186885903673,0.060291889858933655,0.07558773461685657,-0.05141617219284026,-0.016223496116947858,0.179229410899812,0.020840231900946925,0.8083333333333332,0.004669254001938576,0.014153449762992343,0.6215857185888922,0.041480261962295824,0.055675231767866,0.04349243274518696,0.0026381316680088147,0.02252829592076013,0.011439750890407866,0.0035853787651587894,0.008219775702695619,0.004397549556334154,0.01322496272098137,0.002940868361510675,0.027693107672494728,2.0816681711721685e-17,1.3778659611992945e-05,1.3778659611992945e-05,4.588029728599118,4748.170823241424
390001,2,22,M4,3,True,0.0,0.9890775587322591,0.9612089653333922,0.35,0.0,0.0,0.21934264209121468,0.06507959863170981,3.2768081992864606,0.20266117803752423,0.033084380497587614,0.0,5.824183402583003,8.253249479457736,0.1582530997388945,0.5768683598518288,7.255273903659319,3.579592882085047,2.9466680332744715,0.37239926584230504,0.07206920968010512,0.1963186885903673,0.060291889858933655,0.07558773461685657,-0.05141617219284026,-0.016223496116947858,0.179229410899812,0.020840231900946925,0.8083333333333332,0.004669254001938576,0.014153449762992343,0.6215857185888922,0.041480261962295824,0.055675231767866,0.04349243274518696,0.0026381316680088147,0.02252829592076013,0.011439750890407866,0.0035853787651587894,0.008219775702695619,0.004397549556334154,0.01322496272098137,0.002940868361510675,0.027693107672494728,2.0816681711721685e-17,1.3778659611992945e-05,1.3778659611992945e-05,4.588029728599118,4748.170823241424
390001,2,23,M2,0,True,0.0,0.9890775587322591,0.9612089653333922,0.35,0.0,0.0,0.25806931434199215,0.07628014065790922,2.8931047920137645,0.23965651862323284,0.0,0.0,5.092159022577107,6.549499271437526,0.15087401550174678,0.6018296023272235,9.138192325268596,3.7044094467073205,2.788535639197922,0.4103597086675523,0.07835629409884247,0.19769683736421953,0.05410056304175458,0.08049433636270069,-0.04500697010025021,-0.011714332280974812,0.19139121846549156,0.026865761781748664,0.8395833333333332,0.005040046531075826,0.014339427376813691,0.840298216565496,0.0462636475875365,0.05508968747231635,0.04629762455521889,0.0026743941445391993,0.022722586462232228,0.011179064364904304,0.003831908799887125,0.009358161800224665,0.004433661280932012,0.013805461474546568,0.0035038076721843215,0.02535600982606524,2.0816681711721685e-17,0.0002204585537918871,0.0002755731922398589,4.205778291793764,1133.6305695221731
390001,2,23,M3,1,True,0.0,0.9890775587322591,0.9612089653333922,0.35,0.0,0.0,0.25806931434199215,0.07628014065790922,2.8931047920137645,0.23965651862323284,0.0,0.0,5.092159022577107,6.549499271437526,0.15087401550174678,0.6018296023272235,9.138192325268596,3.7044094467073205,2.788535639197922,0.4103597086675523,0.07835629409884247,0.19769683736421953,0.05410056304175458,0.08049433636270069,-0.04500697010025021,-0.011714332280974812,0.19139121846549156,0.026865761781748664,0.8395833333333332,0.005040046531075826,0.014339427376813691,0.840298216565496,0.0462636475875365,0.05508968747231635,0.04629762455521889,0.0026743941445391993,0.022722586462232228,0.011179064364904304,0.003831908799887125,0.009358161800224665,0.004433661280932012,0.013805461474546568,0.0035038076721843215,0.02535600982606524,2.0816681711721685e-17,0.0002204585537918871,0.0002755731922398589,4.205778291793764,1133.6305695221731
390001,2,23,M2+O,2,True,0.0,0.9890775587322591,0.9612089653333922,0.35,0.0,0.0,0.25806931434199215,0.07628014065790922,2.8931047920137645,0.23965651862323284,0.16454687114128402,0.0,5.092159022577107,6.549499271437526,0.14945815281820793,0.6004379983827813,9.245942078329072,3.6771141712236854,2.824347984457623,0.41564887654540145,0.08199658554368877,0.18986912820476023,0.04461611674034207,0.07781221925224867,-0.04743777153064443,-0.010699293072480303,0.20691142784420244,0.030863985854436168,0.8875000000000001,0.005386083420911195,0.015248632327510534,0.8122891969719933,0.045650114732288,0.06541351912783328,0.05644621064069578,0.0026443971908114068,0.023010343307874978,0.010344316735152058,0.003663246942578941,0.008867503429360803,0.004633332522210071,0.013416833842895397,0.0030447943684770787,0.016824434439317672,2.0816681711721685e-17,0.00016534391534391533,0.0003031305114638448,4.530691966506391,1165.3002115138358
390001,2,23,M4,3,True,0.0,0.9890775587322591,0.9612089653333922,0.35,0.0,0.0,0.25806931434199215,0.07628014065790922,2.8931047920137645,0.23965651862323284,0.16454687114128402,0.0,5.092159022577107,6.549499271437526,0.14945815281820793,0.6004379983827813,9.245942078329072,3.6771141712236854,2.824347984457623,0.41564887654540145,0.08199658554368877,0.18986912820476023,0.04461611674034207,0.07781221925224867,-0.04743777153064443,-0.010699293072480303,0.20691142784420244,0.030863985854436168,0.8875000000000001,0.005386083420911195,0.015248632327510534,0.8122891969719933,0.045650114732288,0.06541351912783328,0.05644621064069578,0.0026443971908114068,0.023010343307874978,0.010344316735152058,0.003663246942578941,0.008867503429360803,0.004633332522210071,0.013416833842895397,0.0030447943684770787,0.016824434439317672,2.0816681711721685e-17,0.00016534391534391533,0.0003031305114638448,4.530691966506391,1165.3002115138358
390001,2,24,M2,0,True,0.0,0.9890775587322591,0.9612089653333922,0.35,0.0,0.0,0.25229498287662866,0.07130121480673551,3.2424582408741114,0.25054258555173875,0.0,0.0,5.1947883064858615,7.697029176168144,0.14873998213141246,0.6064579791637043,9.59398553895794,3.7343970361420937,2.7689382895019627,0.42419348206138424,0.07810487480353583,0.1966351220332332,0.05005089934220828,0.08167731988388305,-0.04559103263839481,-0.012227144278942144,0.1847937880086504,0.02714370607282912,0.8479166666666668,0.0049273763313831,0.014290622628103815,0.880346046105851,0.04634687515007411,0.054379841626739756,0.04758702188386953,0.0026273158802263916,0.022737456140137457,0.011309249757570793,0.003943534862533489,0.009427971459956006,0.004381947129374008,0.013510742523044737,0.0035239686434769364,0.024167135177867363,2.0816681711721685e-17,0.000248015873015873,0.0003720238095238095,5.296443727090719,1452.6453332060385
390001,2,24,M3,1,True,0.0,0.9890775587322591,0.9612089653333922,0.35,0.0,0.0,0.25229498287662866,0.07130121480673551,3.2424582408741114,0.25054258555173875,0.0,0.0,5.1947883064858615,7.697029176168144,0.14873998213141246,0.6064579791637043,9.59398553895794,3.7343970361420937,2.7689382895019627,0.42419348206138424,0.07810487480353583,0.1966351220332332,0.05005089934220828,0.08167731988388305,-0.04559103263839481,-0.012227144278942144,0.1847937880086504,0.02714370607282912,0.8479166666666668,0.0049273763313831,0.014290622628103815,0.880346046105851,0.04634687515007411,0.054379841626739756,0.04758702188386953,0.0026273158802263916,0.022737456140137457,0.011309249757570793,0.003943534862533489,0.009427971459956006,0.004381947129374008,0.013510742523044737,0.0035239686434769364,0.024167135177867363,2.0816681711721685e-17,0.000248015873015873,0.0003720238095238095,5.296443727090719,1452.6453332060385
390001,2,24,M2+O,2,True,0.0,0.9890775587322591,0.9612089653333922,0.35,0.0,0.0,0.25229498287662866,0.07130121480673551,3.2424582408741114,0.25054258555173875,0.027300393382453058,0.0,5.1947883064858615,7.697029176168144,0.1486590609439601,0.6067295764089334,9.561762322225102,3.7335529030702292,2.774455707560724,0.4318384743075905,0.07803694657288396,0.19652487360636703,0.04881047204941402,0.08090877774666977,-0.04616294819512029,-0.012312137561543422,0.1849133883235289,0.027269385054353473,0.8458333333333333,0.0049720588973246075,0.014645507946725379,0.8743869430937994,0.04759210767835599,0.056215402203502296,0.04999308894287592,0.002619499603449577,0.022849188118796705,0.01129188810790537,0.004008596704071661,0.009352755002499564,0.004416916307512585,0.013476670732707311,0.003442317910522729,0.02480296752543197,2.0816681711721685e-17,0.000248015873015873,0.0003720238095238095,5.349008339537074,1499.400465482225
390001,2,24,M4,3,True,0.0,0.9890775587322591,0.9612089653333922,0.35,0.0,0.0,0.25229498287662866,0.07130121480673551,3.2424582408741114,0.25054258555173875,0.027300393382453058,0.0,5.1947883064858615,7.697029176168144,0.1486590609439601,0.6067295764089334,9.561762322225102,3.7335529030702292,2.774455707560724,0.4318384743075905,0.07803694657288396,0.19652487360636703,0.04881047204941402,0.08090877774666977,-0.04616294819512029,-0.012312137561543422,0.1849133883235289,0.027269385054353473,0.8458333333333333,0.0049720588973246075,0.014645507946725379,0.8743869430937994,0.04759210767835599,0.056215402203502296,0.04999308894287592,0.002619499603449577,0.022849188118796705,0.01129188810790537,0.004008596704071661,0.009352755002499564,0.004416916307512585,0.013476670732707311,0.003442317910522729,0.02480296752543197,2.0816681711721685e-17,0.000248015873015873,0.0003720238095238095,5.349008339537074,1499.400465482225
390001,2,25,M2,0,False,0.01135899455068751,0.9890775587322591,0.9612089653333922,0.35,0.0,0.0,0.2128114739432931,0.0819786664703861,2.857141142897308,0.18745961993932725,0.0,0.0,5.950249812100083,7.481925803236663,0.15594843501407582,0.5838745212442104,8.027776422317732,3.606759897230153,2.9147087228596056,0.419780607615809,0.06040792744707544,0.17530433017444724,0.05094270976931039,0.07533841164273596,-0.05224099131557323,-0.019263634800723028,0.15486867196242704,0.020249387165297363,0.8041666666666666,0.0044336583012689924,0.012710693381897866,0.7234379089026732,0.041842231873393136,0.06053220112720618,0.05568855506162937,0.0024376032570452015,0.02240550715864785,0.011984992831458728,0.0035168343759131786,0.007040692710390376,0.004009793895732853,0.01210443285448635,0.0029535993428683846,0.02947558967134381,2.0816681711721685e-17,1.3778659611992945e-05,1.3778659611992945e-05,4.377660554640653,5927.754110825396
390001,2,25,M3,1,False,0.01135899455068751,0.9890775587322591,0.9612089653333922,0.35,0.0,0.0,0.2128114739432931,0.0819786664703861,2.857141142897308,0.18745961993932725,0.0,0.0,5.950249812100083,7.481925803236663,0.15594843501407582,0.5838745212442104,8.027776422317732,3.606759897230153,2.9147087228596056,0.419780607615809,0.06040792744707544,0.17530433017444724,0.05094270976931039,0.07533841164273596,-0.05224099131557323,-0.019263634800723028,0.15486867196242704,0.020249387165297363,0.8041666666666666,0.0044336583012689924,0.012710693381897866,0.7234379089026732,0.041842231873393136,0.06053220112720618,0.05568855506162937,0.0024376032570452015,0.02240550715864785,0.011984992831458728,0.0035168343759131786,0.007040692710390376,0.004009793895732853,0.01210443285448635,0.0029535993428683846,0.02947558967134381,2.0816681711721685e-17,1.3778659611992945e-05,1.3778659611992945e-05,4.377660554640653,5927.754110825396
390001,2,25,M2+O,2,True,0.0,0.9890775587322591,0.9612089653333922,0.35,0.0,0.0,0.2128114739432931,0.0819786664703861,2.857141142897308,0.18745961993932725,0.23350648217868042,0.0,5.950249812100083,7.481925803236663,0.15293994130229369,0.5905322410337905,8.669083977717298,3.627969657502964,2.8783455297595517,0.39592002654504993,0.07051542877227689,0.15692109995092526,0.03416211692110326,0.07550829259460472,-0.05240094596320007,-0.015501905508317574,0.19580659623767963,0.028579617321495897,0.8916666666666666,0.0050771212792635936,0.014132544750723442,0.6259384522603961,0.045162182677259195,0.06220306924027777,0.052953761652526445,0.002506568825960248,0.022014471207086,0.009761399992678346,0.003150327797518085,0.006826212538660593,0.0043193322717507785,0.012251162200387024,0.002787588959977329,0.01919264150456381,2.0816681711721685e-17,0.0,1.3778659611992945e-05,4.5001253357472155,5883.99622112897
390001,2,25,M4,3,True,0.0,0.9890775587322591,0.9612089653333922,0.35,0.0,0.0,0.2128114739432931,0.0819786664703861,2.857141142897308,0.18745961993932725,0.23350648217868042,0.0,5.950249812100083,7.481925803236663,0.15293994130229369,0.5905322410337905,8.669083977717298,3.627969657502964,2.8783455297595517,0.39592002654504993,0.07051542877227689,0.15692109995092526,0.03416211692110326,0.07550829259460472,-0.05240094596320007,-0.015501905508317574,0.19580659623767963,0.028579617321495897,0.8916666666666666,0.0050771212792635936,0.014132544750723442,0.6259384522603961,0.045162182677259195,0.06220306924027777,0.052953761652526445,0.002506568825960248,0.022014471207086,0.009761399992678346,0.003150327797518085,0.006826212538660593,0.0043193322717507785,0.012251162200387024,0.002787588959977329,0.01919264150456381,2.0816681711721685e-17,0.0,1.3778659611992945e-05,4.5001253357472155,5883.99622112897
390001,2,26,M2,0,True,0.0,0.9890775587322591,0.9612089653333922,0.35,0.0,0.0,0.24332936750724912,0.0601364664407447,3.038868862576783,0.23370719604194165,0.0,0.0,6.421457636170089,8.555320414714515,0.1579513726702451,0.5904570969522333,7.466745869093594,3.5910193401037134,2.94056666238303,0.3831582652739116,0.0917472850795018,0.2198287418274655,0.07187374249701996,0.07815061015569445,-0.041197434154367434,-0.009656989488468467,0.21516991704843788,0.023563032786483005,0.81875,0.005011181578797011,0.014510296594958547,0.6998457710064038,0.04096150480551058,0.058212313161767275,0.041697972230233284,0.002935756874148147,0.021584194642042847,0.010775611288497813,0.003687813904505655,0.010392109412544292,0.004788270107383453,0.01479622474563456,0.003356396369713259,0.02603170099170892,2.0816681711721685e-17,0.0,1.3778659611992945e-05,3.424590633952316,14276.285424599062
390001,2,26,M3,1,True,0.0,0.9890775587322591,0.9612089653333922,0.35,0.0,0.0,0.24332936750724912,0.0601364664407447,3.038868862576783,0.23370719604194165,0.0,0.0,6.421457636170089,8.555320414714515,0.1579513726702451,0.5904570969522333,7.466745869093594,3.5910193401037134,2.94056666238303,0.3831582652739116,0.0917472850795018,0.2198287418274655,0.07187374249701996,0.07815061015569445,-0.041197434154367434,-0.009656989488468467,0.21516991704843788,0.023563032786483005,0.81875,0.005011181578797011,0.014510296594958547,0.6998457710064038,0.04096150480551058,0.058212313161767275,0.041697972230233284,0.002935756874148147,0.021584194642042847,0.010775611288497813,0.003687813904505655,0.010392109412544292,0.004788270107383453,0.01479622474563456,0.003356396369713259,0.02603170099170892,2.0816681711721685e-17,0.0,1.3778659611992945e-05,3.424590633952316,14276.285424599062
390001,2,26,M2+O,2,True,0.0,0.9890775587322591,0.9612089653333922,0.35,0.0,0.0,0.24332936750724912,0.0601364664407447,3.038868862576783,0.23370719604194165,0.10576962002334488,0.0,6.421457636170089,8.555320414714515,0.15725020222073952,0.5876279621870809,7.4440234414172215,3.5602937054947,2.918640887741345,0.3668283757498078,0.09326013375251672,0.21573020685038566,0.06519531607160009,0.07635432598845258,-0.04324438973727159,-0.00931144364965907,0.22224709742775092,0.025338488100155144,0.8395833333333332,0.005222051214248148,0.014921991307532247,0.7058871304129958,0.04318334770582319,0.06018497767458765,0.04191709802426925,0.0028864995953016047,0.02210053229637919,0.01025565449021846,0.003689889844621386,0.010035371272716375,0.004927631837626913,0.014538685026165022,0.002999283972679894,0.02291666666666667,2.0816681711721685e-17,0.0,1.3778659611992945e-05,3.5424864053461462,14153.836380753952
390001,2,26,M4,3,True,0.0,0.9890775587322591,0.9612089653333922,0.35,0.0,0.0,0.24332936750724912,0.0601364664407447,3.038868862576783,0.23370719604194165,0.10576962002334488,0.0,6.421457636170089,8.555320414714515,0.15725020222073952,0.5876279621870809,7.4440234414172215,3.5602937054947,2.918640887741345,0.3668283757498078,0.09326013375251672,0.21573020685038566,0.06519531607160009,0.07635432598845258,-0.04324438973727159,-0.00931144364965907,0.22224709742775092,0.025338488100155144,0.8395833333333332,0.005222051214248148,0.014921991307532247,0.7058871304129958,0.04318334770582319,0.06018497767458765,0.04191709802426925,0.0028864995953016047,0.02210053229637919,0.01025565449021846,0.003689889844621386,0.010035371272716375,0.004927631837626913,0.014538685026165022,0.002999283972679894,0.02291666666666667,2.0816681711721685e-17,0.0,1.3778659611992945e-05,3.5424864053461462,14153.836380753952
390001,2,27,M2,0,True,0.0,0.9890775587322591,0.9612089653333922,0.35,0.0,0.0,0.27959060072898867,0.07443597162142396,2.8240300370380282,0.20929500870406628,0.0,0.0,5.6652919836342335,6.6171028492972255,0.1556659574322569,0.5835419488397969,7.9757928159718645,3.6270560827213956,2.8975632156218656,0.3911569528018554,0.07704346393160291,0.19374567946593269,0.06026831015476899,0.07766516513548609,-0.04627310963236211,-0.0120162192839117,0.21123283803920012,0.026746426805931745,0.85,0.005416821235622504,0.014159630382954657,0.7214450329277641,0.038685067515685075,0.05589088007118542,0.0471430092802373,0.002734559206653459,0.023186412863395605,0.010918606933957705,0.0035986637553769517,0.008884658175806035,0.0044835118899162465,0.014623115838546898,0.0034962447301192866,0.02758386421836852,2.0816681711721685e-17,1.3778659611992945e-05,5.511463844797178e-05,3.7480804062550814,3460.274483161249
390001,2,27,M3,1,True,0.0,0.9890775587322591,0.9612089653333922,0.35,0.0,0.0,0.27959060072898867,0.07443597162142396,2.8240300370380282,0.20929500870406628,0.0,0.0,5.6652919836342335,6.6171028492972255,0.1556659574322569,0.5835419488397969,7.9757928159718645,3.6270560827213956,2.8975632156218656,0.3911569528018554,0.07704346393160291,0.19374567946593269,0.06026831015476899,0.07766516513548609,-0.04627310963236211,-0.0120162192839117,0.21123283803920012,0.026746426805931745,0.85,0.005416821235622504,0.014159630382954657,0.7214450329277641,0.038685067515685075,0.05589088007118542,0.0471430092802373,0.002734559206653459,0.023186412863395605,0.010918606933957705,0.0035986637553769517,0.008884658175806035,0.0044835118899162465,0.014623115838546898,0.0034962447301192866,0.02758386421836852,2.0816681711721685e-17,1.3778659611992945e-05,5.511463844797178e-05,3.7480804062550814,3460.274483161249
390001,2,27,M2+O,2,True,0.0,0.9890775587322591,0.9612089653333922,0.35,0.0,0.0,0.27959060072898867,0.07443597162142396,2.8240300370380282,0.20929500870406628,0.04330821162106339,0.0,5.6652919836342335,6.6171028492972255,0.15550096685205753,0.5820904127366412,7.950670549637003,3.6109302849691733,2.9325850806366787,0.4248668178888681,0.07706437177703358,0.19300093765601675,0.058197813550656806,0.07660794865183022,-0.04715238895025219,-0.012052342847924788,0.21193870934984238,0.027096868211263888,0.8604166666666667,0.005483644237508123,0.014641263532297673,0.7075970486159127,0.0418131410283973,0.054807297200218416,0.045851449505163844,0.0027186112692142105,0.02339438618531738,0.010877399633203881,0.0036621965204704783,0.008748885466634056,0.004538797073361167,0.014542215279045319,0.003342928538389987,0.024814377309455876,2.0816681711721685e-17,1.3778659611992945e-05,5.511463844797178e-05,3.803145868203655,3459.562775082041
390001,2,27,M4,3,True,0.0,0.9890775587322591,0.9612089653333922,0.35,0.0,0.0,0.27959060072898867,0.07443597162142396,2.8240300370380282,0.20929500870406628,0.04330821162106339,0.0,5.6652919836342335,6.6171028492972255,0.15550096685205753,0.5820904127366412,7.950670549637003,3.6109302849691733,2.9325850806366787,0.4248668178888681,0.07706437177703358,0.19300093765601675,0.058197813550656806,0.07660794865183022,-0.04715238895025219,-0.012052342847924788,0.21193870934984238,0.027096868211263888,0.8604166666666667,0.005483644237508123,0.014641263532297673,0.7075970486159127,0.0418131410283973,0.054807297200218416,0.045851449505163844,0.0027186112692142105,0.02339438618531738,0.010877399633203881,0.0036621965204704783,0.008748885466634056,0.004538797073361167,0.014542215279045319,0.003342928538389987,0.024814377309455876,2.0816681711721685e-17,1.3778659611992945e-05,5.511463844797178e-05,3.803145868203655,3459.562775082041
390001,2,28,M2,0,True,0.0,0.9890775587322591,0.9612089653333922,0.35,0.0,0.0,0.2879540531896055,0.06390389675740152,2.9761056745424868,0.21736293151974678,0.0,0.0,5.157286320813,8.887301716022193,0.15782525740039424,0.5832272511661452,7.439383942581801,3.5845985117666985,2.9833349734733177,0.4169304737855774,0.08826243710936708,0.20845590181513518,0.06855632364596688,0.07788734022186322,-0.04269678921648545,-0.009304309879631809,0.23627581620051294,0.027081614013431288,0.8520833333333334,0.0056320902662350195,0.015563366249609883,0.6797427083934838,0.04138214391495926,0.07029781550273692,0.048607870473126216,0.00294257796744205,0.022807303208080002,0.010569571736153612,0.0035701815127766835,0.009998724518289618,0.0047470918656839,0.015598150146173216,0.003565750798087321,0.026320069811442883,2.0816681711721685e-17,5.511463844797178e-05,0.00011022927689594356,3.499271437726103,1269.8284221267306
390001,2,28,M3,1,True,0.0,0.9890775587322591,0.9612089653333922,0.35,0.0,0.0,0.2879540531896055,0.06390389675740152,2.9761056745424868,0.21736293151974678,0.0,0.0,5.157286320813,8.887301716022193,0.15782525740039424,0.5832272511661452,7.439383942581801,3.5845985117666985,2.9833349734733177,0.4169304737855774,0.08826243710936708,0.20845590181513518,0.06855632364596688,0.07788734022186322,-0.04269678921648545,-0.009304309879631809,0.23627581620051294,0.027081614013431288,0.8520833333333334,0.0056320902662350195,0.015563366249609883,0.6797427083934838,0.04138214391495926,0.07029781550273692,0.048607870473126216,0.00294257796744205,0.022807303208080002,0.010569571736153612,0.0035701815127766835,0.009998724518289618,0.0047470918656839,0.015598150146173216,0.003565750798087321,0.026320069811442883,2.0816681711721685e-17,5.511463844797178e-05,0.00011022927689594356,3.499271437726103,1269.8284221267306
390001,2,28,M2+O,2,True,0.0,0.9890775587322591,0.9612089653333922,0.35,0.0,0.0,0.2879540531896055,0.06390389675740152,2.9761056745424868,0.21736293151974678,0.06325366420519049,0.0,5.157286320813,8.887301716022193,0.1575234048117332,0.5810945327140118,7.405092285015765,3.5611378998623433,2.9757204984744554,0.44260912795158447,0.08854427444510575,0.2067340303947929,0.06481325256034288,0.07655969814857465,-0.04402274356347802,-0.009289599438033187,0.23814954866212387,0.027715688199403083,0.8583333333333334,0.005732398533031168,0.01594856604386255,0.6723338924071663,0.042829352012037886,0.06656923592150349,0.049918262408331686,0.00291052052846848,0.023208200125639438,0.010372336646143912,0.003649060848924149,0.009769904608657948,0.004827041633081727,0.015449579152791224,0.0033204302810840693,0.024202247669803962,2.0816681711721685e-17,5.511463844797178e-05,6.889329805996472e-05,3.5679154986465935,1271.7593130589732
390001,2,28,M4,3,True,0.0,0.9890775587322591,0.9612089653333922,0.35,0.0,0.0,0.2879540531896055,0.06390389675740152,2.9761056745424868,0.21736293151974678,0.06325366420519049,0.0,5.157286320813,8.887301716022193,0.1575234048117332,0.5810945327140118,7.405092285015765,3.5611378998623433,2.9757204984744554,0.44260912795158447,0.08854427444510575,0.2067340303947929,0.06481325256034288,0.07655969814857465,-0.04402274356347802,-0.009289599438033187,0.23814954866212387,0.027715688199403083,0.8583333333333334,0.005732398533031168,0.01594856604386255,0.6723338924071663,0.042829352012037886,0.06656923592150349,0.049918262408331686,0.00291052052846848,0.023208200125639438,0.010372336646143912,0.003649060848924149,0.009769904608657948,0.004827041633081727,0.015449579152791224,0.0033204302810840693,0.024202247669803962,2.0816681711721685e-17,5.511463844797178e-05,6.889329805996472e-05,3.5679154986465935,1271.7593130589732
390001,2,29,M2,0,False,0.002563460956021307,0.9890775587322591,0.9612089653333922,0.35,0.0,0.0,0.22657124940305948,0.07770606227219105,3.1914641311392185,0.22060196593403816,0.0,0.0,5.900983674451709,6.290362942032516,0.15027092087569816,0.5976588556486476,9.19446963476195,3.713573971061828,2.7897153777037196,0.40054729002164,0.06544324306729309,0.17903132430417013,0.045897846817819436,0.07873256738145896,-0.05072148372831514,-0.016846482865206753,0.15931880555407277,0.023661850917943244,0.81875,0.004566366831474157,0.013639652449235078,0.8334595972368567,0.04329881072870292,0.05086294556823949,0.04439252539649995,0.00243683989607129,0.02281314648432198,0.011804517403498638,0.0038467297803873313,0.007842891113445423,0.004085881667216761,0.012316421118218252,0.0032358074486714176,0.026548509742831468,2.0816681711721685e-17,5.511463844797178e-05,6.889329805996472e-05,5.749607043251456,5572.138455462016
390001,2,29,M3,1,False,0.002563460956021307,0.9890775587322591,0.9612089653333922,0.35,0.0,0.0,0.22657124940305948,0.07770606227219105,3.1914641311392185,0.22060196593403816,0.0,0.0,5.900983674451709,6.290362942032516,0.15027092087569816,0.5976588556486476,9.19446963476195,3.713573971061828,2.7897153777037196,0.40054729002164,0.06544324306729309,0.17903132430417013,0.045897846817819436,0.07873256738145896,-0.05072148372831514,-0.016846482865206753,0.15931880555407277,0.023661850917943244,0.81875,0.004566366831474157,0.013639652449235078,0.8334595972368567,0.04329881072870292,0.05086294556823949,0.04439252539649995,0.00243683989607129,0.02281314648432198,0.011804517403498638,0.0038467297803873313,0.007842891113445423,0.004085881667216761,0.012316421118218252,0.0032358074486714176,0.026548509742831468,2.0816681711721685e-17,5.511463844797178e-05,6.889329805996472e-05,5.749607043251456,5572.138455462016
390001,2,29,M2+O,2,False,0.0017890267557669336,0.9890775587322591,0.9612089653333922,0.35,0.0,0.0,0.22657124940305948,0.07770606227219105,3.1914641311392185,0.22060196593403816,0.08459327775939506,0.0,5.900983674451709,6.290362942032516,0.14982720074395753,0.5962052501866786,9.192293377703782,3.6882087446592493,2.8284368622048675,0.4095108366277249,0.0661932800573575,0.17721635127034016,0.04183409575076138,0.07768504135239,-0.052014510497789844,-0.01665873277417035,0.16355972400962746,0.024777672028262157,0.8333333333333334,0.004735878863791066,0.013710513624757089,0.7884687538761195,0.048210547654147666,0.06162476744089801,0.04660095894330938,0.0024281591399838956,0.022897923329884138,0.011387440176189196,0.0036879397608239454,0.007685673892572722,0.004188247041558102,0.012228486636582277,0.0030731129279533815,0.024388660547168723,2.0816681711721685e-17,5.511463844797178e-05,6.889329805996472e-05,5.989760009746969,5571.788219447714
390001,2,29,M4,3,False,0.0017890267557669336,0.9890775587322591,0.9612089653333922,0.35,0.0,0.0,0.22657124940305948,0.07770606227219105,3.1914641311392185,0.22060196593403816,0.08459327775939506,0.0,5.900983674451709,6.290362942032516,0.14982720074395753,0.5962052501866786,9.192293377703782,3.6882087446592493,2.8284368622048675,0.4095108366277249,0.0661932800573575,0.17721635127034016,0.04183409575076138,0.07768504135239,-0.052014510497789844,-0.01665873277417035,0.16355972400962746,0.024777672028262157,0.8333333333333334,0.004735878863791066,0.013710513624757089,0.7884687538761195,0.048210547654147666,0.06162476744089801,0.04660095894330938,0.0024281591399838956,0.022897923329884138,0.011387440176189196,0.0036879397608239454,0.007685673892572722,0.004188247041558102,0.012228486636582277,0.0030731129279533815,0.024388660547168723,2.0816681711721685e-17,5.511463844797178e-05,6.889329805996472e-05,5.989760009746969,5571.788219447714
390001,2,30,M2,0,True,0.0,0.9890775587322591,0.9612089653333922,0.35,0.0,0.0,0.20396394031122328,0.06831493912264705,2.7050672242417932,0.19935442693531513,0.0,0.0,6.180342321749777,8.211909952573478,0.16252881742715272,0.5673698300255311,6.427411161999669,3.5162357029442823,3.024506208163095,0.3654944800153463,0.07865491458835877,0.2116918369319757,0.07425750752053763,0.07477438361171744,-0.04768264268918243,-0.014145691669048166,0.18823060821911575,0.018077719561870455,0.7854166666666668,0.004457421117304219,0.014207951198678952,0.5538302503080382,0.04332785395435037,0.06079005249816954,0.04241528107405734,0.0028003989920343166,0.021504720757032296,0.011253809568516343,0.003426827106420934,0.008828093043873074,0.004581973709358917,0.01361419750077002,0.0028232122163381604,0.030318234616176876,2.0816681711721685e-17,0.0,0.0,3.0220292169935856,5283.47403321195
390001,2,30,M3,1,True,0.0,0.9890775587322591,0.9612089653333922,0.35,0.0,0.0,0.20396394031122328,0.06831493912264705,2.7050672242417932,0.19935442693531513,0.0,0.0,6.180342321749777,8.211909952573478,0.16252881742715272,0.5673698300255311,6.427411161999669,3.5162357029442823,3.024506208163095,0.3654944800153463,0.07865491458835877,0.2116918369319757,0.07425750752053763,0.07477438361171744,-0.04768264268918243,-0.014145691669048166,0.18823060821911575,0.018077719561870455,0.7854166666666668,0.004457421117304219,0.014207951198678952,0.5538302503080382,0.04332785395435037,0.06079005249816954,0.04241528107405734,0.0028003989920343166,0.021504720757032296,0.011253809568516343,0.003426827106420934,0.008828093043873074,0.004581973709358917,0.01361419750077002,0.0028232122163381604,0.030318234616176876,2.0816681711721685e-17,0.0,0.0,3.0220292169935856,5283.47403321195
390001,2,30,M2+O,2,True,0.0,0.9890775587322591,0.9612089653333922,0.35,0.0,0.0,0.20396394031122328,0.06831493912264705,2.7050672242417932,0.19935442693531513,0.13821592361242302,0.0,6.180342321749777,8.211909952573478,0.1613060788181311,0.5672234417930889,6.548080411497108,3.4819696927768313,3.0444900543509283,0.3618325676409461,0.08263437344705783,0.20247112734039688,0.06412093310854972,0.07346937551092085,-0.04960878348110894,-0.013117204073092371,0.20502275543930648,0.02145585096355344,0.8333333333333334,0.004796395414705179,0.014528094673319348,0.5362820813914412,0.04234507578083412,0.06953673579301044,0.051228103536492105,0.002770390274769804,0.021742278354745084,0.010076867826404512,0.0032790595058093696,0.008448252747948819,0.004757769428759235,0.013446051827484064,0.0025123424526629088,0.022047927592204922,2.0816681711721685e-17,0.0,0.0,3.169297419118223,5131.922511112935
390001,2,30,M4,3,True,0.0,0.9890775587322591,0.9612089653333922,0.35,0.0,0.0,0.20396394031122328,0.06831493912264705,2.7050672242417932,0.19935442693531513,0.13821592361242302,0.0,6.180342321749777,8.211909952573478,0.1613060788181311,0.5672234417930889,6.548080411497108,3.4819696927768313,3.0444900543509283,0.3618325676409461,0.08263437344705783,0.20247112734039688,0.06412093310854972,0.07346937551092085,-0.04960878348110894,-0.013117204073092371,0.20502275543930648,0.02145585096355344,0.8333333333333334,0.004796395414705179,0.014528094673319348,0.5362820813914412,0.04234507578083412,0.06953673579301044,0.051228103536492105,0.002770390274769804,0.021742278354745084,0.010076867826404512,0.0032790595058093696,0.008448252747948819,0.004757769428759235,0.013446051827484064,0.0025123424526629088,0.022047927592204922,2.0816681711721685e-17,0.0,0.0,3.169297419118223,5131.922511112935
390001,2,31,M2,0,True,0.0,0.9890775587322591,0.9612089653333922,0.35,0.0,0.0,0.26837446838617324,0.07948992118705064,3.089864686690271,0.2436104691773653,0.0,0.0,5.435849939007312,6.96216984372586,0.1467884562628359,0.605167439730072,10.075342900413318,3.775080931168804,2.738761254099329,0.40862831119978066,0.07246460577036702,0.18514332220340743,0.045142837662513556,0.08164605819082453,-0.04672219252713511,-0.012961453750495948,0.18057332952206687,0.02832781079244499,0.8520833333333333,0.005061978500319826,0.013879063720605532,0.9321415717543531,0.045613110246795756,0.056358207863680336,0.04498045590024543,0.0025351260109948395,0.023194523790948104,0.011428476899969144,0.003890511321119276,0.008830345786441802,0.004245403081220376,0.013330219347208672,0.00358213316245775,0.025973643041557373,2.0816681711721685e-17,0.00020667989417989417,0.0002755731922398589,5.481543022286846,2242.150992934247
390001,2,31,M3,1,True,0.0,0.9890775587322591,0.9612089653333922,0.35,0.0,0.0,0.26837446838617324,0.07948992118705064,3.089864686690271,0.2436104691773653,0.0,0.0,5.435849939007312,6.96216984372586,0.1467884562628359,0.605167439730072,10.075342900413318,3.775080931168804,2.738761254099329,0.40862831119978066,0.07246460577036702,0.18514332220340743,0.045142837662513556,0.08164605819082453,-0.04672219252713511,-0.012961453750495948,0.18057332952206687,0.02832781079244499,0.8520833333333333,0.005061978500319826,0.013879063720605532,0.9321415717543531,0.045613110246795756,0.056358207863680336,0.04498045590024543,0.0025351260109948395,0.023194523790948104,0.011428476899969144,0.003890511321119276,0.008830345786441802,0.004245403081220376,0.013330219347208672,0.00358213316245775,0.025973643041557373,2.0816681711721685e-17,0.00020667989417989417,0.0002755731922398589,5.481543022286846,2242.150992934247
390001,2,31,M2+O,2,True,0.0,0.9890775587322591,0.9612089653333922,0.35,0.0,0.0,0.26837446838617324,0.07948992118705064,3.089864686690271,0.2436104691773653,0.028937818175195685,0.0,5.435849939007312,6.96216984372586,0.14669975726582332,0.6042754193464797,10.045786226255798,3.7683289929614774,2.768512042763328,0.42655363646556027,0.07239797155057132,0.18503156668792478,0.043964198574148294,0.08095015932798837,-0.04729860434989309,-0.013027974915546775,0.18071110507543817,0.02848196364192863,0.8479166666666668,0.005107462903064691,0.014021522800171776,0.9215450282078548,0.04726219137756435,0.05749544268861981,0.047592730155035116,0.0025281257912405128,0.023283930544419292,0.011339502372421852,0.0039372547120712555,0.008752514757380609,0.004272813954970003,0.013288460916666347,0.003502743986378922,0.025973643041557373,2.0816681711721685e-17,0.00019290123456790122,0.00028935185185185184,5.549913404501705,2240.8827016304663
390001,2,31,M4,3,True,0.0,0.9890775587322591,0.9612089653333922,0.35,0.0,0.0,0.26837446838617324,0.07948992118705064,3.089864686690271,0.2436104691773653,0.028937818175195685,0.0,5.435849939007312,6.96216984372586,0.14669975726582332,0.6042754193464797,10.045786226255798,3.7683289929614774,2.768512042763328,0.42655363646556027,0.07239797155057132,0.18503156668792478,0.043964198574148294,0.08095015932798837,-0.04729860434989309,-0.013027974915546775,0.18071110507543817,0.02848196364192863,0.8479166666666668,0.005107462903064691,0.014021522800171776,0.9215450282078548,0.04726219137756435,0.05749544268861981,0.047592730155035116,0.0025281257912405128,0.023283930544419292,0.011339502372421852,0.0039372547120712555,0.008752514757380609,0.004272813954970003,0.013288460916666347,0.003502743986378922,0.025973643041557373,2.0816681711721685e-17,0.00019290123456790122,0.00028935185185185184,5.549913404501705,2240.8827016304663
390001,3,0,M2,0,True,0.0,0.9844764295140137,0.9437096542220714,0.35,0.0,0.0,0.2629654662683606,0.06925510965753347,2.886044593714178,0.20057556301355361,0.0,0.0,5.873221298214048,6.1538892248645425,0.1592286908314316,0.5748101971649986,7.106625406050647,3.566527587112272,2.965789371018415,0.4008139067652107,0.07826801863220603,0.1938542647079499,0.06441378710177793,0.07685450482266558,-0.04661703294838148,-0.01263764987863053,0.2130911302047338,0.02397020603195536,0.8375,0.005281152812472663,0.014897780995533653,0.616467260597805,0.038595843626695124,0.0598096540142722,0.046101574444052926,0.002811586403070688,0.023116363677801413,0.01105278978038218,0.0037126778313939274,0.008878630605706803,0.004570762299153617,0.014657578833576827,0.0033423483344053755,0.029372976341025345,2.0816681711721685e-17,1.3778659611992945e-05,1.3778659611992945e-05,3.5836840166595074,4993.687038283729
390001,3,0,M3,1,True,0.0,0.9844764295140137,0.9437096542220714,0.35,0.0,0.0,0.2629654662683606,0.06925510965753347,2.886044593714178,0.20057556301355361,0.0,0.0,5.873221298214048,6.1538892248645425,0.1592286908314316,0.5748101971649986,7.106625406050647,3.566527587112272,2.965789371018415,0.4008139067652107,0.07826801863220603,0.1938542647079499,0.06441378710177793,0.07685450482266558,-0.04661703294838148,-0.01263764987863053,0.2130911302047338,0.02397020603195536,0.8375,0.005281152812472663,0.014897780995533653,0.616467260597805,0.038595843626695124,0.0598096540142722,0.046101574444052926,0.002811586403070688,0.023116363677801413,0.01105278978038218,0.0037126778313939274,0.008878630605706803,0.004570762299153617,0.014657578833576827,0.0033423483344053755,0.029372976341025345,2.0816681711721685e-17,1.3778659611992945e-05,1.3778659611992945e-05,3.5836840166595074,4993.687038283729
390001,3,0,M2+O,2,True,0.0,0.9844764295140137,0.9437096542220714,0.35,0.0,0.0,0.2629654662683606,0.06925510965753347,2.886044593714178,0.20057556301355361,0.11829547242644144,0.0,5.873221298214048,6.1538892248645425,0.15833735956940517,0.5739224978602301,7.160887696853273,3.539181051921778,2.986459399284268,0.411878462420423,0.08070444763873759,0.187756467588877,0.05689387232406328,0.07508042306691287,-0.0484372784916289,-0.011882124001921304,0.22292970670569257,0.026354611056456673,0.8604166666666666,0.005512469261569709,0.01529284071071662,0.5877192367202345,0.04443031493727514,0.0662805172126388,0.05214476930248955,0.002776989525355708,0.02341145769848556,0.010286814754982717,0.0036434310470705284,0.00852609408291347,0.004730230928751098,0.01432539513398226,0.00295536323821017,0.022517941048908658,2.0816681711721685e-17,1.3778659611992945e-05,1.3778659611992945e-05,3.7596980240464783,4972.31587303333
390001,3,0,M4,3,True,0.0,0.9844764295140137,0.9437096542220714,0.35,0.0,0.0,0.2629654662683606,0.06925510965753347,2.886044593714178,0.20057556301355361,0.11829547242644144,0.0,5.873221298214048,6.1538892248645425,0.15833735956940517,0.5739224978602301,7.160887696853273,3.539181051921778,2.986459399284268,0.411878462420423,0.08070444763873759,0.187756467588877,0.05689387232406328,0.07508042306691287,-0.0484372784916289,-0.011882124001921304,0.22292970670569257,0.026354611056456673,0.8604166666666666,0.005512469261569709,0.01529284071071662,0.5877192367202345,0.04443031493727514,0.0662805172126388,0.05214476930248955,0.002776989525355708,0.02341145769848556,0.010286814754982717,0.0036434310470705284,0.00852609408291347,0.004730230928751098,0.01432539513398226,0.00295536323821017,0.022517941048908658,2.0816681711721685e-17,1.3778659611992945e-05,1.3778659611992945e-05,3.7596980240464783,4972.31587303333
390001,3,1,M2,0,False,0.003115364680861223,0.9844764295140137,0.9437096542220714,0.35,0.0,0.0,0.20160698210820557,0.07996574914082885,3.2510731095448135,0.2374085596203804,0.0,0.0,5.129386593122035,8.666233093477786,0.14735966749236765,0.6083099736370022,9.98039736722923,3.774138478483705,2.755312656151386,0.42519075346547314,0.06498874361557473,0.17401838748302337,0.04016055230514149,0.08068989003580183,-0.05031242513550147,-0.01717036164714624,0.14674316994961636,0.022972126792444675,0.80625,0.004244319516087564,0.014152162285810772,0.8844976612613827,0.04248271113172202,0.057228741113199484,0.046037444885886424,0.0024130356850315788,0.022770821876702704,0.012048419561253638,0.004367363196861442,0.008072325141769919,0.003964862676742551,0.011700003774856476,0.00320399043546972,0.02891649960274172,2.0816681711721685e-17,0.00038580246913580245,0.000509810405643739,6.6135472564689195,1739.7251077752856
390001,3,1,M3,1,False,0.003115364680861223,0.9844764295140137,0.9437096542220714,0.35,0.0,0.0,0.20160698210820557,0.07996574914082885,3.2510731095448135,0.2374085596203804,0.0,0.0,5.129386593122035,8.666233093477786,0.14735966749236765,0.6083099736370022,9.98039736722923,3.774138478483705,2.755312656151386,0.42519075346547314,0.06498874361557473,0.17401838748302337,0.04016055230514149,0.08068989003580183,-0.05031242513550147,-0.01717036164714624,0.14674316994961636,0.022972126792444675,0.80625,0.004244319516087564,0.014152162285810772,0.8844976612613827,0.04248271113172202,0.057228741113199484,0.046037444885886424,0.0024130356850315788,0.022770821876702704,0.012048419561253638,0.004367363196861442,0.008072325141769919,0.003964862676742551,0.011700003774856476,0.00320399043546972,0.02891649960274172,2.0816681711721685e-17,0.00038580246913580245,0.000509810405643739,6.6135472564689195,1739.7251077752856
390001,3,1,M2+O,2,False,0.002967088046868012,0.9844764295140137,0.9437096542220714,0.35,0.0,0.0,0.20160698210820557,0.07996574914082885,3.2510731095448135,0.2374085596203804,0.045232413939183466,0.0,5.129386593122035,8.666233093477786,0.1472023053766635,0.6072121350359022,9.951687090534664,3.770903410592725,2.747134970055295,0.4037986667427241,0.0651032655827339,0.17352327868571593,0.03750557041421146,0.07990737336012448,-0.051040849535678175,-0.017178530357188637,0.14780309061807126,0.023255427958312324,0.8187500000000001,0.004335634016411207,0.014372563755242212,0.8592265329951986,0.051110555976998304,0.05734066207891689,0.0441062512033513,0.0024079058280016686,0.022846930553850866,0.0117944551929603,0.004359656126778309,0.008004378469887517,0.004020834595951424,0.011669526488238552,0.003120415310057135,0.026205103081961573,2.0816681711721685e-17,0.0003995811287477954,0.0005235890652557319,6.745680641557058,1683.4820553963684
390001,3,1,M4,3,False,0.002967088046868012,0.9844764295140137,0.9437096542220714,0.35,0.0,0.0,0.20160698210820557,0.07996574914082885,3.2510731095448135,0.2374085596203804,0.045232413939183466,0.0,5.129386593122035,8.666233093477786,0.1472023053766635,0.6072121350359022,9.951687090534664,3.770903410592725,2.747134970055295,0.4037986667427241,0.0651032655827339,0.17352327868571593,0.03750557041421146,0.07990737336012448,-0.051040849535678175,-0.017178530357188637,0.14780309061807126,0.023255427958312324,0.8187500000000001,0.004335634016411207,0.014372563755242212,0.8592265329951986,0.051110555976998304,0.05734066207891689,0.0441062512033513,0.0024079058280016686,0.022846930553850866,0.0117944551929603,0.004359656126778309,0.008004378469887517,0.004020834595951424,0.011669526488238552,0.003120415310057135,0.026205103081961573,2.0816681711721685e-17,0.0003995811287477954,0.0005235890652557319,6.745680641557058,1683.4820553963684
390001,3,2,M2,0,True,0.0,0.9844764295140137,0.9437096542220714,0.35,0.0,0.0,0.2289998285472393,0.06430660098791122,2.832480383478105,0.18366098158061503,0.0,0.0,5.41385539341718,6.8435773411765695,0.1649080051395019,0.5568899402629494,5.854895682223831,3.451756372752452,3.127377989867222,0.40964468003869997,0.07864119964299432,0.2021337213804736,0.07410666494636922,0.07425378914147955,-0.047816904763934576,-0.014239878526665585,0.20881404510279367,0.018603034569405257,0.7854166666666668,0.004873674831917708,0.01493461470027352,0.49384935282463444,0.03815528148986064,0.06793234093139006,0.05373629517115922,0.002877542597180225,0.022390238210841986,0.011143857987617606,0.0034325852588065315,0.0086460115847112,0.0046480823615505425,0.014451344537131072,0.0029223905361656184,0.0313464694557935,2.0816681711721685e-17,0.0,1.3778659611992945e-05,3.093828957070675,1988.9746403767647
390001,3,2,M3,1,True,0.0,0.9844764295140137,0.9437096542220714,0.35,0.0,0.0,0.2289998285472393,0.06430660098791122,2.832480383478105,0.18366098158061503,0.0,0.0,5.41385539341718,6.8435773411765695,0.1649080051395019,0.5568899402629494,5.854895682223831,3.451756372752452,3.127377989867222,0.40964468003869997,0.07864119964299432,0.2021337213804736,0.07410666494636922,0.07425378914147955,-0.047816904763934576,-0.014239878526665585,0.20881404510279367,0.018603034569405257,0.7854166666666668,0.004873674831917708,0.01493461470027352,0.49384935282463444,0.03815528148986064,0.06793234093139006,0.05373629517115922,0.002877542597180225,0.022390238210841986,0.011143857987617606,0.0034325852588065315,0.0086460115847112,0.0046480823615505425,0.014451344537131072,0.0029223905361656184,0.0313464694557935,2.0816681711721685e-17,0.0,1.3778659611992945e-05,3.093828957070675,1988.9746403767647
390001,3,2,M2+O,2,True,0.0,0.9844764295140137,0.9437096542220714,0.35,0.0,0.0,0.2289998285472393,0.06430660098791122,2.832480383478105,0.18366098158061503,0.020691600694384325,0.0,5.41385539341718,6.8435773411765695,0.16485150919594077,0.5573606533286305,5.8427793625840865,3.4506275248989016,3.1325235179201925,0.40428471904015134,0.07858596071223445,0.2017358133319409,0.07298303327590598,0.0740087393100561,-0.04824347380722405,-0.014289970633071079,0.20891953508390262,0.01868494496191421,0.7854166666666668,0.004907061292602671,0.015113691263002757,0.4883379091261183,0.040169423079326756,0.06843685222959627,0.05127359243846264,0.0028707393626405987,0.02250922142442108,0.011098836491530487,0.0034284091586106917,0.008588583039212838,0.004675486260782332,0.01442946522827352,0.002843269761367905,0.030763115305264908,2.0816681711721685e-17,0.0,1.3778659611992945e-05,3.1040911211692843,1987.27435697884
390001,3,2,M4,3,True,0.0,0.9844764295140137,0.9437096542220714,0.35,0.0,0.0,0.2289998285472393,0.06430660098791122,2.832480383478105,0.18366098158061503,0.020691600694384325,0.0,5.41385539341718,6.8435773411765695,0.16485150919594077,0.5573606533286305,5.8427793625840865,3.4506275248989016,3.1325235179201925,0.40428471904015134,0.07858596071223445,0.2017358133319409,0.07298303327590598,0.0740087393100561,-0.04824347380722405,-0.014289970633071079,0.20891953508390262,0.01868494496191421,0.7854166666666668,0.004907061292602671,0.015113691263002757,0.4883379091261183,0.040169423079326756,0.06843685222959627,0.05127359243846264,0.0028707393626405987,0.02250922142442108,0.011098836491530487,0.0034284091586106917,0.008588583039212838,0.004675486260782332,0.01442946522827352,0.002843269761367905,0.030763115305264908,2.0816681711721685e-17,0.0,1.3778659611992945e-05,3.1040911211692843,1987.27435697884
390001,3,3,M2,0,True,0.0,0.9844764295140137,0.9437096542220714,0.35,0.0,0.0,0.2933860388584435,0.07862174647394568,3.067900196649134,0.2593231426924467,0.0,0.0,6.15839353017509,7.984552980400622,0.14521179173682486,0.612915975990643,10.505428380235697,3.7993882506594283,2.7105358091568292,0.42029702150036075,0.07793910831816192,0.18380729684513666,0.0449886180357835,0.08411795503324061,-0.04300435225333913,-0.010228677062511272,0.19576032401350194,0.03130230941231436,0.8666666666666667,0.0053763781204951505,0.014241486237657041,0.9665917172615532,0.045371940967196,0.054792436658103356,0.04431341171683401,0.002627185808337291,0.023446073107756888,0.011153908320608473,0.004169204752487161,0.009568093989767901,0.004384711675522538,0.013999632928773167,0.003824469295475881,0.025300130797240715,2.0816681711721685e-17,5.511463844797178e-05,0.0001240079365079365,5.3658512366934845,9335.535134911916
390001,3,3,M3,1,True,0.0,0.9844764295140137,0.9437096542220714,0.35,0.0,0.0,0.2933860388584435,0.07862174647394568,3.067900196649134,0.2593231426924467,0.0,0.0,6.15839353017509,7.984552980400622,0.14521179173682486,0.612915975990643,10.505428380235697,3.7993882506594283,2.7105358091568292,0.42029702150036075,0.07793910831816192,0.18380729684513666,0.0449886180357835,0.08411795503324061,-0.04300435225333913,-0.010228677062511272,0.19576032401350194,0.03130230941231436,0.8666666666666667,0.0053763781204951505,0.014241486237657041,0.9665917172615532,0.045371940967196,0.054792436658103356,0.04431341171683401,0.002627185808337291,0.023446073107756888,0.011153908320608473,0.004169204752487161,0.009568093989767901,0.004384711675522538,0.013999632928773167,0.003824469295475881,0.025300130797240715,2.0816681711721685e-17,5.511463844797178e-05,0.0001240079365079365,5.3658512366934845,9335.535134911916
390001,3,3,M2+O,2,True,0.0,0.9844764295140137,0.9437096542220714,0.35,0.0,0.0,0.2933860388584435,0.07862174647394568,3.067900196649134,0.2593231426924467,0.19329371660206118,0.0,6.15839353017509,7.984552980400622,0.14348753016591517,0.6109285927674656,10.62927571018821,3.7680269745467414,2.716933636950492,0.4101952458731773,0.08226194956976328,0.17558975834898058,0.035202188068610085,0.0804633142398646,-0.04569165213008095,-0.008852070394431666,0.2136444748653813,0.036081897472330135,0.90625,0.005760963472587715,0.014349108209707861,0.9325320529188614,0.04979656809867242,0.0631257076979745,0.05547191627055007,0.0025945109790326323,0.023655011680340093,0.010342637379853359,0.004123217507865711,0.009018577596866825,0.004601362365337025,0.01338612158487213,0.0032642191770661986,0.014839876020029787,2.0816681711721685e-17,6.889329805996472e-05,6.889329805996472e-05,5.832495857000176,9355.868285044024
390001,3,3,M4,3,True,0.0,0.9844764295140137,0.9437096542220714,0.35,0.0,0.0,0.2933860388584435,0.07862174647394568,3.067900196649134,0.2593231426924467,0.19329371660206118,0.0,6.15839353017509,7.984552980400622,0.14348753016591517,0.6109285927674656,10.62927571018821,3.7680269745467414,2.716933636950492,0.4101952458731773,0.08226194956976328,0.17558975834898058,0.035202188068610085,0.0804633142398646,-0.04569165213008095,-0.008852070394431666,0.2136444748653813,0.036081897472330135,0.90625,0.005760963472587715,0.014349108209707861,0.9325320529188614,0.04979656809867242,0.0631257076979745,0.05547191627055007,0.0025945109790326323,0.023655011680340093,0.010342637379853359,0.004123217507865711,0.009018577596866825,0.004601362365337025,0.01338612158487213,0.0032642191770661986,0.014839876020029787,2.0816681711721685e-17,6.889329805996472e-05,6.889329805996472e-05,5.832495857000176,9355.868285044024
390001,3,4,M2,0,True,0.0,0.9844764295140137,0.9437096542220714,0.35,0.0,0.0,0.2773324431851506,0.06102733196690678,3.2200010089203714,0.24746617570519447,0.0,0.0,6.024978729896247,7.260679797269404,0.15383033557169087,0.6016616974348578,8.420135860242548,3.657477087435995,2.882207435958783,0.4261726212438484,0.09181955083036354,0.20740360575831898,0.06226797266562752,0.0812948342921011,-0.03992915180212435,-0.008399196535699363,0.22350304842344135,0.028195872904003175,0.8458333333333332,0.005431681829723274,0.0148172119742225,0.7904102282367609,0.042835522222382016,0.06332148280309537,0.05324005015742023,0.0029482668670176805,0.022414020798176237,0.010740241116855459,0.0040324962607516555,0.010632388560914592,0.0047745269771602645,0.01514092069739212,0.0036849919692311015,0.027570178350883354,2.0816681711721685e-17,1.3778659611992945e-05,2.755731922398589e-05,4.0981831777687505,7134.3729927011045
390001,3,4,M3,1,True,0.0,0.9844764295140137,0.9437096542220714,0.35,0.0,0.0,0.2773324431851506,0.06102733196690678,3.2200010089203714,0.24746617570519447,0.0,0.0,6.024978729896247,7.260679797269404,0.15383033557169087,0.6016616974348578,8.420135860242548,3.657477087435995,2.882207435958783,0.4261726212438484,0.09181955083036354,0.20740360575831898,0.06226797266562752,0.0812948342921011,-0.03992915180212435,-0.008399196535699363,0.22350304842344135,0.028195872904003175,0.8458333333333332,0.005431681829723274,0.0148172119742225,0.7904102282367609,0.042835522222382016,0.06332148280309537,0.05324005015742023,0.0029482668670176805,0.022414020798176237,0.010740241116855459,0.0040324962607516555,0.010632388560914592,0.0047745269771602645,0.01514092069739212,0.0036849919692311015,0.027570178350883354,2.0816681711721685e-17,1.3778659611992945e-05,2.755731922398589e-05,4.0981831777687505,7134.3729927011045
390001,3,4,M2+O,2,False,2.3837658542746597e-06,0.9844764295140137,0.9437096542220714,0.35,0.0,0.0,0.2773324431851506,0.06102733196690678,3.2200010089203714,0.24746617570519447,0.1806828490037143,0.0,6.024978729896247,7.260679797269404,0.15207161498755842,0.5981437748932349,8.506656492343636,3.620081148955394,2.8379973711889126,0.37295151131821763,0.09650763238054964,0.19651967238437396,0.05049008950495648,0.07793853298420177,-0.04279380207522412,-0.0070859846191925905,0.24184700997613082,0.03285844121209567,0.9,0.005810940869911831,0.016022405639504612,0.8033471924445343,0.04319641421127737,0.0637341549130736,0.045543020329416616,0.0028747379481628334,0.023159265440183045,0.009804130194992156,0.004131535459527167,0.009992569880002028,0.004970382356219505,0.014457605313548895,0.0031037136440994436,0.013459547551454136,2.0816681711721685e-17,1.3778659611992945e-05,2.755731922398589e-05,4.451166205270353,7133.721017816738
390001,3,4,M4,3,False,2.3837658542746597e-06,0.9844764295140137,0.9437096542220714,0.35,0.0,0.0,0.2773324431851506,0.06102733196690678,3.2200010089203714,0.24746617570519447,0.1806828490037143,0.0,6.024978729896247,7.260679797269404,0.15207161498755842,0.5981437748932349,8.506656492343636,3.620081148955394,2.8379973711889126,0.37295151131821763,0.09650763238054964,0.19651967238437396,0.05049008950495648,0.07793853298420177,-0.04279380207522412,-0.0070859846191925905,0.24184700997613082,0.03285844121209567,0.9,0.005810940869911831,0.016022405639504612,0.8033471924445343,0.04319641421127737,0.0637341549130736,0.045543020329416616,0.0028747379481628334,0.023159265440183045,0.009804130194992156,0.004131535459527167,0.009992569880002028,0.004970382356219505,0.014457605313548895,0.0031037136440994436,0.013459547551454136,2.0816681711721685e-17,1.3778659611992945e-05,2.755731922398589e-05,4.451166205270353,7133.721017816738
390001,3,5,M2,0,False,0.001717826139222236,0.9844764295140137,0.9437096542220714,0.35,0.0,0.0,0.2378246164880693,0.0748634483339265,2.9850870983675124,0.19047712936997413,0.0,0.0,5.269471470266581,7.561110497452319,0.15750172040206364,0.5820406338810713,7.575314466896849,3.568792460329656,2.9325690224118053,0.3690156404471963,0.06626980004186102,0.1782658221778272,0.05517612039845721,0.07612264499227563,-0.050504170798150116,-0.016965133733507685,0.17838545701021483,0.02191808061542465,0.8166666666666665,0.004844553686586941,0.01388061327310477,0.6633537663146556,0.0418154221560504,0.05353999521264552,0.043393215450577706,0.0025765906815575393,0.02314938956461933,0.011758770290838706,0.0037139798402720955,0.007665901809439162,0.0042172078368738364,0.013222084446325178,0.0031655300208691,0.029282894711850367,2.0816681711721685e-17,5.511463844797178e-05,5.511463844797178e-05,4.333999816081927,1579.991649893069
390001,3,5,M3,1,False,0.001717826139222236,0.9844764295140137,0.9437096542220714,0.35,0.0,0.0,0.2378246164880693,0.0748634483339265,2.9850870983675124,0.19047712936997413,0.0,0.0,5.269471470266581,7.561110497452319,0.15750172040206364,0.5820406338810713,7.575314466896849,3.568792460329656,2.9325690224118053,0.3690156404471963,0.06626980004186102,0.1782658221778272,0.05517612039845721,0.07612264499227563,-0.050504170798150116,-0.016965133733507685,0.17838545701021483,0.02191808061542465,0.8166666666666665,0.004844553686586941,0.01388061327310477,0.6633537663146556,0.0418154221560504,0.05353999521264552,0.043393215450577706,0.0025765906815575393,0.02314938956461933,0.011758770290838706,0.0037139798402720955,0.007665901809439162,0.0042172078368738364,0.013222084446325178,0.0031655300208691,0.029282894711850367,2.0816681711721685e-17,5.511463844797178e-05,5.511463844797178e-05,4.333999816081927,1579.991649893069
390001,3,5,M2+O,2,False,0.001681846592340244,0.9844764295140137,0.9437096542220714,0.35,0.0,0.0,0.2378246164880693,0.0748634483339265,2.9850870983675124,0.19047712936997413,0.03528296146634178,0.0,5.269471470266581,7.561110497452319,0.15738037952219877,0.581905503007711,7.56074677625669,3.5777097205975736,2.9248488001878834,0.364320307226276,0.06630907093024589,0.17762110025466882,0.0534426988763372,0.07566462760665514,-0.051109369285361604,-0.016989940022824727,0.17902799890176332,0.022167250379760663,0.8270833333333333,0.0049049098400707645,0.013942547590453807,0.6447129594674269,0.04332705133302318,0.056946514875944924,0.0462373135291194,0.0025698644756615417,0.023249309138768912,0.011608148708521632,0.003679294847461087,0.00760105446435659,0.0042640564258131,0.013174673550786798,0.00307022399319888,0.027580443388167692,2.0816681711721685e-17,5.511463844797178e-05,5.511463844797178e-05,4.384032445453778,1579.8931760556168
390001,3,5,M4,3,False,0.001681846592340244,0.9844764295140137,0.9437096542220714,0.35,0.0,0.0,0.2378246164880693,0.0748634483339265,2.9850870983675124,0.19047712936997413,0.03528296146634178,0.0,5.269471470266581,7.561110497452319,0.15738037952219877,0.581905503007711,7.56074677625669,3.5777097205975736,2.9248488001878834,0.364320307226276,0.06630907093024589,0.17762110025466882,0.0534426988763372,0.07566462760665514,-0.051109369285361604,-0.016989940022824727,0.17902799890176332,0.022167250379760663,0.8270833333333333,0.0049049098400707645,0.013942547590453807,0.6447129594674269,0.04332705133302318,0.056946514875944924,0.0462373135291194,0.0025698644756615417,0.023249309138768912,0.011608148708521632,0.003679294847461087,0.00760105446435659,0.0042640564258131,0.013174673550786798,0.00307022399319888,0.027580443388167692,2.0816681711721685e-17,5.511463844797178e-05,5.511463844797178e-05,4.384032445453778,1579.8931760556168
390001,3,6,M2,0,True,0.0,0.9844764295140137,0.9437096542220714,0.35,0.0,0.0,0.21834226027131082,0.07175303331110627,3.098974011652172,0.22922467060387136,0.0,0.0,5.734069987665862,6.390289471484721,0.15350107821791475,0.5924088822483283,8.412233376787398,3.6806649904534545,2.8353393261084414,0.38623668710910186,0.07431000768093404,0.19137707997817224,0.05432473223272458,0.0792412448387418,-0.04779125876811826,-0.014392454093536145,0.1732940462941549,0.022819704746429716,0.8166666666666668,0.004561848248894719,0.014199896621600884,0.7250111708824596,0.04138807479197378,0.05469959571134406,0.04144862604867873,0.0026186600211976505,0.022561944997872615,0.011598097029506066,0.004112442803259669,0.008840833149822362,0.004369405466131485,0.012988303559884083,0.0032285441849230993,0.027031025295064477,2.0816681711721685e-17,4.1335978835978834e-05,6.889329805996472e-05,4.630361612618757,3991.727931346713
390001,3,6,M3,1,True,0.0,0.9844764295140137,0.9437096542220714,0.35,0.0,0.0,0.21834226027131082,0.07175303331110627,3.098974011652172,0.22922467060387136,0.0,0.0,5.734069987665862,6.390289471484721,0.15350107821791475,0.5924088822483283,8.412233376787398,3.6806649904534545,2.8353393261084414,0.38623668710910186,0.07431000768093404,0.19137707997817224,0.05432473223272458,0.0792412448387418,-0.04779125876811826,-0.014392454093536145,0.1732940462941549,0.022819704746429716,0.8166666666666668,0.004561848248894719,0.014199896621600884,0.7250111708824596,0.04138807479197378,0.05469959571134406,0.04144862604867873,0.0026186600211976505,0.022561944997872615,0.011598097029506066,0.004112442803259669,0.008840833149822362,0.004369405466131485,0.012988303559884083,0.0032285441849230993,0.027031025295064477,2.0816681711721685e-17,4.1335978835978834e-05,6.889329805996472e-05,4.630361612618757,3991.727931346713
390001,3,6,M2+O,2,True,0.0,0.9844764295140137,0.9437096542220714,0.35,0.0,0.0,0.21834226027131082,0.07175303331110627,3.098974011652172,0.22922467060387136,0.05596634677516202,0.0,5.734069987665862,6.390289471484721,0.15326989655508153,0.5910024123371588,8.3770883352127,3.677361940054913,2.824357719541131,0.3637479272264293,0.07456588055888286,0.19038722433575309,0.051526259764476966,0.07812979799943369,-0.04883210931853591,-0.014363860775609935,0.1751516971747874,0.023343161160775658,0.8270833333333334,0.004671662227977543,0.014044380568419954,0.7072123727588626,0.04481315268594126,0.055556566979525955,0.04260833712497229,0.0026043048587774814,0.022740410677417607,0.011361619747156132,0.004115394139067065,0.008717594263764668,0.00444017464873418,0.012917447554581421,0.0030745889660973033,0.026233891998176342,2.0816681711721685e-17,4.1335978835978834e-05,6.889329805996472e-05,4.720931464536094,3991.5505654508656
390001,3,6,M4,3,True,0.0,0.9844764295140137,0.9437096542220714,0.35,0.0,0.0,0.21834226027131082,0.07175303331110627,3.098974011652172,0.22922467060387136,0.05596634677516202,0.0,5.734069987665862,6.390289471484721,0.15326989655508153,0.5910024123371588,8.3770883352127,3.677361940054913,2.824357719541131,0.3637479272264293,0.07456588055888286,0.19038722433575309,0.051526259764476966,0.07812979799943369,-0.04883210931853591,-0.014363860775609935,0.1751516971747874,0.023343161160775658,0.8270833333333334,0.004671662227977543,0.014044380568419954,0.7072123727588626,0.04481315268594126,0.055556566979525955,0.04260833712497229,0.0026043048587774814,0.022740410677417607,0.011361619747156132,0.004115394139067065,0.008717594263764668,0.00444017464873418,0.012917447554581421,0.0030745889660973033,0.026233891998176342,2.0816681711721685e-17,4.1335978835978834e-05,6.889329805996472e-05,4.720931464536094,3991.5505654508656
390001,3,7,M2,0,True,0.0,0.9844764295140137,0.9437096542220714,0.35,0.0,0.0,0.25462781311944127,0.08294289264827967,2.7334395976737142,0.21371863551437856,0.0,0.0,6.490372991655022,8.436539084650576,0.15311898159405626,0.5923074109904062,8.61082736587779,3.6586363338630448,2.8272819032655456,0.38848628740006125,0.07008699751345669,0.18064024517102525,0.05228448538166967,0.0785520846650785,-0.047626212118581486,-0.014104623855743606,0.183291239276577,0.025149764405438466,0.8479166666666668,0.005010577754579589,0.013662463551073268,0.7651096296895634,0.04192341992730384,0.05331590121187686,0.0406607706794613,0.002591218267323588,0.023220033878031354,0.011483133683517307,0.003943192810105349,0.008309280768844041,0.004281101856370678,0.013433803185572406,0.0033890030180983694,0.025266544061115098,2.0816681711721685e-17,0.0,1.3778659611992945e-05,4.052762624500161,17648.08215705372
390001,3,7,M3,1,True,0.0,0.9844764295140137,0.9437096542220714,0.35,0.0,0.0,0.25462781311944127,0.08294289264827967,2.7334395976737142,0.21371863551437856,0.0,0.0,6.490372991655022,8.436539084650576,0.15311898159405626,0.5923074109904062,8.61082736587779,3.6586363338630448,2.8272819032655456,0.38848628740006125,0.07008699751345669,0.18064024517102525,0.05228448538166967,0.0785520846650785,-0.047626212118581486,-0.014104623855743606,0.183291239276577,0.025149764405438466,0.8479166666666668,0.005010577754579589,0.013662463551073268,0.7651096296895634,0.04192341992730384,0.05331590121187686,0.0406607706794613,0.002591218267323588,0.023220033878031354,0.011483133683517307,0.003943192810105349,0.008309280768844041,0.004281101856370678,0.013433803185572406,0.0033890030180983694,0.025266544061115098,2.0816681711721685e-17,0.0,1.3778659611992945e-05,4.052762624500161,17648.08215705372
390001,3,7,M2+O,2,True,0.0,0.9844764295140137,0.9437096542220714,0.35,0.0,0.0,0.25462781311944127,0.08294289264827967,2.7334395976737142,0.21371863551437856,0.0818483628556123,0.0,6.490372991655022,8.436539084650576,0.15268562794687937,0.5906359621336968,8.602460202730919,3.6517874708250844,2.824089456690425,0.37058424324468026,0.07087049091198973,0.17849898182141166,0.04838195969067768,0.0773386060776119,-0.04896882428587463,-0.013891102582760655,0.1873510217625289,0.02627159247972301,0.8541666666666666,0.005162440888869747,0.013860609751013856,0.7290336280776197,0.04612466514577181,0.05962578301947277,0.046105772344705066,0.002573157611732311,0.023357787117716702,0.011068855955960686,0.0038700618506197423,0.008122653459430263,0.004397480082865728,0.013263277698563213,0.0031580658563737218,0.024435041559994278,2.0816681711721685e-17,0.0,1.3778659611992945e-05,4.20055789915558,17614.184244267242
390001,3,7,M4,3,True,0.0,0.9844764295140137,0.9437096542220714,0.35,0.0,0.0,0.25462781311944127,0.08294289264827967,2.7334395976737142,0.21371863551437856,0.0818483628556123,0.0,6.490372991655022,8.436539084650576,0.15268562794687937,0.5906359621336968,8.602460202730919,3.6517874708250844,2.824089456690425,0.37058424324468026,0.07087049091198973,0.17849898182141166,0.04838195969067768,0.0773386060776119,-0.04896882428587463,-0.013891102582760655,0.1873510217625289,0.02627159247972301,0.8541666666666666,0.005162440888869747,0.013860609751013856,0.7290336280776197,0.04612466514577181,0.05962578301947277,0.046105772344705066,0.002573157611732311,0.023357787117716702,0.011068855955960686,0.0038700618506197423,0.008122653459430263,0.004397480082865728,0.013263277698563213,0.0031580658563737218,0.024435041559994278,2.0816681711721685e-17,0.0,1.3778659611992945e-05,4.20055789915558,17614.184244267242
390001,3,8,M2,0,True,0.0,0.9844764295140137,0.9437096542220714,0.35,0.0,0.0,0.26037696758285167,0.06623911500442774,3.1390380073338746,0.19648031547665595,0.0,0.0,6.223864151164889,7.334144979715347,0.1590432272736251,0.5734745887895195,7.1155272283507385,3.559579056731438,2.9546390377057086,0.3870660222623326,0.07512510366263998,0.18929426235283078,0.06195163945842667,0.07666542255813133,-0.04833524393079542,-0.014060719048987405,0.2066688891700911,0.0235803103595149,0.8416666666666667,0.0052285157133810985,0.014765092194387337,0.6155419047293087,0.03875594689624331,0.057655547336161066,0.04515317273691421,0.002749904056927799,0.023194814405908183,0.011201576857030939,0.0037103169798245973,0.008533118171724726,0.004487933301164307,0.014410278178097142,0.003320954083332392,0.028018282506059713,2.0816681711721685e-17,0.0,0.0,4.158835863511027,8266.431065782455
390001,3,8,M3,1,True,0.0,0.9844764295140137,0.9437096542220714,0.35,0.0,0.0,0.26037696758285167,0.06623911500442774,3.1390380073338746,0.19648031547665595,0.0,0.0,6.223864151164889,7.334144979715347,0.1590432272736251,0.5734745887895195,7.1155272283507385,3.559579056731438,2.9546390377057086,0.3870660222623326,0.07512510366263998,0.18929426235283078,0.06195163945842667,0.07666542255813133,-0.04833524393079542,-0.014060719048987405,0.2066688891700911,0.0235803103595149,0.8416666666666667,0.0052285157133810985,0.014765092194387337,0.6155419047293087,0.03875594689624331,0.057655547336161066,0.04515317273691421,0.002749904056927799,0.023194814405908183,0.011201576857030939,0.0037103169798245973,0.008533118171724726,0.004487933301164307,0.014410278178097142,0.003320954083332392,0.028018282506059713,2.0816681711721685e-17,0.0,0.0,4.158835863511027,8266.431065782455
390001,3,8,M2+O,2,True,0.0,0.9844764295140137,0.9437096542220714,0.35,0.0,0.0,0.26037696758285167,0.06623911500442774,3.1390380073338746,0.19648031547665595,0.03941378565485458,0.0,6.223864151164889,7.334144979715347,0.15889800910607735,0.5733400428487164,7.095087022876567,3.5493905278389017,2.9650115801999006,0.3798651153643931,0.07518543262943544,0.18841101036196392,0.059819902432790194,0.07588494235480235,-0.04909141108609654,-0.014046651717192984,0.20745386550201553,0.023876558441634624,0.8458333333333333,0.005292691321444384,0.014913267002173328,0.6007508938254774,0.0383284751218138,0.058361933180973075,0.043075444672096404,0.0027366926013821643,0.023374774587710055,0.011085922879377028,0.0037333912604843146,0.008424369525139277,0.004541890311589994,0.014336793703382963,0.0031821018054657146,0.025875374860175254,2.0816681711721685e-17,0.0,0.0,4.2078897902018975,8221.562359474245
390001,3,8,M4,3,True,0.0,0.9844764295140137,0.9437096542220714,0.35,0.0,0.0,0.26037696758285167,0.06623911500442774,3.1390380073338746,0.19648031547665595,0.03941378565485458,0.0,6.223864151164889,7.334144979715347,0.15889800910607735,0.5733400428487164,7.095087022876567,3.5493905278389017,2.9650115801999006,0.3798651153643931,0.07518543262943544,0.18841101036196392,0.059819902432790194,0.07588494235480235,-0.04909141108609654,-0.014046651717192984,0.20745386550201553,0.023876558441634624,0.8458333333333333,0.005292691321444384,0.014913267002173328,0.6007508938254774,0.0383284751218138,0.058361933180973075,0.043075444672096404,0.0027366926013821643,0.023374774587710055,0.011085922879377028,0.0037333912604843146,0.008424369525139277,0.004541890311589994,0.014336793703382963,0.0031821018054657146,0.025875374860175254,2.0816681711721685e-17,0.0,0.0,4.2078897902018975,8221.562359474245
390001,3,9,M2,0,True,0.0,0.9844764295140137,0.9437096542220714,0.35,0.0,0.0,0.22489707954227925,0.07692724628373981,2.7730619207024576,0.2408962793648243,0.0,0.0,5.490998988039792,7.869041427969933,0.15252672693283148,0.6011942439194318,8.735269329276685,3.693993433462071,2.807731038216937,0.4091187806270742,0.0788435627959058,0.19656895500963112,0.05533010232428041,0.08005892978793015,-0.04448218454298122,-0.01220608805202377,0.1806472198269533,0.02411747287466536,0.8312499999999998,0.00465113303421732,0.01395692989524841,0.7722057621495322,0.04404187589138654,0.05387527819258448,0.04259028053016184,0.0026832905351016323,0.022335705207938348,0.011333494152752267,0.0041943767957902,0.009378085982450208,0.004470738333115902,0.013293230095536714,0.0033307123033971056,0.025681384590647633,2.0816681711721685e-17,6.889329805996472e-05,0.0001240079365079365,3.8421127338408376,2466.482639038318
390001,3,9,M3,1,True,0.0,0.9844764295140137,0.9437096542220714,0.35,0.0,0.0,0.22489707954227925,0.07692724628373981,2.7730619207024576,0.2408962793648243,0.0,0.0,5.490998988039792,7.869041427969933,0.15252672693283148,0.6011942439194318,8.735269329276685,3.693993433462071,2.807731038216937,0.4091187806270742,0.0788435627959058,0.19656895500963112,0.05533010232428041,0.08005892978793015,-0.04448218454298122,-0.01220608805202377,0.1806472198269533,0.02411747287466536,0.8312499999999998,0.00465113303421732,0.01395692989524841,0.7722057621495322,0.04404187589138654,0.05387527819258448,0.04259028053016184,0.0026832905351016323,0.022335705207938348,0.011333494152752267,0.0041943767957902,0.009378085982450208,0.004470738333115902,0.013293230095536714,0.0033307123033971056,0.025681384590647633,2.0816681711721685e-17,6.889329805996472e-05,0.0001240079365079365,3.8421127338408376,2466.482639038318
390001,3,9,M2+O,2,True,0.0,0.9844764295140137,0.9437096542220714,0.35,0.0,0.0,0.22489707954227925,0.07692724628373981,2.7730619207024576,0.2408962793648243,0.09924992682199865,0.0,5.490998988039792,7.869041427969933,0.15194640721917488,0.5985590499579355,8.703363061529858,3.6640226530162696,2.7935167687160853,0.3438290541442297,0.0800619236464711,0.19368604890966026,0.050298835355494585,0.07843863060825303,-0.04623787108659801,-0.011868117038662395,0.18685999766579528,0.02563140883424894,0.8354166666666666,0.004861012152520921,0.013884467717834394,0.7556487905650818,0.047574976135497785,0.05879058215672408,0.046552989348519556,0.0026545350172471637,0.022628610061497106,0.010815995620715588,0.004080454365294054,0.00913777137281201,0.004596781701602702,0.01310408258796868,0.0030404929654153623,0.02435381682036323,2.0816681711721685e-17,6.889329805996472e-05,9.645061728395061e-05,3.9977120548839835,2470.45339771894
390001,3,9,M4,3,True,0.0,0.9844764295140137,0.9437096542220714,0.35,0.0,0.0,0.22489707954227925,0.07692724628373981,2.7730619207024576,0.2408962793648243,0.09924992682199865,0.0,5.490998988039792,7.869041427969933,0.15194640721917488,0.5985590499579355,8.703363061529858,3.6640226530162696,2.7935167687160853,0.3438290541442297,0.0800619236464711,0.19368604890966026,0.050298835355494585,0.07843863060825303,-0.04623787108659801,-0.011868117038662395,0.18685999766579528,0.02563140883424894,0.8354166666666666,0.004861012152520921,0.013884467717834394,0.7556487905650818,0.047574976135497785,0.05879058215672408,0.046552989348519556,0.0026545350172471637,0.022628610061497106,0.010815995620715588,0.004080454365294054,0.00913777137281201,0.004596781701602702,0.01310408258796868,0.0030404929654153623,0.02435381682036323,2.0816681711721685e-17,6.889329805996472e-05,9.645061728395061e-05,3.9977120548839835,2470.45339771894
390001,3,10,M2,0,True,0.0,0.9844764295140137,0.9437096542220714,0.35,0.0,0.0,0.2443801517598331,0.06754384808242321,3.1797893855720756,0.21964385755360127,0.0,0.0,5.020357612986118,6.691643536090851,0.15555464355054283,0.587153368454685,7.929491108901849,3.6478793358445034,2.882832716711519,0.3866473391267758,0.07668720921986644,0.19335514951542745,0.05824930524474464,0.07869839326187873,-0.04738754130948208,-0.01348292841381652,0.19194693227295367,0.023908195343419803,0.8333333333333334,0.004956662806726706,0.014989176103614894,0.6875398528819068,0.043193285914137874,0.0566258748902966,0.04461985062063721,0.0027226646965102844,0.022917075941335113,0.01142146538633023,0.003995240995563137,0.00900147588993729,0.004460662843804864,0.01383874316092167,0.003342660784912221,0.028179462833841686,2.0816681711721685e-17,0.0001240079365079365,0.00019290123456790122,4.504936707890294,977.3436288209928
390001,3,10,M3,1,True,0.0,0.9844764295140137,0.9437096542220714,0.35,0.0,0.0,0.2443801517598331,0.06754384808242321,3.1797893855720756,0.21964385755360127,0.0,0.0,5.020357612986118,6.691643536090851,0.15555464355054283,0.587153368454685,7.929491108901849,3.6478793358445034,2.882832716711519,0.3866473391267758,0.07668720921986644,0.19335514951542745,0.05824930524474464,0.07869839326187873,-0.04738754130948208,-0.01348292841381652,0.19194693227295367,0.023908195343419803,0.8333333333333334,0.004956662806726706,0.014989176103614894,0.6875398528819068,0.043193285914137874,0.0566258748902966,0.04461985062063721,0.0027226646965102844,0.022917075941335113,0.01142146538633023,0.003995240995563137,0.00900147588993729,0.004460662843804864,0.01383874316092167,0.003342660784912221,0.028179462833841686,2.0816681711721685e-17,0.0001240079365079365,0.00019290123456790122,4.504936707890294,977.3436288209928
390001,3,10,M2+O,2,True,0.0,0.9844764295140137,0.9437096542220714,0.35,0.0,0.0,0.2443801517598331,0.06754384808242321,3.1797893855720756,0.21964385755360127,0.22120154879690973,0.0,5.020357612986118,6.691643536090851,0.15287362136771923,0.5911811414974592,8.346284684057622,3.607747900137346,2.891576611021227,0.384409052578913,0.08506696241870547,0.1753087373874429,0.04304676148819814,0.07696854546338894,-0.049227886905358786,-0.010709204236077052,0.22419168357665922,0.03142853884939383,0.9083333333333333,0.005501213595753339,0.015106341510815427,0.6539232502544353,0.04665908926342351,0.06282838646875466,0.0491134469268952,0.002706280385601545,0.02310510157449144,0.009666803080809538,0.0036721470422335597,0.00843036056229015,0.0047116310247390155,0.01334470794747549,0.0028564457587020847,0.016666666666666666,2.0816681711721685e-17,6.889329805996472e-05,0.00016534391534391533,4.751568459295967,988.6916277225506
390001,3,10,M4,3,True,0.0,0.9844764295140137,0.9437096542220714,0.35,0.0,0.0,0.2443801517598331,0.06754384808242321,3.1797893855720756,0.21964385755360127,0.22120154879690973,0.0,5.020357612986118,6.691643536090851,0.15287362136771923,0.5911811414974592,8.346284684057622,3.607747900137346,2.891576611021227,0.384409052578913,0.08506696241870547,0.1753087373874429,0.04304676148819814,0.07696854546338894,-0.049227886905358786,-0.010709204236077052,0.22419168357665922,0.03142853884939383,0.9083333333333333,0.005501213595753339,0.015106341510815427,0.6539232502544353,0.04665908926342351,0.06282838646875466,0.0491134469268952,0.002706280385601545,0.02310510157449144,0.009666803080809538,0.0036721470422335597,0.00843036056229015,0.0047116310247390155,0.01334470794747549,0.0028564457587020847,0.016666666666666666,2.0816681711721685e-17,6.889329805996472e-05,0.00016534391534391533,4.751568459295967,988.6916277225506
390001,3,11,M2,0,True,0.0,0.9844764295140137,0.9437096542220714,0.35,0.0,0.0,0.28308231513947246,0.08182962188962847,2.945610111951828,0.22273273594677448,0.0,0.0,5.752427791710943,8.503426149487495,0.14968170892531296,0.5998146549595201,9.408819656042853,3.7032812368316876,2.782924667167155,0.3966041637658142,0.07010359766606981,0.17511428656065717,0.04727821119729684,0.08030430031747271,-0.047029500360818044,-0.013240573963799039,0.18950434179312295,0.02840170365276523,0.8562499999999998,0.005315538282291101,0.014086231242661954,0.8507466118403186,0.043085328425470845,0.05466003149155218,0.042891415859438085,0.002564793956323363,0.023781494114670294,0.011373087033489888,0.003995081221776377,0.008421514364911642,0.004242492861208334,0.013720625831811549,0.003639418725862829,0.02523665165897651,2.0816681711721685e-17,5.511463844797178e-05,8.267195767195767e-05,4.939688734905451,4156.679895652815
390001,3,11,M3,1,True,0.0,0.9844764295140137,0.9437096542220714,0.35,0.0,0.0,0.28308231513947246,0.08182962188962847,2.945610111951828,0.22273273594677448,0.0,0.0,5.752427791710943,8.503426149487495,0.14968170892531296,0.5998146549595201,9.408819656042853,3.7032812368316876,2.782924667167155,0.3966041637658142,0.07010359766606981,0.17511428656065717,0.04727821119729684,0.08030430031747271,-0.047029500360818044,-0.013240573963799039,0.18950434179312295,0.02840170365276523,0.8562499999999998,0.005315538282291101,0.014086231242661954,0.8507466118403186,0.043085328425470845,0.05466003149155218,0.042891415859438085,0.002564793956323363,0.023781494114670294,0.011373087033489888,0.003995081221776377,0.008421514364911642,0.004242492861208334,0.013720625831811549,0.003639418725862829,0.02523665165897651,2.0816681711721685e-17,5.511463844797178e-05,8.267195767195767e-05,4.939688734905451,4156.679895652815
390001,3,11,M2+O,2,True,0.0,0.9844764295140137,0.9437096542220714,0.35,0.0,0.0,0.28308231513947246,0.08182962188962847,2.945610111951828,0.22273273594677448,0.024611350639674,0.0,5.752427791710943,8.503426149487495,0.14960975975232024,0.5988131993595428,9.386530725757599,3.7017626839576643,2.7809504855140936,0.37106818072799647,0.07004178295076527,0.17494463385238526,0.046147114783510655,0.0798353097117446,-0.04750271911101538,-0.01328460080320297,0.18962179064680865,0.02853006947962251,0.8562499999999998,0.005352991201354418,0.0142124937416557,0.8384966604314973,0.04458955337087191,0.05294723071411961,0.039104497640933336,0.0025578556313988893,0.02385324514670412,0.011312003876073616,0.004010553281038039,0.008363400317002967,0.004268269300648339,0.013673211065786344,0.003565414435411864,0.02523665165897651,2.0816681711721685e-17,5.511463844797178e-05,6.889329805996472e-05,4.9904040148665025,4157.878342466254
390001,3,11,M4,3,True,0.0,0.9844764295140137,0.9437096542220714,0.35,0.0,0.0,0.28308231513947246,0.08182962188962847,2.945610111951828,0.22273273594677448,0.024611350639674,0.0,5.752427791710943,8.503426149487495,0.14960975975232024,0.5988131993595428,9.386530725757599,3.7017626839576643,2.7809504855140936,0.37106818072799647,0.07004178295076527,0.17494463385238526,0.046147114783510655,0.0798353097117446,-0.04750271911101538,-0.01328460080320297,0.18962179064680865,0.02853006947962251,0.8562499999999998,0.005352991201354418,0.0142124937416557,0.8384966604314973,0.04458955337087191,0.05294723071411961,0.039104497640933336,0.0025578556313988893,0.02385324514670412,0.011312003876073616,0.004010553281038039,0.008363400317002967,0.004268269300648339,0.013673211065786344,0.003565414435411864,0.02523665165897651,2.0816681711721685e-17,5.511463844797178e-05,6.889329805996472e-05,4.9904040148665025,4157.878342466254
390001,3,12,M2,0,True,0.0,0.9844764295140137,0.9437096542220714,0.35,0.0,0.0,0.29935491690412164,0.07051171878352762,2.7982757639139892,0.23080004900693893,0.0,0.0,6.378210476133972,6.27442592382431,0.15461666613667288,0.5935591460631261,8.245603008708398,3.64472009866455,2.8992022577987,0.44086702441853065,0.08796757351479172,0.1999408452337513,0.062200083322712825,0.08024656444139124,-0.04095081255027709,-0.008328718921222927,0.23326845554808473,0.02950514598192097,0.8604166666666666,0.005733822957317432,0.014727817610565097,0.7576509260455979,0.04353340200000581,0.06303129681906677,0.05233019175106599,0.0029338804832522002,0.023061803842086306,0.010598601616052073,0.0039148646042630785,0.010151213383213906,0.004729149323690179,0.01547267300750007,0.0037387279576751027,0.025886311968741225,2.0816681711721685e-17,1.3778659611992945e-05,1.3778659611992945e-05,3.4983426968418034,13905.40496763741
390001,3,12,M3,1,True,0.0,0.9844764295140137,0.9437096542220714,0.35,0.0,0.0,0.29935491690412164,0.07051171878352762,2.7982757639139892,0.23080004900693893,0.0,0.0,6.378210476133972,6.27442592382431,0.15461666613667288,0.5935591460631261,8.245603008708398,3.64472009866455,2.8992022577987,0.44086702441853065,0.08796757351479172,0.1999408452337513,0.062200083322712825,0.08024656444139124,-0.04095081255027709,-0.008328718921222927,0.23326845554808473,0.02950514598192097,0.8604166666666666,0.005733822957317432,0.014727817610565097,0.7576509260455979,0.04353340200000581,0.06303129681906677,0.05233019175106599,0.0029338804832522002,0.023061803842086306,0.010598601616052073,0.0039148646042630785,0.010151213383213906,0.004729149323690179,0.01547267300750007,0.0037387279576751027,0.025886311968741225,2.0816681711721685e-17,1.3778659611992945e-05,1.3778659611992945e-05,3.4983426968418034,13905.40496763741
390001,3,12,M2+O,2,True,0.0,0.9844764295140137,0.9437096542220714,0.35,0.0,0.0,0.29935491690412164,0.07051171878352762,2.7982757639139892,0.23080004900693893,0.032109614985167255,0.0,6.378210476133972,6.27442592382431,0.15451200741481982,0.5914390297778301,8.208466958307657,3.6167548704314556,2.888489075396732,0.42780642259496765,0.08789848355208858,0.199453700388315,0.06061937497821882,0.07945456774352257,-0.0416435894360892,-0.008331253434459134,0.23354374310292322,0.02964256712716849,0.8645833333333334,0.00578171074578454,0.014953247840766818,0.7525236315665788,0.044180851807750415,0.061278995622711066,0.05012651444165639,0.0029181216363637617,0.023275120695362656,0.010532378717683408,0.003952215256466101,0.010047869906954504,0.0047788728936092205,0.01540077893510139,0.0036109844002964768,0.023979000222920502,2.0816681711721685e-17,1.3778659611992945e-05,1.3778659611992945e-05,3.5314787980254962,13893.556368006155
390001,3,12,M4,3,True,0.0,0.9844764295140137,0.9437096542220714,0.35,0.0,0.0,0.29935491690412164,0.07051171878352762,2.7982757639139892,0.23080004900693893,0.032109614985167255,0.0,6.378210476133972,6.27442592382431,0.15451200741481982,0.5914390297778301,8.208466958307657,3.6167548704314556,2.888489075396732,0.42780642259496765,0.08789848355208858,0.199453700388315,0.06061937497821882,0.07945456774352257,-0.0416435894360892,-0.008331253434459134,0.23354374310292322,0.02964256712716849,0.8645833333333334,0.00578171074578454,0.014953247840766818,0.7525236315665788,0.044180851807750415,0.061278995622711066,0.05012651444165639,0.0029181216363637617,0.023275120695362656,0.010532378717683408,0.003952215256466101,0.010047869906954504,0.0047788728936092205,0.01540077893510139,0.0036109844002964768,0.023979000222920502,2.0816681711721685e-17,1.3778659611992945e-05,1.3778659611992945e-05,3.5314787980254962,13893.556368006155
390001,3,13,M2,0,False,0.010943009854380476,0.9844764295140137,0.9437096542220714,0.35,0.0,0.0,0.2357255432754755,0.0843245640071109,3.0317934952676295,0.20654045909643173,0.0,0.0,5.610234498512,8.927487328648567,0.150487961706775,0.5989078749605223,9.259932153673017,3.6984154281955797,2.8256447738458133,0.4283892412252146,0.06058520420718103,0.16462709700392336,0.042289448492943825,0.07819532934275078,-0.05062590528130714,-0.017934659945061698,0.1563865675434695,0.023546328930341014,0.8229166666666666,0.004675431570003763,0.013501071307498311,0.8396903354666986,0.04236083568395419,0.05812180808650005,0.048200148548795334,0.0023910026488711735,0.02320972238390796,0.011962099567975728,0.003975178826086595,0.007334916742416196,0.0039628798952024685,0.012213809280193609,0.0032694425995629375,0.028229642958172423,2.0816681711721685e-17,5.511463844797178e-05,8.267195767195767e-05,5.626963965869959,3139.5666316832117
390001,3,13,M3,1,False,0.010943009854380476,0.9844764295140137,0.9437096542220714,0.35,0.0,0.0,0.2357255432754755,0.0843245640071109,3.0317934952676295,0.20654045909643173,0.0,0.0,5.610234498512,8.927487328648567,0.150487961706775,0.5989078749605223,9.259932153673017,3.6984154281955797,2.8256447738458133,0.4283892412252146,0.06058520420718103,0.16462709700392336,0.042289448492943825,0.07819532934275078,-0.05062590528130714,-0.017934659945061698,0.1563865675434695,0.023546328930341014,0.8229166666666666,0.004675431570003763,0.013501071307498311,0.8396903354666986,0.04236083568395419,0.05812180808650005,0.048200148548795334,0.0023910026488711735,0.02320972238390796,0.011962099567975728,0.003975178826086595,0.007334916742416196,0.0039628798952024685,0.012213809280193609,0.0032694425995629375,0.028229642958172423,2.0816681711721685e-17,5.511463844797178e-05,8.267195767195767e-05,5.626963965869959,3139.5666316832117
390001,3,13,M2+O,2,False,0.004945153488027903,0.9844764295140137,0.9437096542220714,0.35,0.0,0.0,0.2357255432754755,0.0843245640071109,3.0317934952676295,0.20654045909643173,0.14585900465534243,0.0,5.610234498512,8.927487328648567,0.14935156037770897,0.5986950710028957,9.407735163406345,3.70384051327332,2.8332149730880105,0.3970575072057348,0.06367103932284092,0.15917836184427614,0.034181138377510446,0.07738496935929719,-0.05196935538716635,-0.016791317651907986,0.17038331128246872,0.026608325247820096,0.86875,0.00499872629357744,0.013522350556995247,0.7490405530179636,0.05200033118566776,0.06453112316384073,0.047232620674526805,0.00239336191008405,0.023054130171419062,0.011060256293222829,0.0036134931019748493,0.007171235140428916,0.004146614585118505,0.011984158265886532,0.003044533092381582,0.022077863692336525,2.0816681711721685e-17,6.889329805996472e-05,6.889329805996472e-05,6.013182192961892,3148.656031183264
390001,3,13,M4,3,False,0.004945153488027903,0.9844764295140137,0.9437096542220714,0.35,0.0,0.0,0.2357255432754755,0.0843245640071109,3.0317934952676295,0.20654045909643173,0.14585900465534243,0.0,5.610234498512,8.927487328648567,0.14935156037770897,0.5986950710028957,9.407735163406345,3.70384051327332,2.8332149730880105,0.3970575072057348,0.06367103932284092,0.15917836184427614,0.034181138377510446,0.07738496935929719,-0.05196935538716635,-0.016791317651907986,0.17038331128246872,0.026608325247820096,0.86875,0.00499872629357744,0.013522350556995247,0.7490405530179636,0.05200033118566776,0.06453112316384073,0.047232620674526805,0.00239336191008405,0.023054130171419062,0.011060256293222829,0.0036134931019748493,0.007171235140428916,0.004146614585118505,0.011984158265886532,0.003044533092381582,0.022077863692336525,2.0816681711721685e-17,6.889329805996472e-05,6.889329805996472e-05,6.013182192961892,3148.656031183264
390001,3,14,M2,0,True,0.0,0.9844764295140137,0.9437096542220714,0.35,0.0,0.0,0.20833341283723714,0.062489898935891686,2.92039684318006,0.25279291801154613,0.0,0.0,5.331442344933748,7.0982246696949005,0.1561597502847473,0.6078073434952754,8.000720415165985,3.614509282371696,2.8802361313745544,0.3716694412956391,0.09356215464522977,0.21741954347494993,0.06690640058428433,0.07959908707263734,-0.03876907537535073,-0.009498055078614754,0.19707321449250056,0.022557277815127535,0.8125,0.004530852030640113,0.014277977568472405,0.7643227487660806,0.038986669941096695,0.05660574214035932,0.04585476600141491,0.0029167435849641746,0.02108341260071225,0.011003322682718976,0.004171357096180873,0.01062171417925368,0.004799955106814852,0.013970372785579804,0.003293329844074706,0.02628060672539872,2.0816681711721685e-17,6.889329805996472e-05,0.0001240079365079365,3.3477050026409074,1786.1265945476855
390001,3,14,M3,1,True,0.0,0.9844764295140137,0.9437096542220714,0.35,0.0,0.0,0.20833341283723714,0.062489898935891686,2.92039684318006,0.25279291801154613,0.0,0.0,5.331442344933748,7.0982246696949005,0.1561597502847473,0.6078073434952754,8.000720415165985,3.614509282371696,2.8802361313745544,0.3716694412956391,0.09356215464522977,0.21741954347494993,0.06690640058428433,0.07959908707263734,-0.03876907537535073,-0.009498055078614754,0.19707321449250056,0.022557277815127535,0.8125,0.004530852030640113,0.014277977568472405,0.7643227487660806,0.038986669941096695,0.05660574214035932,0.04585476600141491,0.0029167435849641746,0.02108341260071225,0.011003322682718976,0.004171357096180873,0.01062171417925368,0.004799955106814852,0.013970372785579804,0.003293329844074706,0.02628060672539872,2.0816681711721685e-17,6.889329805996472e-05,0.0001240079365079365,3.3477050026409074,1786.1265945476855
390001,3,14,M2+O,2,True,0.0,0.9844764295140137,0.9437096542220714,0.35,0.0,0.0,0.20833341283723714,0.062489898935891686,2.92039684318006,0.25279291801154613,0.09017833367092232,0.0,5.331442344933748,7.0982246696949005,0.1556604128842295,0.6032117486503042,7.93156159803704,3.614341189277006,2.8499504251573593,0.36003753750286,0.09458084231505877,0.21499136083145554,0.06153173025194084,0.07807107572909915,-0.04053136003431668,-0.00933837592241307,0.2024935949011327,0.02367591575691271,0.8125,0.004727958495980638,0.01403846464320736,0.7776315103035492,0.04650729712966629,0.05779816301946338,0.03895942463168763,0.002877380942495906,0.021504038535158403,0.01055893810108693,0.004061930383384871,0.010391322040918206,0.004925658916899571,0.013783703808273888,0.0030146658935648178,0.025404338896783136,2.0816681711721685e-17,6.889329805996472e-05,0.00011022927689594356,3.4315876801347067,1785.8928105536695
390001,3,14,M4,3,True,0.0,0.9844764295140137,0.9437096542220714,0.35,0.0,0.0,0.20833341283723714,0.062489898935891686,2.92039684318006,0.25279291801154613,0.09017833367092232,0.0,5.331442344933748,7.0982246696949005,0.1556604128842295,0.6032117486503042,7.93156159803704,3.614341189277006,2.8499504251573593,0.36003753750286,0.09458084231505877,0.21499136083145554,0.06153173025194084,0.07807107572909915,-0.04053136003431668,-0.00933837592241307,0.2024935949011327,0.02367591575691271,0.8125,0.004727958495980638,0.01403846464320736,0.7776315103035492,0.04650729712966629,0.05779816301946338,0.03895942463168763,0.002877380942495906,0.021504038535158403,0.01055893810108693,0.004061930383384871,0.010391322040918206,0.004925658916899571,0.013783703808273888,0.0030146658935648178,0.025404338896783136,2.0816681711721685e-17,6.889329805996472e-05,0.00011022927689594356,3.4315876801347067,1785.8928105536695
390001,3,15,M2,0,False,0.004827017598308339,0.9844764295140137,0.9437096542220714,0.35,0.0,0.0,0.26893506180495025,0.07365114953368902,3.2870344676077363,0.18954758934676647,0.0,0.0,6.0987141309306026,8.098484382033348,0.1545370922474558,0.5860042444809525,8.254132062154193,3.6021642717252695,2.8860353251732938,0.4091441631563086,0.06374709327222151,0.1676986831118955,0.048279281873347936,0.0769839434928455,-0.05055581958773795,-0.017060783647003225,0.1837298793015448,0.02506687151887101,0.85,0.0052019530243375516,0.013670393193042871,0.7426203586908179,0.03974145733197701,0.0546034740687126,0.04652084585981859,0.0025022390066296346,0.02361973544550206,0.011684166213871056,0.0037015557971164354,0.00739462691780246,0.004107593337932075,0.013464936305873055,0.003425386132285586,0.028552012036008042,2.0816681711721685e-17,1.3778659611992945e-05,1.3778659611992945e-05,5.678552718267009,8123.516803784762
390001,3,15,M3,1,False,0.004827017598308339,0.9844764295140137,0.9437096542220714,0.35,0.0,0.0,0.26893506180495025,0.07365114953368902,3.2870344676077363,0.18954758934676647,0.0,0.0,6.0987141309306026,8.098484382033348,0.1545370922474558,0.5860042444809525,8.254132062154193,3.6021642717252695,2.8860353251732938,0.4091441631563086,0.06374709327222151,0.1676986831118955,0.048279281873347936,0.0769839434928455,-0.05055581958773795,-0.017060783647003225,0.1837298793015448,0.02506687151887101,0.85,0.0052019530243375516,0.013670393193042871,0.7426203586908179,0.03974145733197701,0.0546034740687126,0.04652084585981859,0.0025022390066296346,0.02361973544550206,0.011684166213871056,0.0037015557971164354,0.00739462691780246,0.004107593337932075,0.013464936305873055,0.003425386132285586,0.028552012036008042,2.0816681711721685e-17,1.3778659611992945e-05,1.3778659611992945e-05,5.678552718267009,8123.516803784762
390001,3,15,M2+O,2,False,0.004003088708490781,0.9844764295140137,0.9437096542220714,0.35,0.0,0.0,0.26893506180495025,0.07365114953368902,3.2870344676077363,0.18954758934676647,0.06948194053920671,0.0,6.0987141309306026,8.098484382033348,0.1541943786409128,0.5853278533708384,8.254935638247717,3.6017255136737405,2.9041948193784424,0.3938076365775059,0.06430570298115955,0.1659483090800475,0.04466061913483091,0.07625317682958517,-0.0515483845361698,-0.016875139175755532,0.18668593174947443,0.02590088527298905,0.8604166666666666,0.0053217818583030105,0.013918085413426219,0.7015289665267406,0.044333935919117294,0.06286042275960213,0.047205213906494584,0.0024905824181516464,0.023690675461687898,0.01133975253513625,0.0036420340358469024,0.007272926039638541,0.004218119868764506,0.01330940178786552,0.0032548663208490348,0.025710759932925018,2.0816681711721685e-17,1.3778659611992945e-05,1.3778659611992945e-05,5.866260773053386,8113.98655178821
390001,3,15,M4,3,False,0.004003088708490781,0.9844764295140137,0.9437096542220714,0.35,0.0,0.0,0.26893506180495025,0.07365114953368902,3.2870344676077363,0.18954758934676647,0.06948194053920671,0.0,6.0987141309306026,8.098484382033348,0.1541943786409128,0.5853278533708384,8.254935638247717,3.6017255136737405,2.9041948193784424,0.3938076365775059,0.06430570298115955,0.1659483090800475,0.04466061913483091,0.07625317682958517,-0.0515483845361698,-0.016875139175755532,0.18668593174947443,0.02590088527298905,0.8604166666666666,0.0053217818583030105,0.013918085413426219,0.7015289665267406,0.044333935919117294,0.06286042275960213,0.047205213906494584,0.0024905824181516464,0.023690675461687898,0.01133975253513625,0.0036420340358469024,0.007272926039638541,0.004218119868764506,0.01330940178786552,0.0032548663208490348,0.025710759932925018,2.0816681711721685e-17,1.3778659611992945e-05,1.3778659611992945e-05,5.866260773053386,8113.98655178821
390001,3,16,M2,0,False,1.4868122962650616e-06,0.9844764295140137,0.9437096542220714,0.35,0.0,0.0,0.27431888692080975,0.06181873608380556,2.745128928869963,0.22651283517479898,0.0,0.0,5.591213259845972,8.767512990161777,0.1598382977756671,0.5847741592262486,7.074753233323638,3.564517477405253,2.988520776328046,0.4235835004936018,0.0976815862135043,0.21646984982623438,0.07435818131546221,0.07822224394641487,-0.03793926345042978,-0.007278145316148577,0.2449692639696387,0.025483494858536432,0.8312500000000002,0.0055352833712268125,0.015567658130463126,0.6743410280879691,0.03981631061781317,0.06589930417082838,0.04962099606381186,0.003137067258336315,0.02205006473195018,0.010403894524217968,0.003829590462984203,0.010804610381286038,0.004968397800893803,0.01587917401918613,0.003514723278593909,0.02883808183232921,2.0816681711721685e-17,1.3778659611992945e-05,1.3778659611992945e-05,2.8757471516278486,2997.193322846913
390001,3,16,M3,1,False,1.4868122962650616e-06,0.9844764295140137,0.9437096542220714,0.35,0.0,0.0,0.27431888692080975,0.06181873608380556,2.745128928869963,0.22651283517479898,0.0,0.0,5.591213259845972,8.767512990161777,0.1598382977756671,0.5847741592262486,7.074753233323638,3.564517477405253,2.988520776328046,0.4235835004936018,0.0976815862135043,0.21646984982623438,0.07435818131546221,0.07822224394641487,-0.03793926345042978,-0.007278145316148577,0.2449692639696387,0.025483494858536432,0.8312500000000002,0.0055352833712268125,0.015567658130463126,0.6743410280879691,0.03981631061781317,0.06589930417082838,0.04962099606381186,0.003137067258336315,0.02205006473195018,0.010403894524217968,0.003829590462984203,0.010804610381286038,0.004968397800893803,0.01587917401918613,0.003514723278593909,0.02883808183232921,2.0816681711721685e-17,1.3778659611992945e-05,1.3778659611992945e-05,2.8757471516278486,2997.193322846913
390001,3,16,M2+O,2,False,2.0546230617239585e-05,0.9844764295140137,0.9437096542220714,0.35,0.0,0.0,0.27431888692080975,0.06181873608380556,2.745128928869963,0.22651283517479898,0.2121842301297775,0.0,5.591213259845972,8.767512990161777,0.15719866039526004,0.5834655460059331,7.362712792398327,3.57839352322099,2.937001492746789,0.36041360201169637,0.10574256471933537,0.1969267791403738,0.05792058299436389,0.0771624008288865,-0.04085284421028624,-0.005316585353129291,0.2723366764429412,0.03247133401990148,0.9,0.006004283852795951,0.01687617128394056,0.7002248300653215,0.04336058565828968,0.06530472380658908,0.04112614388456165,0.003038643618691792,0.02288210499024925,0.009099842304694879,0.0039986448507524424,0.009966697827710423,0.005185360917795191,0.014964455349691024,0.002887847154060197,0.011656310103003921,2.0816681711721685e-17,1.3778659611992945e-05,1.3778659611992945e-05,3.0857772587474184,2996.5718719001434
390001,3,16,M4,3,False,2.0546230617239585e-05,0.9844764295140137,0.9437096542220714,0.35,0.0,0.0,0.27431888692080975,0.06181873608380556,2.745128928869963,0.22651283517479898,0.2121842301297775,0.0,5.591213259845972,8.767512990161777,0.15719866039526004,0.5834655460059331,7.362712792398327,3.57839352322099,2.937001492746789,0.36041360201169637,0.10574256471933537,0.1969267791403738,0.05792058299436389,0.0771624008288865,-0.04085284421028624,-0.005316585353129291,0.2723366764429412,0.03247133401990148,0.9,0.006004283852795951,0.01687617128394056,0.7002248300653215,0.04336058565828968,0.06530472380658908,0.04112614388456165,0.003038643618691792,0.02288210499024925,0.009099842304694879,0.0039986448507524424,0.009966697827710423,0.005185360917795191,0.014964455349691024,0.002887847154060197,0.011656310103003921,2.0816681711721685e-17,1.3778659611992945e-05,1.3778659611992945e-05,3.0857772587474184,2996.5718719001434
390001,3,17,M2,0,False,0.00026590545089411483,0.9844764295140137,0.9437096542220714,0.35,0.0,0.0,0.2107140221633017,0.07251564121339471,3.1294893007725477,0.21084689751267433,0.0,0.0,6.359143438749015,6.029857037588954,0.155325135299306,0.5889248193490751,8.002699073808861,3.637212522248451,2.867366004034347,0.36919193826215113,0.06853240531745229,0.18458731415880583,0.053825136361295926,0.0776858686751755,-0.05047356950667184,-0.016793118414371217,0.16482255923920588,0.02102300944006075,0.8083333333333332,0.004456822674753809,0.013614210420727246,0.6873322865774854,0.04120189288729821,0.054140430856835994,0.03678467748927074,0.002554163875500548,0.022627771415043574,0.011878578937377803,0.003943467597402068,0.008111535056421653,0.004233270693848093,0.012617709594077693,0.0030823327560969395,0.029282894711850367,2.0816681711721685e-17,1.3778659611992945e-05,1.3778659611992945e-05,4.786954698631036,13513.608270367353
390001,3,17,M3,1,False,0.00026590545089411483,0.9844764295140137,0.9437096542220714,0.35,0.0,0.0,0.2107140221633017,0.07251564121339471,3.1294893007725477,0.21084689751267433,0.0,0.0,6.359143438749015,6.029857037588954,0.155325135299306,0.5889248193490751,8.002699073808861,3.637212522248451,2.867366004034347,0.36919193826215113,0.06853240531745229,0.18458731415880583,0.053825136361295926,0.0776858686751755,-0.05047356950667184,-0.016793118414371217,0.16482255923920588,0.02102300944006075,0.8083333333333332,0.004456822674753809,0.013614210420727246,0.6873322865774854,0.04120189288729821,0.054140430856835994,0.03678467748927074,0.002554163875500548,0.022627771415043574,0.011878578937377803,0.003943467597402068,0.008111535056421653,0.004233270693848093,0.012617709594077693,0.0030823327560969395,0.029282894711850367,2.0816681711721685e-17,1.3778659611992945e-05,1.3778659611992945e-05,4.786954698631036,13513.608270367353
390001,3,17,M2+O,2,False,0.00028170850160638184,0.9844764295140137,0.9437096542220714,0.35,0.0,0.0,0.2107140221633017,0.07251564121339471,3.1294893007725477,0.21084689751267433,0.022073353820592844,0.0,6.359143438749015,6.029857037588954,0.15526380725768396,0.5891117296346807,7.986329936209479,3.635944458742999,2.8750314434928335,0.37252422445944067,0.0684894243272806,0.18435263771676824,0.05276665231510217,0.07724016029771168,-0.05088341880310315,-0.016835742867823765,0.16497621428673945,0.021125160970307488,0.80625,0.004496941342239546,0.013767301931521377,0.6768666425703893,0.045544818850802735,0.05586482594384562,0.03915790952558081,0.0025499742972380783,0.022703239275764106,0.011804545360548226,0.00395245720202173,0.008070820135123046,0.004258559913229148,0.012602698927763762,0.0030264765826043764,0.02828307029332904,2.0816681711721685e-17,1.3778659611992945e-05,1.3778659611992945e-05,4.818150148380311,13507.746096622339
390001,3,17,M4,3,False,0.00028170850160638184,0.9844764295140137,0.9437096542220714,0.35,0.0,0.0,0.2107140221633017,0.07251564121339471,3.1294893007725477,0.21084689751267433,0.022073353820592844,0.0,6.359143438749015,6.029857037588954,0.15526380725768396,0.5891117296346807,7.986329936209479,3.635944458742999,2.8750314434928335,0.37252422445944067,0.0684894243272806,0.18435263771676824,0.05276665231510217,0.07724016029771168,-0.05088341880310315,-0.016835742867823765,0.16497621428673945,0.021125160970307488,0.80625,0.004496941342239546,0.013767301931521377,0.6768666425703893,0.045544818850802735,0.05586482594384562,0.03915790952558081,0.0025499742972380783,0.022703239275764106,0.011804545360548226,0.00395245720202173,0.008070820135123046,0.004258559913229148,0.012602698927763762,0.0030264765826043764,0.02828307029332904,2.0816681711721685e-17,1.3778659611992945e-05,1.3778659611992945e-05,4.818150148380311,13507.746096622339
390001,3,18,M2,0,True,0.0,0.9844764295140137,0.9437096542220714,0.35,0.0,0.0,0.2333221411332488,0.0694007444800809,2.9358963377773764,0.24959932155907155,0.0,0.0,6.073741978500038,7.956517500802875,0.1529851883347294,0.6050842219159517,8.638389646108683,3.6743064707820303,2.826210390621488,0.4056581255615768,0.08546386830210345,0.20452769292452347,0.058564510074517184,0.0807291216520556,-0.041979360654433584,-0.010585310070608457,0.19325045614695513,0.024992790349384748,0.8312499999999999,0.004794137896667981,0.013820654234631443,0.7858695749168565,0.040034137643508716,0.05417379207452521,0.04434753440004064,0.0027865645912483563,0.02204460729411609,0.011130702232622944,0.004166417880281932,0.010028217340263058,0.004618121486479199,0.013855354415509051,0.0034349773022164984,0.02787986975724886,2.0816681711721685e-17,1.3778659611992945e-05,2.755731922398589e-05,3.866928221215541,7865.340663040387
390001,3,18,M3,1,True,0.0,0.9844764295140137,0.9437096542220714,0.35,0.0,0.0,0.2333221411332488,0.0694007444800809,2.9358963377773764,0.24959932155907155,0.0,0.0,6.073741978500038,7.956517500802875,0.1529851883347294,0.6050842219159517,8.638389646108683,3.6743064707820303,2.826210390621488,0.4056581255615768,0.08546386830210345,0.20452769292452347,0.058564510074517184,0.0807291216520556,-0.041979360654433584,-0.010585310070608457,0.19325045614695513,0.024992790349384748,0.8312499999999999,0.004794137896667981,0.013820654234631443,0.7858695749168565,0.040034137643508716,0.05417379207452521,0.04434753440004064,0.0027865645912483563,0.02204460729411609,0.011130702232622944,0.004166417880281932,0.010028217340263058,0.004618121486479199,0.013855354415509051,0.0034349773022164984,0.02787986975724886,2.0816681711721685e-17,1.3778659611992945e-05,2.755731922398589e-05,3.866928221215541,7865.340663040387
390001,3,18,M2+O,2,True,0.0,0.9844764295140137,0.9437096542220714,0.35,0.0,0.0,0.2333221411332488,0.0694007444800809,2.9358963377773764,0.24959932155907155,0.04776055824152218,0.0,6.073741978500038,7.956517500802875,0.15280874190062063,0.6025873219373038,8.58435753523357,3.67200443932965,2.80095597760117,0.37304526700789414,0.08556326410237576,0.20393093218150457,0.056071133664267823,0.0795792235131807,-0.0429578812739429,-0.010598894427292553,0.1943851098966967,0.025312258511693466,0.8333333333333334,0.004882037014510229,0.013567978431193341,0.7836672420431219,0.0441157014954408,0.05336117026856758,0.0380265001684855,0.002769042315127241,0.02227243296860112,0.010972143529897097,0.0042040714444026035,0.009904766378720556,0.004683669699298661,0.013774303080611155,0.0032767897983707805,0.026179886810869742,2.0816681711721685e-17,1.3778659611992945e-05,2.755731922398589e-05,3.921195345247256,7865.1861180423
390001,3,18,M4,3,True,0.0,0.9844764295140137,0.9437096542220714,0.35,0.0,0.0,0.2333221411332488,0.0694007444800809,2.9358963377773764,0.24959932155907155,0.04776055824152218,0.0,6.073741978500038,7.956517500802875,0.15280874190062063,0.6025873219373038,8.58435753523357,3.67200443932965,2.80095597760117,0.37304526700789414,0.08556326410237576,0.20393093218150457,0.056071133664267823,0.0795792235131807,-0.0429578812739429,-0.010598894427292553,0.1943851098966967,0.025312258511693466,0.8333333333333334,0.004882037014510229,0.013567978431193341,0.7836672420431219,0.0441157014954408,0.05336117026856758,0.0380265001684855,0.002769042315127241,0.02227243296860112,0.010972143529897097,0.0042040714444026035,0.009904766378720556,0.004683669699298661,0.013774303080611155,0.0032767897983707805,0.026179886810869742,2.0816681711721685e-17,1.3778659611992945e-05,2.755731922398589e-05,3.921195345247256,7865.1861180423
390001,3,19,M2,0,False,0.012646160438315249,0.9844764295140137,0.9437096542220714,0.35,0.0,0.0,0.29389928011223676,0.0837265725620091,3.151984858140349,0.19276041217148304,0.0,0.0,5.306607499253005,6.847492961212993,0.14980532045200867,0.5966562296476742,9.520661317764871,3.682545414839097,2.841924245983845,0.4650505158469099,0.05987903662933447,0.15550948771538628,0.03981598248199539,0.07812727991986708,-0.049426748653824994,-0.016751348261633867,0.1795078906020583,0.027919827464572337,0.8645833333333334,0.005400504549788515,0.013886089260734372,0.8844274737749628,0.04174546839220211,0.05654012412979473,0.05630897823224713,0.002399004290418133,0.023843927937552297,0.011642413588071755,0.003739505564928345,0.007053580382388484,0.003950398303688787,0.013281446247386112,0.0036306806153094135,0.02562253287286907,2.0816681711721685e-17,0.0001240079365079365,0.00019290123456790122,6.317632634698422,1729.4269519655682
390001,3,19,M3,1,False,0.012646160438315249,0.9844764295140137,0.9437096542220714,0.35,0.0,0.0,0.29389928011223676,0.0837265725620091,3.151984858140349,0.19276041217148304,0.0,0.0,5.306607499253005,6.847492961212993,0.14980532045200867,0.5966562296476742,9.520661317764871,3.682545414839097,2.841924245983845,0.4650505158469099,0.05987903662933447,0.15550948771538628,0.03981598248199539,0.07812727991986708,-0.049426748653824994,-0.016751348261633867,0.1795078906020583,0.027919827464572337,0.8645833333333334,0.005400504549788515,0.013886089260734372,0.8844274737749628,0.04174546839220211,0.05654012412979473,0.05630897823224713,0.002399004290418133,0.023843927937552297,0.011642413588071755,0.003739505564928345,0.007053580382388484,0.003950398303688787,0.013281446247386112,0.0036306806153094135,0.02562253287286907,2.0816681711721685e-17,0.0001240079365079365,0.00019290123456790122,6.317632634698422,1729.4269519655682
390001,3,19,M2+O,2,False,0.007462047316260443,0.9844764295140137,0.9437096542220714,0.35,0.0,0.0,0.29389928011223676,0.0837265725620091,3.151984858140349,0.19276041217148304,0.13119263357491437,0.0,5.306607499253005,6.847492961212993,0.1488634714493714,0.5979231065751459,9.638675998980197,3.6753958928526296,2.8217905949092947,0.4178891807464455,0.062225517170788176,0.1514100534642008,0.033348702636328345,0.07714020827193452,-0.050702292414728733,-0.015894185503406138,0.1895054013900365,0.03037292599434686,0.8937500000000002,0.005635727567858408,0.013918027571446483,0.8010293653772569,0.046556798101642344,0.0614092029034886,0.043339937786008614,0.0023945534725575493,0.023543027227204916,0.011158799197142662,0.003548333609963232,0.0068657400707988064,0.004120620870817727,0.012917866192850173,0.00337139428265445,0.019344441773704195,2.0816681711721685e-17,9.645061728395061e-05,0.00016534391534391533,6.667325502912997,1738.3209222011728
390001,3,19,M4,3,False,0.007462047316260443,0.9844764295140137,0.9437096542220714,0.35,0.0,0.0,0.29389928011223676,0.0837265725620091,3.151984858140349,0.19276041217148304,0.13119263357491437,0.0,5.306607499253005,6.847492961212993,0.1488634714493714,0.5979231065751459,9.638675998980197,3.6753958928526296,2.8217905949092947,0.4178891807464455,0.062225517170788176,0.1514100534642008,0.033348702636328345,0.07714020827193452,-0.050702292414728733,-0.015894185503406138,0.1895054013900365,0.03037292599434686,0.8937500000000002,0.005635727567858408,0.013918027571446483,0.8010293653772569,0.046556798101642344,0.0614092029034886,0.043339937786008614,0.0023945534725575493,0.023543027227204916,0.011158799197142662,0.003548333609963232,0.0068657400707988064,0.004120620870817727,0.012917866192850173,0.00337139428265445,0.019344441773704195,2.0816681711721685e-17,9.645061728395061e-05,0.00016534391534391533,6.667325502912997,1738.3209222011728
390001,3,20,M2,0,True,0.0,0.9844764295140137,0.9437096542220714,0.35,0.0,0.0,0.2853641238063574,0.066921036564745,3.004666529595852,0.18090405613183974,0.0,0.0,5.5569867682643235,7.624283714219928,0.16106836941328062,0.5648286843133091,6.667377253267344,3.49124555373019,3.0533963261848562,0.4281271361369188,0.0760991188634208,0.18530536059269095,0.06348119437893543,0.07543125985735022,-0.04755801048289907,-0.013273790674333425,0.2299297506576897,0.025003747568804715,0.8479166666666668,0.005631133902178727,0.015117363006045333,0.5790847595278779,0.0385981413666839,0.0658509366876816,0.049818838624050676,0.0027940740412182876,0.023672484789778545,0.010824443347065917,0.003540132126231925,0.008357952877139474,0.004558192971928483,0.015236860505967254,0.0034120555530334972,0.028469276388198433,2.0816681711721685e-17,0.0,1.3778659611992945e-05,3.7391605687164335,2631.2795604683383
390001,3,20,M3,1,True,0.0,0.9844764295140137,0.9437096542220714,0.35,0.0,0.0,0.2853641238063574,0.066921036564745,3.004666529595852,0.18090405613183974,0.0,0.0,5.5569867682643235,7.624283714219928,0.16106836941328062,0.5648286843133091,6.667377253267344,3.49124555373019,3.0533963261848562,0.4281271361369188,0.0760991188634208,0.18530536059269095,0.06348119437893543,0.07543125985735022,-0.04755801048289907,-0.013273790674333425,0.2299297506576897,0.025003747568804715,0.8479166666666668,0.005631133902178727,0.015117363006045333,0.5790847595278779,0.0385981413666839,0.0658509366876816,0.049818838624050676,0.0027940740412182876,0.023672484789778545,0.010824443347065917,0.003540132126231925,0.008357952877139474,0.004558192971928483,0.015236860505967254,0.0034120555530334972,0.028469276388198433,2.0816681711721685e-17,0.0,1.3778659611992945e-05,3.7391605687164335,2631.2795604683383
390001,3,20,M2+O,2,True,0.0,0.9844764295140137,0.9437096542220714,0.35,0.0,0.0,0.2853641238063574,0.066921036564745,3.004666529595852,0.18090405613183974,0.07382451393861636,0.0,5.5569867682643235,7.624283714219928,0.1606618759705691,0.5653691133672903,6.66927121159178,3.4896133629015598,3.044348478364013,0.4061301343612637,0.07691303381611189,0.182324255522312,0.05902469522007586,0.0742330593231285,-0.04880405206646047,-0.01299377872655987,0.2334415452101859,0.025951933274638756,0.8624999999999999,0.005751852383512446,0.015572943772591098,0.5516007451323729,0.04158604091410624,0.06145887190043196,0.04653318007393561,0.0027676406272825666,0.023935311203596113,0.01051624015295466,0.003572083056955464,0.00813780190898455,0.004647386448110069,0.015028370957190541,0.0031479546091346348,0.022970128680401485,2.0816681711721685e-17,0.0,1.3778659611992945e-05,3.8370624850722126,2621.4711300219856
390001,3,20,M4,3,True,0.0,0.9844764295140137,0.9437096542220714,0.35,0.0,0.0,0.2853641238063574,0.066921036564745,3.004666529595852,0.18090405613183974,0.07382451393861636,0.0,5.5569867682643235,7.624283714219928,0.1606618759705691,0.5653691133672903,6.66927121159178,3.4896133629015598,3.044348478364013,0.4061301343612637,0.07691303381611189,0.182324255522312,0.05902469522007586,0.0742330593231285,-0.04880405206646047,-0.01299377872655987,0.2334415452101859,0.025951933274638756,0.8624999999999999,0.005751852383512446,0.015572943772591098,0.5516007451323729,0.04158604091410624,0.06145887190043196,0.04653318007393561,0.0027676406272825666,0.023935311203596113,0.01051624015295466,0.003572083056955464,0.00813780190898455,0.004647386448110069,0.015028370957190541,0.0031479546091346348,0.022970128680401485,2.0816681711721685e-17,0.0,1.3778659611992945e-05,3.8370624850722126,2621.4711300219856
390001,3,21,M2,0,True,0.0,0.9844764295140137,0.9437096542220714,0.35,0.0,0.0,0.24985972577705978,0.08074341848492622,2.7879210490733386,0.2564136388897896,0.0,0.0,6.2897146246396005,7.174714235588908,0.1482127452317633,0.6113519192891149,9.79994573726295,3.7603099578211165,2.739855927040994,0.4184664673381388,0.07918778309536458,0.19186688470957866,0.04913497634100863,0.0823428212985336,-0.04278458459770115,-0.010947847972564017,0.18467115603637632,0.027442460447582983,0.85,0.004899478453326021,0.01368025140673454,0.8928605502538984,0.04193124581180792,0.054789532351211916,0.04578209780560235,0.002645404674005956,0.022665704125555193,0.011230399629439159,0.00422073240848525,0.009573445538478038,0.0044389652012400685,0.013469799363779004,0.0035620921200191207,0.025180507759266748,2.0816681711721685e-17,1.3778659611992945e-05,5.511463844797178e-05,4.224221549862899,12112.309877862825
390001,3,21,M3,1,True,0.0,0.9844764295140137,0.9437096542220714,0.35,0.0,0.0,0.24985972577705978,0.08074341848492622,2.7879210490733386,0.2564136388897896,0.0,0.0,6.2897146246396005,7.174714235588908,0.1482127452317633,0.6113519192891149,9.79994573726295,3.7603099578211165,2.739855927040994,0.4184664673381388,0.07918778309536458,0.19186688470957866,0.04913497634100863,0.0823428212985336,-0.04278458459770115,-0.010947847972564017,0.18467115603637632,0.027442460447582983,0.85,0.004899478453326021,0.01368025140673454,0.8928605502538984,0.04193124581180792,0.054789532351211916,0.04578209780560235,0.002645404674005956,0.022665704125555193,0.011230399629439159,0.00422073240848525,0.009573445538478038,0.0044389652012400685,0.013469799363779004,0.0035620921200191207,0.025180507759266748,2.0816681711721685e-17,1.3778659611992945e-05,5.511463844797178e-05,4.224221549862899,12112.309877862825
390001,3,21,M2+O,2,True,0.0,0.9844764295140137,0.9437096542220714,0.35,0.0,0.0,0.24985972577705978,0.08074341848492622,2.7879210490733386,0.2564136388897896,0.05298770697682681,0.0,6.2897146246396005,7.174714235588908,0.14801132555003668,0.6087480148048758,9.741655078664094,3.752743308641497,2.717699986693423,0.3738745325273089,0.07931612874576868,0.19130759953537138,0.04677375192697405,0.08111350282544035,-0.043826758873655246,-0.010960802864560977,0.1859368976700574,0.0278429931214533,0.8458333333333333,0.004993992199580165,0.013469119454454335,0.8836517713635416,0.044383972046351736,0.05546123023769461,0.0427888694771685,0.0026293498704661592,0.02285479193904167,0.011086801797947538,0.0042747030041175495,0.009443871727491612,0.004516736441990928,0.013370152903832396,0.003401821684486824,0.024248985236998158,2.0816681711721685e-17,1.3778659611992945e-05,4.1335978835978834e-05,4.312064314011888,12112.13095769055
390001,3,21,M4,3,True,0.0,0.9844764295140137,0.9437096542220714,0.35,0.0,0.0,0.24985972577705978,0.08074341848492622,2.7879210490733386,0.2564136388897896,0.05298770697682681,0.0,6.2897146246396005,7.174714235588908,0.14801132555003668,0.6087480148048758,9.741655078664094,3.752743308641497,2.717699986693423,0.3738745325273089,0.07931612874576868,0.19130759953537138,0.04677375192697405,0.08111350282544035,-0.043826758873655246,-0.010960802864560977,0.1859368976700574,0.0278429931214533,0.8458333333333333,0.004993992199580165,0.013469119454454335,0.8836517713635416,0.044383972046351736,0.05546123023769461,0.0427888694771685,0.0026293498704661592,0.02285479193904167,0.011086801797947538,0.0042747030041175495,0.009443871727491612,0.004516736441990928,0.013370152903832396,0.003401821684486824,0.024248985236998158,2.0816681711721685e-17,1.3778659611992945e-05,4.1335978835978834e-05,4.312064314011888,12112.13095769055
390001,3,22,M2,0,True,0.0,0.9844764295140137,0.9437096542220714,0.35,0.0,0.0,0.21934264209121468,0.06507959863170981,3.2768081992864606,0.20266117803752423,0.0,0.0,5.824183402583003,8.253249479457736,0.15865303203194092,0.5783531913974899,7.2017296463406195,3.5783899659905534,2.919080715337239,0.33365893588280954,0.07217000715758067,0.19156102968691657,0.06048306945535337,0.07676169916174701,-0.05022335441674527,-0.016178680478565407,0.17951095275360843,0.02044891670987044,0.80625,0.004632742769348859,0.014278170269827362,0.6115269391895375,0.04258789150000333,0.05293705774510873,0.03745013212780263,0.002667884588699147,0.022663183659471772,0.011689441346186607,0.003795163122469824,0.008353562106773764,0.004374327841460778,0.013301425945364336,0.00306465597878712,0.029992828249046664,2.0816681711721685e-17,1.3778659611992945e-05,1.3778659611992945e-05,4.577662713843613,4769.636711105414
390001,3,22,M3,1,True,0.0,0.9844764295140137,0.9437096542220714,0.35,0.0,0.0,0.21934264209121468,0.06507959863170981,3.2768081992864606,0.20266117803752423,0.0,0.0,5.824183402583003,8.253249479457736,0.15865303203194092,0.5783531913974899,7.2017296463406195,3.5783899659905534,2.919080715337239,0.33365893588280954,0.07217000715758067,0.19156102968691657,0.06048306945535337,0.07676169916174701,-0.05022335441674527,-0.016178680478565407,0.17951095275360843,0.02044891670987044,0.80625,0.004632742769348859,0.014278170269827362,0.6115269391895375,0.04258789150000333,0.05293705774510873,0.03745013212780263,0.002667884588699147,0.022663183659471772,0.011689441346186607,0.003795163122469824,0.008353562106773764,0.004374327841460778,0.013301425945364336,0.00306465597878712,0.029992828249046664,2.0816681711721685e-17,1.3778659611992945e-05,1.3778659611992945e-05,4.577662713843613,4769.636711105414
390001,3,22,M2+O,2,True,0.0,0.9844764295140137,0.9437096542220714,0.35,0.0,0.0,0.21934264209121468,0.06507959863170981,3.2768081992864606,0.20266117803752423,0.033084380497587614,0.0,5.824183402583003,8.253249479457736,0.15854337186157388,0.5779264337033126,7.182514329210246,3.572328347211427,2.935953611207278,0.35711648406099,0.07219015865265828,0.19098912673535418,0.0589788791518574,0.0762447633077062,-0.050848550066501734,-0.016182419077302945,0.18008715935958017,0.020665046451708705,0.81875,0.004692835756395591,0.014188122796706563,0.5990175099225032,0.04319336283881121,0.05580279068741707,0.04581123193964278,0.0026599619673249334,0.02279477982436926,0.011587723492791035,0.003766505598111322,0.008280178161020566,0.004410511396318245,0.01326984554243054,0.0029669565289102287,0.027716947282604314,2.0816681711721685e-17,1.3778659611992945e-05,1.3778659611992945e-05,4.618838625783486,4769.2694062470355
390001,3,22,M4,3,True,0.0,0.9844764295140137,0.9437096542220714,0.35,0.0,0.0,0.21934264209121468,0.06507959863170981,3.2768081992864606,0.20266117803752423,0.033084380497587614,0.0,5.824183402583003,8.253249479457736,0.15854337186157388,0.5779264337033126,7.182514329210246,3.572328347211427,2.935953611207278,0.35711648406099,0.07219015865265828,0.19098912673535418,0.0589788791518574,0.0762447633077062,-0.050848550066501734,-0.016182419077302945,0.18008715935958017,0.020665046451708705,0.81875,0.004692835756395591,0.014188122796706563,0.5990175099225032,0.04319336283881121,0.05580279068741707,0.04581123193964278,0.0026599619673249334,0.02279477982436926,0.011587723492791035,0.003766505598111322,0.008280178161020566,0.004410511396318245,0.01326984554243054,0.0029669565289102287,0.027716947282604314,2.0816681711721685e-17,1.3778659611992945e-05,1.3778659611992945e-05,4.618838625783486,4769.2694062470355
390001,3,23,M2,0,True,0.0,0.9844764295140137,0.9437096542220714,0.35,0.0,0.0,0.25806931434199215,0.07628014065790922,2.8931047920137645,0.23965651862323284,0.0,0.0,5.092159022577107,6.549499271437526,0.15119390108675554,0.6019938921540106,9.066019240344255,3.7155717422172336,2.7925925762052355,0.41700016499596515,0.07843537960927656,0.19238031450689955,0.053073090961150315,0.08106693822197972,-0.044615230368525244,-0.0115769243425607,0.19232291362405593,0.02679476603645335,0.8520833333333333,0.0050677428696285385,0.014597845911023944,0.8113202348997647,0.046267323258458566,0.056190134580905854,0.04731057272111958,0.002706456898298823,0.022931969104396224,0.011269523186417248,0.004123015979931744,0.00941843410746017,0.004456057424621281,0.013843497594809288,0.003534339850648644,0.023211216418638003,2.0816681711721685e-17,0.00019290123456790122,0.00026179453262786595,4.236572190394258,1132.4923419453858
390001,3,23,M3,1,True,0.0,0.9844764295140137,0.9437096542220714,0.35,0.0,0.0,0.25806931434199215,0.07628014065790922,2.8931047920137645,0.23965651862323284,0.0,0.0,5.092159022577107,6.549499271437526,0.15119390108675554,0.6019938921540106,9.066019240344255,3.7155717422172336,2.7925925762052355,0.41700016499596515,0.07843537960927656,0.19238031450689955,0.053073090961150315,0.08106693822197972,-0.044615230368525244,-0.0115769243425607,0.19232291362405593,0.02679476603645335,0.8520833333333333,0.0050677428696285385,0.014597845911023944,0.8113202348997647,0.046267323258458566,0.056190134580905854,0.04731057272111958,0.002706456898298823,0.022931969104396224,0.011269523186417248,0.004123015979931744,0.00941843410746017,0.004456057424621281,0.013843497594809288,0.003534339850648644,0.023211216418638003,2.0816681711721685e-17,0.00019290123456790122,0.00026179453262786595,4.236572190394258,1132.4923419453858
390001,3,23,M2+O,2,True,0.0,0.9844764295140137,0.9437096542220714,0.35,0.0,0.0,0.25806931434199215,0.07628014065790922,2.8931047920137645,0.23965651862323284,0.16454687114128402,0.0,5.092159022577107,6.549499271437526,0.14977697867815973,0.6011131068597244,9.164837474716911,3.6800963933319277,2.803644987145599,0.3831599161285315,0.08221793855055341,0.18417768096299436,0.04387525622373295,0.07818658313347833,-0.04696172244694313,-0.010392188308216045,0.20832072499212131,0.03072020227697847,0.8875000000000001,0.005420472155755927,0.015189310131658107,0.7826398812998446,0.04854191548941725,0.06655870430629424,0.05630828225971597,0.0026676001871021628,0.02324275940149203,0.010356273483605584,0.0039831811520833265,0.008955614161968628,0.00464358608738225,0.013395452984102328,0.0030637914555508086,0.016824434439317672,2.0816681711721685e-17,0.0001515652557319224,0.00033068783068783067,4.5671481141708785,1152.5833607828065
390001,3,23,M4,3,True,0.0,0.9844764295140137,0.9437096542220714,0.35,0.0,0.0,0.25806931434199215,0.07628014065790922,2.8931047920137645,0.23965651862323284,0.16454687114128402,0.0,5.092159022577107,6.549499271437526,0.14977697867815973,0.6011131068597244,9.164837474716911,3.6800963933319277,2.803644987145599,0.3831599161285315,0.08221793855055341,0.18417768096299436,0.04387525622373295,0.07818658313347833,-0.04696172244694313,-0.010392188308216045,0.20832072499212131,0.03072020227697847,0.8875000000000001,0.005420472155755927,0.015189310131658107,0.7826398812998446,0.04854191548941725,0.06655870430629424,0.05630828225971597,0.0026676001871021628,0.02324275940149203,0.010356273483605584,0.0039831811520833265,0.008955614161968628,0.00464358608738225,0.013395452984102328,0.0030637914555508086,0.016824434439317672,2.0816681711721685e-17,0.0001515652557319224,0.00033068783068783067,4.5671481141708785,1152.5833607828065
390001,3,24,M2,0,True,0.0,0.9844764295140137,0.9437096542220714,0.35,0.0,0.0,0.25229498287662866,0.07130121480673551,3.2424582408741114,0.25054258555173875,0.0,0.0,5.1947883064858615,7.697029176168144,0.14907605745976554,0.6074888919171121,9.540988077607084,3.744071307493192,2.772912187167376,0.43299879886844767,0.07817084868727585,0.19139192963820087,0.04911827649220013,0.0823199636640402,-0.045186198774738014,-0.01206247143098558,0.18570555932550126,0.027087611581008832,0.85,0.004955376086141552,0.014481066378045006,0.8523926637412972,0.04489435476038379,0.055151193917204674,0.04594108851249368,0.0026607794847400756,0.022876082350545463,0.011384827581659129,0.004253872874159801,0.009518576485111712,0.004401487056920014,0.013554769734825112,0.0035503305916695354,0.023888327147647728,2.0816681711721685e-17,0.00026179453262786595,0.0003720238095238095,5.336566871327418,1427.5261736652153
390001,3,24,M3,1,True,0.0,0.9844764295140137,0.9437096542220714,0.35,0.0,0.0,0.25229498287662866,0.07130121480673551,3.2424582408741114,0.25054258555173875,0.0,0.0,5.1947883064858615,7.697029176168144,0.14907605745976554,0.6074888919171121,9.540988077607084,3.744071307493192,2.772912187167376,0.43299879886844767,0.07817084868727585,0.19139192963820087,0.04911827649220013,0.0823199636640402,-0.045186198774738014,-0.01206247143098558,0.18570555932550126,0.027087611581008832,0.85,0.004955376086141552,0.014481066378045006,0.8523926637412972,0.04489435476038379,0.055151193917204674,0.04594108851249368,0.0026607794847400756,0.022876082350545463,0.011384827581659129,0.004253872874159801,0.009518576485111712,0.004401487056920014,0.013554769734825112,0.0035503305916695354,0.023888327147647728,2.0816681711721685e-17,0.00026179453262786595,0.0003720238095238095,5.336566871327418,1427.5261736652153
390001,3,24,M2+O,2,True,0.0,0.9844764295140137,0.9437096542220714,0.35,0.0,0.0,0.25229498287662866,0.07130121480673551,3.2424582408741114,0.25054258555173875,0.027300393382453058,0.0,5.1947883064858615,7.697029176168144,0.14899606265583604,0.6069075834491847,9.506543902869332,3.738410751132598,2.7524330365100265,0.4115033462699797,0.07812164382823455,0.19120605858453646,0.047876891376494375,0.081581617921462,-0.045738067493702454,-0.012089536507031743,0.18591560542290297,0.027197841478644246,0.85,0.0050012077451779555,0.014714199574777946,0.8455515265156166,0.046396220328693914,0.055433569265253814,0.047320740090681705,0.0026521405663993735,0.02298297552786042,0.01134548794961428,0.004302074102517588,0.009448280675232023,0.004438091928125789,0.013511914309059158,0.003468561187955208,0.023506089251171876,2.0816681711721685e-17,0.00026179453262786595,0.0003720238095238095,5.389156109381226,1475.8241277362047
390001,3,24,M4,3,True,0.0,0.9844764295140137,0.9437096542220714,0.35,0.0,0.0,0.25229498287662866,0.07130121480673551,3.2424582408741114,0.25054258555173875,0.027300393382453058,0.0,5.1947883064858615,7.697029176168144,0.14899606265583604,0.6069075834491847,9.506543902869332,3.738410751132598,2.7524330365100265,0.4115033462699797,0.07812164382823455,0.19120605858453646,0.047876891376494375,0.081581617921462,-0.045738067493702454,-0.012089536507031743,0.18591560542290297,0.027197841478644246,0.85,0.0050012077451779555,0.014714199574777946,0.8455515265156166,0.046396220328693914,0.055433569265253814,0.047320740090681705,0.0026521405663993735,0.02298297552786042,0.01134548794961428,0.004302074102517588,0.009448280675232023,0.004438091928125789,0.013511914309059158,0.003468561187955208,0.023506089251171876,2.0816681711721685e-17,0.00026179453262786595,0.0003720238095238095,5.389156109381226,1475.8241277362047
390001,3,25,M2,0,False,0.011310642005369674,0.9844764295140137,0.9437096542220714,0.35,0.0,0.0,0.2128114739432931,0.0819786664703861,2.857141142897308,0.18745961993932725,0.0,0.0,5.950249812100083,7.481925803236663,0.1562470770206146,0.5858159376180869,7.949601028092883,3.598776167594631,2.9024706682958805,0.3866047821320435,0.060428364808273655,0.17074640063639526,0.05006542666582415,0.07584634304152327,-0.05168291596618111,-0.019200147516075596,0.1555495307557642,0.02005159645664338,0.8020833333333334,0.0044524316569153136,0.012934328547473286,0.7021612689510512,0.04262779959227976,0.054656041507400874,0.050250759769387816,0.002448865234945512,0.02274261346625459,0.012080634968394269,0.003692931661418337,0.007117425172724809,0.004018618554949559,0.012169416956052326,0.0029862642227831133,0.03046724997855958,2.0816681711721685e-17,1.3778659611992945e-05,1.3778659611992945e-05,4.405994620261464,6064.497159127222
390001,3,25,M3,1,False,0.011310642005369674,0.9844764295140137,0.9437096542220714,0.35,0.0,0.0,0.2128114739432931,0.0819786664703861,2.857141142897308,0.18745961993932725,0.0,0.0,5.950249812100083,7.481925803236663,0.1562470770206146,0.5858159376180869,7.949601028092883,3.598776167594631,2.9024706682958805,0.3866047821320435,0.060428364808273655,0.17074640063639526,0.05006542666582415,0.07584634304152327,-0.05168291596618111,-0.019200147516075596,0.1555495307557642,0.02005159645664338,0.8020833333333334,0.0044524316569153136,0.012934328547473286,0.7021612689510512,0.04262779959227976,0.054656041507400874,0.050250759769387816,0.002448865234945512,0.02274261346625459,0.012080634968394269,0.003692931661418337,0.007117425172724809,0.004018618554949559,0.012169416956052326,0.0029862642227831133,0.03046724997855958,2.0816681711721685e-17,1.3778659611992945e-05,1.3778659611992945e-05,4.405994620261464,6064.497159127222
390001,3,25,M2+O,2,True,0.0,0.9844764295140137,0.9437096542220714,0.35,0.0,0.0,0.2128114739432931,0.0819786664703861,2.857141142897308,0.18745961993932725,0.23350648217868042,0.0,5.950249812100083,7.481925803236663,0.1532291232279609,0.5932137676720779,8.584810010461354,3.630861792582191,2.8813562323482533,0.36071521097987985,0.0707199962914656,0.15249993851817936,0.033683524049680585,0.07576918612148621,-0.05176091103252739,-0.015289023711927365,0.19686414030266172,0.028443758498126272,0.8895833333333334,0.005104193776815186,0.014008491472754602,0.6073718988025664,0.049379654049937244,0.062282507414218216,0.0451343877875779,0.0025100849799721747,0.022465209630357297,0.009838074769542049,0.0033178392593756264,0.006938134469403591,0.004323021300364239,0.01221723689256845,0.002788729586429527,0.021063045173494648,2.0816681711721685e-17,1.3778659611992945e-05,1.3778659611992945e-05,4.51375623163275,6046.86362888576
390001,3,25,M4,3,True,0.0,0.9844764295140137,0.9437096542220714,0.35,0.0,0.0,0.2128114739432931,0.0819786664703861,2.857141142897308,0.18745961993932725,0.23350648217868042,0.0,5.950249812100083,7.481925803236663,0.1532291232279609,0.5932137676720779,8.584810010461354,3.630861792582191,2.8813562323482533,0.36071521097987985,0.0707199962914656,0.15249993851817936,0.033683524049680585,0.07576918612148621,-0.05176091103252739,-0.015289023711927365,0.19686414030266172,0.028443758498126272,0.8895833333333334,0.005104193776815186,0.014008491472754602,0.6073718988025664,0.049379654049937244,0.062282507414218216,0.0451343877875779,0.0025100849799721747,0.022465209630357297,0.009838074769542049,0.0033178392593756264,0.006938134469403591,0.004323021300364239,0.01221723689256845,0.002788729586429527,0.021063045173494648,2.0816681711721685e-17,1.3778659611992945e-05,1.3778659611992945e-05,4.51375623163275,6046.86362888576
390001,3,26,M2,0,True,0.0,0.9844764295140137,0.9437096542220714,0.35,0.0,0.0,0.24332936750724912,0.0601364664407447,3.038868862576783,0.23370719604194165,0.0,0.0,6.421457636170089,8.555320414714515,0.15822977007704958,0.59116510054291,7.389789358676986,3.5856616046566736,2.940543919124275,0.3903823152881045,0.09199524024909367,0.21412442930579925,0.06982513212133301,0.07873108173534395,-0.04087565817070076,-0.009530129453442943,0.21613167337993677,0.023567872004053428,0.8229166666666666,0.0050407070957756124,0.014814502068355053,0.6788303436961544,0.041240275355960074,0.0590210375083716,0.04266758949856431,0.0029805047704750684,0.02179839878592099,0.010862144214302993,0.00395159649077402,0.010415749226496995,0.0048163828562650165,0.014827635312469577,0.00337557552283989,0.028068750783235813,2.0816681711721685e-17,0.0,1.3778659611992945e-05,3.4486494668180616,15347.337803343516
390001,3,26,M3,1,True,0.0,0.9844764295140137,0.9437096542220714,0.35,0.0,0.0,0.24332936750724912,0.0601364664407447,3.038868862576783,0.23370719604194165,0.0,0.0,6.421457636170089,8.555320414714515,0.15822977007704958,0.59116510054291,7.389789358676986,3.5856616046566736,2.940543919124275,0.3903823152881045,0.09199524024909367,0.21412442930579925,0.06982513212133301,0.07873108173534395,-0.04087565817070076,-0.009530129453442943,0.21613167337993677,0.023567872004053428,0.8229166666666666,0.0050407070957756124,0.014814502068355053,0.6788303436961544,0.041240275355960074,0.0590210375083716,0.04266758949856431,0.0029805047704750684,0.02179839878592099,0.010862144214302993,0.00395159649077402,0.010415749226496995,0.0048163828562650165,0.014827635312469577,0.00337557552283989,0.028068750783235813,2.0816681711721685e-17,0.0,1.3778659611992945e-05,3.4486494668180616,15347.337803343516
390001,3,26,M2+O,2,True,0.0,0.9844764295140137,0.9437096542220714,0.35,0.0,0.0,0.24332936750724912,0.0601364664407447,3.038868862576783,0.23370719604194165,0.10576962002334488,0.0,6.421457636170089,8.555320414714515,0.15753030144061825,0.5872199481800874,7.359942313020325,3.5633862726033088,2.9229849767202616,0.3780139359198382,0.09362788545855745,0.2098869856694585,0.0632333408604187,0.07691204042295059,-0.04287307623783212,-0.00914366498188531,0.2236088424588327,0.02528928393660897,0.84375,0.005256541909341827,0.014972624642826567,0.6846944502817734,0.043492846941854034,0.06307920244737691,0.04582030936604363,0.002930254227675385,0.0223331147450736,0.010346527464573497,0.003916699113859355,0.01007557329266081,0.004958022229489372,0.014533276718114402,0.003008681405088284,0.02337325131023911,2.0816681711721685e-17,0.0,1.3778659611992945e-05,3.5667455153022627,15305.61151144449
390001,3,26,M4,3,True,0.0,0.9844764295140137,0.9437096542220714,0.35,0.0,0.0,0.24332936750724912,0.0601364664407447,3.038868862576783,0.23370719604194165,0.10576962002334488,0.0,6.421457636170089,8.555320414714515,0.15753030144061825,0.5872199481800874,7.359942313020325,3.5633862726033088,2.9229849767202616,0.3780139359198382,0.09362788545855745,0.2098869856694585,0.0632333408604187,0.07691204042295059,-0.04287307623783212,-0.00914366498188531,0.2236088424588327,0.02528928393660897,0.84375,0.005256541909341827,0.014972624642826567,0.6846944502817734,0.043492846941854034,0.06307920244737691,0.04582030936604363,0.002930254227675385,0.0223331147450736,0.010346527464573497,0.003916699113859355,0.01007557329266081,0.004958022229489372,0.014533276718114402,0.003008681405088284,0.02337325131023911,2.0816681711721685e-17,0.0,1.3778659611992945e-05,3.5667455153022627,15305.61151144449
390001,3,27,M2,0,True,0.0,0.9844764295140137,0.9437096542220714,0.35,0.0,0.0,0.27959060072898867,0.07443597162142396,2.8240300370380282,0.20929500870406628,0.0,0.0,5.6652919836342335,6.6171028492972255,0.15595379068835277,0.5839092018835358,7.891086544521738,3.61689350880113,2.9015667966436607,0.4070989953558435,0.0771138252818273,0.18862364474425056,0.059103505175917725,0.07818948349006012,-0.04590187668635822,-0.011936303880322857,0.21224509053172383,0.026638352388728404,0.8500000000000001,0.0054433899984258575,0.014642483715472356,0.6964467897328124,0.039679868163609015,0.05771026845521394,0.044567901548512014,0.002762029505708954,0.023487284406453823,0.011022568428542562,0.003831120386061453,0.008905608979639218,0.004512790948313063,0.014636924424764702,0.0035260928665537695,0.028232985128663998,2.0816681711721685e-17,1.3778659611992945e-05,4.1335978835978834e-05,3.773646228385213,3471.638404693893
390001,3,27,M3,1,True,0.0,0.9844764295140137,0.9437096542220714,0.35,0.0,0.0,0.27959060072898867,0.07443597162142396,2.8240300370380282,0.20929500870406628,0.0,0.0,5.6652919836342335,6.6171028492972255,0.15595379068835277,0.5839092018835358,7.891086544521738,3.61689350880113,2.9015667966436607,0.4070989953558435,0.0771138252818273,0.18862364474425056,0.059103505175917725,0.07818948349006012,-0.04590187668635822,-0.011936303880322857,0.21224509053172383,0.026638352388728404,0.8500000000000001,0.0054433899984258575,0.014642483715472356,0.6964467897328124,0.039679868163609015,0.05771026845521394,0.044567901548512014,0.002762029505708954,0.023487284406453823,0.011022568428542562,0.003831120386061453,0.008905608979639218,0.004512790948313063,0.014636924424764702,0.0035260928665537695,0.028232985128663998,2.0816681711721685e-17,1.3778659611992945e-05,4.1335978835978834e-05,3.773646228385213,3471.638404693893
390001,3,27,M2+O,2,True,0.0,0.9844764295140137,0.9437096542220714,0.35,0.0,0.0,0.27959060072898867,0.07443597162142396,2.8240300370380282,0.20929500870406628,0.04330821162106339,0.0,5.6652919836342335,6.6171028492972255,0.15578979562784992,0.5825838020738596,7.863279091507937,3.6030782833153374,2.8787123555349186,0.37344808869533325,0.0771742035632876,0.18777301267180577,0.05695165092486484,0.07714298589040454,-0.046757539795496426,-0.011925130688171706,0.2130816422153279,0.02698771689366217,0.8583333333333334,0.0055117332743235044,0.014856217552863588,0.6810108193618717,0.04292651860755239,0.05405806876799147,0.040925042526196755,0.002745834442706286,0.023687136837259676,0.010924743783223211,0.0038911981508268655,0.008780772125526843,0.004566271623451762,0.01454306512201259,0.0033670824818626565,0.02285482433030458,2.0816681711721685e-17,1.3778659611992945e-05,4.1335978835978834e-05,3.828849167579081,3471.305175629816
390001,3,27,M4,3,True,0.0,0.9844764295140137,0.9437096542220714,0.35,0.0,0.0,0.27959060072898867,0.07443597162142396,2.8240300370380282,0.20929500870406628,0.04330821162106339,0.0,5.6652919836342335,6.6171028492972255,0.15578979562784992,0.5825838020738596,7.863279091507937,3.6030782833153374,2.8787123555349186,0.37344808869533325,0.0771742035632876,0.18777301267180577,0.05695165092486484,0.07714298589040454,-0.046757539795496426,-0.011925130688171706,0.2130816422153279,0.02698771689366217,0.8583333333333334,0.0055117332743235044,0.014856217552863588,0.6810108193618717,0.04292651860755239,0.05405806876799147,0.040925042526196755,0.002745834442706286,0.023687136837259676,0.010924743783223211,0.0038911981508268655,0.008780772125526843,0.004566271623451762,0.01454306512201259,0.0033670824818626565,0.02285482433030458,2.0816681711721685e-17,1.3778659611992945e-05,4.1335978835978834e-05,3.828849167579081,3471.305175629816
390001,3,28,M2,0,True,0.0,0.9844764295140137,0.9437096542220714,0.35,0.0,0.0,0.2879540531896055,0.06390389675740152,2.9761056745424868,0.21736293151974678,0.0,0.0,5.157286320813,8.887301716022193,0.15809303121724327,0.5826977119445601,7.354803530542793,3.5948457762350494,2.984588935233195,0.43578277216999944,0.08840060775075394,0.2028353438065181,0.06689983633863023,0.07849868252993093,-0.042391510328435446,-0.009206311968302813,0.23737551714577929,0.027047619619813824,0.8479166666666668,0.005661213348907177,0.015603793959802145,0.6575430953654245,0.04238041172806232,0.0675802510166935,0.05421086839004297,0.0029788573573066523,0.02306913852590284,0.010619696162689445,0.0038029808950468293,0.00999010497946713,0.004780352512540391,0.01559409289633682,0.003593391242360672,0.027662426556525538,2.0816681711721685e-17,4.1335978835978834e-05,9.645061728395061e-05,3.523257301361433,1269.9466107298747
390001,3,28,M3,1,True,0.0,0.9844764295140137,0.9437096542220714,0.35,0.0,0.0,0.2879540531896055,0.06390389675740152,2.9761056745424868,0.21736293151974678,0.0,0.0,5.157286320813,8.887301716022193,0.15809303121724327,0.5826977119445601,7.354803530542793,3.5948457762350494,2.984588935233195,0.43578277216999944,0.08840060775075394,0.2028353438065181,0.06689983633863023,0.07849868252993093,-0.042391510328435446,-0.009206311968302813,0.23737551714577929,0.027047619619813824,0.8479166666666668,0.005661213348907177,0.015603793959802145,0.6575430953654245,0.04238041172806232,0.0675802510166935,0.05421086839004297,0.0029788573573066523,0.02306913852590284,0.010619696162689445,0.0038029808950468293,0.00999010497946713,0.004780352512540391,0.01559409289633682,0.003593391242360672,0.027662426556525538,2.0816681711721685e-17,4.1335978835978834e-05,9.645061728395061e-05,3.523257301361433,1269.9466107298747
390001,3,28,M2+O,2,True,0.0,0.9844764295140137,0.9437096542220714,0.35,0.0,0.0,0.2879540531896055,0.06390389675740152,2.9761056745424868,0.21736293151974678,0.06325366420519049,0.0,5.157286320813,8.887301716022193,0.15779274605428695,0.5806553093139629,7.316271175072349,3.5540406356018885,2.9720019052917643,0.42764941657731015,0.08874902834708309,0.20100200263095835,0.0634434938584515,0.07705180493779046,-0.0436888349853668,-0.009152227761272802,0.23946620204516347,0.02765432924891446,0.8562500000000001,0.005763974328659715,0.01587895617656817,0.6488233981361125,0.04273301977032859,0.0660140428543962,0.049713967540011055,0.0029470313926119648,0.02346301860725119,0.010408112203676677,0.00385962345551153,0.009774233093163677,0.004857424279319903,0.015428599642741625,0.0033360874706672918,0.023566222604101978,2.0816681711721685e-17,4.1335978835978834e-05,6.889329805996472e-05,3.592059294495987,1271.6673550048376
390001,3,28,M4,3,True,0.0,0.9844764295140137,0.9437096542220714,0.35,0.0,0.0,0.2879540531896055,0.06390389675740152,2.9761056745424868,0.21736293151974678,0.06325366420519049,0.0,5.157286320813,8.887301716022193,0.15779274605428695,0.5806553093139629,7.316271175072349,3.5540406356018885,2.9720019052917643,0.42764941657731015,0.08874902834708309,0.20100200263095835,0.0634434938584515,0.07705180493779046,-0.0436888349853668,-0.009152227761272802,0.23946620204516347,0.02765432924891446,0.8562500000000001,0.005763974328659715,0.01587895617656817,0.6488233981361125,0.04273301977032859,0.0660140428543962,0.049713967540011055,0.0029470313926119648,0.02346301860725119,0.010408112203676677,0.00385962345551153,0.009774233093163677,0.004857424279319903,0.015428599642741625,0.0033360874706672918,0.023566222604101978,2.0816681711721685e-17,4.1335978835978834e-05,6.889329805996472e-05,3.592059294495987,1271.6673550048376
390001,3,29,M2,0,False,0.0025277671966465764,0.9844764295140137,0.9437096542220714,0.35,0.0,0.0,0.22657124940305948,0.07770606227219105,3.1914641311392185,0.22060196593403816,0.0,0.0,5.900983674451709,6.290362942032516,0.15060592820767696,0.5993293293714422,9.120007487818652,3.703921586192729,2.8003120435378968,0.39603224412742993,0.06547507853185967,0.1743701916192957,0.04542463189295537,0.07924622914015149,-0.050175483744932546,-0.016763111699120235,0.16003858956445668,0.02349239676170331,0.8208333333333333,0.0045884283593085095,0.013600306480009473,0.8073880387218458,0.04003064682823667,0.05260683389818276,0.040668412826312256,0.0024550232423686874,0.02307080790041281,0.011870217147074123,0.0040826830404205915,0.007934499622726394,0.004101356174496361,0.01238361354629643,0.0032699583780204365,0.027072879810911114,2.0816681711721685e-17,5.511463844797178e-05,6.889329805996472e-05,5.79085070439119,5572.976162045951
390001,3,29,M3,1,False,0.0025277671966465764,0.9844764295140137,0.9437096542220714,0.35,0.0,0.0,0.22657124940305948,0.07770606227219105,3.1914641311392185,0.22060196593403816,0.0,0.0,5.900983674451709,6.290362942032516,0.15060592820767696,0.5993293293714422,9.120007487818652,3.703921586192729,2.8003120435378968,0.39603224412742993,0.06547507853185967,0.1743701916192957,0.04542463189295537,0.07924622914015149,-0.050175483744932546,-0.016763111699120235,0.16003858956445668,0.02349239676170331,0.8208333333333333,0.0045884283593085095,0.013600306480009473,0.8073880387218458,0.04003064682823667,0.05260683389818276,0.040668412826312256,0.0024550232423686874,0.02307080790041281,0.011870217147074123,0.0040826830404205915,0.007934499622726394,0.004101356174496361,0.01238361354629643,0.0032699583780204365,0.027072879810911114,2.0816681711721685e-17,5.511463844797178e-05,6.889329805996472e-05,5.79085070439119,5572.976162045951
390001,3,29,M2+O,2,False,0.0016951958716458445,0.9844764295140137,0.9437096542220714,0.35,0.0,0.0,0.22657124940305948,0.07770606227219105,3.1914641311392185,0.22060196593403816,0.08459327775939506,0.0,5.900983674451709,6.290362942032516,0.15016292766845007,0.5966734887119389,9.114526602887036,3.6905395639902836,2.809005719874255,0.39775265198873816,0.06629445192173529,0.17241699773326388,0.04113918215881898,0.07808969660070787,-0.0514230677206976,-0.016472723986271597,0.16450555278067366,0.024601880021663244,0.8291666666666666,0.004761113040751783,0.01368201495390289,0.7611847070913886,0.04731415659936394,0.05929261679641396,0.04649038215395319,0.0024436579065002023,0.023155969200631312,0.011419196775650424,0.003967831327815284,0.007798450302297742,0.004196736669899657,0.012262529598390588,0.0030963647087900383,0.026905071087836692,2.0816681711721685e-17,5.511463844797178e-05,6.889329805996472e-05,6.03187349132851,5572.698797033782
390001,3,29,M4,3,False,0.0016951958716458445,0.9844764295140137,0.9437096542220714,0.35,0.0,0.0,0.22657124940305948,0.07770606227219105,3.1914641311392185,0.22060196593403816,0.08459327775939506,0.0,5.900983674451709,6.290362942032516,0.15016292766845007,0.5966734887119389,9.114526602887036,3.6905395639902836,2.809005719874255,0.39775265198873816,0.06629445192173529,0.17241699773326388,0.04113918215881898,0.07808969660070787,-0.0514230677206976,-0.016472723986271597,0.16450555278067366,0.024601880021663244,0.8291666666666666,0.004761113040751783,0.01368201495390289,0.7611847070913886,0.04731415659936394,0.05929261679641396,0.04649038215395319,0.0024436579065002023,0.023155969200631312,0.011419196775650424,0.003967831327815284,0.007798450302297742,0.004196736669899657,0.012262529598390588,0.0030963647087900383,0.026905071087836692,2.0816681711721685e-17,5.511463844797178e-05,6.889329805996472e-05,6.03187349132851,5572.698797033782
390001,3,30,M2,0,True,0.0,0.9844764295140137,0.9437096542220714,0.35,0.0,0.0,0.20396394031122328,0.06831493912264705,2.7050672242417932,0.19935442693531513,0.0,0.0,6.180342321749777,8.211909952573478,0.16279388293460648,0.5685143351545752,6.362427618494905,3.5069045241047796,3.02670327688459,0.36669031335102353,0.07882002948652755,0.20594189253415354,0.07224343658759748,0.0754494745880525,-0.047215935453244685,-0.014137304392524206,0.18898645252138555,0.01791378143404657,0.7770833333333332,0.004480392269158239,0.01450909340778866,0.5352738639926242,0.043609400723192096,0.057805344342224604,0.04545472264046929,0.0028290683933524814,0.021752342870699905,0.011405619165466759,0.0036145525260761874,0.008864610601598205,0.004599532388834376,0.013676908761432387,0.002853401802858301,0.030392833624866115,2.0816681711721685e-17,0.0,0.0,3.04151833433769,6795.929621411676
390001,3,30,M3,1,True,0.0,0.9844764295140137,0.9437096542220714,0.35,0.0,0.0,0.20396394031122328,0.06831493912264705,2.7050672242417932,0.19935442693531513,0.0,0.0,6.180342321749777,8.211909952573478,0.16279388293460648,0.5685143351545752,6.362427618494905,3.5069045241047796,3.02670327688459,0.36669031335102353,0.07882002948652755,0.20594189253415354,0.07224343658759748,0.0754494745880525,-0.047215935453244685,-0.014137304392524206,0.18898645252138555,0.01791378143404657,0.7770833333333332,0.004480392269158239,0.01450909340778866,0.5352738639926242,0.043609400723192096,0.057805344342224604,0.04545472264046929,0.0028290683933524814,0.021752342870699905,0.011405619165466759,0.0036145525260761874,0.008864610601598205,0.004599532388834376,0.013676908761432387,0.002853401802858301,0.030392833624866115,2.0816681711721685e-17,0.0,0.0,3.04151833433769,6795.929621411676
390001,3,30,M2+O,2,True,0.0,0.9844764295140137,0.9437096542220714,0.35,0.0,0.0,0.20396394031122328,0.06831493912264705,2.7050672242417932,0.19935442693531513,0.13821592361242302,0.0,6.180342321749777,8.211909952573478,0.16157081136700105,0.5683627723331494,6.476759958685958,3.497194096609661,3.031307536662421,0.3389966390521751,0.08294194741930278,0.19655258212104312,0.06247618184137741,0.07406991392546365,-0.04907562435435935,-0.012998507283008937,0.20617120267567932,0.021279352591987905,0.8208333333333334,0.004825547104975519,0.01482945770571845,0.5180528483828747,0.04465541368057052,0.072029362767706,0.051620577146523135,0.0027964063475094756,0.02204755516294156,0.010191277666668745,0.0034452463924948265,0.00851656926190637,0.004788741401798125,0.013444617271365167,0.002518995193499031,0.023101200378707554,2.0816681711721685e-17,0.0,0.0,3.189309019959634,6630.391274139284
390001,3,30,M4,3,True,0.0,0.9844764295140137,0.9437096542220714,0.35,0.0,0.0,0.20396394031122328,0.06831493912264705,2.7050672242417932,0.19935442693531513,0.13821592361242302,0.0,6.180342321749777,8.211909952573478,0.16157081136700105,0.5683627723331494,6.476759958685958,3.497194096609661,3.031307536662421,0.3389966390521751,0.08294194741930278,0.19655258212104312,0.06247618184137741,0.07406991392546365,-0.04907562435435935,-0.012998507283008937,0.20617120267567932,0.021279352591987905,0.8208333333333334,0.004825547104975519,0.01482945770571845,0.5180528483828747,0.04465541368057052,0.072029362767706,0.051620577146523135,0.0027964063475094756,0.02204755516294156,0.010191277666668745,0.0034452463924948265,0.00851656926190637,0.004788741401798125,0.013444617271365167,0.002518995193499031,0.023101200378707554,2.0816681711721685e-17,0.0,0.0,3.189309019959634,6630.391274139284
390001,3,31,M2,0,True,0.0,0.9844764295140137,0.9437096542220714,0.35,0.0,0.0,0.26837446838617324,0.07948992118705064,3.089864686690271,0.2436104691773653,0.0,0.0,5.435849939007312,6.96216984372586,0.1471300929352973,0.6059092551661732,9.998938504314848,3.7719807901283104,2.7362777721256157,0.4094946527839534,0.0724874740413328,0.1801997877642619,0.044679729949461094,0.08220388915689951,-0.04627715240449446,-0.012788459948343578,0.18144850012562877,0.02822008437359554,0.8520833333333334,0.005088979425499614,0.014359922664884677,0.9004712420141573,0.04621338182348286,0.05677150851497637,0.04327365229564444,0.002560508863148482,0.023435478490922822,0.011437136978593951,0.004171893056110289,0.008902279305551588,0.004253948961052837,0.01336963378641503,0.003619064641287033,0.02579868527339618,2.0816681711721685e-17,0.00017912257495590828,0.00028935185185185184,5.5229022570921735,2239.7894743185
390001,3,31,M3,1,True,0.0,0.9844764295140137,0.9437096542220714,0.35,0.0,0.0,0.26837446838617324,0.07948992118705064,3.089864686690271,0.2436104691773653,0.0,0.0,5.435849939007312,6.96216984372586,0.1471300929352973,0.6059092551661732,9.998938504314848,3.7719807901283104,2.7362777721256157,0.4094946527839534,0.0724874740413328,0.1801997877642619,0.044679729949461094,0.08220388915689951,-0.04627715240449446,-0.012788459948343578,0.18144850012562877,0.02822008437359554,0.8520833333333334,0.005088979425499614,0.014359922664884677,0.9004712420141573,0.04621338182348286,0.05677150851497637,0.04327365229564444,0.002560508863148482,0.023435478490922822,0.011437136978593951,0.004171893056110289,0.008902279305551588,0.004253948961052837,0.01336963378641503,0.003619064641287033,0.02579868527339618,2.0816681711721685e-17,0.00017912257495590828,0.00028935185185185184,5.5229022570921735,2239.7894743185
390001,3,31,M2+O,2,True,0.0,0.9844764295140137,0.9437096542220714,0.35,0.0,0.0,0.26837446838617324,0.07948992118705064,3.089864686690271,0.2436104691773653,0.028937818175195685,0.0,5.435849939007312,6.96216984372586,0.14704217599512548,0.6053126734783651,9.967864790914653,3.7685323085136684,2.747452535361269,0.412015890867103,0.07244088609340787,0.1799997272582987,0.043479514467088816,0.08148327137051796,-0.04683333010000753,-0.012812874521821567,0.18167433905334293,0.02836829040092888,0.8458333333333333,0.0051355154119228,0.014494053747650944,0.8888876007136255,0.04590247717795015,0.05689516654416385,0.044708534439248965,0.0025523456074163444,0.023520217880951325,0.011370588616096916,0.004226170952979242,0.008830397695882244,0.004288520045325673,0.013318691272238357,0.0035360427455585616,0.026223099858399178,2.0816681711721685e-17,0.00013778659611992945,0.00026179453262786595,5.59141871977577,2237.7350451118714
390001,3,31,M4,3,True,0.0,0.9844764295140137,0.9437096542220714,0.35,0.0,0.0,0.26837446838617324,0.07948992118705064,3.089864686690271,0.2436104691773653,0.028937818175195685,0.0,5.435849939007312,6.96216984372586,0.14704217599512548,0.6053126734783651,9.967864790914653,3.7685323085136684,2.747452535361269,0.412015890867103,0.07244088609340787,0.1799997272582987,0.043479514467088816,0.08148327137051796,-0.04683333010000753,-0.012812874521821567,0.18167433905334293,0.02836829040092888,0.8458333333333333,0.0051355154119228,0.014494053747650944,0.8888876007136255,0.04590247717795015,0.05689516654416385,0.044708534439248965,0.0025523456074163444,0.023520217880951325,0.011370588616096916,0.004226170952979242,0.008830397695882244,0.004288520045325673,0.013318691272238357,0.0035360427455585616,0.026223099858399178,2.0816681711721685e-17,0.00013778659611992945,0.00026179453262786595,5.59141871977577,2237.7350451118714
